{
"type": "FeatureCollection",
"name": "CONTROLES",
"crs": { "type": "name", "properties": { "name": "urn:ogc:def:crs:EPSG::4189" } },
"features": [
{ "type": "Feature", "properties": { "id": null, "CONTROL": "0004", "SERIE": "01", "LINEA": "015", "COD_SEG": "038", "COD_MANZA": 2, "PISO": null, "actualizad": null }, "geometry": { "type": "Point", "coordinates": [ -63.2038623, 9.7278916 ] } },
{ "type": "Feature", "properties": { "id": null, "CONTROL": "0004", "SERIE": "02", "LINEA": "016", "COD_SEG": "038", "COD_MANZA": 2, "PISO": null, "actualizad": null }, "geometry": { "type": "Point", "coordinates": [ -63.2038194, 9.7278255 ] } },
{ "type": "Feature", "properties": { "id": null, "CONTROL": "0004", "SERIE": "03", "LINEA": "017", "COD_SEG": "038", "COD_MANZA": 2, "PISO": null, "actualizad": null }, "geometry": { "type": "Point", "coordinates": [ -63.2037604, 9.7277554 ] } },
{ "type": "Feature", "properties": { "id": null, "CONTROL": "0004", "SERIE": "04", "LINEA": "018", "COD_SEG": "038", "COD_MANZA": 2, "PISO": null, "actualizad": null }, "geometry": { "type": "Point", "coordinates": [ -63.2037108, 9.7276894 ] } },
{ "type": "Feature", "properties": { "id": null, "CONTROL": "0004", "SERIE": "05", "LINEA": "019", "COD_SEG": "038", "COD_MANZA": 2, "PISO": null, "actualizad": null }, "geometry": { "type": "Point", "coordinates": [ -63.203641, 9.7276127 ] } },
{ "type": "Feature", "properties": { "id": null, "CONTROL": "0004", "SERIE": "06", "LINEA": "020", "COD_SEG": "038", "COD_MANZA": 2, "PISO": null, "actualizad": null }, "geometry": { "type": "Point", "coordinates": [ -63.2037631, 9.7274805 ] } },
{ "type": "Feature", "properties": { "id": null, "CONTROL": "0004", "SERIE": "08", "LINEA": "022", "COD_SEG": "038", "COD_MANZA": 2, "PISO": null, "actualizad": null }, "geometry": { "type": "Point", "coordinates": [ -63.2038248, 9.7274448 ] } },
{ "type": "Feature", "properties": { "id": null, "CONTROL": "0004", "SERIE": "09", "LINEA": "023", "COD_SEG": "038", "COD_MANZA": 2, "PISO": null, "actualizad": null }, "geometry": { "type": "Point", "coordinates": [ -63.2038798, 9.7275347 ] } },
{ "type": "Feature", "properties": { "id": null, "CONTROL": "0004", "SERIE": "10", "LINEA": "024", "COD_SEG": "038", "COD_MANZA": 2, "PISO": null, "actualizad": null }, "geometry": { "type": "Point", "coordinates": [ -63.2039334, 9.7276114 ] } },
{ "type": "Feature", "properties": { "id": null, "CONTROL": "0004", "SERIE": "11", "LINEA": "025", "COD_SEG": "038", "COD_MANZA": 2, "PISO": null, "actualizad": null }, "geometry": { "type": "Point", "coordinates": [ -63.2039924, 9.7276669 ] } },
{ "type": "Feature", "properties": { "id": null, "CONTROL": "0004", "SERIE": "12", "LINEA": "026", "COD_SEG": "038", "COD_MANZA": 3, "PISO": null, "actualizad": null }, "geometry": { "type": "Point", "coordinates": [ -63.2036772, 9.7279828 ] } },
{ "type": "Feature", "properties": { "id": null, "CONTROL": "0004", "SERIE": "13", "LINEA": "027", "COD_SEG": "038", "COD_MANZA": 3, "PISO": null, "actualizad": null }, "geometry": { "type": "Point", "coordinates": [ -63.2035807, 9.7280555 ] } },
{ "type": "Feature", "properties": { "id": null, "CONTROL": "0004", "SERIE": "14", "LINEA": "028", "COD_SEG": "038", "COD_MANZA": 3, "PISO": null, "actualizad": null }, "geometry": { "type": "Point", "coordinates": [ -63.2035458, 9.7280277 ] } },
{ "type": "Feature", "properties": { "id": null, "CONTROL": "0071", "SERIE": "01", "LINEA": "213", "COD_SEG": "001", "COD_MANZA": 8, "PISO": null, "actualizad": null }, "geometry": { "type": "Point", "coordinates": [ -63.373119, 9.6928374 ] } },
{ "type": "Feature", "properties": { "id": null, "CONTROL": "0071", "SERIE": "02", "LINEA": "214", "COD_SEG": "001", "COD_MANZA": 8, "PISO": null, "actualizad": null }, "geometry": { "type": "Point", "coordinates": [ -63.3732343, 9.6931969 ] } },
{ "type": "Feature", "properties": { "id": null, "CONTROL": "0071", "SERIE": "03", "LINEA": "215", "COD_SEG": "001", "COD_MANZA": 8, "PISO": null, "actualizad": null }, "geometry": { "type": "Point", "coordinates": [ -63.3732746, 9.6932776 ] } },
{ "type": "Feature", "properties": { "id": null, "CONTROL": "0071", "SERIE": "04", "LINEA": "216", "COD_SEG": "001", "COD_MANZA": 8, "PISO": null, "actualizad": null }, "geometry": { "type": "Point", "coordinates": [ -63.3733054, 9.6933516 ] } },
{ "type": "Feature", "properties": { "id": null, "CONTROL": "0071", "SERIE": "05", "LINEA": "217", "COD_SEG": "001", "COD_MANZA": 8, "PISO": null, "actualizad": null }, "geometry": { "type": "Point", "coordinates": [ -63.3733443, 9.6934745 ] } },
{ "type": "Feature", "properties": { "id": null, "CONTROL": "0071", "SERIE": "06", "LINEA": "218", "COD_SEG": "001", "COD_MANZA": 8, "PISO": null, "actualizad": null }, "geometry": { "type": "Point", "coordinates": [ -63.3732008, 9.6935446 ] } },
{ "type": "Feature", "properties": { "id": null, "CONTROL": "0071", "SERIE": "07", "LINEA": "219", "COD_SEG": "001", "COD_MANZA": 8, "PISO": null, "actualizad": null }, "geometry": { "type": "Point", "coordinates": [ -63.3731364, 9.6935605 ] } },
{ "type": "Feature", "properties": { "id": null, "CONTROL": "0071", "SERIE": "08", "LINEA": "220", "COD_SEG": "001", "COD_MANZA": 8, "PISO": null, "actualizad": null }, "geometry": { "type": "Point", "coordinates": [ -63.373049, 9.6935817 ] } },
{ "type": "Feature", "properties": { "id": null, "CONTROL": "0071", "SERIE": "09", "LINEA": "221", "COD_SEG": "001", "COD_MANZA": 8, "PISO": null, "actualizad": null }, "geometry": { "type": "Point", "coordinates": [ -63.3729391, 9.6935777 ] } },
{ "type": "Feature", "properties": { "id": null, "CONTROL": "0071", "SERIE": "10", "LINEA": "222", "COD_SEG": "001", "COD_MANZA": 8, "PISO": null, "actualizad": null }, "geometry": { "type": "Point", "coordinates": [ -63.3728157, 9.6936107 ] } },
{ "type": "Feature", "properties": { "id": null, "CONTROL": "0071", "SERIE": "11", "LINEA": "223", "COD_SEG": "001", "COD_MANZA": 9, "PISO": null, "actualizad": null }, "geometry": { "type": "Point", "coordinates": [ -63.3750164, 9.6931335 ] } },
{ "type": "Feature", "properties": { "id": null, "CONTROL": "0071", "SERIE": "12", "LINEA": "224", "COD_SEG": "001", "COD_MANZA": 9, "PISO": null, "actualizad": null }, "geometry": { "type": "Point", "coordinates": [ -63.374759, 9.6932049 ] } },
{ "type": "Feature", "properties": { "id": null, "CONTROL": "0071", "SERIE": "13", "LINEA": "225", "COD_SEG": "001", "COD_MANZA": 9, "PISO": null, "actualizad": null }, "geometry": { "type": "Point", "coordinates": [ -63.3746383, 9.6932578 ] } },
{ "type": "Feature", "properties": { "id": null, "CONTROL": "0071", "SERIE": "14", "LINEA": "226", "COD_SEG": "001", "COD_MANZA": 9, "PISO": null, "actualizad": null }, "geometry": { "type": "Point", "coordinates": [ -63.3744559, 9.693226 ] } },
{ "type": "Feature", "properties": { "id": null, "CONTROL": "0071", "SERIE": "15", "LINEA": "227", "COD_SEG": "001", "COD_MANZA": 9, "PISO": null, "actualizad": null }, "geometry": { "type": "Point", "coordinates": [ -63.3743244, 9.6932683 ] } },
{ "type": "Feature", "properties": { "id": null, "CONTROL": "0071", "SERIE": "16", "LINEA": "228", "COD_SEG": "001", "COD_MANZA": 9, "PISO": null, "actualizad": null }, "geometry": { "type": "Point", "coordinates": [ -63.3741125, 9.6933503 ] } },
{ "type": "Feature", "properties": { "id": null, "CONTROL": "2062", "SERIE": "01", "LINEA": "001", "COD_SEG": "031", "COD_MANZA": 1, "PISO": null, "actualizad": null }, "geometry": { "type": "Point", "coordinates": [ -63.2017322, 9.7305813 ] } },
{ "type": "Feature", "properties": { "id": null, "CONTROL": "2062", "SERIE": "02", "LINEA": "002", "COD_SEG": "031", "COD_MANZA": 1, "PISO": null, "actualizad": null }, "geometry": { "type": "Point", "coordinates": [ -63.201704, 9.7305152 ] } },
{ "type": "Feature", "properties": { "id": null, "CONTROL": "2062", "SERIE": "03", "LINEA": "003", "COD_SEG": "031", "COD_MANZA": 1, "PISO": null, "actualizad": null }, "geometry": { "type": "Point", "coordinates": [ -63.2016531, 9.7304227 ] } },
{ "type": "Feature", "properties": { "id": null, "CONTROL": "2062", "SERIE": "04", "LINEA": "004", "COD_SEG": "031", "COD_MANZA": 1, "PISO": null, "actualizad": null }, "geometry": { "type": "Point", "coordinates": [ -63.2015981, 9.7303222 ] } },
{ "type": "Feature", "properties": { "id": null, "CONTROL": "2062", "SERIE": "05", "LINEA": "005", "COD_SEG": "031", "COD_MANZA": 1, "PISO": null, "actualizad": null }, "geometry": { "type": "Point", "coordinates": [ -63.2015484, 9.7302191 ] } },
{ "type": "Feature", "properties": { "id": null, "CONTROL": "2062", "SERIE": "06", "LINEA": "006", "COD_SEG": "031", "COD_MANZA": 1, "PISO": null, "actualizad": null }, "geometry": { "type": "Point", "coordinates": [ -63.2014908, 9.7300433 ] } },
{ "type": "Feature", "properties": { "id": null, "CONTROL": "2062", "SERIE": "07", "LINEA": "007", "COD_SEG": "031", "COD_MANZA": 1, "PISO": null, "actualizad": null }, "geometry": { "type": "Point", "coordinates": [ -63.2015873, 9.7300142 ] } },
{ "type": "Feature", "properties": { "id": null, "CONTROL": "2062", "SERIE": "08", "LINEA": "008", "COD_SEG": "031", "COD_MANZA": 1, "PISO": null, "actualizad": null }, "geometry": { "type": "Point", "coordinates": [ -63.2016826, 9.7299719 ] } },
{ "type": "Feature", "properties": { "id": null, "CONTROL": "2062", "SERIE": "09", "LINEA": "009", "COD_SEG": "031", "COD_MANZA": 1, "PISO": null, "actualizad": null }, "geometry": { "type": "Point", "coordinates": [ -63.2017657, 9.7299151 ] } },
{ "type": "Feature", "properties": { "id": null, "CONTROL": "2062", "SERIE": "10", "LINEA": "010", "COD_SEG": "031", "COD_MANZA": 1, "PISO": null, "actualizad": null }, "geometry": { "type": "Point", "coordinates": [ -63.2018301, 9.7300843 ] } },
{ "type": "Feature", "properties": { "id": null, "CONTROL": "2062", "SERIE": "11", "LINEA": "011", "COD_SEG": "031", "COD_MANZA": 1, "PISO": null, "actualizad": null }, "geometry": { "type": "Point", "coordinates": [ -63.201873, 9.7301848 ] } },
{ "type": "Feature", "properties": { "id": null, "CONTROL": "2062", "SERIE": "12", "LINEA": "012", "COD_SEG": "031", "COD_MANZA": 1, "PISO": null, "actualizad": null }, "geometry": { "type": "Point", "coordinates": [ -63.2019266, 9.7302786 ] } },
{ "type": "Feature", "properties": { "id": null, "CONTROL": "2062", "SERIE": "13", "LINEA": "013", "COD_SEG": "031", "COD_MANZA": 1, "PISO": null, "actualizad": null }, "geometry": { "type": "Point", "coordinates": [ -63.2019776, 9.730387 ] } },
{ "type": "Feature", "properties": { "id": null, "CONTROL": "2062", "SERIE": "14", "LINEA": "014", "COD_SEG": "031", "COD_MANZA": 1, "PISO": null, "actualizad": null }, "geometry": { "type": "Point", "coordinates": [ -63.2020058, 9.7304835 ] } },
{ "type": "Feature", "properties": { "id": null, "CONTROL": "2062", "SERIE": "15", "LINEA": "015", "COD_SEG": "031", "COD_MANZA": 2, "PISO": null, "actualizad": null }, "geometry": { "type": "Point", "coordinates": [ -63.2012507, 9.730963 ] } },
{ "type": "Feature", "properties": { "id": null, "CONTROL": "2074", "SERIE": "01", "LINEA": "015", "COD_SEG": "086", "COD_MANZA": 1, "PISO": null, "actualizad": null }, "geometry": { "type": "Point", "coordinates": [ -63.2108821, 9.7146648 ] } },
{ "type": "Feature", "properties": { "id": null, "CONTROL": "2074", "SERIE": "02", "LINEA": "016", "COD_SEG": "086", "COD_MANZA": 1, "PISO": null, "actualizad": null }, "geometry": { "type": "Point", "coordinates": [ -63.2107909, 9.7146621 ] } },
{ "type": "Feature", "properties": { "id": null, "CONTROL": "2074", "SERIE": "03", "LINEA": "017", "COD_SEG": "086", "COD_MANZA": 1, "PISO": null, "actualizad": null }, "geometry": { "type": "Point", "coordinates": [ -63.2108392, 9.7145431 ] } },
{ "type": "Feature", "properties": { "id": null, "CONTROL": "2074", "SERIE": "04", "LINEA": "018", "COD_SEG": "086", "COD_MANZA": 1, "PISO": null, "actualizad": null }, "geometry": { "type": "Point", "coordinates": [ -63.2108016, 9.7144453 ] } },
{ "type": "Feature", "properties": { "id": null, "CONTROL": "2074", "SERIE": "05", "LINEA": "019", "COD_SEG": "086", "COD_MANZA": 1, "PISO": null, "actualizad": null }, "geometry": { "type": "Point", "coordinates": [ -63.2107936, 9.7143158 ] } },
{ "type": "Feature", "properties": { "id": null, "CONTROL": "2074", "SERIE": "06", "LINEA": "029", "COD_SEG": "086", "COD_MANZA": 1, "PISO": null, "actualizad": null }, "geometry": { "type": "Point", "coordinates": [ -63.2107695, 9.7141915 ] } },
{ "type": "Feature", "properties": { "id": null, "CONTROL": "2074", "SERIE": "07", "LINEA": "020", "COD_SEG": "086", "COD_MANZA": 1, "PISO": null, "actualizad": null }, "geometry": { "type": "Point", "coordinates": [ -63.2104959, 9.7141281 ] } },
{ "type": "Feature", "properties": { "id": null, "CONTROL": "2074", "SERIE": "08", "LINEA": "031", "COD_SEG": "086", "COD_MANZA": 1, "PISO": null, "actualizad": null }, "geometry": { "type": "Point", "coordinates": [ -63.2104074, 9.7141889 ] } },
{ "type": "Feature", "properties": { "id": null, "CONTROL": "2074", "SERIE": "09", "LINEA": "021", "COD_SEG": "086", "COD_MANZA": 1, "PISO": null, "actualizad": null }, "geometry": { "type": "Point", "coordinates": [ -63.2103188, 9.7142259 ] } },
{ "type": "Feature", "properties": { "id": null, "CONTROL": "2074", "SERIE": "10", "LINEA": "022", "COD_SEG": "086", "COD_MANZA": 1, "PISO": null, "actualizad": null }, "geometry": { "type": "Point", "coordinates": [ -63.2102169, 9.7142338 ] } },
{ "type": "Feature", "properties": { "id": null, "CONTROL": "2074", "SERIE": "11", "LINEA": "023", "COD_SEG": "086", "COD_MANZA": 1, "PISO": null, "actualizad": null }, "geometry": { "type": "Point", "coordinates": [ -63.2101365, 9.7142841 ] } },
{ "type": "Feature", "properties": { "id": null, "CONTROL": "2074", "SERIE": "12", "LINEA": "024", "COD_SEG": "086", "COD_MANZA": 1, "PISO": null, "actualizad": null }, "geometry": { "type": "Point", "coordinates": [ -63.2100426, 9.7143316 ] } },
{ "type": "Feature", "properties": { "id": null, "CONTROL": "2074", "SERIE": "13", "LINEA": "025", "COD_SEG": "086", "COD_MANZA": 1, "PISO": null, "actualizad": null }, "geometry": { "type": "Point", "coordinates": [ -63.2099728, 9.714366 ] } },
{ "type": "Feature", "properties": { "id": null, "CONTROL": "2074", "SERIE": "14", "LINEA": "026", "COD_SEG": "086", "COD_MANZA": 1, "PISO": null, "actualizad": null }, "geometry": { "type": "Point", "coordinates": [ -63.2099541, 9.7144374 ] } },
{ "type": "Feature", "properties": { "id": null, "CONTROL": "2074", "SERIE": "15", "LINEA": "027", "COD_SEG": "086", "COD_MANZA": 1, "PISO": null, "actualizad": null }, "geometry": { "type": "Point", "coordinates": [ -63.2098682, 9.7145246 ] } },
{ "type": "Feature", "properties": { "id": null, "CONTROL": "2074", "SERIE": "16", "LINEA": "028", "COD_SEG": "086", "COD_MANZA": 1, "PISO": null, "actualizad": null }, "geometry": { "type": "Point", "coordinates": [ -63.2097717, 9.7145722 ] } },
{ "type": "Feature", "properties": { "id": null, "CONTROL": "2084", "SERIE": "01", "LINEA": "137", "COD_SEG": "002", "COD_MANZA": 29, "PISO": null, "actualizad": null }, "geometry": { "type": "Point", "coordinates": [ -63.6126973, 9.7058861 ] } },
{ "type": "Feature", "properties": { "id": null, "CONTROL": "2084", "SERIE": "02", "LINEA": "138", "COD_SEG": "002", "COD_MANZA": 29, "PISO": null, "actualizad": null }, "geometry": { "type": "Point", "coordinates": [ -63.612885, 9.7059112 ] } },
{ "type": "Feature", "properties": { "id": null, "CONTROL": "2084", "SERIE": "17", "LINEA": "153", "COD_SEG": "002", "COD_MANZA": 29, "PISO": null, "actualizad": null }, "geometry": { "type": "Point", "coordinates": [ -63.6128515, 9.7062193 ] } },
{ "type": "Feature", "properties": { "id": null, "CONTROL": "2084", "SERIE": "03", "LINEA": "139", "COD_SEG": "002", "COD_MANZA": 29, "PISO": null, "actualizad": null }, "geometry": { "type": "Point", "coordinates": [ -63.6128273, 9.7064942 ] } },
{ "type": "Feature", "properties": { "id": null, "CONTROL": "2084", "SERIE": "04", "LINEA": "140", "COD_SEG": "002", "COD_MANZA": 29, "PISO": null, "actualizad": null }, "geometry": { "type": "Point", "coordinates": [ -63.6127911, 9.7066066 ] } },
{ "type": "Feature", "properties": { "id": null, "CONTROL": "2084", "SERIE": "05", "LINEA": "141", "COD_SEG": "002", "COD_MANZA": 29, "PISO": null, "actualizad": null }, "geometry": { "type": "Point", "coordinates": [ -63.6127536, 9.7067454 ] } },
{ "type": "Feature", "properties": { "id": null, "CONTROL": "2084", "SERIE": "06", "LINEA": "142", "COD_SEG": "002", "COD_MANZA": 29, "PISO": null, "actualizad": null }, "geometry": { "type": "Point", "coordinates": [ -63.6127214, 9.7068577 ] } },
{ "type": "Feature", "properties": { "id": null, "CONTROL": "2084", "SERIE": "07", "LINEA": "143", "COD_SEG": "002", "COD_MANZA": 29, "PISO": null, "actualizad": null }, "geometry": { "type": "Point", "coordinates": [ -63.6127335, 9.7071406 ] } },
{ "type": "Feature", "properties": { "id": null, "CONTROL": "2084", "SERIE": "08", "LINEA": "144", "COD_SEG": "002", "COD_MANZA": 30, "PISO": null, "actualizad": null }, "geometry": { "type": "Point", "coordinates": [ -63.6113139, 9.7069217 ] } },
{ "type": "Feature", "properties": { "id": null, "CONTROL": "2084", "SERIE": "09", "LINEA": "145", "COD_SEG": "002", "COD_MANZA": 30, "PISO": null, "actualizad": null }, "geometry": { "type": "Point", "coordinates": [ -63.6107466, 9.7067327 ] } },
{ "type": "Feature", "properties": { "id": null, "CONTROL": "2084", "SERIE": "10", "LINEA": "146", "COD_SEG": "002", "COD_MANZA": 30, "PISO": null, "actualizad": null }, "geometry": { "type": "Point", "coordinates": [ -63.6107627, 9.7064961 ] } },
{ "type": "Feature", "properties": { "id": null, "CONTROL": "2084", "SERIE": "11", "LINEA": "147", "COD_SEG": "002", "COD_MANZA": 30, "PISO": null, "actualizad": null }, "geometry": { "type": "Point", "coordinates": [ -63.6107788, 9.7062925 ] } },
{ "type": "Feature", "properties": { "id": null, "CONTROL": "2084", "SERIE": "12", "LINEA": "148", "COD_SEG": "002", "COD_MANZA": 30, "PISO": null, "actualizad": null }, "geometry": { "type": "Point", "coordinates": [ -63.6107801, 9.7061682 ] } },
{ "type": "Feature", "properties": { "id": null, "CONTROL": "2084", "SERIE": "13", "LINEA": "149", "COD_SEG": "002", "COD_MANZA": 30, "PISO": null, "actualizad": null }, "geometry": { "type": "Point", "coordinates": [ -63.6107841, 9.7060057 ] } },
{ "type": "Feature", "properties": { "id": null, "CONTROL": "2084", "SERIE": "14", "LINEA": "150", "COD_SEG": "002", "COD_MANZA": 30, "PISO": null, "actualizad": null }, "geometry": { "type": "Point", "coordinates": [ -63.6107788, 9.7059105 ] } },
{ "type": "Feature", "properties": { "id": null, "CONTROL": "2084", "SERIE": "15", "LINEA": "151", "COD_SEG": "002", "COD_MANZA": 30, "PISO": null, "actualizad": null }, "geometry": { "type": "Point", "coordinates": [ -63.6107895, 9.7058536 ] } },
{ "type": "Feature", "properties": { "id": null, "CONTROL": "2084", "SERIE": "16", "LINEA": "152", "COD_SEG": "002", "COD_MANZA": 30, "PISO": null, "actualizad": null }, "geometry": { "type": "Point", "coordinates": [ -63.6107743, 9.7057664 ] } },
{ "type": "Feature", "properties": { "id": null, "CONTROL": "3038", "SERIE": "01\n", "LINEA": "163", "COD_SEG": "002", "COD_MANZA": 5, "PISO": null, "actualizad": null }, "geometry": { "type": "Point", "coordinates": [ -63.261612, 9.7221118 ] } },
{ "type": "Feature", "properties": { "id": null, "CONTROL": "3038", "SERIE": "02\n", "LINEA": "164", "COD_SEG": "002", "COD_MANZA": 5, "PISO": null, "actualizad": null }, "geometry": { "type": "Point", "coordinates": [ -63.2617407, 9.7221171 ] } },
{ "type": "Feature", "properties": { "id": null, "CONTROL": "3038", "SERIE": "03\n", "LINEA": "165", "COD_SEG": "002", "COD_MANZA": 5, "PISO": null, "actualizad": null }, "geometry": { "type": "Point", "coordinates": [ -63.2618386, 9.7221237 ] } },
{ "type": "Feature", "properties": { "id": null, "CONTROL": "3038", "SERIE": "04\n", "LINEA": "166", "COD_SEG": "002", "COD_MANZA": 5, "PISO": null, "actualizad": null }, "geometry": { "type": "Point", "coordinates": [ -63.2618574, 9.7223246 ] } },
{ "type": "Feature", "properties": { "id": null, "CONTROL": "3038", "SERIE": "05\n", "LINEA": "167", "COD_SEG": "002", "COD_MANZA": 5, "PISO": null, "actualizad": null }, "geometry": { "type": "Point", "coordinates": [ -63.261722, 9.7223431 ] } },
{ "type": "Feature", "properties": { "id": null, "CONTROL": "3038", "SERIE": "06\n", "LINEA": "168", "COD_SEG": "002", "COD_MANZA": 5, "PISO": null, "actualizad": null }, "geometry": { "type": "Point", "coordinates": [ -63.2616241, 9.7223497 ] } },
{ "type": "Feature", "properties": { "id": null, "CONTROL": "3038", "SERIE": "07\n", "LINEA": "169", "COD_SEG": "002", "COD_MANZA": 5, "PISO": null, "actualizad": null }, "geometry": { "type": "Point", "coordinates": [ -63.2615235, 9.7223497 ] } },
{ "type": "Feature", "properties": { "id": null, "CONTROL": "3038", "SERIE": "08\n", "LINEA": "170", "COD_SEG": "002", "COD_MANZA": 5, "PISO": null, "actualizad": null }, "geometry": { "type": "Point", "coordinates": [ -63.2614068, 9.722355 ] } },
{ "type": "Feature", "properties": { "id": null, "CONTROL": "3038", "SERIE": "09\n", "LINEA": "171", "COD_SEG": "002", "COD_MANZA": 5, "PISO": null, "actualizad": null }, "geometry": { "type": "Point", "coordinates": [ -63.2612821, 9.7223497 ] } },
{ "type": "Feature", "properties": { "id": null, "CONTROL": "3038", "SERIE": "10\n", "LINEA": "172", "COD_SEG": "002", "COD_MANZA": 5, "PISO": null, "actualizad": null }, "geometry": { "type": "Point", "coordinates": [ -63.2611735, 9.7223603 ] } },
{ "type": "Feature", "properties": { "id": null, "CONTROL": "3038", "SERIE": "11\n", "LINEA": "173", "COD_SEG": "002", "COD_MANZA": 5, "PISO": null, "actualizad": null }, "geometry": { "type": "Point", "coordinates": [ -63.2610541, 9.7223682 ] } },
{ "type": "Feature", "properties": { "id": null, "CONTROL": "3038", "SERIE": "12\n", "LINEA": "174", "COD_SEG": "002", "COD_MANZA": 5, "PISO": null, "actualizad": null }, "geometry": { "type": "Point", "coordinates": [ -63.2609388, 9.7223603 ] } },
{ "type": "Feature", "properties": { "id": null, "CONTROL": "3038", "SERIE": "13\n", "LINEA": "175", "COD_SEG": "002", "COD_MANZA": 5, "PISO": null, "actualizad": null }, "geometry": { "type": "Point", "coordinates": [ -63.2607255, 9.7222717 ] } },
{ "type": "Feature", "properties": { "id": null, "CONTROL": "3038", "SERIE": "14\n", "LINEA": "176", "COD_SEG": "002", "COD_MANZA": 6, "PISO": null, "actualizad": null }, "geometry": { "type": "Point", "coordinates": [ -63.2630148, 9.7216174 ] } },
{ "type": "Feature", "properties": { "id": null, "CONTROL": "3038", "SERIE": "15\n", "LINEA": "177", "COD_SEG": "002", "COD_MANZA": 6, "PISO": null, "actualizad": null }, "geometry": { "type": "Point", "coordinates": [ -63.2631382, 9.7216174 ] } },
{ "type": "Feature", "properties": { "id": null, "CONTROL": "0017", "SERIE": "IGLESIA", "LINEA": null, "COD_SEG": "001", "COD_MANZA": 1, "PISO": null, "actualizad": null }, "geometry": { "type": "Point", "coordinates": [ -63.7694035, 10.0935774 ] } },
{ "type": "Feature", "properties": { "id": null, "CONTROL": "0017", "SERIE": "01", "LINEA": "016", "COD_SEG": "001", "COD_MANZA": 1, "PISO": null, "actualizad": null }, "geometry": { "type": "Point", "coordinates": [ -63.7692321, 10.0931759 ] } },
{ "type": "Feature", "properties": { "id": null, "CONTROL": "0017", "SERIE": "02", "LINEA": "017", "COD_SEG": "001", "COD_MANZA": 1, "PISO": null, "actualizad": null }, "geometry": { "type": "Point", "coordinates": [ -63.7691918, 10.0930491 ] } },
{ "type": "Feature", "properties": { "id": null, "CONTROL": "0017", "SERIE": "03", "LINEA": "018", "COD_SEG": "001", "COD_MANZA": 1, "PISO": null, "actualizad": null }, "geometry": { "type": "Point", "coordinates": [ -63.7686044, 10.0918476 ] } },
{ "type": "Feature", "properties": { "id": null, "CONTROL": "0017", "SERIE": "04", "LINEA": "019", "COD_SEG": "001", "COD_MANZA": 1, "PISO": null, "actualizad": null }, "geometry": { "type": "Point", "coordinates": [ -63.768885, 10.0906617 ] } },
{ "type": "Feature", "properties": { "id": null, "CONTROL": "0017", "SERIE": "05", "LINEA": "020", "COD_SEG": "001", "COD_MANZA": 1, "PISO": null, "actualizad": null }, "geometry": { "type": "Point", "coordinates": [ -63.7684103, 10.0886283 ] } },
{ "type": "Feature", "properties": { "id": null, "CONTROL": "0017", "SERIE": "06", "LINEA": "022", "COD_SEG": "001", "COD_MANZA": 1, "PISO": null, "actualizad": null }, "geometry": { "type": "Point", "coordinates": [ -63.7691828, 10.0889294 ] } },
{ "type": "Feature", "properties": { "id": null, "CONTROL": "0017", "SERIE": "16", "LINEA": "031", "COD_SEG": "001", "COD_MANZA": 1, "PISO": null, "actualizad": null }, "geometry": { "type": "Point", "coordinates": [ -63.7693488, 10.0891572 ] } },
{ "type": "Feature", "properties": { "id": null, "CONTROL": "0017", "SERIE": "07", "LINEA": "023", "COD_SEG": "001", "COD_MANZA": 1, "PISO": null, "actualizad": null }, "geometry": { "type": "Point", "coordinates": [ -63.7697863, 10.089064 ] } },
{ "type": "Feature", "properties": { "id": null, "CONTROL": "0017", "SERIE": "09", "LINEA": "025", "COD_SEG": "001", "COD_MANZA": 1, "PISO": null, "actualizad": null }, "geometry": { "type": "Point", "coordinates": [ -63.7704643, 10.0891066 ] } },
{ "type": "Feature", "properties": { "id": null, "CONTROL": "0017", "SERIE": "10", "LINEA": "026", "COD_SEG": "001", "COD_MANZA": 1, "PISO": null, "actualizad": null }, "geometry": { "type": "Point", "coordinates": [ -63.770467, 10.0893073 ] } },
{ "type": "Feature", "properties": { "id": null, "CONTROL": "0017", "SERIE": "17", "LINEA": "032", "COD_SEG": "001", "COD_MANZA": 1, "PISO": null, "actualizad": null }, "geometry": { "type": "Point", "coordinates": [ -63.7705019, 10.089508 ] } },
{ "type": "Feature", "properties": { "id": null, "CONTROL": "0017", "SERIE": "18", "LINEA": "033", "COD_SEG": "001", "COD_MANZA": 1, "PISO": null, "actualizad": null }, "geometry": { "type": "Point", "coordinates": [ -63.7706065, 10.089706 ] } },
{ "type": "Feature", "properties": { "id": null, "CONTROL": "0017", "SERIE": "19", "LINEA": "034", "COD_SEG": "001", "COD_MANZA": 1, "PISO": null, "actualizad": null }, "geometry": { "type": "Point", "coordinates": [ -63.7706736, 10.0898064 ] } },
{ "type": "Feature", "properties": { "id": null, "CONTROL": "0017", "SERIE": "20", "LINEA": "035", "COD_SEG": "001", "COD_MANZA": 1, "PISO": null, "actualizad": null }, "geometry": { "type": "Point", "coordinates": [ -63.7707513, 10.0899437 ] } },
{ "type": "Feature", "properties": { "id": null, "CONTROL": "0017", "SERIE": "21", "LINEA": "036", "COD_SEG": "001", "COD_MANZA": 1, "PISO": null, "actualizad": null }, "geometry": { "type": "Point", "coordinates": [ -63.7708586, 10.0903477 ] } },
{ "type": "Feature", "properties": { "id": null, "CONTROL": "0017", "SERIE": "11", "LINEA": "027", "COD_SEG": "001", "COD_MANZA": 1, "PISO": null, "actualizad": null }, "geometry": { "type": "Point", "coordinates": [ -63.7705865, 10.0891813 ] } },
{ "type": "Feature", "properties": { "id": null, "CONTROL": "0017", "SERIE": "13", "LINEA": "028", "COD_SEG": "001", "COD_MANZA": 1, "PISO": null, "actualizad": null }, "geometry": { "type": "Point", "coordinates": [ -63.7714475, 10.0895985 ] } },
{ "type": "Feature", "properties": { "id": null, "CONTROL": "0017", "SERIE": "22", "LINEA": "037", "COD_SEG": "001", "COD_MANZA": 1, "PISO": null, "actualizad": null }, "geometry": { "type": "Point", "coordinates": [ -63.7718096, 10.0897464 ] } },
{ "type": "Feature", "properties": { "id": null, "CONTROL": "0017", "SERIE": "14", "LINEA": "029", "COD_SEG": "001", "COD_MANZA": 1, "PISO": null, "actualizad": null }, "geometry": { "type": "Point", "coordinates": [ -63.7720376, 10.0898626 ] } },
{ "type": "Feature", "properties": { "id": null, "CONTROL": "0017", "SERIE": "15", "LINEA": "030", "COD_SEG": "001", "COD_MANZA": 1, "PISO": null, "actualizad": null }, "geometry": { "type": "Point", "coordinates": [ -63.77314, 10.0889648 ] } },
{ "type": "Feature", "properties": { "id": null, "CONTROL": "0048", "SERIE": "01", "LINEA": "210", "COD_SEG": "002", "COD_MANZA": 10, "PISO": null, "actualizad": null }, "geometry": { "type": "Point", "coordinates": [ -63.3033083, 9.7113037 ] } },
{ "type": "Feature", "properties": { "id": null, "CONTROL": "0048", "SERIE": "02", "LINEA": "211", "COD_SEG": "002", "COD_MANZA": 10, "PISO": null, "actualizad": null }, "geometry": { "type": "Point", "coordinates": [ -63.3031944, 9.711388 ] } },
{ "type": "Feature", "properties": { "id": null, "CONTROL": "0048", "SERIE": "16", "LINEA": "225", "COD_SEG": "002", "COD_MANZA": 10, "PISO": null, "actualizad": null }, "geometry": { "type": "Point", "coordinates": [ -63.3031217, 9.711392 ] } },
{ "type": "Feature", "properties": { "id": null, "CONTROL": "0048", "SERIE": "03", "LINEA": "212", "COD_SEG": "002", "COD_MANZA": 10, "PISO": null, "actualizad": null }, "geometry": { "type": "Point", "coordinates": [ -63.3030523, 9.7113471 ] } },
{ "type": "Feature", "properties": { "id": null, "CONTROL": "0048", "SERIE": "04", "LINEA": "213", "COD_SEG": "002", "COD_MANZA": 10, "PISO": null, "actualizad": null }, "geometry": { "type": "Point", "coordinates": [ -63.3029356, 9.7113894 ] } },
{ "type": "Feature", "properties": { "id": null, "CONTROL": "0048", "SERIE": "05", "LINEA": "214", "COD_SEG": "002", "COD_MANZA": 10, "PISO": null, "actualizad": null }, "geometry": { "type": "Point", "coordinates": [ -63.3028122, 9.7113484 ] } },
{ "type": "Feature", "properties": { "id": null, "CONTROL": "0048", "SERIE": "06", "LINEA": "215", "COD_SEG": "002", "COD_MANZA": 10, "PISO": null, "actualizad": null }, "geometry": { "type": "Point", "coordinates": [ -63.3026915, 9.7113629 ] } },
{ "type": "Feature", "properties": { "id": null, "CONTROL": "0048", "SERIE": "07", "LINEA": "216", "COD_SEG": "002", "COD_MANZA": 10, "PISO": null, "actualizad": null }, "geometry": { "type": "Point", "coordinates": [ -63.3024903, 9.7113656 ] } },
{ "type": "Feature", "properties": { "id": null, "CONTROL": "0048", "SERIE": "08", "LINEA": "217", "COD_SEG": "002", "COD_MANZA": 10, "PISO": null, "actualizad": null }, "geometry": { "type": "Point", "coordinates": [ -63.3022503, 9.7113682 ] } },
{ "type": "Feature", "properties": { "id": null, "CONTROL": "0048", "SERIE": "09", "LINEA": "218", "COD_SEG": "002", "COD_MANZA": 10, "PISO": null, "actualizad": null }, "geometry": { "type": "Point", "coordinates": [ -63.3019573, 9.7114135 ] } },
{ "type": "Feature", "properties": { "id": null, "CONTROL": "0048", "SERIE": "10", "LINEA": "219", "COD_SEG": "002", "COD_MANZA": 10, "PISO": null, "actualizad": null }, "geometry": { "type": "Point", "coordinates": [ -63.3017441, 9.7114254 ] } },
{ "type": "Feature", "properties": { "id": null, "CONTROL": "0048", "SERIE": "11", "LINEA": "220", "COD_SEG": "002", "COD_MANZA": 10, "PISO": null, "actualizad": null }, "geometry": { "type": "Point", "coordinates": [ -63.3016193, 9.7114232 ] } },
{ "type": "Feature", "properties": { "id": null, "CONTROL": "0048", "SERIE": "12", "LINEA": "221", "COD_SEG": "002", "COD_MANZA": 10, "PISO": null, "actualizad": null }, "geometry": { "type": "Point", "coordinates": [ -63.3014745, 9.7114188 ] } },
{ "type": "Feature", "properties": { "id": null, "CONTROL": "0048", "SERIE": "13", "LINEA": "222", "COD_SEG": "002", "COD_MANZA": 11, "PISO": null, "actualizad": null }, "geometry": { "type": "Point", "coordinates": [ -63.3003244, 9.7114647 ] } },
{ "type": "Feature", "properties": { "id": null, "CONTROL": "0048", "SERIE": "14", "LINEA": "223", "COD_SEG": "002", "COD_MANZA": 11, "PISO": null, "actualizad": null }, "geometry": { "type": "Point", "coordinates": [ -63.3001702, 9.7114965 ] } },
{ "type": "Feature", "properties": { "id": null, "CONTROL": "0048", "SERIE": "15", "LINEA": "224", "COD_SEG": "002", "COD_MANZA": 11, "PISO": null, "actualizad": null }, "geometry": { "type": "Point", "coordinates": [ -63.3000602, 9.7114819 ] } },
{ "type": "Feature", "properties": { "id": null, "CONTROL": "0074", "SERIE": "01", "LINEA": "001", "COD_SEG": "001", "COD_MANZA": 1, "PISO": null, "actualizad": null }, "geometry": { "type": "Point", "coordinates": [ -63.0958525, 10.0835096 ] } },
{ "type": "Feature", "properties": { "id": null, "CONTROL": "0074", "SERIE": "02", "LINEA": "002", "COD_SEG": "001", "COD_MANZA": 1, "PISO": null, "actualizad": null }, "geometry": { "type": "Point", "coordinates": [ -63.0962105, 10.0832706 ] } },
{ "type": "Feature", "properties": { "id": null, "CONTROL": "0074", "SERIE": "03", "LINEA": "003", "COD_SEG": "001", "COD_MANZA": 1, "PISO": null, "actualizad": null }, "geometry": { "type": "Point", "coordinates": [ -63.0963474, 10.0832561 ] } },
{ "type": "Feature", "properties": { "id": null, "CONTROL": "0074", "SERIE": "IGLESIA EVANGELICA PENTECOSTE A UN MILAGRO DE DIOS\n", "LINEA": null, "COD_SEG": "001", "COD_MANZA": 1, "PISO": null, "actualizad": null }, "geometry": { "type": "Point", "coordinates": [ -63.0965337, 10.0832429 ] } },
{ "type": "Feature", "properties": { "id": null, "CONTROL": "0074", "SERIE": "CANCHA DEPORTIVA", "LINEA": null, "COD_SEG": "001", "COD_MANZA": 1, "PISO": null, "actualizad": null }, "geometry": { "type": "Point", "coordinates": [ -63.0966437, 10.083297 ] } },
{ "type": "Feature", "properties": { "id": null, "CONTROL": "0074", "SERIE": "08 CONSTRUCCION\n", "LINEA": "004", "COD_SEG": "001", "COD_MANZA": 1, "PISO": null, "actualizad": null }, "geometry": { "type": "Point", "coordinates": [ -63.0969395, 10.0831633 ] } },
{ "type": "Feature", "properties": { "id": null, "CONTROL": "0074", "SERIE": "TERRENO SOLO\n", "LINEA": null, "COD_SEG": "001", "COD_MANZA": 1, "PISO": null, "actualizad": null }, "geometry": { "type": "Point", "coordinates": [ -63.0971111, 10.0831474 ] } },
{ "type": "Feature", "properties": { "id": null, "CONTROL": "0074", "SERIE": "09", "LINEA": "005", "COD_SEG": "001", "COD_MANZA": 1, "PISO": null, "actualizad": null }, "geometry": { "type": "Point", "coordinates": [ -63.0972774, 10.0831184 ] } },
{ "type": "Feature", "properties": { "id": null, "CONTROL": "0074", "SERIE": "04", "LINEA": "006", "COD_SEG": "001", "COD_MANZA": 1, "PISO": null, "actualizad": null }, "geometry": { "type": "Point", "coordinates": [ -63.0974008, 10.0831104 ] } },
{ "type": "Feature", "properties": { "id": null, "CONTROL": "0074", "SERIE": "05", "LINEA": "007", "COD_SEG": "001", "COD_MANZA": 1, "PISO": null, "actualizad": null }, "geometry": { "type": "Point", "coordinates": [ -63.0975108, 10.0830999 ] } },
{ "type": "Feature", "properties": { "id": null, "CONTROL": "0074", "SERIE": "06 DEMOLIDA\n", "LINEA": "008", "COD_SEG": "001", "COD_MANZA": 1, "PISO": null, "actualizad": null }, "geometry": { "type": "Point", "coordinates": [ -63.0976207, 10.0830893 ] } },
{ "type": "Feature", "properties": { "id": null, "CONTROL": "0074", "SERIE": "07 DEMOLIDA\n", "LINEA": "009", "COD_SEG": "001", "COD_MANZA": 1, "PISO": null, "actualizad": null }, "geometry": { "type": "Point", "coordinates": [ -63.0977334, 10.0830708 ] } },
{ "type": "Feature", "properties": { "id": null, "CONTROL": "0074", "SERIE": "10", "LINEA": "010", "COD_SEG": "001", "COD_MANZA": 2, "PISO": null, "actualizad": null }, "geometry": { "type": "Point", "coordinates": [ -63.0977012, 10.0829071 ] } },
{ "type": "Feature", "properties": { "id": null, "CONTROL": "0074", "SERIE": "TERRENO SOLO\n", "LINEA": null, "COD_SEG": "001", "COD_MANZA": 2, "PISO": null, "actualizad": null }, "geometry": { "type": "Point", "coordinates": [ -63.0975993, 10.0829097 ] } },
{ "type": "Feature", "properties": { "id": null, "CONTROL": "0074", "SERIE": "11", "LINEA": "011", "COD_SEG": "001", "COD_MANZA": 2, "PISO": null, "actualizad": null }, "geometry": { "type": "Point", "coordinates": [ -63.0974947, 10.0829203 ] } },
{ "type": "Feature", "properties": { "id": null, "CONTROL": "0074", "SERIE": "12", "LINEA": "012", "COD_SEG": "001", "COD_MANZA": 2, "PISO": null, "actualizad": null }, "geometry": { "type": "Point", "coordinates": [ -63.0973525, 10.0829335 ] } },
{ "type": "Feature", "properties": { "id": null, "CONTROL": "0074", "SERIE": "RUINA", "LINEA": null, "COD_SEG": "001", "COD_MANZA": 2, "PISO": null, "actualizad": null }, "geometry": { "type": "Point", "coordinates": [ -63.0969368, 10.0829705 ] } },
{ "type": "Feature", "properties": { "id": null, "CONTROL": "0074", "SERIE": "13", "LINEA": "013", "COD_SEG": "001", "COD_MANZA": 2, "PISO": null, "actualizad": null }, "geometry": { "type": "Point", "coordinates": [ -63.0967839, 10.08296 ] } },
{ "type": "Feature", "properties": { "id": null, "CONTROL": "0074", "SERIE": "14", "LINEA": "014", "COD_SEG": "001", "COD_MANZA": 2, "PISO": null, "actualizad": null }, "geometry": { "type": "Point", "coordinates": [ -63.0966605, 10.0829731 ] } },
{ "type": "Feature", "properties": { "id": null, "CONTROL": "0074", "SERIE": "15", "LINEA": "015", "COD_SEG": "001", "COD_MANZA": 2, "PISO": null, "actualizad": null }, "geometry": { "type": "Point", "coordinates": [ -63.0965237, 10.0829947 ] } },
{ "type": "Feature", "properties": { "id": null, "CONTROL": "0074", "SERIE": "16", "LINEA": "016", "COD_SEG": "001", "COD_MANZA": 2, "PISO": null, "actualizad": null }, "geometry": { "type": "Point", "coordinates": [ -63.0965177, 10.082918 ] } },
{ "type": "Feature", "properties": { "id": null, "CONTROL": "2068", "SERIE": "01", "LINEA": "119", "COD_SEG": "013", "COD_MANZA": 7, "PISO": null, "actualizad": null }, "geometry": { "type": "Point", "coordinates": [ -63.0931038, 10.1257497 ] } },
{ "type": "Feature", "properties": { "id": null, "CONTROL": "2068", "SERIE": "02", "LINEA": "120", "COD_SEG": "013", "COD_MANZA": 7, "PISO": null, "actualizad": null }, "geometry": { "type": "Point", "coordinates": [ -63.0931, 10.1256466 ] } },
{ "type": "Feature", "properties": { "id": null, "CONTROL": "2068", "SERIE": "03", "LINEA": "121", "COD_SEG": "013", "COD_MANZA": 7, "PISO": null, "actualizad": null }, "geometry": { "type": "Point", "coordinates": [ -63.0931563, 10.1256493 ] } },
{ "type": "Feature", "properties": { "id": null, "CONTROL": "2068", "SERIE": "04", "LINEA": "122", "COD_SEG": "013", "COD_MANZA": 7, "PISO": null, "actualizad": null }, "geometry": { "type": "Point", "coordinates": [ -63.09321, 10.1256453 ] } },
{ "type": "Feature", "properties": { "id": null, "CONTROL": "2068", "SERIE": "05\n", "LINEA": "123", "COD_SEG": "013", "COD_MANZA": 7, "PISO": null, "actualizad": null }, "geometry": { "type": "Point", "coordinates": [ -63.0932555, 10.1256479 ] } },
{ "type": "Feature", "properties": { "id": null, "CONTROL": "2068", "SERIE": "06", "LINEA": "124", "COD_SEG": "013", "COD_MANZA": 7, "PISO": null, "actualizad": null }, "geometry": { "type": "Point", "coordinates": [ -63.0936754, 10.1256678 ] } },
{ "type": "Feature", "properties": { "id": null, "CONTROL": "2068", "SERIE": "07", "LINEA": "125", "COD_SEG": "013", "COD_MANZA": 7, "PISO": null, "actualizad": null }, "geometry": { "type": "Point", "coordinates": [ -63.0936673, 10.1257998 ] } },
{ "type": "Feature", "properties": { "id": null, "CONTROL": "2068", "SERIE": "LOCAL DESOCUPADO\n", "LINEA": null, "COD_SEG": "013", "COD_MANZA": 7, "PISO": null, "actualizad": null }, "geometry": { "type": "Point", "coordinates": [ -63.0936579, 10.1258816 ] } },
{ "type": "Feature", "properties": { "id": null, "CONTROL": "2068", "SERIE": "08", "LINEA": "126", "COD_SEG": "013", "COD_MANZA": 7, "PISO": null, "actualizad": null }, "geometry": { "type": "Point", "coordinates": [ -63.0936593, 10.1259147 ] } },
{ "type": "Feature", "properties": { "id": null, "CONTROL": "2068", "SERIE": "09", "LINEA": "127", "COD_SEG": "013", "COD_MANZA": 7, "PISO": null, "actualizad": null }, "geometry": { "type": "Point", "coordinates": [ -63.0936605, 10.1259873 ] } },
{ "type": "Feature", "properties": { "id": null, "CONTROL": "2068", "SERIE": "10", "LINEA": "128", "COD_SEG": "013", "COD_MANZA": 7, "PISO": null, "actualizad": null }, "geometry": { "type": "Point", "coordinates": [ -63.0936606, 10.1260823 ] } },
{ "type": "Feature", "properties": { "id": null, "CONTROL": "2068", "SERIE": "11", "LINEA": "129", "COD_SEG": "013", "COD_MANZA": 7, "PISO": null, "actualizad": null }, "geometry": { "type": "Point", "coordinates": [ -63.0936646, 10.1261773 ] } },
{ "type": "Feature", "properties": { "id": null, "CONTROL": "2068", "SERIE": "12", "LINEA": "130", "COD_SEG": "013", "COD_MANZA": 8, "PISO": null, "actualizad": null }, "geometry": { "type": "Point", "coordinates": [ -63.0935117, 10.1255278 ] } },
{ "type": "Feature", "properties": { "id": null, "CONTROL": "2068", "SERIE": "LOCAL DESOCUPADO\n", "LINEA": null, "COD_SEG": "013", "COD_MANZA": 8, "PISO": null, "actualizad": null }, "geometry": { "type": "Point", "coordinates": [ -63.0934581, 10.1255292 ] } },
{ "type": "Feature", "properties": { "id": null, "CONTROL": "2068", "SERIE": "13", "LINEA": "131", "COD_SEG": "013", "COD_MANZA": 8, "PISO": null, "actualizad": null }, "geometry": { "type": "Point", "coordinates": [ -63.0934124, 10.1255292 ] } },
{ "type": "Feature", "properties": { "id": null, "CONTROL": "2068", "SERIE": "14", "LINEA": "132", "COD_SEG": "013", "COD_MANZA": 8, "PISO": null, "actualizad": null }, "geometry": { "type": "Point", "coordinates": [ -63.0933602, 10.1255265 ] } },
{ "type": "Feature", "properties": { "id": null, "CONTROL": "2068", "SERIE": "15", "LINEA": "133", "COD_SEG": "013", "COD_MANZA": 8, "PISO": null, "actualizad": null }, "geometry": { "type": "Point", "coordinates": [ -63.0933065, 10.1255291 ] } },
{ "type": "Feature", "properties": { "id": null, "CONTROL": "2085", "SERIE": "01", "LINEA": "076", "COD_SEG": "053", "COD_MANZA": 4, "PISO": null, "actualizad": null }, "geometry": { "type": "Point", "coordinates": [ -63.6137805, 9.6818967 ] } },
{ "type": "Feature", "properties": { "id": null, "CONTROL": "2085", "SERIE": "02", "LINEA": "077", "COD_SEG": "053", "COD_MANZA": 4, "PISO": null, "actualizad": null }, "geometry": { "type": "Point", "coordinates": [ -63.6138838, 9.6816997 ] } },
{ "type": "Feature", "properties": { "id": null, "CONTROL": "2085", "SERIE": "03", "LINEA": "078", "COD_SEG": "053", "COD_MANZA": 4, "PISO": null, "actualizad": null }, "geometry": { "type": "Point", "coordinates": [ -63.6140848, 9.6817393 ] } },
{ "type": "Feature", "properties": { "id": null, "CONTROL": "2085", "SERIE": "04", "LINEA": "079", "COD_SEG": "053", "COD_MANZA": 4, "PISO": null, "actualizad": null }, "geometry": { "type": "Point", "coordinates": [ -63.6141909, 9.6817499 ] } },
{ "type": "Feature", "properties": { "id": null, "CONTROL": "2085", "SERIE": "05", "LINEA": "080", "COD_SEG": "053", "COD_MANZA": 4, "PISO": null, "actualizad": null }, "geometry": { "type": "Point", "coordinates": [ -63.6143022, 9.6817539 ] } },
{ "type": "Feature", "properties": { "id": null, "CONTROL": "2085", "SERIE": "TALLER MECANICO\n", "LINEA": null, "COD_SEG": "053", "COD_MANZA": 4, "PISO": null, "actualizad": null }, "geometry": { "type": "Point", "coordinates": [ -63.613987, 9.6817631 ] } },
{ "type": "Feature", "properties": { "id": null, "CONTROL": "2085", "SERIE": "06", "LINEA": "081", "COD_SEG": "053", "COD_MANZA": 4, "PISO": null, "actualizad": null }, "geometry": { "type": "Point", "coordinates": [ -63.6144281, 9.6817578 ] } },
{ "type": "Feature", "properties": { "id": null, "CONTROL": "2085", "SERIE": "07", "LINEA": "082", "COD_SEG": "053", "COD_MANZA": 4, "PISO": null, "actualizad": null }, "geometry": { "type": "Point", "coordinates": [ -63.6145315, 9.681771 ] } },
{ "type": "Feature", "properties": { "id": null, "CONTROL": "2085", "SERIE": "08", "LINEA": "083", "COD_SEG": "053", "COD_MANZA": 4, "PISO": null, "actualizad": null }, "geometry": { "type": "Point", "coordinates": [ -63.6145275, 9.6819521 ] } },
{ "type": "Feature", "properties": { "id": null, "CONTROL": "2085", "SERIE": "09", "LINEA": "084", "COD_SEG": "053", "COD_MANZA": 5, "PISO": null, "actualizad": null }, "geometry": { "type": "Point", "coordinates": [ -63.6145449, 9.6816151 ] } },
{ "type": "Feature", "properties": { "id": null, "CONTROL": "2085", "SERIE": "TERRENO SOLO\n", "LINEA": null, "COD_SEG": "053", "COD_MANZA": 5, "PISO": null, "actualizad": null }, "geometry": { "type": "Point", "coordinates": [ -63.6144483, 9.6816244 ] } },
{ "type": "Feature", "properties": { "id": null, "CONTROL": "2085", "SERIE": "10", "LINEA": "085", "COD_SEG": "053", "COD_MANZA": 5, "PISO": null, "actualizad": null }, "geometry": { "type": "Point", "coordinates": [ -63.614333, 9.6815926 ] } },
{ "type": "Feature", "properties": { "id": null, "CONTROL": "2085", "SERIE": "11", "LINEA": "086", "COD_SEG": "053", "COD_MANZA": 5, "PISO": null, "actualizad": null }, "geometry": { "type": "Point", "coordinates": [ -63.6142512, 9.6815834 ] } },
{ "type": "Feature", "properties": { "id": null, "CONTROL": "2085", "SERIE": "12", "LINEA": "087", "COD_SEG": "053", "COD_MANZA": 5, "PISO": null, "actualizad": null }, "geometry": { "type": "Point", "coordinates": [ -63.614168, 9.6815781 ] } },
{ "type": "Feature", "properties": { "id": null, "CONTROL": "2085", "SERIE": "13", "LINEA": "088", "COD_SEG": "053", "COD_MANZA": 5, "PISO": null, "actualizad": null }, "geometry": { "type": "Point", "coordinates": [ -63.6140782, 9.6815714 ] } },
{ "type": "Feature", "properties": { "id": null, "CONTROL": "2085", "SERIE": "TERRENO SOLO\n", "LINEA": null, "COD_SEG": "053", "COD_MANZA": 5, "PISO": null, "actualizad": null }, "geometry": { "type": "Point", "coordinates": [ -63.6139562, 9.6815939 ] } },
{ "type": "Feature", "properties": { "id": null, "CONTROL": "2085", "SERIE": "14", "LINEA": "089", "COD_SEG": "053", "COD_MANZA": 5, "PISO": null, "actualizad": null }, "geometry": { "type": "Point", "coordinates": [ -63.6141291, 9.6813692 ] } },
{ "type": "Feature", "properties": { "id": null, "CONTROL": "2085", "SERIE": "15", "LINEA": "090", "COD_SEG": "053", "COD_MANZA": 5, "PISO": null, "actualizad": null }, "geometry": { "type": "Point", "coordinates": [ -63.6142176, 9.6813744 ] } },
{ "type": "Feature", "properties": { "id": null, "CONTROL": "0024", "SERIE": "01", "LINEA": "001", "COD_SEG": "051", "COD_MANZA": 1, "PISO": null, "actualizad": null }, "geometry": { "type": "Point", "coordinates": [ -63.6137805, 9.6818967 ] } },
{ "type": "Feature", "properties": { "id": null, "CONTROL": "0024", "SERIE": "02", "LINEA": "002", "COD_SEG": "051", "COD_MANZA": 1, "PISO": null, "actualizad": null }, "geometry": { "type": "Point", "coordinates": [ -63.6138838, 9.6816997 ] } },
{ "type": "Feature", "properties": { "id": null, "CONTROL": "0024", "SERIE": "03", "LINEA": "016", "COD_SEG": "051", "COD_MANZA": 1, "PISO": null, "actualizad": null }, "geometry": { "type": "Point", "coordinates": [ -63.6140848, 9.6817393 ] } },
{ "type": "Feature", "properties": { "id": null, "CONTROL": "0024", "SERIE": "04", "LINEA": "004", "COD_SEG": "051", "COD_MANZA": 1, "PISO": null, "actualizad": null }, "geometry": { "type": "Point", "coordinates": [ -63.6141909, 9.6817499 ] } },
{ "type": "Feature", "properties": { "id": null, "CONTROL": "0024", "SERIE": "05", "LINEA": "005", "COD_SEG": "051", "COD_MANZA": 1, "PISO": null, "actualizad": null }, "geometry": { "type": "Point", "coordinates": [ -63.6143022, 9.6817539 ] } },
{ "type": "Feature", "properties": { "id": null, "CONTROL": "0024", "SERIE": "06", "LINEA": "006", "COD_SEG": "051", "COD_MANZA": 1, "PISO": null, "actualizad": null }, "geometry": { "type": "Point", "coordinates": [ -63.613987, 9.6817631 ] } },
{ "type": "Feature", "properties": { "id": null, "CONTROL": "0024", "SERIE": "07", "LINEA": "007", "COD_SEG": "051", "COD_MANZA": 1, "PISO": null, "actualizad": null }, "geometry": { "type": "Point", "coordinates": [ -63.6144281, 9.6817578 ] } },
{ "type": "Feature", "properties": { "id": null, "CONTROL": "0024", "SERIE": "08", "LINEA": "008", "COD_SEG": "051", "COD_MANZA": 1, "PISO": null, "actualizad": null }, "geometry": { "type": "Point", "coordinates": [ -63.6145315, 9.681771 ] } },
{ "type": "Feature", "properties": { "id": null, "CONTROL": "0024", "SERIE": "09", "LINEA": "009", "COD_SEG": "051", "COD_MANZA": 1, "PISO": null, "actualizad": null }, "geometry": { "type": "Point", "coordinates": [ -63.6145275, 9.6819521 ] } },
{ "type": "Feature", "properties": { "id": null, "CONTROL": "0024", "SERIE": "10", "LINEA": "010", "COD_SEG": "051", "COD_MANZA": 1, "PISO": null, "actualizad": null }, "geometry": { "type": "Point", "coordinates": [ -63.6145449, 9.6816151 ] } },
{ "type": "Feature", "properties": { "id": null, "CONTROL": "0024", "SERIE": "11", "LINEA": "011", "COD_SEG": "051", "COD_MANZA": 1, "PISO": null, "actualizad": null }, "geometry": { "type": "Point", "coordinates": [ -63.6144483, 9.6816244 ] } },
{ "type": "Feature", "properties": { "id": null, "CONTROL": "0024", "SERIE": "12", "LINEA": "012", "COD_SEG": "051", "COD_MANZA": 1, "PISO": null, "actualizad": null }, "geometry": { "type": "Point", "coordinates": [ -63.614333, 9.6815926 ] } },
{ "type": "Feature", "properties": { "id": null, "CONTROL": "0024", "SERIE": "13", "LINEA": "013", "COD_SEG": "051", "COD_MANZA": 1, "PISO": null, "actualizad": null }, "geometry": { "type": "Point", "coordinates": [ -63.6142512, 9.6815834 ] } },
{ "type": "Feature", "properties": { "id": null, "CONTROL": "0024", "SERIE": "14", "LINEA": "017", "COD_SEG": "051", "COD_MANZA": 1, "PISO": null, "actualizad": null }, "geometry": { "type": "Point", "coordinates": [ -63.614168, 9.6815781 ] } },
{ "type": "Feature", "properties": { "id": null, "CONTROL": "0024", "SERIE": "15", "LINEA": "015", "COD_SEG": "051", "COD_MANZA": 1, "PISO": null, "actualizad": null }, "geometry": { "type": "Point", "coordinates": [ -63.6140782, 9.6815714 ] } },
{ "type": "Feature", "properties": { "id": null, "CONTROL": "3006", "SERIE": "01\n", "LINEA": "215", "COD_SEG": "078", "COD_MANZA": 1, "PISO": null, "actualizad": null }, "geometry": { "type": "Point", "coordinates": [ -63.2505943, 9.6982379 ] } },
{ "type": "Feature", "properties": { "id": null, "CONTROL": "3006", "SERIE": "02\n", "LINEA": "216", "COD_SEG": "078", "COD_MANZA": 1, "PISO": null, "actualizad": null }, "geometry": { "type": "Point", "coordinates": [ -63.2506586, 9.6981851 ] } },
{ "type": "Feature", "properties": { "id": null, "CONTROL": "3006", "SERIE": "03\n", "LINEA": "217", "COD_SEG": "078", "COD_MANZA": 1, "PISO": null, "actualizad": null }, "geometry": { "type": "Point", "coordinates": [ -63.2507284, 9.6981348 ] } },
{ "type": "Feature", "properties": { "id": null, "CONTROL": "3006", "SERIE": "04\n", "LINEA": "218", "COD_SEG": "078", "COD_MANZA": 1, "PISO": null, "actualizad": null }, "geometry": { "type": "Point", "coordinates": [ -63.2507847, 9.6981057 ] } },
{ "type": "Feature", "properties": { "id": null, "CONTROL": "3006", "SERIE": "05\n", "LINEA": "219", "COD_SEG": "078", "COD_MANZA": 1, "PISO": null, "actualizad": null }, "geometry": { "type": "Point", "coordinates": [ -63.2508625, 9.6983186 ] } },
{ "type": "Feature", "properties": { "id": null, "CONTROL": "3006", "SERIE": "06\n", "LINEA": "220", "COD_SEG": "078", "COD_MANZA": 1, "PISO": null, "actualizad": null }, "geometry": { "type": "Point", "coordinates": [ -63.2508062, 9.6983701 ] } },
{ "type": "Feature", "properties": { "id": null, "CONTROL": "3006", "SERIE": "07\n", "LINEA": "221", "COD_SEG": "078", "COD_MANZA": 1, "PISO": null, "actualizad": null }, "geometry": { "type": "Point", "coordinates": [ -63.2507378, 9.6984204 ] } },
{ "type": "Feature", "properties": { "id": null, "CONTROL": "3006", "SERIE": "08\n", "LINEA": "222", "COD_SEG": "078", "COD_MANZA": 1, "PISO": null, "actualizad": null }, "geometry": { "type": "Point", "coordinates": [ -63.2506989, 9.6984627 ] } },
{ "type": "Feature", "properties": { "id": null, "CONTROL": "3006", "SERIE": "09\n", "LINEA": "223", "COD_SEG": "078", "COD_MANZA": 1, "PISO": null, "actualizad": null }, "geometry": { "type": "Point", "coordinates": [ -63.2506211, 9.6985181 ] } },
{ "type": "Feature", "properties": { "id": null, "CONTROL": "3006", "SERIE": "10\n", "LINEA": "224", "COD_SEG": "078", "COD_MANZA": 1, "PISO": null, "actualizad": null }, "geometry": { "type": "Point", "coordinates": [ -63.2505701, 9.6985684 ] } },
{ "type": "Feature", "properties": { "id": null, "CONTROL": "3006", "SERIE": "11\n", "LINEA": "225", "COD_SEG": "078", "COD_MANZA": 1, "PISO": null, "actualizad": null }, "geometry": { "type": "Point", "coordinates": [ -63.2505057, 9.69862 ] } },
{ "type": "Feature", "properties": { "id": null, "CONTROL": "3006", "SERIE": "12\n", "LINEA": "226", "COD_SEG": "078", "COD_MANZA": 1, "PISO": null, "actualizad": null }, "geometry": { "type": "Point", "coordinates": [ -63.2504467, 9.6986834 ] } },
{ "type": "Feature", "properties": { "id": null, "CONTROL": "3006", "SERIE": "13\n", "LINEA": "227", "COD_SEG": "078", "COD_MANZA": 1, "PISO": null, "actualizad": null }, "geometry": { "type": "Point", "coordinates": [ -63.250381, 9.6987337 ] } },
{ "type": "Feature", "properties": { "id": null, "CONTROL": "3006", "SERIE": "14\n", "LINEA": "228", "COD_SEG": "078", "COD_MANZA": 1, "PISO": null, "actualizad": null }, "geometry": { "type": "Point", "coordinates": [ -63.2503274, 9.6987891 ] } },
{ "type": "Feature", "properties": { "id": null, "CONTROL": "3006", "SERIE": "15\n", "LINEA": "229", "COD_SEG": "078", "COD_MANZA": 1, "PISO": null, "actualizad": null }, "geometry": { "type": "Point", "coordinates": [ -63.2502576, 9.6988513 ] } },
{ "type": "Feature", "properties": { "id": null, "CONTROL": "3006", "SERIE": "16\n", "LINEA": "230", "COD_SEG": "078", "COD_MANZA": 1, "PISO": null, "actualizad": null }, "geometry": { "type": "Point", "coordinates": [ -63.2502026, 9.698891 ] } },
{ "type": "Feature", "properties": { "id": null, "CONTROL": "3023", "SERIE": "01", "LINEA": "057", "COD_SEG": "038", "COD_MANZA": 2, "PISO": null, "actualizad": null }, "geometry": { "type": "Point", "coordinates": [ -62.6606138, 9.0040799 ] } },
{ "type": "Feature", "properties": { "id": null, "CONTROL": "3023", "SERIE": "02", "LINEA": "058", "COD_SEG": "038", "COD_MANZA": 2, "PISO": null, "actualizad": null }, "geometry": { "type": "Point", "coordinates": [ -62.6605025, 9.004076 ] } },
{ "type": "Feature", "properties": { "id": null, "CONTROL": "3023", "SERIE": "03", "LINEA": "059", "COD_SEG": "038", "COD_MANZA": 2, "PISO": null, "actualizad": null }, "geometry": { "type": "Point", "coordinates": [ -62.6603523, 9.0040892 ] } },
{ "type": "Feature", "properties": { "id": null, "CONTROL": "3023", "SERIE": "04", "LINEA": "060", "COD_SEG": "038", "COD_MANZA": 2, "PISO": null, "actualizad": null }, "geometry": { "type": "Point", "coordinates": [ -62.6602075, 9.0041078 ] } },
{ "type": "Feature", "properties": { "id": null, "CONTROL": "3023", "SERIE": "05", "LINEA": "061", "COD_SEG": "038", "COD_MANZA": 2, "PISO": null, "actualizad": null }, "geometry": { "type": "Point", "coordinates": [ -62.6601056, 9.0041104 ] } },
{ "type": "Feature", "properties": { "id": null, "CONTROL": "3023", "SERIE": "06", "LINEA": "062", "COD_SEG": "038", "COD_MANZA": 2, "PISO": null, "actualizad": null }, "geometry": { "type": "Point", "coordinates": [ -62.659891, 9.0040826 ] } },
{ "type": "Feature", "properties": { "id": null, "CONTROL": "3023", "SERIE": "07", "LINEA": "063", "COD_SEG": "038", "COD_MANZA": 2, "PISO": null, "actualizad": null }, "geometry": { "type": "Point", "coordinates": [ -62.6596107, 9.0040031 ] } },
{ "type": "Feature", "properties": { "id": null, "CONTROL": "3023", "SERIE": "08", "LINEA": "064", "COD_SEG": "038", "COD_MANZA": 2, "PISO": null, "actualizad": null }, "geometry": { "type": "Point", "coordinates": [ -62.6594417, 9.0040415 ] } },
{ "type": "Feature", "properties": { "id": null, "CONTROL": "3023", "SERIE": "09", "LINEA": "065", "COD_SEG": "038", "COD_MANZA": 2, "PISO": null, "actualizad": null }, "geometry": { "type": "Point", "coordinates": [ -62.6594176, 9.0036667 ] } },
{ "type": "Feature", "properties": { "id": null, "CONTROL": "3023", "SERIE": "10", "LINEA": "066", "COD_SEG": "038", "COD_MANZA": 2, "PISO": null, "actualizad": null }, "geometry": { "type": "Point", "coordinates": [ -62.6595383, 9.0036918 ] } },
{ "type": "Feature", "properties": { "id": null, "CONTROL": "3023", "SERIE": "11", "LINEA": "067", "COD_SEG": "038", "COD_MANZA": 2, "PISO": null, "actualizad": null }, "geometry": { "type": "Point", "coordinates": [ -62.6596925, 9.0037514 ] } },
{ "type": "Feature", "properties": { "id": null, "CONTROL": "3023", "SERIE": "12", "LINEA": "068", "COD_SEG": "038", "COD_MANZA": 2, "PISO": null, "actualizad": null }, "geometry": { "type": "Point", "coordinates": [ -62.6598159, 9.0037395 ] } },
{ "type": "Feature", "properties": { "id": null, "CONTROL": "3023", "SERIE": "13", "LINEA": "069", "COD_SEG": "038", "COD_MANZA": 2, "PISO": null, "actualizad": null }, "geometry": { "type": "Point", "coordinates": [ -62.6601243, 9.0037289 ] } },
{ "type": "Feature", "properties": { "id": null, "CONTROL": "3023", "SERIE": "14", "LINEA": "070", "COD_SEG": "038", "COD_MANZA": 2, "PISO": null, "actualizad": null }, "geometry": { "type": "Point", "coordinates": [ -62.6603, 9.003717 ] } },
{ "type": "Feature", "properties": { "id": null, "CONTROL": "3023", "SERIE": "15", "LINEA": "071", "COD_SEG": "038", "COD_MANZA": 2, "PISO": null, "actualizad": null }, "geometry": { "type": "Point", "coordinates": [ -62.6604435, 9.0037236 ] } },
{ "type": "Feature", "properties": { "id": null, "CONTROL": "3036", "SERIE": "01", "LINEA": "101", "COD_SEG": "059", "COD_MANZA": 2, "PISO": null, "actualizad": null }, "geometry": { "type": "Point", "coordinates": [ -63.1971351, 9.7361071 ] } },
{ "type": "Feature", "properties": { "id": null, "CONTROL": "3036", "SERIE": "02", "LINEA": "102", "COD_SEG": "059", "COD_MANZA": 2, "PISO": null, "actualizad": null }, "geometry": { "type": "Point", "coordinates": [ -63.1971056, 9.7360225 ] } },
{ "type": "Feature", "properties": { "id": null, "CONTROL": "3036", "SERIE": "03", "LINEA": "103", "COD_SEG": "059", "COD_MANZA": 2, "PISO": null, "actualizad": null }, "geometry": { "type": "Point", "coordinates": [ -63.1970748, 9.7359551 ] } },
{ "type": "Feature", "properties": { "id": null, "CONTROL": "3036", "SERIE": "04", "LINEA": "104", "COD_SEG": "059", "COD_MANZA": 2, "PISO": null, "actualizad": null }, "geometry": { "type": "Point", "coordinates": [ -63.1969876, 9.7358929 ] } },
{ "type": "Feature", "properties": { "id": null, "CONTROL": "3036", "SERIE": "05", "LINEA": "105", "COD_SEG": "059", "COD_MANZA": 2, "PISO": null, "actualizad": null }, "geometry": { "type": "Point", "coordinates": [ -63.1970667, 9.7358625 ] } },
{ "type": "Feature", "properties": { "id": null, "CONTROL": "3036", "SERIE": "06", "LINEA": "106", "COD_SEG": "059", "COD_MANZA": 2, "PISO": null, "actualizad": null }, "geometry": { "type": "Point", "coordinates": [ -63.197233, 9.7358335 ] } },
{ "type": "Feature", "properties": { "id": null, "CONTROL": "3036", "SERIE": "07", "LINEA": "107", "COD_SEG": "059", "COD_MANZA": 2, "PISO": null, "actualizad": null }, "geometry": { "type": "Point", "coordinates": [ -63.1973309, 9.7357912 ] } },
{ "type": "Feature", "properties": { "id": null, "CONTROL": "3036", "SERIE": "08", "LINEA": "108", "COD_SEG": "059", "COD_MANZA": 2, "PISO": null, "actualizad": null }, "geometry": { "type": "Point", "coordinates": [ -63.1974207, 9.7357515 ] } },
{ "type": "Feature", "properties": { "id": null, "CONTROL": "3036", "SERIE": "09", "LINEA": "109", "COD_SEG": "059", "COD_MANZA": 2, "PISO": null, "actualizad": null }, "geometry": { "type": "Point", "coordinates": [ -63.1975468, 9.7357039 ] } },
{ "type": "Feature", "properties": { "id": null, "CONTROL": "3036", "SERIE": "LIBERTADOR CAREXPRESS,C.A\n", "LINEA": null, "COD_SEG": "059", "COD_MANZA": 2, "PISO": null, "actualizad": null }, "geometry": { "type": "Point", "coordinates": [ -63.1977278, 9.7356432 ] } },
{ "type": "Feature", "properties": { "id": null, "CONTROL": "3036", "SERIE": "10", "LINEA": "110", "COD_SEG": "059", "COD_MANZA": 2, "PISO": null, "actualizad": null }, "geometry": { "type": "Point", "coordinates": [ -63.1978379, 9.7355863 ] } },
{ "type": "Feature", "properties": { "id": null, "CONTROL": "3036", "SERIE": "11\n", "LINEA": "111", "COD_SEG": "059", "COD_MANZA": 2, "PISO": null, "actualizad": null }, "geometry": { "type": "Point", "coordinates": [ -63.1979344, 9.7355546 ] } },
{ "type": "Feature", "properties": { "id": null, "CONTROL": "3036", "SERIE": "14", "LINEA": "114", "COD_SEG": "059", "COD_MANZA": 2, "PISO": null, "actualizad": null }, "geometry": { "type": "Point", "coordinates": [ -63.1983823, 9.7353563 ] } },
{ "type": "Feature", "properties": { "id": null, "CONTROL": "0031", "SERIE": "01\n", "LINEA": "166", "COD_SEG": "074", "COD_MANZA": 4, "PISO": null, "actualizad": null }, "geometry": { "type": "Point", "coordinates": [ -63.2502736, 9.6953485 ] } },
{ "type": "Feature", "properties": { "id": null, "CONTROL": "0031", "SERIE": "02\n", "LINEA": "167", "COD_SEG": "074", "COD_MANZA": 4, "PISO": null, "actualizad": null }, "geometry": { "type": "Point", "coordinates": [ -63.250224, 9.6953868 ] } },
{ "type": "Feature", "properties": { "id": null, "CONTROL": "0031", "SERIE": "03\n", "LINEA": "168", "COD_SEG": "074", "COD_MANZA": 4, "PISO": null, "actualizad": null }, "geometry": { "type": "Point", "coordinates": [ -63.2501502, 9.6954807 ] } },
{ "type": "Feature", "properties": { "id": null, "CONTROL": "0031", "SERIE": "04\n", "LINEA": "169", "COD_SEG": "074", "COD_MANZA": 4, "PISO": null, "actualizad": null }, "geometry": { "type": "Point", "coordinates": [ -63.2500885, 9.6955283 ] } },
{ "type": "Feature", "properties": { "id": null, "CONTROL": "0031", "SERIE": "05\n", "LINEA": "170", "COD_SEG": "074", "COD_MANZA": 4, "PISO": null, "actualizad": null }, "geometry": { "type": "Point", "coordinates": [ -63.25, 9.6955785 ] } },
{ "type": "Feature", "properties": { "id": null, "CONTROL": "0031", "SERIE": "06\n", "LINEA": "171", "COD_SEG": "074", "COD_MANZA": 4, "PISO": null, "actualizad": null }, "geometry": { "type": "Point", "coordinates": [ -63.2499491, 9.6956195 ] } },
{ "type": "Feature", "properties": { "id": null, "CONTROL": "0031", "SERIE": "07\n", "LINEA": "172", "COD_SEG": "074", "COD_MANZA": 4, "PISO": null, "actualizad": null }, "geometry": { "type": "Point", "coordinates": [ -63.2498579, 9.6956948 ] } },
{ "type": "Feature", "properties": { "id": null, "CONTROL": "0031", "SERIE": "08\n", "LINEA": "173", "COD_SEG": "074", "COD_MANZA": 4, "PISO": null, "actualizad": null }, "geometry": { "type": "Point", "coordinates": [ -63.2498042, 9.6957503 ] } },
{ "type": "Feature", "properties": { "id": null, "CONTROL": "0031", "SERIE": "09\n", "LINEA": "174", "COD_SEG": "074", "COD_MANZA": 4, "PISO": null, "actualizad": null }, "geometry": { "type": "Point", "coordinates": [ -63.2497184, 9.6958164 ] } },
{ "type": "Feature", "properties": { "id": null, "CONTROL": "0031", "SERIE": "10\n", "LINEA": "175", "COD_SEG": "074", "COD_MANZA": 4, "PISO": null, "actualizad": null }, "geometry": { "type": "Point", "coordinates": [ -63.2496674, 9.695864 ] } },
{ "type": "Feature", "properties": { "id": null, "CONTROL": "0031", "SERIE": "11\n", "LINEA": "176", "COD_SEG": "074", "COD_MANZA": 4, "PISO": null, "actualizad": null }, "geometry": { "type": "Point", "coordinates": [ -63.2496165, 9.6959248 ] } },
{ "type": "Feature", "properties": { "id": null, "CONTROL": "0031", "SERIE": "12\n", "LINEA": "177", "COD_SEG": "074", "COD_MANZA": 4, "PISO": null, "actualizad": null }, "geometry": { "type": "Point", "coordinates": [ -63.2495373, 9.6959658 ] } },
{ "type": "Feature", "properties": { "id": null, "CONTROL": "0031", "SERIE": "13\n", "LINEA": "178", "COD_SEG": "074", "COD_MANZA": 4, "PISO": null, "actualizad": null }, "geometry": { "type": "Point", "coordinates": [ -63.2497492, 9.6961173 ] } },
{ "type": "Feature", "properties": { "id": null, "CONTROL": "0031", "SERIE": "14\n", "LINEA": "179", "COD_SEG": "074", "COD_MANZA": 4, "PISO": null, "actualizad": null }, "geometry": { "type": "Point", "coordinates": [ -63.2498283, 9.6960604 ] } },
{ "type": "Feature", "properties": { "id": null, "CONTROL": "0031", "SERIE": "15\n", "LINEA": "180", "COD_SEG": "074", "COD_MANZA": 4, "PISO": null, "actualizad": null }, "geometry": { "type": "Point", "coordinates": [ -63.2498981, 9.6959785 ] } },
{ "type": "Feature", "properties": { "id": null, "CONTROL": "2063", "SERIE": "01", "LINEA": "131", "COD_SEG": "087", "COD_MANZA": 11, "PISO": null, "actualizad": null }, "geometry": { "type": "Point", "coordinates": [ -63.2031642, 9.7155502 ] } },
{ "type": "Feature", "properties": { "id": null, "CONTROL": "2063", "SERIE": "02", "LINEA": "132", "COD_SEG": "087", "COD_MANZA": 11, "PISO": null, "actualizad": null }, "geometry": { "type": "Point", "coordinates": [ -63.203238, 9.7154972 ] } },
{ "type": "Feature", "properties": { "id": null, "CONTROL": "2063", "SERIE": "03", "LINEA": "133", "COD_SEG": "087", "COD_MANZA": 11, "PISO": null, "actualizad": null }, "geometry": { "type": "Point", "coordinates": [ -63.2032702, 9.715562 ] } },
{ "type": "Feature", "properties": { "id": null, "CONTROL": "2063", "SERIE": "04", "LINEA": "134", "COD_SEG": "087", "COD_MANZA": 11, "PISO": null, "actualizad": null }, "geometry": { "type": "Point", "coordinates": [ -63.2033372, 9.7156123 ] } },
{ "type": "Feature", "properties": { "id": null, "CONTROL": "2063", "SERIE": "07", "LINEA": "137", "COD_SEG": "087", "COD_MANZA": 13, "PISO": null, "actualizad": null }, "geometry": { "type": "Point", "coordinates": [ -63.2033104, 9.7151602 ] } },
{ "type": "Feature", "properties": { "id": null, "CONTROL": "2063", "SERIE": "08", "LINEA": "138", "COD_SEG": "087", "COD_MANZA": 13, "PISO": null, "actualizad": null }, "geometry": { "type": "Point", "coordinates": [ -63.2032755, 9.7151232 ] } },
{ "type": "Feature", "properties": { "id": null, "CONTROL": "2063", "SERIE": "09", "LINEA": "139", "COD_SEG": "087", "COD_MANZA": 13, "PISO": null, "actualizad": null }, "geometry": { "type": "Point", "coordinates": [ -63.203238, 9.7150703 ] } },
{ "type": "Feature", "properties": { "id": null, "CONTROL": "2063", "SERIE": "10", "LINEA": "140", "COD_SEG": "087", "COD_MANZA": 13, "PISO": null, "actualizad": null }, "geometry": { "type": "Point", "coordinates": [ -63.203293, 9.7150346 ] } },
{ "type": "Feature", "properties": { "id": null, "CONTROL": "2063", "SERIE": "11", "LINEA": "141", "COD_SEG": "087", "COD_MANZA": 13, "PISO": null, "actualizad": null }, "geometry": { "type": "Point", "coordinates": [ -63.2033734, 9.7149633 ] } },
{ "type": "Feature", "properties": { "id": null, "CONTROL": "2063", "SERIE": "12", "LINEA": "142", "COD_SEG": "087", "COD_MANZA": 13, "PISO": null, "actualizad": null }, "geometry": { "type": "Point", "coordinates": [ -63.20347, 9.7148853 ] } },
{ "type": "Feature", "properties": { "id": null, "CONTROL": "2063", "SERIE": "13", "LINEA": "143", "COD_SEG": "087", "COD_MANZA": 13, "PISO": null, "actualizad": null }, "geometry": { "type": "Point", "coordinates": [ -63.2035076, 9.7149262 ] } },
{ "type": "Feature", "properties": { "id": null, "CONTROL": "2063", "SERIE": "14", "LINEA": "144", "COD_SEG": "087", "COD_MANZA": 13, "PISO": null, "actualizad": null }, "geometry": { "type": "Point", "coordinates": [ -63.2035532, 9.7149738 ] } },
{ "type": "Feature", "properties": { "id": null, "CONTROL": "2063", "SERIE": "05", "LINEA": "135", "COD_SEG": "087", "COD_MANZA": 13, "PISO": null, "actualizad": null }, "geometry": { "type": "Point", "coordinates": [ -63.2034633, 9.7150346 ] } },
{ "type": "Feature", "properties": { "id": null, "CONTROL": "2063", "SERIE": "06", "LINEA": "136", "COD_SEG": "087", "COD_MANZA": 13, "PISO": null, "actualizad": null }, "geometry": { "type": "Point", "coordinates": [ -63.2033748, 9.7151232 ] } },
{ "type": "Feature", "properties": { "id": null, "CONTROL": "2063", "SERIE": "15", "LINEA": "145", "COD_SEG": "087", "COD_MANZA": 14, "PISO": null, "actualizad": null }, "geometry": { "type": "Point", "coordinates": [ -63.2041124, 9.7147716 ] } },
{ "type": "Feature", "properties": { "id": null, "CONTROL": "2076", "SERIE": "14", "LINEA": "014", "COD_SEG": "032", "COD_MANZA": 2, "PISO": null, "actualizad": null }, "geometry": { "type": "Point", "coordinates": [ -63.1865531, 9.7775116 ] } },
{ "type": "Feature", "properties": { "id": null, "CONTROL": "2076", "SERIE": "13", "LINEA": "013", "COD_SEG": "032", "COD_MANZA": 2, "PISO": null, "actualizad": null }, "geometry": { "type": "Point", "coordinates": [ -63.1864471, 9.7774706 ] } },
{ "type": "Feature", "properties": { "id": null, "CONTROL": "2076", "SERIE": "12", "LINEA": "012", "COD_SEG": "032", "COD_MANZA": 2, "PISO": null, "actualizad": null }, "geometry": { "type": "Point", "coordinates": [ -63.1862728, 9.7773702 ] } },
{ "type": "Feature", "properties": { "id": null, "CONTROL": "2076", "SERIE": "11", "LINEA": "011", "COD_SEG": "032", "COD_MANZA": 2, "PISO": null, "actualizad": null }, "geometry": { "type": "Point", "coordinates": [ -63.186124, 9.7773001 ] } },
{ "type": "Feature", "properties": { "id": null, "CONTROL": "2076", "SERIE": "P-013", "LINEA": "IGLESIA EVANGELICA", "COD_SEG": "032", "COD_MANZA": 2, "PISO": null, "actualizad": null }, "geometry": { "type": "Point", "coordinates": [ -63.1859791, 9.7771838 ] } },
{ "type": "Feature", "properties": { "id": null, "CONTROL": "2076", "SERIE": "10", "LINEA": "010", "COD_SEG": "032", "COD_MANZA": 2, "PISO": null, "actualizad": null }, "geometry": { "type": "Point", "coordinates": [ -63.1858397, 9.7771204 ] } },
{ "type": "Feature", "properties": { "id": null, "CONTROL": "2076", "SERIE": "09", "LINEA": "009", "COD_SEG": "032", "COD_MANZA": 2, "PISO": null, "actualizad": null }, "geometry": { "type": "Point", "coordinates": [ -63.1857297, 9.7770728 ] } },
{ "type": "Feature", "properties": { "id": null, "CONTROL": "2076", "SERIE": "08", "LINEA": "008", "COD_SEG": "032", "COD_MANZA": 2, "PISO": null, "actualizad": null }, "geometry": { "type": "Point", "coordinates": [ -63.1856117, 9.7769644 ] } },
{ "type": "Feature", "properties": { "id": null, "CONTROL": "2076", "SERIE": "07", "LINEA": "007", "COD_SEG": "032", "COD_MANZA": 2, "PISO": null, "actualizad": null }, "geometry": { "type": "Point", "coordinates": [ -63.1854696, 9.7768614 ] } },
{ "type": "Feature", "properties": { "id": null, "CONTROL": "2076", "SERIE": "06", "LINEA": "006", "COD_SEG": "032", "COD_MANZA": 2, "PISO": null, "actualizad": null }, "geometry": { "type": "Point", "coordinates": [ -63.1853703, 9.7766816 ] } },
{ "type": "Feature", "properties": { "id": null, "CONTROL": "2076", "SERIE": "05", "LINEA": "005", "COD_SEG": "032", "COD_MANZA": 2, "PISO": null, "actualizad": null }, "geometry": { "type": "Point", "coordinates": [ -63.1851477, 9.7764966 ] } },
{ "type": "Feature", "properties": { "id": null, "CONTROL": "2076", "SERIE": "01 N/E", "LINEA": null, "COD_SEG": "032", "COD_MANZA": 2, "PISO": null, "actualizad": null }, "geometry": { "type": "Point", "coordinates": [ -63.1829839, 9.7734997 ] } },
{ "type": "Feature", "properties": { "id": null, "CONTROL": "2076", "SERIE": "02", "LINEA": "002", "COD_SEG": "032", "COD_MANZA": 2, "PISO": null, "actualizad": null }, "geometry": { "type": "Point", "coordinates": [ -63.1832198, 9.7742187 ] } },
{ "type": "Feature", "properties": { "id": null, "CONTROL": "2076", "SERIE": "03", "LINEA": "003", "COD_SEG": "032", "COD_MANZA": 2, "PISO": null, "actualizad": null }, "geometry": { "type": "Point", "coordinates": [ -63.1822114, 9.7731402 ] } },
{ "type": "Feature", "properties": { "id": null, "CONTROL": "2076", "SERIE": "04", "LINEA": "004", "COD_SEG": "032", "COD_MANZA": 2, "PISO": null, "actualizad": null }, "geometry": { "type": "Point", "coordinates": [ -63.1827408, 9.7728299 ] } },
{ "type": "Feature", "properties": { "id": null, "CONTROL": "0026", "SERIE": "01\n", "LINEA": "184", "COD_SEG": "005", "COD_MANZA": 9, "PISO": null, "actualizad": null }, "geometry": { "type": "Point", "coordinates": [ -63.2268032, 9.7278194 ] } },
{ "type": "Feature", "properties": { "id": null, "CONTROL": "0026", "SERIE": "02\n", "LINEA": "185", "COD_SEG": "005", "COD_MANZA": 9, "PISO": null, "actualizad": null }, "geometry": { "type": "Point", "coordinates": [ -63.226885, 9.7278274 ] } },
{ "type": "Feature", "properties": { "id": null, "CONTROL": "0026", "SERIE": "03\n", "LINEA": "186", "COD_SEG": "005", "COD_MANZA": 9, "PISO": null, "actualizad": null }, "geometry": { "type": "Point", "coordinates": [ -63.2269091, 9.7280124 ] } },
{ "type": "Feature", "properties": { "id": null, "CONTROL": "0026", "SERIE": "04\n", "LINEA": "187", "COD_SEG": "005", "COD_MANZA": 9, "PISO": null, "actualizad": null }, "geometry": { "type": "Point", "coordinates": [ -63.2268018, 9.7280283 ] } },
{ "type": "Feature", "properties": { "id": null, "CONTROL": "0026", "SERIE": "05\n", "LINEA": "188", "COD_SEG": "005", "COD_MANZA": 9, "PISO": null, "actualizad": null }, "geometry": { "type": "Point", "coordinates": [ -63.2267307, 9.7280296 ] } },
{ "type": "Feature", "properties": { "id": null, "CONTROL": "0026", "SERIE": "06\n", "LINEA": "189", "COD_SEG": "005", "COD_MANZA": 9, "PISO": null, "actualizad": null }, "geometry": { "type": "Point", "coordinates": [ -63.2266315, 9.7280442 ] } },
{ "type": "Feature", "properties": { "id": null, "CONTROL": "0026", "SERIE": "07\n", "LINEA": "190", "COD_SEG": "005", "COD_MANZA": 9, "PISO": null, "actualizad": null }, "geometry": { "type": "Point", "coordinates": [ -63.226543, 9.7280508 ] } },
{ "type": "Feature", "properties": { "id": null, "CONTROL": "0026", "SERIE": "08\n", "LINEA": "191", "COD_SEG": "005", "COD_MANZA": 9, "PISO": null, "actualizad": null }, "geometry": { "type": "Point", "coordinates": [ -63.2264518, 9.7280613 ] } },
{ "type": "Feature", "properties": { "id": null, "CONTROL": "0026", "SERIE": "09\n", "LINEA": "192", "COD_SEG": "005", "COD_MANZA": 9, "PISO": null, "actualizad": null }, "geometry": { "type": "Point", "coordinates": [ -63.22637, 9.7280627 ] } },
{ "type": "Feature", "properties": { "id": null, "CONTROL": "0026", "SERIE": "10\n", "LINEA": "193", "COD_SEG": "005", "COD_MANZA": 9, "PISO": null, "actualizad": null }, "geometry": { "type": "Point", "coordinates": [ -63.2262828, 9.72806 ] } },
{ "type": "Feature", "properties": { "id": null, "CONTROL": "0026", "SERIE": "11\n", "LINEA": "194", "COD_SEG": "005", "COD_MANZA": 9, "PISO": null, "actualizad": null }, "geometry": { "type": "Point", "coordinates": [ -63.2261796, 9.7280759 ] } },
{ "type": "Feature", "properties": { "id": null, "CONTROL": "0026", "SERIE": "12\n", "LINEA": "195", "COD_SEG": "005", "COD_MANZA": 9, "PISO": null, "actualizad": null }, "geometry": { "type": "Point", "coordinates": [ -63.2260843, 9.7280864 ] } },
{ "type": "Feature", "properties": { "id": null, "CONTROL": "0026", "SERIE": "13\n", "LINEA": "196", "COD_SEG": "005", "COD_MANZA": 9, "PISO": null, "actualizad": null }, "geometry": { "type": "Point", "coordinates": [ -63.2259998, 9.728105 ] } },
{ "type": "Feature", "properties": { "id": null, "CONTROL": "0026", "SERIE": "14\n", "LINEA": "197", "COD_SEG": "005", "COD_MANZA": 10, "PISO": null, "actualizad": null }, "geometry": { "type": "Point", "coordinates": [ -63.2270673, 9.7273594 ] } },
{ "type": "Feature", "properties": { "id": null, "CONTROL": "0026", "SERIE": "15\n", "LINEA": "198", "COD_SEG": "005", "COD_MANZA": 10, "PISO": null, "actualizad": null }, "geometry": { "type": "Point", "coordinates": [ -63.2271599, 9.7273621 ] } },
{ "type": "Feature", "properties": { "id": null, "CONTROL": "0026", "SERIE": "16\n", "LINEA": "199", "COD_SEG": "005", "COD_MANZA": 10, "PISO": null, "actualizad": null }, "geometry": { "type": "Point", "coordinates": [ -63.2272403, 9.7273647 ] } },
{ "type": "Feature", "properties": { "id": null, "CONTROL": "0001", "SERIE": "01", "LINEA": "121", "COD_SEG": "033", "COD_MANZA": 6, "PISO": null, "actualizad": null }, "geometry": { "type": "Point", "coordinates": [ -63.1057411, 10.1070661 ] } },
{ "type": "Feature", "properties": { "id": null, "CONTROL": "0001", "SERIE": "02", "LINEA": "122", "COD_SEG": "033", "COD_MANZA": 6, "PISO": null, "actualizad": null }, "geometry": { "type": "Point", "coordinates": [ -63.1057263, 10.1069763 ] } },
{ "type": "Feature", "properties": { "id": null, "CONTROL": "0001", "SERIE": "03", "LINEA": "123", "COD_SEG": "033", "COD_MANZA": 6, "PISO": null, "actualizad": null }, "geometry": { "type": "Point", "coordinates": [ -63.1057276, 10.1069024 ] } },
{ "type": "Feature", "properties": { "id": null, "CONTROL": "0001", "SERIE": "04", "LINEA": "124", "COD_SEG": "033", "COD_MANZA": 6, "PISO": null, "actualizad": null }, "geometry": { "type": "Point", "coordinates": [ -63.1057223, 10.1068443 ] } },
{ "type": "Feature", "properties": { "id": null, "CONTROL": "0001", "SERIE": "05", "LINEA": "125", "COD_SEG": "033", "COD_MANZA": 6, "PISO": null, "actualizad": null }, "geometry": { "type": "Point", "coordinates": [ -63.1057129, 10.1067664 ] } },
{ "type": "Feature", "properties": { "id": null, "CONTROL": "0001", "SERIE": "06", "LINEA": "126", "COD_SEG": "033", "COD_MANZA": 6, "PISO": null, "actualizad": null }, "geometry": { "type": "Point", "coordinates": [ -63.1057008, 10.1066449 ] } },
{ "type": "Feature", "properties": { "id": null, "CONTROL": "0001", "SERIE": "07", "LINEA": "127", "COD_SEG": "033", "COD_MANZA": 6, "PISO": null, "actualizad": null }, "geometry": { "type": "Point", "coordinates": [ -63.1056941, 10.1065552 ] } },
{ "type": "Feature", "properties": { "id": null, "CONTROL": "0001", "SERIE": "08", "LINEA": "128", "COD_SEG": "033", "COD_MANZA": 6, "PISO": null, "actualizad": null }, "geometry": { "type": "Point", "coordinates": [ -63.1056861, 10.1064944 ] } },
{ "type": "Feature", "properties": { "id": null, "CONTROL": "0001", "SERIE": "09", "LINEA": "129", "COD_SEG": "033", "COD_MANZA": 6, "PISO": null, "actualizad": null }, "geometry": { "type": "Point", "coordinates": [ -63.1056914, 10.1064416 ] } },
{ "type": "Feature", "properties": { "id": null, "CONTROL": "0001", "SERIE": "10", "LINEA": "130", "COD_SEG": "033", "COD_MANZA": 6, "PISO": null, "actualizad": null }, "geometry": { "type": "Point", "coordinates": [ -63.1060746, 10.1065463 ] } },
{ "type": "Feature", "properties": { "id": null, "CONTROL": "0001", "SERIE": "11", "LINEA": "131", "COD_SEG": "033", "COD_MANZA": 6, "PISO": null, "actualizad": null }, "geometry": { "type": "Point", "coordinates": [ -63.1060786, 10.1066295 ] } },
{ "type": "Feature", "properties": { "id": null, "CONTROL": "0001", "SERIE": "12", "LINEA": "132", "COD_SEG": "033", "COD_MANZA": 6, "PISO": null, "actualizad": null }, "geometry": { "type": "Point", "coordinates": [ -63.1060839, 10.1067179 ] } },
{ "type": "Feature", "properties": { "id": null, "CONTROL": "0001", "SERIE": "13", "LINEA": "133", "COD_SEG": "033", "COD_MANZA": 6, "PISO": null, "actualizad": null }, "geometry": { "type": "Point", "coordinates": [ -63.1060907, 10.1068552 ] } },
{ "type": "Feature", "properties": { "id": null, "CONTROL": "0001", "SERIE": "14", "LINEA": "134", "COD_SEG": "033", "COD_MANZA": 6, "PISO": null, "actualizad": null }, "geometry": { "type": "Point", "coordinates": [ -63.1061, 10.1069437 ] } },
{ "type": "Feature", "properties": { "id": null, "CONTROL": "0001", "SERIE": "15", "LINEA": "135", "COD_SEG": "033", "COD_MANZA": 6, "PISO": null, "actualizad": null }, "geometry": { "type": "Point", "coordinates": [ -63.1061135, 10.1070612 ] } },
{ "type": "Feature", "properties": { "id": null, "CONTROL": "3029", "SERIE": "01", "LINEA": "114", "COD_SEG": "045", "COD_MANZA": 3, "PISO": null, "actualizad": null }, "geometry": { "type": "Point", "coordinates": [ -63.200656, 9.7670326 ] } },
{ "type": "Feature", "properties": { "id": null, "CONTROL": "3029", "SERIE": "02", "LINEA": "115", "COD_SEG": "045", "COD_MANZA": 3, "PISO": null, "actualizad": null }, "geometry": { "type": "Point", "coordinates": [ -63.200703, 9.7669955 ] } },
{ "type": "Feature", "properties": { "id": null, "CONTROL": "3029", "SERIE": "03", "LINEA": "116", "COD_SEG": "045", "COD_MANZA": 3, "PISO": null, "actualizad": null }, "geometry": { "type": "Point", "coordinates": [ -63.2013373, 9.7672256 ] } },
{ "type": "Feature", "properties": { "id": null, "CONTROL": "3029", "SERIE": "04", "LINEA": "117", "COD_SEG": "045", "COD_MANZA": 3, "PISO": null, "actualizad": null }, "geometry": { "type": "Point", "coordinates": [ -63.201431, 9.7671599 ] } },
{ "type": "Feature", "properties": { "id": null, "CONTROL": "3029", "SERIE": "05", "LINEA": "118", "COD_SEG": "045", "COD_MANZA": 3, "PISO": null, "actualizad": null }, "geometry": { "type": "Point", "coordinates": [ -63.2014766, 9.7671228 ] } },
{ "type": "Feature", "properties": { "id": null, "CONTROL": "3029", "SERIE": "06", "LINEA": "119", "COD_SEG": "045", "COD_MANZA": 3, "PISO": null, "actualizad": null }, "geometry": { "type": "Point", "coordinates": [ -63.2015221, 9.7670845 ] } },
{ "type": "Feature", "properties": { "id": null, "CONTROL": "3029", "SERIE": "07", "LINEA": "120", "COD_SEG": "045", "COD_MANZA": 3, "PISO": null, "actualizad": null }, "geometry": { "type": "Point", "coordinates": [ -63.2015691, 9.7670489 ] } },
{ "type": "Feature", "properties": { "id": null, "CONTROL": "3029", "SERIE": "08", "LINEA": "121", "COD_SEG": "045", "COD_MANZA": 3, "PISO": null, "actualizad": null }, "geometry": { "type": "Point", "coordinates": [ -63.2016107, 9.7670198 ] } },
{ "type": "Feature", "properties": { "id": null, "CONTROL": "3029", "SERIE": "09", "LINEA": "122", "COD_SEG": "045", "COD_MANZA": 3, "PISO": null, "actualizad": null }, "geometry": { "type": "Point", "coordinates": [ -63.2016604, 9.766988 ] } },
{ "type": "Feature", "properties": { "id": null, "CONTROL": "3029", "SERIE": "10", "LINEA": "123", "COD_SEG": "045", "COD_MANZA": 3, "PISO": null, "actualizad": null }, "geometry": { "type": "Point", "coordinates": [ -63.2017435, 9.7669203 ] } },
{ "type": "Feature", "properties": { "id": null, "CONTROL": "3029", "SERIE": "11", "LINEA": "124", "COD_SEG": "045", "COD_MANZA": 3, "PISO": null, "actualizad": null }, "geometry": { "type": "Point", "coordinates": [ -63.2017877, 9.7668912 ] } },
{ "type": "Feature", "properties": { "id": null, "CONTROL": "3029", "SERIE": "12", "LINEA": "125", "COD_SEG": "045", "COD_MANZA": 3, "PISO": null, "actualizad": null }, "geometry": { "type": "Point", "coordinates": [ -63.2018334, 9.7668582 ] } },
{ "type": "Feature", "properties": { "id": null, "CONTROL": "3029", "SERIE": "13", "LINEA": "126", "COD_SEG": "045", "COD_MANZA": 3, "PISO": null, "actualizad": null }, "geometry": { "type": "Point", "coordinates": [ -63.2018816, 9.7668265 ] } },
{ "type": "Feature", "properties": { "id": null, "CONTROL": "3029", "SERIE": "14", "LINEA": "127", "COD_SEG": "045", "COD_MANZA": 3, "PISO": null, "actualizad": null }, "geometry": { "type": "Point", "coordinates": [ -63.2019258, 9.7667868 ] } },
{ "type": "Feature", "properties": { "id": null, "CONTROL": "3029", "SERIE": "15", "LINEA": "128", "COD_SEG": "045", "COD_MANZA": 3, "PISO": null, "actualizad": null }, "geometry": { "type": "Point", "coordinates": [ -63.2019688, 9.7667565 ] } },
{ "type": "Feature", "properties": { "id": null, "CONTROL": "2077", "SERIE": "01", "LINEA": "192", "COD_SEG": "055", "COD_MANZA": 13, "PISO": null, "actualizad": null }, "geometry": { "type": "Point", "coordinates": [ -63.2308486, 9.7727231 ] } },
{ "type": "Feature", "properties": { "id": null, "CONTROL": "2077", "SERIE": "02", "LINEA": "193", "COD_SEG": "055", "COD_MANZA": 13, "PISO": null, "actualizad": null }, "geometry": { "type": "Point", "coordinates": [ -63.2308673, 9.7727773 ] } },
{ "type": "Feature", "properties": { "id": null, "CONTROL": "2077", "SERIE": "03", "LINEA": "194", "COD_SEG": "055", "COD_MANZA": 13, "PISO": null, "actualizad": null }, "geometry": { "type": "Point", "coordinates": [ -63.2308862, 9.7728262 ] } },
{ "type": "Feature", "properties": { "id": null, "CONTROL": "2077", "SERIE": "04", "LINEA": "195", "COD_SEG": "055", "COD_MANZA": 13, "PISO": null, "actualizad": null }, "geometry": { "type": "Point", "coordinates": [ -63.2309129, 9.7730125 ] } },
{ "type": "Feature", "properties": { "id": null, "CONTROL": "2077", "SERIE": "05", "LINEA": "196", "COD_SEG": "055", "COD_MANZA": 13, "PISO": null, "actualizad": null }, "geometry": { "type": "Point", "coordinates": [ -63.2309331, 9.7730786 ] } },
{ "type": "Feature", "properties": { "id": null, "CONTROL": "2077", "SERIE": "06", "LINEA": "197", "COD_SEG": "055", "COD_MANZA": 13, "PISO": null, "actualizad": null }, "geometry": { "type": "Point", "coordinates": [ -63.2309476, 9.773154 ] } },
{ "type": "Feature", "properties": { "id": null, "CONTROL": "2077", "SERIE": "07", "LINEA": "198", "COD_SEG": "055", "COD_MANZA": 13, "PISO": null, "actualizad": null }, "geometry": { "type": "Point", "coordinates": [ -63.2309861, 9.7732544 ] } },
{ "type": "Feature", "properties": { "id": null, "CONTROL": "2077", "SERIE": "08", "LINEA": "199", "COD_SEG": "055", "COD_MANZA": 13, "PISO": null, "actualizad": null }, "geometry": { "type": "Point", "coordinates": [ -63.2309854, 9.7734381 ] } },
{ "type": "Feature", "properties": { "id": null, "CONTROL": "2077", "SERIE": "09", "LINEA": "200", "COD_SEG": "055", "COD_MANZA": 13, "PISO": null, "actualizad": null }, "geometry": { "type": "Point", "coordinates": [ -63.2309988, 9.773557 ] } },
{ "type": "Feature", "properties": { "id": null, "CONTROL": "2077", "SERIE": "10", "LINEA": "201", "COD_SEG": "055", "COD_MANZA": 13, "PISO": null, "actualizad": null }, "geometry": { "type": "Point", "coordinates": [ -63.2310069, 9.773676 ] } },
{ "type": "Feature", "properties": { "id": null, "CONTROL": "2077", "SERIE": "11", "LINEA": "202", "COD_SEG": "055", "COD_MANZA": 13, "PISO": null, "actualizad": null }, "geometry": { "type": "Point", "coordinates": [ -63.2309076, 9.7737103 ] } },
{ "type": "Feature", "properties": { "id": null, "CONTROL": "2077", "SERIE": "12", "LINEA": "203", "COD_SEG": "055", "COD_MANZA": 13, "PISO": null, "actualizad": null }, "geometry": { "type": "Point", "coordinates": [ -63.2307467, 9.7737526 ] } },
{ "type": "Feature", "properties": { "id": null, "CONTROL": "2077", "SERIE": "13", "LINEA": "204", "COD_SEG": "055", "COD_MANZA": 13, "PISO": null, "actualizad": null }, "geometry": { "type": "Point", "coordinates": [ -63.2305563, 9.7737791 ] } },
{ "type": "Feature", "properties": { "id": null, "CONTROL": "2077", "SERIE": "14", "LINEA": "205", "COD_SEG": "055", "COD_MANZA": 13, "PISO": null, "actualizad": null }, "geometry": { "type": "Point", "coordinates": [ -63.2304812, 9.7737976 ] } },
{ "type": "Feature", "properties": { "id": null, "CONTROL": "2077", "SERIE": "15", "LINEA": "206", "COD_SEG": "055", "COD_MANZA": 13, "PISO": null, "actualizad": null }, "geometry": { "type": "Point", "coordinates": [ -63.230398, 9.7738293 ] } },
{ "type": "Feature", "properties": { "id": null, "CONTROL": "3002", "SERIE": "01", "LINEA": "109", "COD_SEG": "001", "COD_MANZA": 6, "PISO": null, "actualizad": null }, "geometry": { "type": "Point", "coordinates": [ -63.5449761, 10.2048826 ] } },
{ "type": "Feature", "properties": { "id": null, "CONTROL": "3002", "SERIE": "02", "LINEA": "110", "COD_SEG": "001", "COD_MANZA": 6, "PISO": null, "actualizad": null }, "geometry": { "type": "Point", "coordinates": [ -63.5448527, 10.2049777 ] } },
{ "type": "Feature", "properties": { "id": null, "CONTROL": "3002", "SERIE": "03", "LINEA": "111", "COD_SEG": "001", "COD_MANZA": 6, "PISO": null, "actualizad": null }, "geometry": { "type": "Point", "coordinates": [ -63.544791, 10.2050806 ] } },
{ "type": "Feature", "properties": { "id": null, "CONTROL": "3002", "SERIE": "04", "LINEA": "112", "COD_SEG": "001", "COD_MANZA": 6, "PISO": null, "actualizad": null }, "geometry": { "type": "Point", "coordinates": [ -63.5446877, 10.2051717 ] } },
{ "type": "Feature", "properties": { "id": null, "CONTROL": "3002", "SERIE": "05", "LINEA": "113", "COD_SEG": "001", "COD_MANZA": 7, "PISO": null, "actualizad": null }, "geometry": { "type": "Point", "coordinates": [ -63.5439072, 10.2051031 ] } },
{ "type": "Feature", "properties": { "id": null, "CONTROL": "3002", "SERIE": "06", "LINEA": "114", "COD_SEG": "001", "COD_MANZA": 7, "PISO": null, "actualizad": null }, "geometry": { "type": "Point", "coordinates": [ -63.5439944, 10.2050146 ] } },
{ "type": "Feature", "properties": { "id": null, "CONTROL": "3002", "SERIE": "07", "LINEA": "115", "COD_SEG": "001", "COD_MANZA": 7, "PISO": null, "actualizad": null }, "geometry": { "type": "Point", "coordinates": [ -63.5441258, 10.2049156 ] } },
{ "type": "Feature", "properties": { "id": null, "CONTROL": "3002", "SERIE": "08", "LINEA": "116", "COD_SEG": "001", "COD_MANZA": 7, "PISO": null, "actualizad": null }, "geometry": { "type": "Point", "coordinates": [ -63.5441808, 10.2048404 ] } },
{ "type": "Feature", "properties": { "id": null, "CONTROL": "3002", "SERIE": "09", "LINEA": "117", "COD_SEG": "001", "COD_MANZA": 7, "PISO": null, "actualizad": null }, "geometry": { "type": "Point", "coordinates": [ -63.5443096, 10.204744 ] } },
{ "type": "Feature", "properties": { "id": null, "CONTROL": "3002", "SERIE": "10", "LINEA": "118", "COD_SEG": "001", "COD_MANZA": 7, "PISO": null, "actualizad": null }, "geometry": { "type": "Point", "coordinates": [ -63.5444249, 10.2046451 ] } },
{ "type": "Feature", "properties": { "id": null, "CONTROL": "3002", "SERIE": "11", "LINEA": "119", "COD_SEG": "001", "COD_MANZA": 7, "PISO": null, "actualizad": null }, "geometry": { "type": "Point", "coordinates": [ -63.5445228, 10.2045447 ] } },
{ "type": "Feature", "properties": { "id": null, "CONTROL": "3002", "SERIE": "12", "LINEA": "120", "COD_SEG": "001", "COD_MANZA": 7, "PISO": null, "actualizad": null }, "geometry": { "type": "Point", "coordinates": [ -63.5447588, 10.204521 ] } },
{ "type": "Feature", "properties": { "id": null, "CONTROL": "3002", "SERIE": "13", "LINEA": "122", "COD_SEG": "001", "COD_MANZA": 7, "PISO": null, "actualizad": null }, "geometry": { "type": "Point", "coordinates": [ -63.5446676, 10.204616 ] } },
{ "type": "Feature", "properties": { "id": null, "CONTROL": "3002", "SERIE": "14", "LINEA": "123", "COD_SEG": "001", "COD_MANZA": 7, "PISO": null, "actualizad": null }, "geometry": { "type": "Point", "coordinates": [ -63.5445791, 10.2047058 ] } },
{ "type": "Feature", "properties": { "id": null, "CONTROL": "3002", "SERIE": "15", "LINEA": "123", "COD_SEG": "001", "COD_MANZA": 7, "PISO": null, "actualizad": null }, "geometry": { "type": "Point", "coordinates": [ -63.5445362, 10.2047454 ] } },
{ "type": "Feature", "properties": { "id": null, "CONTROL": "3002", "SERIE": "16", "LINEA": "124", "COD_SEG": "001", "COD_MANZA": 7, "PISO": null, "actualizad": null }, "geometry": { "type": "Point", "coordinates": [ -63.5444772, 10.2048176 ] } },
{ "type": "Feature", "properties": { "id": null, "CONTROL": "2053", "SERIE": "01\n", "LINEA": "151", "COD_SEG": "011", "COD_MANZA": 2, "PISO": null, "actualizad": null }, "geometry": { "type": "Point", "coordinates": [ -63.2030575, 9.7825774 ] } },
{ "type": "Feature", "properties": { "id": null, "CONTROL": "2053", "SERIE": "02", "LINEA": "152", "COD_SEG": "011", "COD_MANZA": 2, "PISO": null, "actualizad": null }, "geometry": { "type": "Point", "coordinates": [ -63.2031244, 9.7825747 ] } },
{ "type": "Feature", "properties": { "id": null, "CONTROL": "2053", "SERIE": "03", "LINEA": "153", "COD_SEG": "011", "COD_MANZA": 2, "PISO": null, "actualizad": null }, "geometry": { "type": "Point", "coordinates": [ -63.2031741, 9.7825708 ] } },
{ "type": "Feature", "properties": { "id": null, "CONTROL": "2053", "SERIE": "04", "LINEA": "154", "COD_SEG": "011", "COD_MANZA": 2, "PISO": null, "actualizad": null }, "geometry": { "type": "Point", "coordinates": [ -63.203225, 9.7825695 ] } },
{ "type": "Feature", "properties": { "id": null, "CONTROL": "2053", "SERIE": "05", "LINEA": "155", "COD_SEG": "011", "COD_MANZA": 2, "PISO": null, "actualizad": null }, "geometry": { "type": "Point", "coordinates": [ -63.2032734, 9.7825707 ] } },
{ "type": "Feature", "properties": { "id": null, "CONTROL": "2053", "SERIE": "06", "LINEA": "156", "COD_SEG": "011", "COD_MANZA": 2, "PISO": null, "actualizad": null }, "geometry": { "type": "Point", "coordinates": [ -63.203339, 9.7825682 ] } },
{ "type": "Feature", "properties": { "id": null, "CONTROL": "2053", "SERIE": "07", "LINEA": "157", "COD_SEG": "011", "COD_MANZA": 2, "PISO": null, "actualizad": null }, "geometry": { "type": "Point", "coordinates": [ -63.2034104, 9.7825695 ] } },
{ "type": "Feature", "properties": { "id": null, "CONTROL": "2053", "SERIE": "08", "LINEA": "158", "COD_SEG": "011", "COD_MANZA": 2, "PISO": null, "actualizad": null }, "geometry": { "type": "Point", "coordinates": [ -63.2034772, 9.7825602 ] } },
{ "type": "Feature", "properties": { "id": null, "CONTROL": "2053", "SERIE": "09", "LINEA": "159", "COD_SEG": "011", "COD_MANZA": 2, "PISO": null, "actualizad": null }, "geometry": { "type": "Point", "coordinates": [ -63.2035617, 9.7825615 ] } },
{ "type": "Feature", "properties": { "id": null, "CONTROL": "2053", "SERIE": "10", "LINEA": "160", "COD_SEG": "011", "COD_MANZA": 2, "PISO": null, "actualizad": null }, "geometry": { "type": "Point", "coordinates": [ -63.2036491, 9.782551 ] } },
{ "type": "Feature", "properties": { "id": null, "CONTROL": "2053", "SERIE": "11", "LINEA": "161", "COD_SEG": "011", "COD_MANZA": 2, "PISO": null, "actualizad": null }, "geometry": { "type": "Point", "coordinates": [ -63.2037443, 9.7825576 ] } },
{ "type": "Feature", "properties": { "id": null, "CONTROL": "2053", "SERIE": "12\n", "LINEA": "162", "COD_SEG": "011", "COD_MANZA": 2, "PISO": null, "actualizad": null }, "geometry": { "type": "Point", "coordinates": [ -63.2039012, 9.7825682 ] } },
{ "type": "Feature", "properties": { "id": null, "CONTROL": "2053", "SERIE": "13", "LINEA": "163", "COD_SEG": "011", "COD_MANZA": 2, "PISO": null, "actualizad": null }, "geometry": { "type": "Point", "coordinates": [ -63.2039106, 9.7827214 ] } },
{ "type": "Feature", "properties": { "id": null, "CONTROL": "2053", "SERIE": "14", "LINEA": "164", "COD_SEG": "011", "COD_MANZA": 2, "PISO": null, "actualizad": null }, "geometry": { "type": "Point", "coordinates": [ -63.2039535, 9.7825681 ] } },
{ "type": "Feature", "properties": { "id": null, "CONTROL": "2053", "SERIE": "15", "LINEA": "165", "COD_SEG": "011", "COD_MANZA": 2, "PISO": null, "actualizad": null }, "geometry": { "type": "Point", "coordinates": [ -63.2040232, 9.7825615 ] } },
{ "type": "Feature", "properties": { "id": null, "CONTROL": "2087", "SERIE": "01", "LINEA": "061", "COD_SEG": "031", "COD_MANZA": 4, "PISO": null, "actualizad": null }, "geometry": { "type": "Point", "coordinates": [ -62.6445615, 9.0021159 ] } },
{ "type": "Feature", "properties": { "id": null, "CONTROL": "2087", "SERIE": "02", "LINEA": "062", "COD_SEG": "031", "COD_MANZA": 4, "PISO": null, "actualizad": null }, "geometry": { "type": "Point", "coordinates": [ -62.6445615, 9.0022431 ] } },
{ "type": "Feature", "properties": { "id": null, "CONTROL": "2087", "SERIE": "03", "LINEA": "063", "COD_SEG": "031", "COD_MANZA": 4, "PISO": null, "actualizad": null }, "geometry": { "type": "Point", "coordinates": [ -62.644591, 9.0023384 ] } },
{ "type": "Feature", "properties": { "id": null, "CONTROL": "2087", "SERIE": "04", "LINEA": "064", "COD_SEG": "031", "COD_MANZA": 4, "PISO": null, "actualizad": null }, "geometry": { "type": "Point", "coordinates": [ -62.6446071, 9.0024391 ] } },
{ "type": "Feature", "properties": { "id": null, "CONTROL": "2087", "SERIE": "05", "LINEA": "065", "COD_SEG": "031", "COD_MANZA": 4, "PISO": null, "actualizad": null }, "geometry": { "type": "Point", "coordinates": [ -62.644599, 9.0025636 ] } },
{ "type": "Feature", "properties": { "id": null, "CONTROL": "2087", "SERIE": "06", "LINEA": "066", "COD_SEG": "031", "COD_MANZA": 4, "PISO": null, "actualizad": null }, "geometry": { "type": "Point", "coordinates": [ -62.6446178, 9.0026643 ] } },
{ "type": "Feature", "properties": { "id": null, "CONTROL": "2087", "SERIE": "07", "LINEA": "067", "COD_SEG": "031", "COD_MANZA": 4, "PISO": null, "actualizad": null }, "geometry": { "type": "Point", "coordinates": [ -62.6446151, 9.0027676 ] } },
{ "type": "Feature", "properties": { "id": null, "CONTROL": "2087", "SERIE": "08", "LINEA": "068", "COD_SEG": "031", "COD_MANZA": 4, "PISO": null, "actualizad": null }, "geometry": { "type": "Point", "coordinates": [ -62.6446285, 9.0028842 ] } },
{ "type": "Feature", "properties": { "id": null, "CONTROL": "2087", "SERIE": "09", "LINEA": "069", "COD_SEG": "031", "COD_MANZA": 4, "PISO": null, "actualizad": null }, "geometry": { "type": "Point", "coordinates": [ -62.6446473, 9.0029954 ] } },
{ "type": "Feature", "properties": { "id": null, "CONTROL": "2087", "SERIE": "10", "LINEA": "070", "COD_SEG": "031", "COD_MANZA": 4, "PISO": null, "actualizad": null }, "geometry": { "type": "Point", "coordinates": [ -62.6446741, 9.003157 ] } },
{ "type": "Feature", "properties": { "id": null, "CONTROL": "2087", "SERIE": "CASA COMUNITARIA INTEGRAL JOSE ALFREDO BERNAL", "LINEA": null, "COD_SEG": "031", "COD_MANZA": 4, "PISO": null, "actualizad": null }, "geometry": { "type": "Point", "coordinates": [ -62.6447546, 9.0035981 ] } },
{ "type": "Feature", "properties": { "id": null, "CONTROL": "2087", "SERIE": "IGLESIA EVANGELICA \"LA GRAN UNCION\"", "LINEA": null, "COD_SEG": "031", "COD_MANZA": 4, "PISO": null, "actualizad": null }, "geometry": { "type": "Point", "coordinates": [ -62.6445579, 9.0036476 ] } },
{ "type": "Feature", "properties": { "id": null, "CONTROL": "2087", "SERIE": "TOMA DE AGUA", "LINEA": null, "COD_SEG": "031", "COD_MANZA": 4, "PISO": null, "actualizad": null }, "geometry": { "type": "Point", "coordinates": [ -62.6449643, 9.0025703 ] } },
{ "type": "Feature", "properties": { "id": null, "CONTROL": "2087", "SERIE": "11", "LINEA": "071", "COD_SEG": "031", "COD_MANZA": 4, "PISO": null, "actualizad": null }, "geometry": { "type": "Point", "coordinates": [ -62.6441015, 9.0036445 ] } },
{ "type": "Feature", "properties": { "id": null, "CONTROL": "2087", "SERIE": "12", "LINEA": "072", "COD_SEG": "031", "COD_MANZA": 5, "PISO": null, "actualizad": null }, "geometry": { "type": "Point", "coordinates": [ -62.6440317, 9.0036432 ] } },
{ "type": "Feature", "properties": { "id": null, "CONTROL": "2087", "SERIE": "13", "LINEA": "073", "COD_SEG": "031", "COD_MANZA": 5, "PISO": null, "actualizad": null }, "geometry": { "type": "Point", "coordinates": [ -62.6439164, 9.0036604 ] } },
{ "type": "Feature", "properties": { "id": null, "CONTROL": "2087", "SERIE": "14", "LINEA": "074", "COD_SEG": "031", "COD_MANZA": 5, "PISO": null, "actualizad": null }, "geometry": { "type": "Point", "coordinates": [ -62.6438131, 9.0036776 ] } },
{ "type": "Feature", "properties": { "id": null, "CONTROL": "2087", "SERIE": "15", "LINEA": "075", "COD_SEG": "031", "COD_MANZA": 5, "PISO": null, "actualizad": null }, "geometry": { "type": "Point", "coordinates": [ -62.6437032, 9.0036882 ] } },
{ "type": "Feature", "properties": { "id": null, "CONTROL": "0043", "SERIE": "01", "LINEA": "162", "COD_SEG": "032", "COD_MANZA": 2, "PISO": null, "actualizad": null }, "geometry": { "type": "Point", "coordinates": [ -63.1830826, 9.7779992 ] } },
{ "type": "Feature", "properties": { "id": null, "CONTROL": "0043", "SERIE": "02", "LINEA": "163", "COD_SEG": "032", "COD_MANZA": 2, "PISO": null, "actualizad": null }, "geometry": { "type": "Point", "coordinates": [ -63.1832489, 9.7779291 ] } },
{ "type": "Feature", "properties": { "id": null, "CONTROL": "0043", "SERIE": "03\n", "LINEA": "164", "COD_SEG": "032", "COD_MANZA": 2, "PISO": null, "actualizad": null }, "geometry": { "type": "Point", "coordinates": [ -63.1832996, 9.7780904 ] } },
{ "type": "Feature", "properties": { "id": null, "CONTROL": "0043", "SERIE": "05", "LINEA": "166", "COD_SEG": "032", "COD_MANZA": 2, "PISO": null, "actualizad": null }, "geometry": { "type": "Point", "coordinates": [ -63.1832647, 9.7781803 ] } },
{ "type": "Feature", "properties": { "id": null, "CONTROL": "0043", "SERIE": "06", "LINEA": "178", "COD_SEG": "032", "COD_MANZA": 2, "PISO": null, "actualizad": null }, "geometry": { "type": "Point", "coordinates": [ -63.1832164, 9.7783257 ] } },
{ "type": "Feature", "properties": { "id": null, "CONTROL": "0043", "SERIE": "07", "LINEA": "167", "COD_SEG": "032", "COD_MANZA": 2, "PISO": null, "actualizad": null }, "geometry": { "type": "Point", "coordinates": [ -63.1833075, 9.7785028 ] } },
{ "type": "Feature", "properties": { "id": null, "CONTROL": "0043", "SERIE": "08", "LINEA": "168", "COD_SEG": "032", "COD_MANZA": 2, "PISO": null, "actualizad": null }, "geometry": { "type": "Point", "coordinates": [ -63.1833773, 9.7785358 ] } },
{ "type": "Feature", "properties": { "id": null, "CONTROL": "0043", "SERIE": "09", "LINEA": "169", "COD_SEG": "032", "COD_MANZA": 2, "PISO": null, "actualizad": null }, "geometry": { "type": "Point", "coordinates": [ -63.1834672, 9.7785556 ] } },
{ "type": "Feature", "properties": { "id": null, "CONTROL": "0043", "SERIE": "10", "LINEA": "170", "COD_SEG": "032", "COD_MANZA": 2, "PISO": null, "actualizad": null }, "geometry": { "type": "Point", "coordinates": [ -63.1835718, 9.7785808 ] } },
{ "type": "Feature", "properties": { "id": null, "CONTROL": "0043", "SERIE": "11", "LINEA": "171", "COD_SEG": "032", "COD_MANZA": 2, "PISO": null, "actualizad": null }, "geometry": { "type": "Point", "coordinates": [ -63.1836684, 9.7785834 ] } },
{ "type": "Feature", "properties": { "id": null, "CONTROL": "0043", "SERIE": "12", "LINEA": "172", "COD_SEG": "032", "COD_MANZA": 2, "PISO": null, "actualizad": null }, "geometry": { "type": "Point", "coordinates": [ -63.1837635, 9.7786085 ] } },
{ "type": "Feature", "properties": { "id": null, "CONTROL": "0043", "SERIE": "13", "LINEA": "173", "COD_SEG": "032", "COD_MANZA": 2, "PISO": null, "actualizad": null }, "geometry": { "type": "Point", "coordinates": [ -63.1838869, 9.7786389 ] } },
{ "type": "Feature", "properties": { "id": null, "CONTROL": "0043", "SERIE": "15", "LINEA": "177", "COD_SEG": "032", "COD_MANZA": 2, "PISO": null, "actualizad": null }, "geometry": { "type": "Point", "coordinates": [ -63.1839527, 9.7788914 ] } },
{ "type": "Feature", "properties": { "id": null, "CONTROL": "0043", "SERIE": "14", "LINEA": "174", "COD_SEG": "032", "COD_MANZA": 2, "PISO": null, "actualizad": null }, "geometry": { "type": "Point", "coordinates": [ -63.1839956, 9.7790221 ] } },
{ "type": "Feature", "properties": { "id": null, "CONTROL": "0043", "SERIE": "16", "LINEA": "175", "COD_SEG": "032", "COD_MANZA": 2, "PISO": null, "actualizad": null }, "geometry": { "type": "Point", "coordinates": [ -63.1838427, 9.7790076 ] } },
{ "type": "Feature", "properties": { "id": null, "CONTROL": "0043", "SERIE": "17\n", "LINEA": "176", "COD_SEG": "032", "COD_MANZA": 2, "PISO": null, "actualizad": null }, "geometry": { "type": "Point", "coordinates": [ -63.1837354, 9.7790195 ] } },
{ "type": "Feature", "properties": { "id": null, "CONTROL": "0043", "SERIE": "18", "LINEA": "179", "COD_SEG": "032", "COD_MANZA": 2, "PISO": null, "actualizad": null }, "geometry": { "type": "Point", "coordinates": [ -63.183321, 9.7779212 ] } },
{ "type": "Feature", "properties": { "id": null, "CONTROL": "0078", "SERIE": "03 LOCALES COMERCIALES\n", "LINEA": null, "COD_SEG": "003", "COD_MANZA": 7, "PISO": null, "actualizad": null }, "geometry": { "type": "Point", "coordinates": [ -62.6471405, 9.0203868 ] } },
{ "type": "Feature", "properties": { "id": null, "CONTROL": "0078", "SERIE": "04", "LINEA": "178", "COD_SEG": "003", "COD_MANZA": 7, "PISO": null, "actualizad": null }, "geometry": { "type": "Point", "coordinates": [ -62.6470721, 9.0201047 ] } },
{ "type": "Feature", "properties": { "id": null, "CONTROL": "0078", "SERIE": "05 LOCALES COMERCIALES\n", "LINEA": "179", "COD_SEG": "003", "COD_MANZA": 7, "PISO": null, "actualizad": null }, "geometry": { "type": "Point", "coordinates": [ -62.6469353, 9.0197629 ] } },
{ "type": "Feature", "properties": { "id": null, "CONTROL": "0078", "SERIE": "06", "LINEA": "180", "COD_SEG": "003", "COD_MANZA": 7, "PISO": null, "actualizad": null }, "geometry": { "type": "Point", "coordinates": [ -62.6467851, 9.0194212 ] } },
{ "type": "Feature", "properties": { "id": null, "CONTROL": "0078", "SERIE": "07 CONSTRUCCION\n", "LINEA": "166", "COD_SEG": "003", "COD_MANZA": 7, "PISO": null, "actualizad": null }, "geometry": { "type": "Point", "coordinates": [ -62.6481709, 9.0199607 ] } },
{ "type": "Feature", "properties": { "id": null, "CONTROL": "0078", "SERIE": "08 RANCHO DE MADERA\n", "LINEA": "167", "COD_SEG": "003", "COD_MANZA": 7, "PISO": null, "actualizad": null }, "geometry": { "type": "Point", "coordinates": [ -62.6478464, 9.0201222 ] } },
{ "type": "Feature", "properties": { "id": null, "CONTROL": "0078", "SERIE": "09 CONSTRUCCION\n", "LINEA": "168", "COD_SEG": "003", "COD_MANZA": 7, "PISO": null, "actualizad": null }, "geometry": { "type": "Point", "coordinates": [ -62.6476327, 9.0202079 ] } },
{ "type": "Feature", "properties": { "id": null, "CONTROL": "0078", "SERIE": "10", "LINEA": "169", "COD_SEG": "003", "COD_MANZA": 7, "PISO": null, "actualizad": null }, "geometry": { "type": "Point", "coordinates": [ -62.6474932, 9.0202239 ] } },
{ "type": "Feature", "properties": { "id": null, "CONTROL": "0078", "SERIE": "11 RANCHO", "LINEA": "170", "COD_SEG": "003", "COD_MANZA": 7, "PISO": null, "actualizad": null }, "geometry": { "type": "Point", "coordinates": [ -62.6474046, 9.020249 ] } },
{ "type": "Feature", "properties": { "id": null, "CONTROL": "0078", "SERIE": "12 RANCHO\n", "LINEA": "171", "COD_SEG": "003", "COD_MANZA": 7, "PISO": null, "actualizad": null }, "geometry": { "type": "Point", "coordinates": [ -62.6473672, 9.0202729 ] } },
{ "type": "Feature", "properties": { "id": null, "CONTROL": "0078", "SERIE": "13 RANCHO\n", "LINEA": "172", "COD_SEG": "003", "COD_MANZA": 7, "PISO": null, "actualizad": null }, "geometry": { "type": "Point", "coordinates": [ -62.6473256, 9.0203047 ] } },
{ "type": "Feature", "properties": { "id": null, "CONTROL": "0078", "SERIE": "14 RANCHO\n", "LINEA": "173", "COD_SEG": "003", "COD_MANZA": 7, "PISO": null, "actualizad": null }, "geometry": { "type": "Point", "coordinates": [ -62.6472813, 9.0203299 ] } },
{ "type": "Feature", "properties": { "id": null, "CONTROL": "0078", "SERIE": "01 FUERA DE AREA\n", "LINEA": null, "COD_SEG": "003", "COD_MANZA": 7, "PISO": null, "actualizad": null }, "geometry": { "type": "Point", "coordinates": [ -62.6473376, 9.020861 ] } },
{ "type": "Feature", "properties": { "id": null, "CONTROL": "0078", "SERIE": "02 FUERA DE AREA\n", "LINEA": null, "COD_SEG": "003", "COD_MANZA": 7, "PISO": null, "actualizad": null }, "geometry": { "type": "Point", "coordinates": [ -62.6472571, 9.0206914 ] } },
{ "type": "Feature", "properties": { "id": null, "CONTROL": "2064", "SERIE": "02\n", "LINEA": "046", "COD_SEG": "117", "COD_MANZA": 1, "PISO": null, "actualizad": null }, "geometry": { "type": "Point", "coordinates": [ -63.1582195, 9.7335402 ] } },
{ "type": "Feature", "properties": { "id": null, "CONTROL": "2064", "SERIE": "03\n", "LINEA": "047", "COD_SEG": "117", "COD_MANZA": 1, "PISO": null, "actualizad": null }, "geometry": { "type": "Point", "coordinates": [ -63.1580398, 9.7335812 ] } },
{ "type": "Feature", "properties": { "id": null, "CONTROL": "2064", "SERIE": "04\n", "LINEA": "048", "COD_SEG": "117", "COD_MANZA": 1, "PISO": null, "actualizad": null }, "geometry": { "type": "Point", "coordinates": [ -63.1580304, 9.7334966 ] } },
{ "type": "Feature", "properties": { "id": null, "CONTROL": "2064", "SERIE": "05\n", "LINEA": "049", "COD_SEG": "117", "COD_MANZA": 1, "PISO": null, "actualizad": null }, "geometry": { "type": "Point", "coordinates": [ -63.1580143, 9.7333856 ] } },
{ "type": "Feature", "properties": { "id": null, "CONTROL": "2064", "SERIE": "06\n", "LINEA": "050", "COD_SEG": "117", "COD_MANZA": 1, "PISO": null, "actualizad": null }, "geometry": { "type": "Point", "coordinates": [ -63.1580049, 9.7332693 ] } },
{ "type": "Feature", "properties": { "id": null, "CONTROL": "2064", "SERIE": "07\n", "LINEA": "051", "COD_SEG": "117", "COD_MANZA": 1, "PISO": null, "actualizad": null }, "geometry": { "type": "Point", "coordinates": [ -63.1578574, 9.7336367 ] } },
{ "type": "Feature", "properties": { "id": null, "CONTROL": "2064", "SERIE": "08\n", "LINEA": "052", "COD_SEG": "117", "COD_MANZA": 1, "PISO": null, "actualizad": null }, "geometry": { "type": "Point", "coordinates": [ -63.1578627, 9.7335772 ] } },
{ "type": "Feature", "properties": { "id": null, "CONTROL": "2064", "SERIE": "09\n", "LINEA": "053", "COD_SEG": "117", "COD_MANZA": 1, "PISO": null, "actualizad": null }, "geometry": { "type": "Point", "coordinates": [ -63.1578614, 9.7335085 ] } },
{ "type": "Feature", "properties": { "id": null, "CONTROL": "2064", "SERIE": "10\n", "LINEA": "054", "COD_SEG": "117", "COD_MANZA": 1, "PISO": null, "actualizad": null }, "geometry": { "type": "Point", "coordinates": [ -63.157852, 9.7334213 ] } },
{ "type": "Feature", "properties": { "id": null, "CONTROL": "2064", "SERIE": "11\n", "LINEA": "055", "COD_SEG": "117", "COD_MANZA": 1, "PISO": null, "actualizad": null }, "geometry": { "type": "Point", "coordinates": [ -63.157852, 9.7333221 ] } },
{ "type": "Feature", "properties": { "id": null, "CONTROL": "2064", "SERIE": "12\n", "LINEA": "056", "COD_SEG": "117", "COD_MANZA": 1, "PISO": null, "actualizad": null }, "geometry": { "type": "Point", "coordinates": [ -63.1571077, 9.7336341 ] } },
{ "type": "Feature", "properties": { "id": null, "CONTROL": "2064", "SERIE": "13\n", "LINEA": "057", "COD_SEG": "117", "COD_MANZA": 1, "PISO": null, "actualizad": null }, "geometry": { "type": "Point", "coordinates": [ -63.1570929, 9.7333499 ] } },
{ "type": "Feature", "properties": { "id": null, "CONTROL": "2064", "SERIE": "14\n", "LINEA": "058", "COD_SEG": "117", "COD_MANZA": 1, "PISO": null, "actualizad": null }, "geometry": { "type": "Point", "coordinates": [ -63.1567241, 9.7335931 ] } },
{ "type": "Feature", "properties": { "id": null, "CONTROL": "2064", "SERIE": "15\n", "LINEA": "059", "COD_SEG": "117", "COD_MANZA": 1, "PISO": null, "actualizad": null }, "geometry": { "type": "Point", "coordinates": [ -63.1566168, 9.7336076 ] } },
{ "type": "Feature", "properties": { "id": null, "CONTROL": "2064", "SERIE": "01\n", "LINEA": "045", "COD_SEG": "117", "COD_MANZA": 1, "PISO": null, "actualizad": null }, "geometry": { "type": "Point", "coordinates": [ -63.1581249, 9.7329002 ] } },
{ "type": "Feature", "properties": { "id": null, "CONTROL": "2078", "SERIE": "01\n", "LINEA": "109", "COD_SEG": "038", "COD_MANZA": 11, "PISO": null, "actualizad": null }, "geometry": { "type": "Point", "coordinates": [ -63.1247605, 9.7698937 ] } },
{ "type": "Feature", "properties": { "id": null, "CONTROL": "2078", "SERIE": "02\n", "LINEA": "110", "COD_SEG": "038", "COD_MANZA": 11, "PISO": null, "actualizad": null }, "geometry": { "type": "Point", "coordinates": [ -63.1248423, 9.7699995 ] } },
{ "type": "Feature", "properties": { "id": null, "CONTROL": "2078", "SERIE": "04\n", "LINEA": "112", "COD_SEG": "038", "COD_MANZA": 12, "PISO": null, "actualizad": null }, "geometry": { "type": "Point", "coordinates": [ -63.1244654, 9.7706252 ] } },
{ "type": "Feature", "properties": { "id": null, "CONTROL": "2078", "SERIE": "05", "LINEA": "113", "COD_SEG": "038", "COD_MANZA": 12, "PISO": null, "actualizad": null }, "geometry": { "type": "Point", "coordinates": [ -63.1246344, 9.7705194 ] } },
{ "type": "Feature", "properties": { "id": null, "CONTROL": "2078", "SERIE": "06\n", "LINEA": "114", "COD_SEG": "038", "COD_MANZA": 12, "PISO": null, "actualizad": null }, "geometry": { "type": "Point", "coordinates": [ -63.1249455, 9.7703451 ] } },
{ "type": "Feature", "properties": { "id": null, "CONTROL": "2078", "SERIE": "07\n", "LINEA": "115", "COD_SEG": "038", "COD_MANZA": 12, "PISO": null, "actualizad": null }, "geometry": { "type": "Point", "coordinates": [ -63.1251091, 9.7703926 ] } },
{ "type": "Feature", "properties": { "id": null, "CONTROL": "2078", "SERIE": "17\n", "LINEA": "125", "COD_SEG": "038", "COD_MANZA": 12, "PISO": null, "actualizad": null }, "geometry": { "type": "Point", "coordinates": [ -63.1252219, 9.7705486 ] } },
{ "type": "Feature", "properties": { "id": null, "CONTROL": "2078", "SERIE": "08", "LINEA": "116", "COD_SEG": "038", "COD_MANZA": 12, "PISO": null, "actualizad": null }, "geometry": { "type": "Point", "coordinates": [ -63.1250901, 9.7706664 ] } },
{ "type": "Feature", "properties": { "id": null, "CONTROL": "2078", "SERIE": "09\n", "LINEA": "117", "COD_SEG": "038", "COD_MANZA": 12, "PISO": null, "actualizad": null }, "geometry": { "type": "Point", "coordinates": [ -63.1249506, 9.7707087 ] } },
{ "type": "Feature", "properties": { "id": null, "CONTROL": "2078", "SERIE": "10\n", "LINEA": "118", "COD_SEG": "038", "COD_MANZA": 12, "PISO": null, "actualizad": null }, "geometry": { "type": "Point", "coordinates": [ -63.124838, 9.7707775 ] } },
{ "type": "Feature", "properties": { "id": null, "CONTROL": "2078", "SERIE": "11\n", "LINEA": "119", "COD_SEG": "038", "COD_MANZA": 12, "PISO": null, "actualizad": null }, "geometry": { "type": "Point", "coordinates": [ -63.1247199, 9.770825 ] } },
{ "type": "Feature", "properties": { "id": null, "CONTROL": "2078", "SERIE": "12\n", "LINEA": "120", "COD_SEG": "038", "COD_MANZA": 12, "PISO": null, "actualizad": null }, "geometry": { "type": "Point", "coordinates": [ -63.124618, 9.7708937 ] } },
{ "type": "Feature", "properties": { "id": null, "CONTROL": "2078", "SERIE": "13\n", "LINEA": "121", "COD_SEG": "038", "COD_MANZA": 12, "PISO": null, "actualizad": null }, "geometry": { "type": "Point", "coordinates": [ -63.1244678, 9.7709783 ] } },
{ "type": "Feature", "properties": { "id": null, "CONTROL": "2078", "SERIE": "14\n", "LINEA": "122", "COD_SEG": "038", "COD_MANZA": 13, "PISO": null, "actualizad": null }, "geometry": { "type": "Point", "coordinates": [ -63.1247682, 9.7713114 ] } },
{ "type": "Feature", "properties": { "id": null, "CONTROL": "2078", "SERIE": "16\n", "LINEA": "124", "COD_SEG": "038", "COD_MANZA": 13, "PISO": null, "actualizad": null }, "geometry": { "type": "Point", "coordinates": [ -63.124677, 9.771158 ] } },
{ "type": "Feature", "properties": { "id": null, "CONTROL": "3034", "SERIE": "01", "LINEA": "085", "COD_SEG": "093", "COD_MANZA": 5, "PISO": null, "actualizad": null }, "geometry": { "type": "Point", "coordinates": [ -63.143081, 9.7460214 ] } },
{ "type": "Feature", "properties": { "id": null, "CONTROL": "3034", "SERIE": "02", "LINEA": "086", "COD_SEG": "093", "COD_MANZA": 5, "PISO": null, "actualizad": null }, "geometry": { "type": "Point", "coordinates": [ -63.1430301, 9.7460796 ] } },
{ "type": "Feature", "properties": { "id": null, "CONTROL": "3034", "SERIE": "03", "LINEA": "087", "COD_SEG": "093", "COD_MANZA": 5, "PISO": null, "actualizad": null }, "geometry": { "type": "Point", "coordinates": [ -63.1430042, 9.7461835 ] } },
{ "type": "Feature", "properties": { "id": null, "CONTROL": "3034", "SERIE": "04", "LINEA": "088", "COD_SEG": "093", "COD_MANZA": 5, "PISO": null, "actualizad": null }, "geometry": { "type": "Point", "coordinates": [ -63.1429774, 9.7462661 ] } },
{ "type": "Feature", "properties": { "id": null, "CONTROL": "3034", "SERIE": "05", "LINEA": "089", "COD_SEG": "093", "COD_MANZA": 5, "PISO": null, "actualizad": null }, "geometry": { "type": "Point", "coordinates": [ -63.142968, 9.7463454 ] } },
{ "type": "Feature", "properties": { "id": null, "CONTROL": "3034", "SERIE": "06", "LINEA": "090", "COD_SEG": "093", "COD_MANZA": 5, "PISO": null, "actualizad": null }, "geometry": { "type": "Point", "coordinates": [ -63.1429398, 9.7464525 ] } },
{ "type": "Feature", "properties": { "id": null, "CONTROL": "3034", "SERIE": "07", "LINEA": "091", "COD_SEG": "093", "COD_MANZA": 5, "PISO": null, "actualizad": null }, "geometry": { "type": "Point", "coordinates": [ -63.1429076, 9.7465067 ] } },
{ "type": "Feature", "properties": { "id": null, "CONTROL": "3034", "SERIE": "08", "LINEA": "092", "COD_SEG": "093", "COD_MANZA": 5, "PISO": null, "actualizad": null }, "geometry": { "type": "Point", "coordinates": [ -63.1428956, 9.7465675 ] } },
{ "type": "Feature", "properties": { "id": null, "CONTROL": "3034", "SERIE": "10", "LINEA": "094", "COD_SEG": "093", "COD_MANZA": 5, "PISO": null, "actualizad": null }, "geometry": { "type": "Point", "coordinates": [ -63.1428594, 9.7467089 ] } },
{ "type": "Feature", "properties": { "id": null, "CONTROL": "3034", "SERIE": "11", "LINEA": "095", "COD_SEG": "093", "COD_MANZA": 5, "PISO": null, "actualizad": null }, "geometry": { "type": "Point", "coordinates": [ -63.1428634, 9.7468001 ] } },
{ "type": "Feature", "properties": { "id": null, "CONTROL": "3034", "SERIE": "12", "LINEA": "096", "COD_SEG": "093", "COD_MANZA": 5, "PISO": null, "actualizad": null }, "geometry": { "type": "Point", "coordinates": [ -63.142864, 9.746899 ] } },
{ "type": "Feature", "properties": { "id": null, "CONTROL": "3034", "SERIE": "13", "LINEA": "097", "COD_SEG": "093", "COD_MANZA": 5, "PISO": null, "actualizad": null }, "geometry": { "type": "Point", "coordinates": [ -63.1428707, 9.7469888 ] } },
{ "type": "Feature", "properties": { "id": null, "CONTROL": "3034", "SERIE": "14", "LINEA": "098", "COD_SEG": "093", "COD_MANZA": 6, "PISO": null, "actualizad": null }, "geometry": { "type": "Point", "coordinates": [ -63.1444411, 9.7453988 ] } },
{ "type": "Feature", "properties": { "id": null, "CONTROL": "3044", "SERIE": "01", "LINEA": "031", "COD_SEG": "009", "COD_MANZA": 1, "PISO": null, "actualizad": null }, "geometry": { "type": "Point", "coordinates": [ -63.1473809, 9.9191032 ] } },
{ "type": "Feature", "properties": { "id": null, "CONTROL": "3044", "SERIE": "02", "LINEA": "032", "COD_SEG": "009", "COD_MANZA": 1, "PISO": null, "actualizad": null }, "geometry": { "type": "Point", "coordinates": [ -63.1475955, 9.9192353 ] } },
{ "type": "Feature", "properties": { "id": null, "CONTROL": "3044", "SERIE": "03", "LINEA": "033", "COD_SEG": "009", "COD_MANZA": 1, "PISO": null, "actualizad": null }, "geometry": { "type": "Point", "coordinates": [ -63.147971, 9.9197109 ] } },
{ "type": "Feature", "properties": { "id": null, "CONTROL": "3044", "SERIE": "04", "LINEA": "034", "COD_SEG": "009", "COD_MANZA": 1, "PISO": null, "actualizad": null }, "geometry": { "type": "Point", "coordinates": [ -63.1486952, 9.9197902 ] } },
{ "type": "Feature", "properties": { "id": null, "CONTROL": "3044", "SERIE": "05", "LINEA": "035", "COD_SEG": "009", "COD_MANZA": 1, "PISO": null, "actualizad": null }, "geometry": { "type": "Point", "coordinates": [ -63.1490546, 9.920028 ] } },
{ "type": "Feature", "properties": { "id": null, "CONTROL": "3044", "SERIE": "06", "LINEA": "036", "COD_SEG": "009", "COD_MANZA": 1, "PISO": null, "actualizad": null }, "geometry": { "type": "Point", "coordinates": [ -63.1491672, 9.9200861 ] } },
{ "type": "Feature", "properties": { "id": null, "CONTROL": "3044", "SERIE": "07", "LINEA": "037", "COD_SEG": "009", "COD_MANZA": 1, "PISO": null, "actualizad": null }, "geometry": { "type": "Point", "coordinates": [ -63.1493698, 9.9202129 ] } },
{ "type": "Feature", "properties": { "id": null, "CONTROL": "3044", "SERIE": "08", "LINEA": "038", "COD_SEG": "009", "COD_MANZA": 1, "PISO": null, "actualizad": null }, "geometry": { "type": "Point", "coordinates": [ -63.1496407, 9.9202526 ] } },
{ "type": "Feature", "properties": { "id": null, "CONTROL": "3044", "SERIE": "09", "LINEA": "039", "COD_SEG": "009", "COD_MANZA": 1, "PISO": null, "actualizad": null }, "geometry": { "type": "Point", "coordinates": [ -63.1498124, 9.920316 ] } },
{ "type": "Feature", "properties": { "id": null, "CONTROL": "3044", "SERIE": "10", "LINEA": "040", "COD_SEG": "009", "COD_MANZA": 1, "PISO": null, "actualizad": null }, "geometry": { "type": "Point", "coordinates": [ -63.1497882, 9.9205036 ] } },
{ "type": "Feature", "properties": { "id": null, "CONTROL": "3044", "SERIE": "11", "LINEA": "041", "COD_SEG": "009", "COD_MANZA": 1, "PISO": null, "actualizad": null }, "geometry": { "type": "Point", "coordinates": [ -63.1497856, 9.92067 ] } },
{ "type": "Feature", "properties": { "id": null, "CONTROL": "3044", "SERIE": "12", "LINEA": "042", "COD_SEG": "009", "COD_MANZA": 1, "PISO": null, "actualizad": null }, "geometry": { "type": "Point", "coordinates": [ -63.1497909, 9.9209237 ] } },
{ "type": "Feature", "properties": { "id": null, "CONTROL": "3044", "SERIE": "13", "LINEA": "043", "COD_SEG": "009", "COD_MANZA": 1, "PISO": null, "actualizad": null }, "geometry": { "type": "Point", "coordinates": [ -63.1497936, 9.9213834 ] } },
{ "type": "Feature", "properties": { "id": null, "CONTROL": "3044", "SERIE": "14", "LINEA": "044", "COD_SEG": "009", "COD_MANZA": 1, "PISO": null, "actualizad": null }, "geometry": { "type": "Point", "coordinates": [ -63.1494989, 9.9218129 ] } },
{ "type": "Feature", "properties": { "id": null, "CONTROL": "3044", "SERIE": "15", "LINEA": "045", "COD_SEG": "009", "COD_MANZA": 1, "PISO": null, "actualizad": null }, "geometry": { "type": "Point", "coordinates": [ -63.1495016, 9.921974 ] } },
{ "type": "Feature", "properties": { "id": null, "CONTROL": "3044", "SERIE": "16", "LINEA": "046", "COD_SEG": "009", "COD_MANZA": 1, "PISO": null, "actualizad": null }, "geometry": { "type": "Point", "coordinates": [ -63.1494318, 9.9222409 ] } },
{ "type": "Feature", "properties": { "id": null, "CONTROL": "0073", "SERIE": "01", "LINEA": "133", "COD_SEG": "047", "COD_MANZA": 2, "PISO": null, "actualizad": null }, "geometry": { "type": "Point", "coordinates": [ -63.2452819, 9.6943403 ] } },
{ "type": "Feature", "properties": { "id": null, "CONTROL": "0073", "SERIE": "02", "LINEA": "134", "COD_SEG": "047", "COD_MANZA": 4, "PISO": null, "actualizad": null }, "geometry": { "type": "Point", "coordinates": [ -63.2455179, 9.6942318 ] } },
{ "type": "Feature", "properties": { "id": null, "CONTROL": "0073", "SERIE": "03", "LINEA": "135", "COD_SEG": "047", "COD_MANZA": 4, "PISO": null, "actualizad": null }, "geometry": { "type": "Point", "coordinates": [ -63.2454804, 9.6941631 ] } },
{ "type": "Feature", "properties": { "id": null, "CONTROL": "0073", "SERIE": "04", "LINEA": "136", "COD_SEG": "047", "COD_MANZA": 4, "PISO": null, "actualizad": null }, "geometry": { "type": "Point", "coordinates": [ -63.2454428, 9.6941075 ] } },
{ "type": "Feature", "properties": { "id": null, "CONTROL": "0073", "SERIE": "05", "LINEA": "137", "COD_SEG": "047", "COD_MANZA": 4, "PISO": null, "actualizad": null }, "geometry": { "type": "Point", "coordinates": [ -63.2454187, 9.6940679 ] } },
{ "type": "Feature", "properties": { "id": null, "CONTROL": "0073", "SERIE": "06", "LINEA": "138", "COD_SEG": "047", "COD_MANZA": 4, "PISO": null, "actualizad": null }, "geometry": { "type": "Point", "coordinates": [ -63.2453758, 9.6940018 ] } },
{ "type": "Feature", "properties": { "id": null, "CONTROL": "0073", "SERIE": "07", "LINEA": "139", "COD_SEG": "047", "COD_MANZA": 4, "PISO": null, "actualizad": null }, "geometry": { "type": "Point", "coordinates": [ -63.2453462, 9.6939357 ] } },
{ "type": "Feature", "properties": { "id": null, "CONTROL": "0073", "SERIE": "08", "LINEA": "140", "COD_SEG": "047", "COD_MANZA": 4, "PISO": null, "actualizad": null }, "geometry": { "type": "Point", "coordinates": [ -63.2453007, 9.693867 ] } },
{ "type": "Feature", "properties": { "id": null, "CONTROL": "0073", "SERIE": "09", "LINEA": "141", "COD_SEG": "047", "COD_MANZA": 4, "PISO": null, "actualizad": null }, "geometry": { "type": "Point", "coordinates": [ -63.2452926, 9.6938193 ] } },
{ "type": "Feature", "properties": { "id": null, "CONTROL": "0073", "SERIE": "10", "LINEA": "142", "COD_SEG": "047", "COD_MANZA": 4, "PISO": null, "actualizad": null }, "geometry": { "type": "Point", "coordinates": [ -63.2452578, 9.6937506 ] } },
{ "type": "Feature", "properties": { "id": null, "CONTROL": "0073", "SERIE": "11", "LINEA": "143", "COD_SEG": "047", "COD_MANZA": 4, "PISO": null, "actualizad": null }, "geometry": { "type": "Point", "coordinates": [ -63.2452309, 9.6937031 ] } },
{ "type": "Feature", "properties": { "id": null, "CONTROL": "0073", "SERIE": "12", "LINEA": "144", "COD_SEG": "047", "COD_MANZA": 4, "PISO": null, "actualizad": null }, "geometry": { "type": "Point", "coordinates": [ -63.2453919, 9.6936026 ] } },
{ "type": "Feature", "properties": { "id": null, "CONTROL": "0073", "SERIE": "13", "LINEA": "145", "COD_SEG": "047", "COD_MANZA": 4, "PISO": null, "actualizad": null }, "geometry": { "type": "Point", "coordinates": [ -63.2454187, 9.6936713 ] } },
{ "type": "Feature", "properties": { "id": null, "CONTROL": "0073", "SERIE": "14", "LINEA": "146", "COD_SEG": "047", "COD_MANZA": 4, "PISO": null, "actualizad": null }, "geometry": { "type": "Point", "coordinates": [ -63.2454402, 9.6937427 ] } },
{ "type": "Feature", "properties": { "id": null, "CONTROL": "0073", "SERIE": "15", "LINEA": "147", "COD_SEG": "047", "COD_MANZA": 4, "PISO": null, "actualizad": null }, "geometry": { "type": "Point", "coordinates": [ -63.2454831, 9.6938035 ] } },
{ "type": "Feature", "properties": { "id": null, "CONTROL": "2079", "SERIE": "01", "LINEA": "153", "COD_SEG": "084", "COD_MANZA": 7, "PISO": null, "actualizad": null }, "geometry": { "type": "Point", "coordinates": [ -63.134369, 9.7500948 ] } },
{ "type": "Feature", "properties": { "id": null, "CONTROL": "2079", "SERIE": "02", "LINEA": "160", "COD_SEG": "084", "COD_MANZA": 7, "PISO": null, "actualizad": null }, "geometry": { "type": "Point", "coordinates": [ -63.1344495, 9.7501557 ] } },
{ "type": "Feature", "properties": { "id": null, "CONTROL": "2079", "SERIE": "03", "LINEA": "155", "COD_SEG": "084", "COD_MANZA": 7, "PISO": null, "actualizad": null }, "geometry": { "type": "Point", "coordinates": [ -63.1345381, 9.7501239 ] } },
{ "type": "Feature", "properties": { "id": null, "CONTROL": "2079", "SERIE": "04", "LINEA": "156", "COD_SEG": "084", "COD_MANZA": 7, "PISO": null, "actualizad": null }, "geometry": { "type": "Point", "coordinates": [ -63.1345274, 9.7502362 ] } },
{ "type": "Feature", "properties": { "id": null, "CONTROL": "2079", "SERIE": "05", "LINEA": "157", "COD_SEG": "084", "COD_MANZA": 7, "PISO": null, "actualizad": null }, "geometry": { "type": "Point", "coordinates": [ -63.1345233, 9.7503554 ] } },
{ "type": "Feature", "properties": { "id": null, "CONTROL": "2079", "SERIE": "06", "LINEA": "158", "COD_SEG": "084", "COD_MANZA": 7, "PISO": null, "actualizad": null }, "geometry": { "type": "Point", "coordinates": [ -63.1345045, 9.7504464 ] } },
{ "type": "Feature", "properties": { "id": null, "CONTROL": "2079", "SERIE": "07", "LINEA": "159", "COD_SEG": "084", "COD_MANZA": 7, "PISO": null, "actualizad": null }, "geometry": { "type": "Point", "coordinates": [ -63.1344818, 9.750539 ] } },
{ "type": "Feature", "properties": { "id": null, "CONTROL": "2079", "SERIE": "08", "LINEA": "160", "COD_SEG": "084", "COD_MANZA": 7, "PISO": null, "actualizad": null }, "geometry": { "type": "Point", "coordinates": [ -63.134479, 9.7506394 ] } },
{ "type": "Feature", "properties": { "id": null, "CONTROL": "2079", "SERIE": "09", "LINEA": "161", "COD_SEG": "084", "COD_MANZA": 7, "PISO": null, "actualizad": null }, "geometry": { "type": "Point", "coordinates": [ -63.1344702, 9.7507304 ] } },
{ "type": "Feature", "properties": { "id": null, "CONTROL": "2079", "SERIE": "11", "LINEA": "164", "COD_SEG": "084", "COD_MANZA": 7, "PISO": null, "actualizad": null }, "geometry": { "type": "Point", "coordinates": [ -63.1343958, 9.7510135 ] } },
{ "type": "Feature", "properties": { "id": null, "CONTROL": "2079", "SERIE": "12", "LINEA": "165", "COD_SEG": "084", "COD_MANZA": 7, "PISO": null, "actualizad": null }, "geometry": { "type": "Point", "coordinates": [ -63.1344186, 9.7511061 ] } },
{ "type": "Feature", "properties": { "id": null, "CONTROL": "2079", "SERIE": "13", "LINEA": "163", "COD_SEG": "084", "COD_MANZA": 7, "PISO": null, "actualizad": null }, "geometry": { "type": "Point", "coordinates": [ -63.1344321, 9.7511853 ] } },
{ "type": "Feature", "properties": { "id": null, "CONTROL": "2079", "SERIE": "10", "LINEA": "162", "COD_SEG": "084", "COD_MANZA": 7, "PISO": null, "actualizad": null }, "geometry": { "type": "Point", "coordinates": [ -63.1344399, 9.7509171 ] } },
{ "type": "Feature", "properties": { "id": null, "CONTROL": "2079", "SERIE": "14", "LINEA": "166", "COD_SEG": "084", "COD_MANZA": 8, "PISO": null, "actualizad": null }, "geometry": { "type": "Point", "coordinates": [ -63.1346574, 9.7506553 ] } },
{ "type": "Feature", "properties": { "id": null, "CONTROL": "2079", "SERIE": "15", "LINEA": "167", "COD_SEG": "084", "COD_MANZA": 8, "PISO": null, "actualizad": null }, "geometry": { "type": "Point", "coordinates": [ -63.1346239, 9.7508506 ] } },
{ "type": "Feature", "properties": { "id": null, "CONTROL": "2079", "SERIE": "16", "LINEA": "168", "COD_SEG": "084", "COD_MANZA": 8, "PISO": null, "actualizad": null }, "geometry": { "type": "Point", "coordinates": [ -63.1346373, 9.7507531 ] } },
{ "type": "Feature", "properties": { "id": null, "CONTROL": "3005", "SERIE": "11", "LINEA": "097", "COD_SEG": "065", "COD_MANZA": 4, "PISO": null, "actualizad": null }, "geometry": { "type": "Point", "coordinates": [ -63.2419503, 9.7243333 ] } },
{ "type": "Feature", "properties": { "id": null, "CONTROL": "3005", "SERIE": "12", "LINEA": "098", "COD_SEG": "065", "COD_MANZA": 4, "PISO": null, "actualizad": null }, "geometry": { "type": "Point", "coordinates": [ -63.2420012, 9.7243914 ] } },
{ "type": "Feature", "properties": { "id": null, "CONTROL": "3005", "SERIE": "13", "LINEA": "099", "COD_SEG": "065", "COD_MANZA": 4, "PISO": null, "actualizad": null }, "geometry": { "type": "Point", "coordinates": [ -63.2420576, 9.7244601 ] } },
{ "type": "Feature", "properties": { "id": null, "CONTROL": "3005", "SERIE": "14", "LINEA": "100", "COD_SEG": "065", "COD_MANZA": 4, "PISO": null, "actualizad": null }, "geometry": { "type": "Point", "coordinates": [ -63.2421273, 9.7245262 ] } },
{ "type": "Feature", "properties": { "id": null, "CONTROL": "3005", "SERIE": "15", "LINEA": "101", "COD_SEG": "065", "COD_MANZA": 4, "PISO": null, "actualizad": null }, "geometry": { "type": "Point", "coordinates": [ -63.2421997, 9.7246082 ] } },
{ "type": "Feature", "properties": { "id": null, "CONTROL": "3005", "SERIE": "10", "LINEA": "096", "COD_SEG": "065", "COD_MANZA": 4, "PISO": null, "actualizad": null }, "geometry": { "type": "Point", "coordinates": [ -63.24213, 9.7242275 ] } },
{ "type": "Feature", "properties": { "id": null, "CONTROL": "3005", "SERIE": "09", "LINEA": "095", "COD_SEG": "065", "COD_MANZA": 4, "PISO": null, "actualizad": null }, "geometry": { "type": "Point", "coordinates": [ -63.2421863, 9.7241588 ] } },
{ "type": "Feature", "properties": { "id": null, "CONTROL": "3005", "SERIE": "08", "LINEA": "094", "COD_SEG": "065", "COD_MANZA": 4, "PISO": null, "actualizad": null }, "geometry": { "type": "Point", "coordinates": [ -63.2423124, 9.7241244 ] } },
{ "type": "Feature", "properties": { "id": null, "CONTROL": "3005", "SERIE": "07", "LINEA": "093", "COD_SEG": "065", "COD_MANZA": 4, "PISO": null, "actualizad": null }, "geometry": { "type": "Point", "coordinates": [ -63.2422587, 9.7240741 ] } },
{ "type": "Feature", "properties": { "id": null, "CONTROL": "3040", "SERIE": "01", "LINEA": "059", "COD_SEG": "052", "COD_MANZA": 3, "PISO": null, "actualizad": null }, "geometry": { "type": "Point", "coordinates": [ -63.2433418, 9.7146548 ] } },
{ "type": "Feature", "properties": { "id": null, "CONTROL": "3040", "SERIE": "02", "LINEA": "060", "COD_SEG": "052", "COD_MANZA": 3, "PISO": null, "actualizad": null }, "geometry": { "type": "Point", "coordinates": [ -63.2433445, 9.7147381 ] } },
{ "type": "Feature", "properties": { "id": null, "CONTROL": "3040", "SERIE": "03", "LINEA": "061", "COD_SEG": "052", "COD_MANZA": 3, "PISO": null, "actualizad": null }, "geometry": { "type": "Point", "coordinates": [ -63.2433539, 9.7148518 ] } },
{ "type": "Feature", "properties": { "id": null, "CONTROL": "3040", "SERIE": "04", "LINEA": "062", "COD_SEG": "052", "COD_MANZA": 3, "PISO": null, "actualizad": null }, "geometry": { "type": "Point", "coordinates": [ -63.2433002, 9.7148517 ] } },
{ "type": "Feature", "properties": { "id": null, "CONTROL": "3040", "SERIE": "05", "LINEA": "063", "COD_SEG": "052", "COD_MANZA": 3, "PISO": null, "actualizad": null }, "geometry": { "type": "Point", "coordinates": [ -63.2432466, 9.714857 ] } },
{ "type": "Feature", "properties": { "id": null, "CONTROL": "3040", "SERIE": "06", "LINEA": "064", "COD_SEG": "052", "COD_MANZA": 3, "PISO": null, "actualizad": null }, "geometry": { "type": "Point", "coordinates": [ -63.2431835, 9.714861 ] } },
{ "type": "Feature", "properties": { "id": null, "CONTROL": "3040", "SERIE": "07", "LINEA": "065", "COD_SEG": "052", "COD_MANZA": 3, "PISO": null, "actualizad": null }, "geometry": { "type": "Point", "coordinates": [ -63.2430991, 9.7148624 ] } },
{ "type": "Feature", "properties": { "id": null, "CONTROL": "3040", "SERIE": "08", "LINEA": "066", "COD_SEG": "052", "COD_MANZA": 3, "PISO": null, "actualizad": null }, "geometry": { "type": "Point", "coordinates": [ -63.2430226, 9.7148677 ] } },
{ "type": "Feature", "properties": { "id": null, "CONTROL": "3040", "SERIE": "09", "LINEA": "067", "COD_SEG": "052", "COD_MANZA": 3, "PISO": null, "actualizad": null }, "geometry": { "type": "Point", "coordinates": [ -63.2429555, 9.7148637 ] } },
{ "type": "Feature", "properties": { "id": null, "CONTROL": "3040", "SERIE": "10", "LINEA": "068", "COD_SEG": "052", "COD_MANZA": 3, "PISO": null, "actualizad": null }, "geometry": { "type": "Point", "coordinates": [ -63.242863, 9.7148703 ] } },
{ "type": "Feature", "properties": { "id": null, "CONTROL": "3040", "SERIE": "11", "LINEA": "069", "COD_SEG": "052", "COD_MANZA": 3, "PISO": null, "actualizad": null }, "geometry": { "type": "Point", "coordinates": [ -63.2427758, 9.7148716 ] } },
{ "type": "Feature", "properties": { "id": null, "CONTROL": "3040", "SERIE": "12", "LINEA": "070", "COD_SEG": "052", "COD_MANZA": 3, "PISO": null, "actualizad": null }, "geometry": { "type": "Point", "coordinates": [ -63.242698, 9.714869 ] } },
{ "type": "Feature", "properties": { "id": null, "CONTROL": "3040", "SERIE": "13", "LINEA": "071", "COD_SEG": "052", "COD_MANZA": 3, "PISO": null, "actualizad": null }, "geometry": { "type": "Point", "coordinates": [ -63.2426095, 9.7148716 ] } },
{ "type": "Feature", "properties": { "id": null, "CONTROL": "3040", "SERIE": "14", "LINEA": "072", "COD_SEG": "052", "COD_MANZA": 3, "PISO": null, "actualizad": null }, "geometry": { "type": "Point", "coordinates": [ -63.2425251, 9.7148716 ] } },
{ "type": "Feature", "properties": { "id": null, "CONTROL": "3040", "SERIE": "15", "LINEA": "073", "COD_SEG": "052", "COD_MANZA": 3, "PISO": null, "actualizad": null }, "geometry": { "type": "Point", "coordinates": [ -63.2424338, 9.7148703 ] } },
{ "type": "Feature", "properties": { "id": null, "CONTROL": "0064", "SERIE": "08", "LINEA": "023", "COD_SEG": "016 (031)", "COD_MANZA": 3, "PISO": null, "actualizad": null }, "geometry": { "type": "Point", "coordinates": [ -63.099487, 10.1065931 ] } },
{ "type": "Feature", "properties": { "id": null, "CONTROL": "0064", "SERIE": "07", "LINEA": "022", "COD_SEG": "016 (031)", "COD_MANZA": 3, "PISO": null, "actualizad": null }, "geometry": { "type": "Point", "coordinates": [ -63.0996036, 10.1065839 ] } },
{ "type": "Feature", "properties": { "id": null, "CONTROL": "0064", "SERIE": "06", "LINEA": "021", "COD_SEG": "016 (031)", "COD_MANZA": 3, "PISO": null, "actualizad": null }, "geometry": { "type": "Point", "coordinates": [ -63.0996988, 10.1065733 ] } },
{ "type": "Feature", "properties": { "id": null, "CONTROL": "0064", "SERIE": "05", "LINEA": "020", "COD_SEG": "016 (031)", "COD_MANZA": 3, "PISO": null, "actualizad": null }, "geometry": { "type": "Point", "coordinates": [ -63.0998048, 10.1065667 ] } },
{ "type": "Feature", "properties": { "id": null, "CONTROL": "0064", "SERIE": "16", "LINEA": "032", "COD_SEG": "016 (031)", "COD_MANZA": 3, "PISO": null, "actualizad": null }, "geometry": { "type": "Point", "coordinates": [ -63.0999215, 10.1065878 ] } },
{ "type": "Feature", "properties": { "id": null, "CONTROL": "0064", "SERIE": "04", "LINEA": "019", "COD_SEG": "016 (031)", "COD_MANZA": 3, "PISO": null, "actualizad": null }, "geometry": { "type": "Point", "coordinates": [ -63.1000569, 10.1065588 ] } },
{ "type": "Feature", "properties": { "id": null, "CONTROL": "0064", "SERIE": "03", "LINEA": "018", "COD_SEG": "016 (031)", "COD_MANZA": 3, "PISO": null, "actualizad": null }, "geometry": { "type": "Point", "coordinates": [ -63.1001334, 10.1065508 ] } },
{ "type": "Feature", "properties": { "id": null, "CONTROL": "0064", "SERIE": "02", "LINEA": "017", "COD_SEG": "016 (031)", "COD_MANZA": 3, "PISO": null, "actualizad": null }, "geometry": { "type": "Point", "coordinates": [ -63.1002326, 10.1065627 ] } },
{ "type": "Feature", "properties": { "id": null, "CONTROL": "0064", "SERIE": "01", "LINEA": "016", "COD_SEG": "016 (031)", "COD_MANZA": 3, "PISO": null, "actualizad": null }, "geometry": { "type": "Point", "coordinates": [ -63.1003131, 10.106572 ] } },
{ "type": "Feature", "properties": { "id": null, "CONTROL": "0064", "SERIE": "09", "LINEA": "024", "COD_SEG": "016 (031)", "COD_MANZA": 4, "PISO": null, "actualizad": null }, "geometry": { "type": "Point", "coordinates": [ -63.0994709, 10.1067951 ] } },
{ "type": "Feature", "properties": { "id": null, "CONTROL": "0064", "SERIE": "10", "LINEA": "025", "COD_SEG": "016 (031)", "COD_MANZA": 4, "PISO": null, "actualizad": null }, "geometry": { "type": "Point", "coordinates": [ -63.0996143, 10.1067872 ] } },
{ "type": "Feature", "properties": { "id": null, "CONTROL": "0064", "SERIE": "11", "LINEA": "026", "COD_SEG": "016 (031)", "COD_MANZA": 4, "PISO": null, "actualizad": null }, "geometry": { "type": "Point", "coordinates": [ -63.09979, 10.1067911 ] } },
{ "type": "Feature", "properties": { "id": null, "CONTROL": "0064", "SERIE": "12", "LINEA": "027", "COD_SEG": "016 (031)", "COD_MANZA": 4, "PISO": null, "actualizad": null }, "geometry": { "type": "Point", "coordinates": [ -63.0998973, 10.1067872 ] } },
{ "type": "Feature", "properties": { "id": null, "CONTROL": "0064", "SERIE": "13", "LINEA": "028", "COD_SEG": "016 (031)", "COD_MANZA": 4, "PISO": null, "actualizad": null }, "geometry": { "type": "Point", "coordinates": [ -63.100014, 10.1067832 ] } },
{ "type": "Feature", "properties": { "id": null, "CONTROL": "0064", "SERIE": "14", "LINEA": "029", "COD_SEG": "016 (031)", "COD_MANZA": 4, "PISO": null, "actualizad": null }, "geometry": { "type": "Point", "coordinates": [ -63.1001132, 10.1067779 ] } },
{ "type": "Feature", "properties": { "id": null, "CONTROL": "0064", "SERIE": "15", "LINEA": "030", "COD_SEG": "016 (031)", "COD_MANZA": 4, "PISO": null, "actualizad": null }, "geometry": { "type": "Point", "coordinates": [ -63.1002152, 10.1067779 ] } },
{ "type": "Feature", "properties": { "id": null, "CONTROL": "0037", "SERIE": "01", "LINEA": "274", "COD_SEG": "009", "COD_MANZA": 10, "PISO": null, "actualizad": null }, "geometry": { "type": "Point", "coordinates": [ -63.1954277, 9.8161123 ] } },
{ "type": "Feature", "properties": { "id": null, "CONTROL": "0037", "SERIE": "17", "LINEA": "306", "COD_SEG": "009", "COD_MANZA": 10, "PISO": null, "actualizad": null }, "geometry": { "type": "Point", "coordinates": [ -63.1955074, 9.8162186 ] } },
{ "type": "Feature", "properties": { "id": null, "CONTROL": "0037", "SERIE": "03", "LINEA": "276", "COD_SEG": "009", "COD_MANZA": 10, "PISO": null, "actualizad": null }, "geometry": { "type": "Point", "coordinates": [ -63.1955799, 9.8160838 ] } },
{ "type": "Feature", "properties": { "id": null, "CONTROL": "0037", "SERIE": "TS", "LINEA": "277", "COD_SEG": "009", "COD_MANZA": 10, "PISO": null, "actualizad": null }, "geometry": { "type": "Point", "coordinates": [ -63.1956647, 9.8160265 ] } },
{ "type": "Feature", "properties": { "id": null, "CONTROL": "0037", "SERIE": "05", "LINEA": "278", "COD_SEG": "009", "COD_MANZA": 10, "PISO": null, "actualizad": null }, "geometry": { "type": "Point", "coordinates": [ -63.1957487, 9.8159472 ] } },
{ "type": "Feature", "properties": { "id": null, "CONTROL": "0037", "SERIE": "06", "LINEA": "279", "COD_SEG": "009", "COD_MANZA": 10, "PISO": null, "actualizad": null }, "geometry": { "type": "Point", "coordinates": [ -63.1958695, 9.815904 ] } },
{ "type": "Feature", "properties": { "id": null, "CONTROL": "0037", "SERIE": "07\n", "LINEA": "280", "COD_SEG": "009", "COD_MANZA": 10, "PISO": null, "actualizad": null }, "geometry": { "type": "Point", "coordinates": [ -63.1959808, 9.8158419 ] } },
{ "type": "Feature", "properties": { "id": null, "CONTROL": "0037", "SERIE": "08\n", "LINEA": "281", "COD_SEG": "009", "COD_MANZA": 10, "PISO": null, "actualizad": null }, "geometry": { "type": "Point", "coordinates": [ -63.1961749, 9.8156979 ] } },
{ "type": "Feature", "properties": { "id": null, "CONTROL": "0037", "SERIE": "09", "LINEA": "282", "COD_SEG": "009", "COD_MANZA": 10, "PISO": null, "actualizad": null }, "geometry": { "type": "Point", "coordinates": [ -63.1962168, 9.8157996 ] } },
{ "type": "Feature", "properties": { "id": null, "CONTROL": "0037", "SERIE": "10", "LINEA": "283", "COD_SEG": "009", "COD_MANZA": 10, "PISO": null, "actualizad": null }, "geometry": { "type": "Point", "coordinates": [ -63.1963212, 9.8156081 ] } },
{ "type": "Feature", "properties": { "id": null, "CONTROL": "0037", "SERIE": "11", "LINEA": "284", "COD_SEG": "009", "COD_MANZA": 10, "PISO": null, "actualizad": null }, "geometry": { "type": "Point", "coordinates": [ -63.1964967, 9.815505 ] } },
{ "type": "Feature", "properties": { "id": null, "CONTROL": "0037", "SERIE": "12", "LINEA": "285", "COD_SEG": "009", "COD_MANZA": 10, "PISO": null, "actualizad": null }, "geometry": { "type": "Point", "coordinates": [ -63.1966179, 9.8154386 ] } },
{ "type": "Feature", "properties": { "id": null, "CONTROL": "0037", "SERIE": "13", "LINEA": "286", "COD_SEG": "009", "COD_MANZA": 10, "PISO": null, "actualizad": null }, "geometry": { "type": "Point", "coordinates": [ -63.1967144, 9.8153937 ] } },
{ "type": "Feature", "properties": { "id": null, "CONTROL": "0037", "SERIE": "14", "LINEA": "287", "COD_SEG": "009", "COD_MANZA": 10, "PISO": null, "actualizad": null }, "geometry": { "type": "Point", "coordinates": [ -63.1968432, 9.815317 ] } },
{ "type": "Feature", "properties": { "id": null, "CONTROL": "0037", "SERIE": "15", "LINEA": "288", "COD_SEG": "009", "COD_MANZA": 10, "PISO": null, "actualizad": null }, "geometry": { "type": "Point", "coordinates": [ -63.1969464, 9.8152561 ] } },
{ "type": "Feature", "properties": { "id": null, "CONTROL": "0037", "SERIE": "16", "LINEA": "289", "COD_SEG": "009", "COD_MANZA": 10, "PISO": null, "actualizad": null }, "geometry": { "type": "Point", "coordinates": [ -63.1971674, 9.8151471 ] } },
{ "type": "Feature", "properties": { "id": null, "CONTROL": "2055", "SERIE": "07", "LINEA": "128", "COD_SEG": "037", "COD_MANZA": 1, "PISO": null, "actualizad": null }, "geometry": { "type": "Point", "coordinates": [ -63.1893894, 9.779839 ] } },
{ "type": "Feature", "properties": { "id": null, "CONTROL": "2055", "SERIE": "06", "LINEA": "127", "COD_SEG": "037\n", "COD_MANZA": 1, "PISO": null, "actualizad": null }, "geometry": { "type": "Point", "coordinates": [ -63.1893356, 9.7797545 ] } },
{ "type": "Feature", "properties": { "id": null, "CONTROL": "2055", "SERIE": "05", "LINEA": "126", "COD_SEG": "037\n", "COD_MANZA": 1, "PISO": null, "actualizad": null }, "geometry": { "type": "Point", "coordinates": [ -63.1892927, 9.7796804 ] } },
{ "type": "Feature", "properties": { "id": null, "CONTROL": "2055", "SERIE": "04", "LINEA": "125", "COD_SEG": "037", "COD_MANZA": 1, "PISO": null, "actualizad": null }, "geometry": { "type": "Point", "coordinates": [ -63.1892418, 9.7796065 ] } },
{ "type": "Feature", "properties": { "id": null, "CONTROL": "2055", "SERIE": "03", "LINEA": "124", "COD_SEG": "037", "COD_MANZA": 1, "PISO": null, "actualizad": null }, "geometry": { "type": "Point", "coordinates": [ -63.1892096, 9.7795324 ] } },
{ "type": "Feature", "properties": { "id": null, "CONTROL": "2055", "SERIE": "02", "LINEA": "123", "COD_SEG": "037\n", "COD_MANZA": 1, "PISO": null, "actualizad": null }, "geometry": { "type": "Point", "coordinates": [ -63.1891399, 9.7794294 ] } },
{ "type": "Feature", "properties": { "id": null, "CONTROL": "2055", "SERIE": "01", "LINEA": "122", "COD_SEG": "037", "COD_MANZA": 1, "PISO": null, "actualizad": null }, "geometry": { "type": "Point", "coordinates": [ -63.1890942, 9.7793531 ] } },
{ "type": "Feature", "properties": { "id": null, "CONTROL": "2055", "SERIE": "08", "LINEA": "129", "COD_SEG": "037", "COD_MANZA": 2, "PISO": null, "actualizad": null }, "geometry": { "type": "Point", "coordinates": [ -63.1894359, 9.7794398 ] } },
{ "type": "Feature", "properties": { "id": null, "CONTROL": "2055", "SERIE": "09", "LINEA": "130", "COD_SEG": "037", "COD_MANZA": 2, "PISO": null, "actualizad": null }, "geometry": { "type": "Point", "coordinates": [ -63.189503, 9.7794081 ] } },
{ "type": "Feature", "properties": { "id": null, "CONTROL": "2055", "SERIE": "10", "LINEA": "131", "COD_SEG": "037", "COD_MANZA": 2, "PISO": null, "actualizad": null }, "geometry": { "type": "Point", "coordinates": [ -63.1895472, 9.7793816 ] } },
{ "type": "Feature", "properties": { "id": null, "CONTROL": "2055", "SERIE": "11", "LINEA": "132", "COD_SEG": "037", "COD_MANZA": 2, "PISO": null, "actualizad": null }, "geometry": { "type": "Point", "coordinates": [ -63.1896009, 9.7793473 ] } },
{ "type": "Feature", "properties": { "id": null, "CONTROL": "2055", "SERIE": "12", "LINEA": "133", "COD_SEG": "037", "COD_MANZA": 2, "PISO": null, "actualizad": null }, "geometry": { "type": "Point", "coordinates": [ -63.1896532, 9.7793195 ] } },
{ "type": "Feature", "properties": { "id": null, "CONTROL": "2055", "SERIE": "13", "LINEA": "134", "COD_SEG": "037", "COD_MANZA": 2, "PISO": null, "actualizad": null }, "geometry": { "type": "Point", "coordinates": [ -63.1896948, 9.7792957 ] } },
{ "type": "Feature", "properties": { "id": null, "CONTROL": "2055", "SERIE": "14", "LINEA": "135", "COD_SEG": "037", "COD_MANZA": 2, "PISO": null, "actualizad": null }, "geometry": { "type": "Point", "coordinates": [ -63.1897591, 9.7792693 ] } },
{ "type": "Feature", "properties": { "id": null, "CONTROL": "2055", "SERIE": "15", "LINEA": "136", "COD_SEG": "037", "COD_MANZA": 2, "PISO": null, "actualizad": null }, "geometry": { "type": "Point", "coordinates": [ -63.1898396, 9.7792217 ] } },
{ "type": "Feature", "properties": { "id": null, "CONTROL": "2055", "SERIE": "PARQUE INFANTIL\n", "LINEA": null, "COD_SEG": "037", "COD_MANZA": 2, "PISO": null, "actualizad": null }, "geometry": { "type": "Point", "coordinates": [ -63.1899871, 9.7792164 ] } },
{ "type": "Feature", "properties": { "id": null, "CONTROL": "2055", "SERIE": "16", "LINEA": "137", "COD_SEG": "037", "COD_MANZA": 2, "PISO": null, "actualizad": null }, "geometry": { "type": "Point", "coordinates": [ -63.1900649, 9.7790961 ] } },
{ "type": "Feature", "properties": { "id": null, "CONTROL": "2089", "SERIE": "01", "LINEA": "031", "COD_SEG": "056", "COD_MANZA": 9, "PISO": null, "actualizad": null }, "geometry": { "type": "Point", "coordinates": [ -63.2306499, 9.7745581 ] } },
{ "type": "Feature", "properties": { "id": null, "CONTROL": "2089", "SERIE": "02", "LINEA": "032", "COD_SEG": "056", "COD_MANZA": 9, "PISO": null, "actualizad": null }, "geometry": { "type": "Point", "coordinates": [ -63.2306258, 9.7744802 ] } },
{ "type": "Feature", "properties": { "id": null, "CONTROL": "2089", "SERIE": "03", "LINEA": "033", "COD_SEG": "056\n", "COD_MANZA": 9, "PISO": null, "actualizad": null }, "geometry": { "type": "Point", "coordinates": [ -63.230591, 9.7743968 ] } },
{ "type": "Feature", "properties": { "id": null, "CONTROL": "2089", "SERIE": "04", "LINEA": "034", "COD_SEG": "056", "COD_MANZA": 9, "PISO": null, "actualizad": null }, "geometry": { "type": "Point", "coordinates": [ -63.2305721, 9.7743123 ] } },
{ "type": "Feature", "properties": { "id": null, "CONTROL": "2089", "SERIE": "05", "LINEA": "035", "COD_SEG": "056", "COD_MANZA": 9, "PISO": null, "actualizad": null }, "geometry": { "type": "Point", "coordinates": [ -63.2305426, 9.7742251 ] } },
{ "type": "Feature", "properties": { "id": null, "CONTROL": "2089", "SERIE": "06", "LINEA": "036", "COD_SEG": "056", "COD_MANZA": 9, "PISO": null, "actualizad": null }, "geometry": { "type": "Point", "coordinates": [ -63.2305037, 9.7740995 ] } },
{ "type": "Feature", "properties": { "id": null, "CONTROL": "2089", "SERIE": "07", "LINEA": "037", "COD_SEG": "056", "COD_MANZA": 9, "PISO": null, "actualizad": null }, "geometry": { "type": "Point", "coordinates": [ -63.2304622, 9.7739779 ] } },
{ "type": "Feature", "properties": { "id": null, "CONTROL": "2089", "SERIE": "08", "LINEA": "038", "COD_SEG": "056", "COD_MANZA": 9, "PISO": null, "actualizad": null }, "geometry": { "type": "Point", "coordinates": [ -63.23065, 9.7739039 ] } },
{ "type": "Feature", "properties": { "id": null, "CONTROL": "2089", "SERIE": "09", "LINEA": "039", "COD_SEG": "056", "COD_MANZA": 9, "PISO": null, "actualizad": null }, "geometry": { "type": "Point", "coordinates": [ -63.2306795, 9.7740281 ] } },
{ "type": "Feature", "properties": { "id": null, "CONTROL": "2089", "SERIE": "10", "LINEA": "040", "COD_SEG": "056", "COD_MANZA": 9, "PISO": null, "actualizad": null }, "geometry": { "type": "Point", "coordinates": [ -63.2307089, 9.7741642 ] } },
{ "type": "Feature", "properties": { "id": null, "CONTROL": "2089", "SERIE": "11", "LINEA": "041", "COD_SEG": "056", "COD_MANZA": 9, "PISO": null, "actualizad": null }, "geometry": { "type": "Point", "coordinates": [ -63.2307397, 9.7742554 ] } },
{ "type": "Feature", "properties": { "id": null, "CONTROL": "2089", "SERIE": "12", "LINEA": "042", "COD_SEG": "056", "COD_MANZA": 9, "PISO": null, "actualizad": null }, "geometry": { "type": "Point", "coordinates": [ -63.2307531, 9.7743453 ] } },
{ "type": "Feature", "properties": { "id": null, "CONTROL": "2089", "SERIE": "13", "LINEA": "043", "COD_SEG": "056", "COD_MANZA": 9, "PISO": null, "actualizad": null }, "geometry": { "type": "Point", "coordinates": [ -63.230776, 9.7744431 ] } },
{ "type": "Feature", "properties": { "id": null, "CONTROL": "2089", "SERIE": "14", "LINEA": "044", "COD_SEG": "056\n", "COD_MANZA": 9, "PISO": null, "actualizad": null }, "geometry": { "type": "Point", "coordinates": [ -63.2308069, 9.7745277 ] } },
{ "type": "Feature", "properties": { "id": null, "CONTROL": "2089", "SERIE": "16\n", "LINEA": "045", "COD_SEG": "056", "COD_MANZA": 9, "PISO": null, "actualizad": null }, "geometry": { "type": "Point", "coordinates": [ -63.2308176, 9.7746109 ] } },
{ "type": "Feature", "properties": { "id": null, "CONTROL": "2089", "SERIE": "15", "LINEA": "046", "COD_SEG": "056", "COD_MANZA": 9, "PISO": null, "actualizad": null }, "geometry": { "type": "Point", "coordinates": [ -63.2308503, 9.7747219 ] } },
{ "type": "Feature", "properties": { "id": null, "CONTROL": "3003", "SERIE": "07", "LINEA": "035", "COD_SEG": "001", "COD_MANZA": 11, "PISO": null, "actualizad": null }, "geometry": { "type": "Point", "coordinates": [ -63.5428585, 10.2045064 ] } },
{ "type": "Feature", "properties": { "id": null, "CONTROL": "3003", "SERIE": "08", "LINEA": "036", "COD_SEG": "001", "COD_MANZA": 11, "PISO": null, "actualizad": null }, "geometry": { "type": "Point", "coordinates": [ -63.5427767, 10.2045301 ] } },
{ "type": "Feature", "properties": { "id": null, "CONTROL": "3003", "SERIE": "09", "LINEA": "032", "COD_SEG": "001", "COD_MANZA": 11, "PISO": null, "actualizad": null }, "geometry": { "type": "Point", "coordinates": [ -63.5426935, 10.2045644 ] } },
{ "type": "Feature", "properties": { "id": null, "CONTROL": "3003", "SERIE": "10", "LINEA": "038", "COD_SEG": "001", "COD_MANZA": 11, "PISO": null, "actualizad": null }, "geometry": { "type": "Point", "coordinates": [ -63.5425393, 10.2046146 ] } },
{ "type": "Feature", "properties": { "id": null, "CONTROL": "3003", "SERIE": "11", "LINEA": "039", "COD_SEG": "001", "COD_MANZA": 11, "PISO": null, "actualizad": null }, "geometry": { "type": "Point", "coordinates": [ -63.5424829, 10.2044734 ] } },
{ "type": "Feature", "properties": { "id": null, "CONTROL": "3003", "SERIE": "12", "LINEA": "040", "COD_SEG": "001", "COD_MANZA": 11, "PISO": null, "actualizad": null }, "geometry": { "type": "Point", "coordinates": [ -63.5428236, 10.2043348 ] } },
{ "type": "Feature", "properties": { "id": null, "CONTROL": "3003", "SERIE": "13", "LINEA": "041", "COD_SEG": "001", "COD_MANZA": 11, "PISO": null, "actualizad": null }, "geometry": { "type": "Point", "coordinates": [ -63.5429296, 10.2042978 ] } },
{ "type": "Feature", "properties": { "id": null, "CONTROL": "3003", "SERIE": "14", "LINEA": "042", "COD_SEG": "001", "COD_MANZA": 11, "PISO": null, "actualizad": null }, "geometry": { "type": "Point", "coordinates": [ -63.5430342, 10.2042661 ] } },
{ "type": "Feature", "properties": { "id": null, "CONTROL": "3003", "SERIE": "01", "LINEA": "029", "COD_SEG": "001", "COD_MANZA": 10, "PISO": null, "actualizad": null }, "geometry": { "type": "Point", "coordinates": [ -63.5418754, 10.2048878 ] } },
{ "type": "Feature", "properties": { "id": null, "CONTROL": "3003", "SERIE": "02", "LINEA": "030", "COD_SEG": "001", "COD_MANZA": 10, "PISO": null, "actualizad": null }, "geometry": { "type": "Point", "coordinates": [ -63.5416608, 10.2047928 ] } },
{ "type": "Feature", "properties": { "id": null, "CONTROL": "3003", "SERIE": "03", "LINEA": "031", "COD_SEG": "001", "COD_MANZA": 10, "PISO": null, "actualizad": null }, "geometry": { "type": "Point", "coordinates": [ -63.5417441, 10.2047743 ] } },
{ "type": "Feature", "properties": { "id": null, "CONTROL": "3003", "SERIE": "04", "LINEA": "032", "COD_SEG": "001", "COD_MANZA": 10, "PISO": null, "actualizad": null }, "geometry": { "type": "Point", "coordinates": [ -63.5418245, 10.2047532 ] } },
{ "type": "Feature", "properties": { "id": null, "CONTROL": "3003", "SERIE": "05", "LINEA": "033", "COD_SEG": "001", "COD_MANZA": 10, "PISO": null, "actualizad": null }, "geometry": { "type": "Point", "coordinates": [ -63.541913, 10.2047215 ] } },
{ "type": "Feature", "properties": { "id": null, "CONTROL": "3032", "SERIE": "01", "LINEA": "175", "COD_SEG": "054", "COD_MANZA": 12, "PISO": null, "actualizad": null }, "geometry": { "type": "Point", "coordinates": [ -63.1389524, 9.7562913 ] } },
{ "type": "Feature", "properties": { "id": null, "CONTROL": "3032", "SERIE": "02", "LINEA": "176", "COD_SEG": "054", "COD_MANZA": 12, "PISO": null, "actualizad": null }, "geometry": { "type": "Point", "coordinates": [ -63.1390409, 9.7562874 ] } },
{ "type": "Feature", "properties": { "id": null, "CONTROL": "3032", "SERIE": "03", "LINEA": "177", "COD_SEG": "054", "COD_MANZA": 12, "PISO": null, "actualizad": null }, "geometry": { "type": "Point", "coordinates": [ -63.1391468, 9.7562794 ] } },
{ "type": "Feature", "properties": { "id": null, "CONTROL": "3032", "SERIE": "04", "LINEA": "178", "COD_SEG": "054", "COD_MANZA": 12, "PISO": null, "actualizad": null }, "geometry": { "type": "Point", "coordinates": [ -63.1392353, 9.756249 ] } },
{ "type": "Feature", "properties": { "id": null, "CONTROL": "3032", "SERIE": "05", "LINEA": "179", "COD_SEG": "054", "COD_MANZA": 12, "PISO": null, "actualizad": null }, "geometry": { "type": "Point", "coordinates": [ -63.1393185, 9.7562015 ] } },
{ "type": "Feature", "properties": { "id": null, "CONTROL": "3032", "SERIE": "06", "LINEA": "180", "COD_SEG": "054", "COD_MANZA": 12, "PISO": null, "actualizad": null }, "geometry": { "type": "Point", "coordinates": [ -63.139399, 9.7561552 ] } },
{ "type": "Feature", "properties": { "id": null, "CONTROL": "3032", "SERIE": "07", "LINEA": "181", "COD_SEG": "054", "COD_MANZA": 12, "PISO": null, "actualizad": null }, "geometry": { "type": "Point", "coordinates": [ -63.1394915, 9.7561658 ] } },
{ "type": "Feature", "properties": { "id": null, "CONTROL": "3032", "SERIE": "08", "LINEA": "182", "COD_SEG": "054", "COD_MANZA": 12, "PISO": null, "actualizad": null }, "geometry": { "type": "Point", "coordinates": [ -63.1395894, 9.7561367 ] } },
{ "type": "Feature", "properties": { "id": null, "CONTROL": "3032", "SERIE": "09", "LINEA": "183", "COD_SEG": "054", "COD_MANZA": 12, "PISO": null, "actualizad": null }, "geometry": { "type": "Point", "coordinates": [ -63.1396672, 9.7561248 ] } },
{ "type": "Feature", "properties": { "id": null, "CONTROL": "3032", "SERIE": "10", "LINEA": "184", "COD_SEG": "054", "COD_MANZA": 12, "PISO": null, "actualizad": null }, "geometry": { "type": "Point", "coordinates": [ -63.1397637, 9.756097 ] } },
{ "type": "Feature", "properties": { "id": null, "CONTROL": "3032", "SERIE": "11", "LINEA": "185", "COD_SEG": "054", "COD_MANZA": 12, "PISO": null, "actualizad": null }, "geometry": { "type": "Point", "coordinates": [ -63.1398187, 9.7562649 ] } },
{ "type": "Feature", "properties": { "id": null, "CONTROL": "3032", "SERIE": "12", "LINEA": "186", "COD_SEG": "054", "COD_MANZA": 12, "PISO": null, "actualizad": null }, "geometry": { "type": "Point", "coordinates": [ -63.1397316, 9.7562781 ] } },
{ "type": "Feature", "properties": { "id": null, "CONTROL": "3032", "SERIE": "13", "LINEA": "187", "COD_SEG": "054", "COD_MANZA": 12, "PISO": null, "actualizad": null }, "geometry": { "type": "Point", "coordinates": [ -63.1396363, 9.7562927 ] } },
{ "type": "Feature", "properties": { "id": null, "CONTROL": "3032", "SERIE": "14", "LINEA": "188", "COD_SEG": "054", "COD_MANZA": 12, "PISO": null, "actualizad": null }, "geometry": { "type": "Point", "coordinates": [ -63.1395518, 9.7563231 ] } },
{ "type": "Feature", "properties": { "id": null, "CONTROL": "3032", "SERIE": "15", "LINEA": "189", "COD_SEG": "054", "COD_MANZA": 12, "PISO": null, "actualizad": null }, "geometry": { "type": "Point", "coordinates": [ -63.1394727, 9.7563548 ] } },
{ "type": "Feature", "properties": { "id": null, "CONTROL": "0018", "SERIE": "01", "LINEA": "016", "COD_SEG": "009", "COD_MANZA": 1, "PISO": null, "actualizad": null }, "geometry": { "type": "Point", "coordinates": [ -63.2502098, 9.7298132 ] } },
{ "type": "Feature", "properties": { "id": null, "CONTROL": "0018", "SERIE": "02", "LINEA": "017", "COD_SEG": "009", "COD_MANZA": 1, "PISO": null, "actualizad": null }, "geometry": { "type": "Point", "coordinates": [ -63.2501937, 9.7297008 ] } },
{ "type": "Feature", "properties": { "id": null, "CONTROL": "0018", "SERIE": "03", "LINEA": "018", "COD_SEG": "009", "COD_MANZA": 1, "PISO": null, "actualizad": null }, "geometry": { "type": "Point", "coordinates": [ -63.250183, 9.7296004 ] } },
{ "type": "Feature", "properties": { "id": null, "CONTROL": "0018", "SERIE": "04", "LINEA": "019", "COD_SEG": "009", "COD_MANZA": 1, "PISO": null, "actualizad": null }, "geometry": { "type": "Point", "coordinates": [ -63.2501709, 9.7294986 ] } },
{ "type": "Feature", "properties": { "id": null, "CONTROL": "0018", "SERIE": "05", "LINEA": "020", "COD_SEG": "009", "COD_MANZA": 1, "PISO": null, "actualizad": null }, "geometry": { "type": "Point", "coordinates": [ -63.2501603, 9.7293862 ] } },
{ "type": "Feature", "properties": { "id": null, "CONTROL": "0018", "SERIE": "06", "LINEA": "021", "COD_SEG": "009", "COD_MANZA": 1, "PISO": null, "actualizad": null }, "geometry": { "type": "Point", "coordinates": [ -63.2501468, 9.7292791 ] } },
{ "type": "Feature", "properties": { "id": null, "CONTROL": "0018", "SERIE": "07", "LINEA": "022", "COD_SEG": "009", "COD_MANZA": 1, "PISO": null, "actualizad": null }, "geometry": { "type": "Point", "coordinates": [ -63.2501267, 9.7291774 ] } },
{ "type": "Feature", "properties": { "id": null, "CONTROL": "0018", "SERIE": "08", "LINEA": "023", "COD_SEG": "009", "COD_MANZA": 1, "PISO": null, "actualizad": null }, "geometry": { "type": "Point", "coordinates": [ -63.2502729, 9.7291403 ] } },
{ "type": "Feature", "properties": { "id": null, "CONTROL": "0018", "SERIE": "09", "LINEA": "024", "COD_SEG": "009", "COD_MANZA": 1, "PISO": null, "actualizad": null }, "geometry": { "type": "Point", "coordinates": [ -63.2503426, 9.729114 ] } },
{ "type": "Feature", "properties": { "id": null, "CONTROL": "0018", "SERIE": "10", "LINEA": "000", "COD_SEG": "009", "COD_MANZA": 1, "PISO": null, "actualizad": null }, "geometry": { "type": "Point", "coordinates": [ -63.2504338, 9.7290941 ] } },
{ "type": "Feature", "properties": { "id": null, "CONTROL": "0018", "SERIE": "11", "LINEA": "026", "COD_SEG": "009", "COD_MANZA": 1, "PISO": null, "actualizad": null }, "geometry": { "type": "Point", "coordinates": [ -63.2505304, 9.729061 ] } },
{ "type": "Feature", "properties": { "id": null, "CONTROL": "0018", "SERIE": "12", "LINEA": "027", "COD_SEG": "009", "COD_MANZA": 1, "PISO": null, "actualizad": null }, "geometry": { "type": "Point", "coordinates": [ -63.250639, 9.7290399 ] } },
{ "type": "Feature", "properties": { "id": null, "CONTROL": "0018", "SERIE": "13", "LINEA": "028", "COD_SEG": "009", "COD_MANZA": 1, "PISO": null, "actualizad": null }, "geometry": { "type": "Point", "coordinates": [ -63.2507235, 9.7290135 ] } },
{ "type": "Feature", "properties": { "id": null, "CONTROL": "0018", "SERIE": "14", "LINEA": "029", "COD_SEG": "009", "COD_MANZA": 1, "PISO": null, "actualizad": null }, "geometry": { "type": "Point", "coordinates": [ -63.2508334, 9.7289884 ] } },
{ "type": "Feature", "properties": { "id": null, "CONTROL": "0018", "SERIE": "15", "LINEA": "030", "COD_SEG": "009", "COD_MANZA": 1, "PISO": null, "actualizad": null }, "geometry": { "type": "Point", "coordinates": [ -63.2509287, 9.7289672 ] } },
{ "type": "Feature", "properties": { "id": null, "CONTROL": "0032", "SERIE": "01", "LINEA": "061", "COD_SEG": "019", "COD_MANZA": 1, "PISO": null, "actualizad": null }, "geometry": { "type": "Point", "coordinates": [ -63.2057681, 9.7338647 ] } },
{ "type": "Feature", "properties": { "id": null, "CONTROL": "0032", "SERIE": "02", "LINEA": "062", "COD_SEG": "019", "COD_MANZA": 1, "PISO": null, "actualizad": null }, "geometry": { "type": "Point", "coordinates": [ -63.2058552, 9.7338594 ] } },
{ "type": "Feature", "properties": { "id": null, "CONTROL": "0032", "SERIE": "03", "LINEA": "063", "COD_SEG": "019", "COD_MANZA": 1, "PISO": null, "actualizad": null }, "geometry": { "type": "Point", "coordinates": [ -63.2059196, 9.7338316 ] } },
{ "type": "Feature", "properties": { "id": null, "CONTROL": "0032", "SERIE": "16", "LINEA": "076", "COD_SEG": "019", "COD_MANZA": 1, "PISO": null, "actualizad": null }, "geometry": { "type": "Point", "coordinates": [ -63.2059226, 9.7343658 ] } },
{ "type": "Feature", "properties": { "id": null, "CONTROL": "0032", "SERIE": "05", "LINEA": "065", "COD_SEG": "019", "COD_MANZA": 1, "PISO": null, "actualizad": null }, "geometry": { "type": "Point", "coordinates": [ -63.20592, 9.7344121 ] } },
{ "type": "Feature", "properties": { "id": null, "CONTROL": "0032", "SERIE": "06", "LINEA": "066", "COD_SEG": "019", "COD_MANZA": 1, "PISO": null, "actualizad": null }, "geometry": { "type": "Point", "coordinates": [ -63.2059267, 9.7344663 ] } },
{ "type": "Feature", "properties": { "id": null, "CONTROL": "0032", "SERIE": "07", "LINEA": "067", "COD_SEG": "019", "COD_MANZA": 1, "PISO": null, "actualizad": null }, "geometry": { "type": "Point", "coordinates": [ -63.2059307, 9.7345456 ] } },
{ "type": "Feature", "properties": { "id": null, "CONTROL": "0032", "SERIE": "08", "LINEA": "068", "COD_SEG": "019", "COD_MANZA": 1, "PISO": null, "actualizad": null }, "geometry": { "type": "Point", "coordinates": [ -63.2059356, 9.7346223 ] } },
{ "type": "Feature", "properties": { "id": null, "CONTROL": "0032", "SERIE": "09", "LINEA": "069", "COD_SEG": "019", "COD_MANZA": 1, "PISO": null, "actualizad": null }, "geometry": { "type": "Point", "coordinates": [ -63.2059289, 9.7346966 ] } },
{ "type": "Feature", "properties": { "id": null, "CONTROL": "0032", "SERIE": "10", "LINEA": "070", "COD_SEG": "019", "COD_MANZA": 1, "PISO": null, "actualizad": null }, "geometry": { "type": "Point", "coordinates": [ -63.2059236, 9.7347627 ] } },
{ "type": "Feature", "properties": { "id": null, "CONTROL": "0032", "SERIE": "11", "LINEA": "071", "COD_SEG": "019", "COD_MANZA": 1, "PISO": null, "actualizad": null }, "geometry": { "type": "Point", "coordinates": [ -63.2059155, 9.7348235 ] } },
{ "type": "Feature", "properties": { "id": null, "CONTROL": "0032", "SERIE": "12", "LINEA": "072", "COD_SEG": "019", "COD_MANZA": 1, "PISO": null, "actualizad": null }, "geometry": { "type": "Point", "coordinates": [ -63.2059115, 9.7348883 ] } },
{ "type": "Feature", "properties": { "id": null, "CONTROL": "0032", "SERIE": "13", "LINEA": "073", "COD_SEG": "019", "COD_MANZA": 1, "PISO": null, "actualizad": null }, "geometry": { "type": "Point", "coordinates": [ -63.2059169, 9.734961 ] } },
{ "type": "Feature", "properties": { "id": null, "CONTROL": "0032", "SERIE": "14", "LINEA": "074", "COD_SEG": "019", "COD_MANZA": 1, "PISO": null, "actualizad": null }, "geometry": { "type": "Point", "coordinates": [ -63.2059075, 9.7350297 ] } },
{ "type": "Feature", "properties": { "id": null, "CONTROL": "0032", "SERIE": "15", "LINEA": "075", "COD_SEG": "019", "COD_MANZA": 1, "PISO": null, "actualizad": null }, "geometry": { "type": "Point", "coordinates": [ -63.2059165, 9.7351231 ] } },
{ "type": "Feature", "properties": { "id": null, "CONTROL": "2056", "SERIE": "01", "LINEA": "073", "COD_SEG": "030", "COD_MANZA": 41, "PISO": null, "actualizad": null }, "geometry": { "type": "Point", "coordinates": [ -63.249011126572903, 9.685618088868729 ] } },
{ "type": "Feature", "properties": { "id": null, "CONTROL": "2056", "SERIE": "02", "LINEA": "074", "COD_SEG": "030", "COD_MANZA": 41, "PISO": null, "actualizad": null }, "geometry": { "type": "Point", "coordinates": [ -63.249070126572903, 9.68552558886873 ] } },
{ "type": "Feature", "properties": { "id": null, "CONTROL": "2056", "SERIE": "03", "LINEA": "075", "COD_SEG": "030", "COD_MANZA": 41, "PISO": "CONSOLIDADA CON LA 076 (04)", "actualizad": null }, "geometry": { "type": "Point", "coordinates": [ -63.248808827755326, 9.685500971205368 ] } },
{ "type": "Feature", "properties": { "id": null, "CONTROL": "2056", "SERIE": "09", "LINEA": "081", "COD_SEG": "030", "COD_MANZA": 41, "PISO": null, "actualizad": null }, "geometry": { "type": "Point", "coordinates": [ -63.248517580067229, 9.685947845884424 ] } },
{ "type": "Feature", "properties": { "id": null, "CONTROL": "2056", "SERIE": "05", "LINEA": "077", "COD_SEG": "030", "COD_MANZA": 41, "PISO": null, "actualizad": null }, "geometry": { "type": "Point", "coordinates": [ -63.248725973085357, 9.685642656324267 ] } },
{ "type": "Feature", "properties": { "id": null, "CONTROL": "2056", "SERIE": "06", "LINEA": "078", "COD_SEG": "030", "COD_MANZA": 41, "PISO": null, "actualizad": null }, "geometry": { "type": "Point", "coordinates": [ -63.248673578778003, 9.685731058646924 ] } },
{ "type": "Feature", "properties": { "id": null, "CONTROL": "2056", "SERIE": "07", "LINEA": "079", "COD_SEG": "030", "COD_MANZA": 41, "PISO": null, "actualizad": null }, "geometry": { "type": "Point", "coordinates": [ -63.248632143824828, 9.685791612197832 ] } },
{ "type": "Feature", "properties": { "id": null, "CONTROL": "2056", "SERIE": "08", "LINEA": "080", "COD_SEG": "030", "COD_MANZA": 41, "PISO": null, "actualizad": null }, "geometry": { "type": "Point", "coordinates": [ -63.248593146156011, 9.685848532566609 ] } },
{ "type": "Feature", "properties": { "id": null, "CONTROL": "2056", "SERIE": "10", "LINEA": "081", "COD_SEG": "030", "COD_MANZA": 41, "PISO": null, "actualizad": null }, "geometry": { "type": "Point", "coordinates": [ -63.248336954561665, 9.685855980852409 ] } },
{ "type": "Feature", "properties": { "id": null, "CONTROL": "2056", "SERIE": "11", "LINEA": "082", "COD_SEG": "030", "COD_MANZA": 41, "PISO": null, "actualizad": null }, "geometry": { "type": "Point", "coordinates": [ -63.248434437696254, 9.685698549117014 ] } },
{ "type": "Feature", "properties": { "id": null, "CONTROL": "2056", "SERIE": "12", "LINEA": "083", "COD_SEG": "030", "COD_MANZA": 41, "PISO": null, "actualizad": null }, "geometry": { "type": "Point", "coordinates": [ -63.248478301071948, 9.685622257712136 ] } },
{ "type": "Feature", "properties": { "id": null, "CONTROL": "2056", "SERIE": "13", "LINEA": "085", "COD_SEG": "030", "COD_MANZA": 41, "PISO": null, "actualizad": null }, "geometry": { "type": "Point", "coordinates": [ -63.248522161757251, 9.685542334891693 ] } },
{ "type": "Feature", "properties": { "id": null, "CONTROL": "2056", "SERIE": "14", "LINEA": "086", "COD_SEG": "030", "COD_MANZA": 41, "PISO": null, "actualizad": null }, "geometry": { "type": "Point", "coordinates": [ -63.248242814700482, 9.685582482576132 ] } },
{ "type": "Feature", "properties": { "id": null, "CONTROL": "2056", "SERIE": "15", "LINEA": "087", "COD_SEG": "030", "COD_MANZA": 41, "PISO": null, "actualizad": null }, "geometry": { "type": "Point", "coordinates": [ -63.248195312660712, 9.685687827880392 ] } },
{ "type": "Feature", "properties": { "id": null, "CONTROL": "2080", "SERIE": "01", "LINEA": "131", "COD_SEG": "062", "COD_MANZA": 2, "PISO": null, "actualizad": null }, "geometry": { "type": "Point", "coordinates": [ -63.1910882, 9.7391894 ] } },
{ "type": "Feature", "properties": { "id": null, "CONTROL": "2080", "SERIE": "02", "LINEA": "132", "COD_SEG": "062", "COD_MANZA": 2, "PISO": null, "actualizad": null }, "geometry": { "type": "Point", "coordinates": [ -63.1911379, 9.7390784 ] } },
{ "type": "Feature", "properties": { "id": null, "CONTROL": "2080", "SERIE": "03", "LINEA": "133", "COD_SEG": "062", "COD_MANZA": 2, "PISO": null, "actualizad": null }, "geometry": { "type": "Point", "coordinates": [ -63.1913538, 9.7389026 ] } },
{ "type": "Feature", "properties": { "id": null, "CONTROL": "2080", "SERIE": "04", "LINEA": "134", "COD_SEG": "062", "COD_MANZA": 2, "PISO": null, "actualizad": null }, "geometry": { "type": "Point", "coordinates": [ -63.1915885, 9.7390335 ] } },
{ "type": "Feature", "properties": { "id": null, "CONTROL": "2080", "SERIE": "05", "LINEA": "135", "COD_SEG": "062", "COD_MANZA": 2, "PISO": null, "actualizad": null }, "geometry": { "type": "Point", "coordinates": [ -63.1915683, 9.7387398 ] } },
{ "type": "Feature", "properties": { "id": null, "CONTROL": "2080", "SERIE": "06", "LINEA": "136", "COD_SEG": "062", "COD_MANZA": 2, "PISO": null, "actualizad": null }, "geometry": { "type": "Point", "coordinates": [ -63.1915969, 9.7386656 ] } },
{ "type": "Feature", "properties": { "id": null, "CONTROL": "2080", "SERIE": "07", "LINEA": "137", "COD_SEG": "062", "COD_MANZA": 2, "PISO": null, "actualizad": null }, "geometry": { "type": "Point", "coordinates": [ -63.1916063, 9.7385744 ] } },
{ "type": "Feature", "properties": { "id": null, "CONTROL": "2080", "SERIE": "08", "LINEA": "138", "COD_SEG": "062", "COD_MANZA": 2, "PISO": null, "actualizad": null }, "geometry": { "type": "Point", "coordinates": [ -63.1916224, 9.7384871 ] } },
{ "type": "Feature", "properties": { "id": null, "CONTROL": "2080", "SERIE": "09", "LINEA": "139", "COD_SEG": "062", "COD_MANZA": 2, "PISO": null, "actualizad": null }, "geometry": { "type": "Point", "coordinates": [ -63.1916707, 9.7383034 ] } },
{ "type": "Feature", "properties": { "id": null, "CONTROL": "2080", "SERIE": "10", "LINEA": "140", "COD_SEG": "062", "COD_MANZA": 2, "PISO": null, "actualizad": null }, "geometry": { "type": "Point", "coordinates": [ -63.1916868, 9.7382003 ] } },
{ "type": "Feature", "properties": { "id": null, "CONTROL": "2080", "SERIE": "11", "LINEA": "141", "COD_SEG": "062", "COD_MANZA": 2, "PISO": null, "actualizad": null }, "geometry": { "type": "Point", "coordinates": [ -63.1917149, 9.7380893 ] } },
{ "type": "Feature", "properties": { "id": null, "CONTROL": "2080", "SERIE": "12", "LINEA": "142", "COD_SEG": "062", "COD_MANZA": 2, "PISO": null, "actualizad": null }, "geometry": { "type": "Point", "coordinates": [ -63.1917787, 9.7379981 ] } },
{ "type": "Feature", "properties": { "id": null, "CONTROL": "2080", "SERIE": "13", "LINEA": "143", "COD_SEG": "062", "COD_MANZA": 2, "PISO": null, "actualizad": null }, "geometry": { "type": "Point", "coordinates": [ -63.1918772, 9.7379981 ] } },
{ "type": "Feature", "properties": { "id": null, "CONTROL": "2080", "SERIE": "14", "LINEA": "144", "COD_SEG": "062", "COD_MANZA": 2, "PISO": null, "actualizad": null }, "geometry": { "type": "Point", "coordinates": [ -63.1919576, 9.7380047 ] } },
{ "type": "Feature", "properties": { "id": null, "CONTROL": "2080", "SERIE": "15", "LINEA": "145", "COD_SEG": "062", "COD_MANZA": 2, "PISO": null, "actualizad": null }, "geometry": { "type": "Point", "coordinates": [ -63.1920301, 9.7380048 ] } },
{ "type": "Feature", "properties": { "id": null, "CONTROL": "2090", "SERIE": "14", "LINEA": "145", "COD_SEG": "043", "COD_MANZA": 16, "PISO": null, "actualizad": null }, "geometry": { "type": "Point", "coordinates": [ -63.1183897, 9.758321 ] } },
{ "type": "Feature", "properties": { "id": null, "CONTROL": "2090", "SERIE": "01", "LINEA": "130", "COD_SEG": "043", "COD_MANZA": 16, "PISO": null, "actualizad": null }, "geometry": { "type": "Point", "coordinates": [ -63.1185506, 9.7581994 ] } },
{ "type": "Feature", "properties": { "id": null, "CONTROL": "2090", "SERIE": "10", "LINEA": "141", "COD_SEG": "043", "COD_MANZA": 16, "PISO": null, "actualizad": null }, "geometry": { "type": "Point", "coordinates": [ -63.1175752, 9.7585418 ] } },
{ "type": "Feature", "properties": { "id": null, "CONTROL": "2090", "SERIE": "03", "LINEA": "132", "COD_SEG": "043", "COD_MANZA": 16, "PISO": null, "actualizad": null }, "geometry": { "type": "Point", "coordinates": [ -63.11834, 9.7583619 ] } },
{ "type": "Feature", "properties": { "id": null, "CONTROL": "2090", "SERIE": "06", "LINEA": "136", "COD_SEG": "043", "COD_MANZA": 16, "PISO": null, "actualizad": null }, "geometry": { "type": "Point", "coordinates": [ -63.1180768, 9.758346 ] } },
{ "type": "Feature", "properties": { "id": null, "CONTROL": "2090", "SERIE": "08", "LINEA": "139", "COD_SEG": "043", "COD_MANZA": 16, "PISO": null, "actualizad": null }, "geometry": { "type": "Point", "coordinates": [ -63.1178515, 9.758481 ] } },
{ "type": "Feature", "properties": { "id": null, "CONTROL": "2090", "SERIE": "12", "LINEA": "143", "COD_SEG": "043", "COD_MANZA": 17, "PISO": null, "actualizad": null }, "geometry": { "type": "Point", "coordinates": [ -63.1173315, 9.7581461 ] } },
{ "type": "Feature", "properties": { "id": null, "CONTROL": "2090", "SERIE": "11", "LINEA": "142", "COD_SEG": "043", "COD_MANZA": 17, "PISO": null, "actualizad": null }, "geometry": { "type": "Point", "coordinates": [ -63.1175353, 9.7580483 ] } },
{ "type": "Feature", "properties": { "id": null, "CONTROL": "2090", "SERIE": "13", "LINEA": "144", "COD_SEG": "043", "COD_MANZA": 17, "PISO": null, "actualizad": null }, "geometry": { "type": "Point", "coordinates": [ -63.1173637, 9.7579531 ] } },
{ "type": "Feature", "properties": { "id": null, "CONTROL": "0013", "SERIE": "01", "LINEA": "120", "COD_SEG": "SECTOR 003", "COD_MANZA": 0, "PISO": null, "actualizad": null }, "geometry": { "type": "Point", "coordinates": [ -63.2706798, 9.9748892 ] } },
{ "type": "Feature", "properties": { "id": null, "CONTROL": "0013", "SERIE": "02", "LINEA": "121", "COD_SEG": "SECTOR 003", "COD_MANZA": 0, "PISO": null, "actualizad": null }, "geometry": { "type": "Point", "coordinates": [ -63.2700062, 9.972896 ] } },
{ "type": "Feature", "properties": { "id": null, "CONTROL": "0013", "SERIE": "03", "LINEA": "122", "COD_SEG": "SECTOR 003", "COD_MANZA": 0, "PISO": null, "actualizad": null }, "geometry": { "type": "Point", "coordinates": [ -63.2700625, 9.9727084 ] } },
{ "type": "Feature", "properties": { "id": null, "CONTROL": "0013", "SERIE": "04", "LINEA": "123", "COD_SEG": "SECTOR 003", "COD_MANZA": 0, "PISO": null, "actualizad": null }, "geometry": { "type": "Point", "coordinates": [ -63.2700276, 9.9726371 ] } },
{ "type": "Feature", "properties": { "id": null, "CONTROL": "0013", "SERIE": "16", "LINEA": "135", "COD_SEG": "SECTOR 003", "COD_MANZA": 0, "PISO": null, "actualizad": null }, "geometry": { "type": "Point", "coordinates": [ -63.2700732, 9.9725314 ] } },
{ "type": "Feature", "properties": { "id": null, "CONTROL": "0013", "SERIE": "05", "LINEA": "124", "COD_SEG": "SECTOR 003", "COD_MANZA": 0, "PISO": null, "actualizad": null }, "geometry": { "type": "Point", "coordinates": [ -63.270092, 9.972431 ] } },
{ "type": "Feature", "properties": { "id": null, "CONTROL": "0013", "SERIE": "06", "LINEA": "125", "COD_SEG": "SECTOR 003", "COD_MANZA": 0, "PISO": null, "actualizad": null }, "geometry": { "type": "Point", "coordinates": [ -63.2700437, 9.9719053 ] } },
{ "type": "Feature", "properties": { "id": null, "CONTROL": "0013", "SERIE": "07", "LINEA": "126", "COD_SEG": "SECTOR 003", "COD_MANZA": 0, "PISO": null, "actualizad": null }, "geometry": { "type": "Point", "coordinates": [ -63.2700518, 9.9717548 ] } },
{ "type": "Feature", "properties": { "id": null, "CONTROL": "0013", "SERIE": "08", "LINEA": "127", "COD_SEG": "SECTOR 003", "COD_MANZA": 0, "PISO": null, "actualizad": null }, "geometry": { "type": "Point", "coordinates": [ -63.2700706, 9.9716068 ] } },
{ "type": "Feature", "properties": { "id": null, "CONTROL": "0013", "SERIE": "09", "LINEA": "128", "COD_SEG": "SECTOR 003", "COD_MANZA": 0, "PISO": null, "actualizad": null }, "geometry": { "type": "Point", "coordinates": [ -63.2700679, 9.9715276 ] } },
{ "type": "Feature", "properties": { "id": null, "CONTROL": "0013", "SERIE": "10", "LINEA": "129", "COD_SEG": "SECTOR 003", "COD_MANZA": 0, "PISO": null, "actualizad": null }, "geometry": { "type": "Point", "coordinates": [ -63.2700598, 9.9713268 ] } },
{ "type": "Feature", "properties": { "id": null, "CONTROL": "0013", "SERIE": "11", "LINEA": "130", "COD_SEG": "SECTOR 003", "COD_MANZA": 0, "PISO": null, "actualizad": null }, "geometry": { "type": "Point", "coordinates": [ -63.2700215, 9.9712541 ] } },
{ "type": "Feature", "properties": { "id": null, "CONTROL": "0013", "SERIE": "17", "LINEA": "NO LO INDICAN", "COD_SEG": "SECTOR 003", "COD_MANZA": 0, "PISO": null, "actualizad": null }, "geometry": { "type": "Point", "coordinates": [ -63.2707725, 9.9709899 ] } },
{ "type": "Feature", "properties": { "id": null, "CONTROL": "0013", "SERIE": "12", "LINEA": "131", "COD_SEG": "SECTOR 003", "COD_MANZA": 0, "PISO": null, "actualizad": null }, "geometry": { "type": "Point", "coordinates": [ -63.2709656, 9.9704748 ] } },
{ "type": "Feature", "properties": { "id": null, "CONTROL": "0013", "SERIE": "13", "LINEA": "132", "COD_SEG": "SECTOR 003", "COD_MANZA": 0, "PISO": null, "actualizad": null }, "geometry": { "type": "Point", "coordinates": [ -63.2712714, 9.9705435 ] } },
{ "type": "Feature", "properties": { "id": null, "CONTROL": "0013", "SERIE": "14", "LINEA": "133", "COD_SEG": "SECTOR 003", "COD_MANZA": 0, "PISO": null, "actualizad": null }, "geometry": { "type": "Point", "coordinates": [ -63.2728259, 9.9699624 ] } },
{ "type": "Feature", "properties": { "id": null, "CONTROL": "0013", "SERIE": "15", "LINEA": "134", "COD_SEG": "SECTOR 003", "COD_MANZA": 0, "PISO": null, "actualizad": null }, "geometry": { "type": "Point", "coordinates": [ -63.2730137, 9.9696559 ] } },
{ "type": "Feature", "properties": { "id": null, "CONTROL": "2065", "SERIE": "01\n", "LINEA": "091", "COD_SEG": "024", "COD_MANZA": 5, "PISO": null, "actualizad": null }, "geometry": { "type": "Point", "coordinates": [ -63.2534627, 9.7119422 ] } },
{ "type": "Feature", "properties": { "id": null, "CONTROL": "2065", "SERIE": "02", "LINEA": "092", "COD_SEG": "024", "COD_MANZA": 5, "PISO": null, "actualizad": null }, "geometry": { "type": "Point", "coordinates": [ -63.2534372, 9.71188 ] } },
{ "type": "Feature", "properties": { "id": null, "CONTROL": "2065", "SERIE": "03", "LINEA": "093", "COD_SEG": "024", "COD_MANZA": 5, "PISO": null, "actualizad": null }, "geometry": { "type": "Point", "coordinates": [ -63.2534104, 9.7118272 ] } },
{ "type": "Feature", "properties": { "id": null, "CONTROL": "2065", "SERIE": "04", "LINEA": "094", "COD_SEG": "024", "COD_MANZA": 5, "PISO": null, "actualizad": null }, "geometry": { "type": "Point", "coordinates": [ -63.2533782, 9.7117492 ] } },
{ "type": "Feature", "properties": { "id": null, "CONTROL": "2065", "SERIE": "05", "LINEA": "095", "COD_SEG": "024", "COD_MANZA": 5, "PISO": null, "actualizad": null }, "geometry": { "type": "Point", "coordinates": [ -63.2533353, 9.7116699 ] } },
{ "type": "Feature", "properties": { "id": null, "CONTROL": "2065", "SERIE": "06", "LINEA": "096", "COD_SEG": "024", "COD_MANZA": 5, "PISO": null, "actualizad": null }, "geometry": { "type": "Point", "coordinates": [ -63.2533098, 9.7116223 ] } },
{ "type": "Feature", "properties": { "id": null, "CONTROL": "2065", "SERIE": "07", "LINEA": "097", "COD_SEG": "024", "COD_MANZA": 5, "PISO": null, "actualizad": null }, "geometry": { "type": "Point", "coordinates": [ -63.253287, 9.7115733 ] } },
{ "type": "Feature", "properties": { "id": null, "CONTROL": "2065", "SERIE": "08", "LINEA": "098", "COD_SEG": "024", "COD_MANZA": 5, "PISO": null, "actualizad": null }, "geometry": { "type": "Point", "coordinates": [ -63.2532682, 9.7115258 ] } },
{ "type": "Feature", "properties": { "id": null, "CONTROL": "2065", "SERIE": "09", "LINEA": "099", "COD_SEG": "024", "COD_MANZA": 5, "PISO": null, "actualizad": null }, "geometry": { "type": "Point", "coordinates": [ -63.2532388, 9.7114809 ] } },
{ "type": "Feature", "properties": { "id": null, "CONTROL": "2065", "SERIE": "10", "LINEA": "100", "COD_SEG": "024", "COD_MANZA": 5, "PISO": null, "actualizad": null }, "geometry": { "type": "Point", "coordinates": [ -63.2532173, 9.7114254 ] } },
{ "type": "Feature", "properties": { "id": null, "CONTROL": "2065", "SERIE": "11", "LINEA": "101", "COD_SEG": "024", "COD_MANZA": 5, "PISO": null, "actualizad": null }, "geometry": { "type": "Point", "coordinates": [ -63.2531959, 9.7113778 ] } },
{ "type": "Feature", "properties": { "id": null, "CONTROL": "2065", "SERIE": "12", "LINEA": "102", "COD_SEG": "024", "COD_MANZA": 5, "PISO": null, "actualizad": null }, "geometry": { "type": "Point", "coordinates": [ -63.2531784, 9.7113301 ] } },
{ "type": "Feature", "properties": { "id": null, "CONTROL": "2065", "SERIE": "13", "LINEA": "103", "COD_SEG": "024", "COD_MANZA": 5, "PISO": null, "actualizad": null }, "geometry": { "type": "Point", "coordinates": [ -63.2531596, 9.7112813 ] } },
{ "type": "Feature", "properties": { "id": null, "CONTROL": "2065", "SERIE": "14", "LINEA": "104", "COD_SEG": "024", "COD_MANZA": 5, "PISO": null, "actualizad": null }, "geometry": { "type": "Point", "coordinates": [ -63.2531301, 9.7112257 ] } },
{ "type": "Feature", "properties": { "id": null, "CONTROL": "2065", "SERIE": "15", "LINEA": "105", "COD_SEG": "024", "COD_MANZA": 5, "PISO": null, "actualizad": null }, "geometry": { "type": "Point", "coordinates": [ -63.2531032, 9.7111768 ] } },
{ "type": "Feature", "properties": { "id": null, "CONTROL": "3017", "SERIE": "01", "LINEA": "046", "COD_SEG": "018", "COD_MANZA": 2, "PISO": null, "actualizad": null }, "geometry": { "type": "Point", "coordinates": [ -63.6073687, 9.6976246 ] } },
{ "type": "Feature", "properties": { "id": null, "CONTROL": "3017", "SERIE": "02", "LINEA": "047", "COD_SEG": "018", "COD_MANZA": 2, "PISO": null, "actualizad": null }, "geometry": { "type": "Point", "coordinates": [ -63.6073459, 9.6975267 ] } },
{ "type": "Feature", "properties": { "id": null, "CONTROL": "3017", "SERIE": "03", "LINEA": "048", "COD_SEG": "018", "COD_MANZA": 2, "PISO": null, "actualizad": null }, "geometry": { "type": "Point", "coordinates": [ -63.6073406, 9.6973826 ] } },
{ "type": "Feature", "properties": { "id": null, "CONTROL": "3017", "SERIE": "04", "LINEA": "049", "COD_SEG": "018", "COD_MANZA": 2, "PISO": null, "actualizad": null }, "geometry": { "type": "Point", "coordinates": [ -63.6073285, 9.6972571 ] } },
{ "type": "Feature", "properties": { "id": null, "CONTROL": "3017", "SERIE": "05", "LINEA": "050", "COD_SEG": "018", "COD_MANZA": 2, "PISO": null, "actualizad": null }, "geometry": { "type": "Point", "coordinates": [ -63.6073097, 9.6968697 ] } },
{ "type": "Feature", "properties": { "id": null, "CONTROL": "3017", "SERIE": "06", "LINEA": "051", "COD_SEG": "018", "COD_MANZA": 2, "PISO": null, "actualizad": null }, "geometry": { "type": "Point", "coordinates": [ -63.6072984, 9.6967434 ] } },
{ "type": "Feature", "properties": { "id": null, "CONTROL": "3017", "SERIE": "07", "LINEA": "052", "COD_SEG": "018", "COD_MANZA": 2, "PISO": null, "actualizad": null }, "geometry": { "type": "Point", "coordinates": [ -63.6072836, 9.6965451 ] } },
{ "type": "Feature", "properties": { "id": null, "CONTROL": "3017", "SERIE": "08", "LINEA": "054", "COD_SEG": "018", "COD_MANZA": 2, "PISO": null, "actualizad": null }, "geometry": { "type": "Point", "coordinates": [ -63.6073091, 9.6963719 ] } },
{ "type": "Feature", "properties": { "id": null, "CONTROL": "3017", "SERIE": "09", "LINEA": "054", "COD_SEG": "018", "COD_MANZA": 2, "PISO": null, "actualizad": null }, "geometry": { "type": "Point", "coordinates": [ -63.6080105, 9.6962913 ] } },
{ "type": "Feature", "properties": { "id": null, "CONTROL": "3017", "SERIE": "10", "LINEA": "055", "COD_SEG": "018", "COD_MANZA": 2, "PISO": null, "actualizad": null }, "geometry": { "type": "Point", "coordinates": [ -63.6079944, 9.6964103 ] } },
{ "type": "Feature", "properties": { "id": null, "CONTROL": "3017", "SERIE": "11", "LINEA": "056", "COD_SEG": "018", "COD_MANZA": 2, "PISO": null, "actualizad": null }, "geometry": { "type": "Point", "coordinates": [ -63.6080038, 9.6966006 ] } },
{ "type": "Feature", "properties": { "id": null, "CONTROL": "3017", "SERIE": "12", "LINEA": "057", "COD_SEG": "018", "COD_MANZA": 2, "PISO": null, "actualizad": null }, "geometry": { "type": "Point", "coordinates": [ -63.6080288, 9.696787 ] } },
{ "type": "Feature", "properties": { "id": null, "CONTROL": "3017", "SERIE": "13", "LINEA": "058", "COD_SEG": "018", "COD_MANZA": 2, "PISO": null, "actualizad": null }, "geometry": { "type": "Point", "coordinates": [ -63.6080247, 9.6969813 ] } },
{ "type": "Feature", "properties": { "id": null, "CONTROL": "3017", "SERIE": "14", "LINEA": "059", "COD_SEG": "018", "COD_MANZA": 2, "PISO": null, "actualizad": null }, "geometry": { "type": "Point", "coordinates": [ -63.608018, 9.6973462 ] } },
{ "type": "Feature", "properties": { "id": null, "CONTROL": "3017", "SERIE": "15", "LINEA": "060", "COD_SEG": "018", "COD_MANZA": 2, "PISO": null, "actualizad": null }, "geometry": { "type": "Point", "coordinates": [ -63.6080449, 9.6974123 ] } },
{ "type": "Feature", "properties": { "id": null, "CONTROL": "0045", "SERIE": "01", "LINEA": "057", "COD_SEG": "084", "COD_MANZA": 1, "PISO": null, "actualizad": null }, "geometry": { "type": "Point", "coordinates": [ -63.2213215, 9.7103504 ] } },
{ "type": "Feature", "properties": { "id": null, "CONTROL": "0045", "SERIE": "02", "LINEA": "058", "COD_SEG": "084", "COD_MANZA": 1, "PISO": null, "actualizad": null }, "geometry": { "type": "Point", "coordinates": [ -63.2214006, 9.7103464 ] } },
{ "type": "Feature", "properties": { "id": null, "CONTROL": "0045", "SERIE": "03", "LINEA": "059", "COD_SEG": "084", "COD_MANZA": 1, "PISO": null, "actualizad": null }, "geometry": { "type": "Point", "coordinates": [ -63.2215133, 9.7103239 ] } },
{ "type": "Feature", "properties": { "id": null, "CONTROL": "0045", "SERIE": "04", "LINEA": "060", "COD_SEG": "084", "COD_MANZA": 1, "PISO": null, "actualizad": null }, "geometry": { "type": "Point", "coordinates": [ -63.221587, 9.7103239 ] } },
{ "type": "Feature", "properties": { "id": null, "CONTROL": "0045", "SERIE": "05", "LINEA": "061", "COD_SEG": "084", "COD_MANZA": 1, "PISO": null, "actualizad": null }, "geometry": { "type": "Point", "coordinates": [ -63.2216889, 9.7103028 ] } },
{ "type": "Feature", "properties": { "id": null, "CONTROL": "0045", "SERIE": "06", "LINEA": "062", "COD_SEG": "084", "COD_MANZA": 1, "PISO": null, "actualizad": null }, "geometry": { "type": "Point", "coordinates": [ -63.2217681, 9.7102988 ] } },
{ "type": "Feature", "properties": { "id": null, "CONTROL": "0045", "SERIE": "07", "LINEA": "063", "COD_SEG": "084", "COD_MANZA": 1, "PISO": null, "actualizad": null }, "geometry": { "type": "Point", "coordinates": [ -63.2218606, 9.7102856 ] } },
{ "type": "Feature", "properties": { "id": null, "CONTROL": "0045", "SERIE": "08", "LINEA": "064", "COD_SEG": "084", "COD_MANZA": 1, "PISO": null, "actualizad": null }, "geometry": { "type": "Point", "coordinates": [ -63.2219531, 9.7102803 ] } },
{ "type": "Feature", "properties": { "id": null, "CONTROL": "0045", "SERIE": "09", "LINEA": "065", "COD_SEG": "084", "COD_MANZA": 1, "PISO": null, "actualizad": null }, "geometry": { "type": "Point", "coordinates": [ -63.2219692, 9.7104495 ] } },
{ "type": "Feature", "properties": { "id": null, "CONTROL": "0045", "SERIE": "10", "LINEA": "066", "COD_SEG": "084", "COD_MANZA": 1, "PISO": null, "actualizad": null }, "geometry": { "type": "Point", "coordinates": [ -63.2218874, 9.7104614 ] } },
{ "type": "Feature", "properties": { "id": null, "CONTROL": "0045", "SERIE": "11", "LINEA": "067", "COD_SEG": "084", "COD_MANZA": 1, "PISO": null, "actualizad": null }, "geometry": { "type": "Point", "coordinates": [ -63.2217842, 9.7104825 ] } },
{ "type": "Feature", "properties": { "id": null, "CONTROL": "0045", "SERIE": "12", "LINEA": "068", "COD_SEG": "084", "COD_MANZA": 1, "PISO": null, "actualizad": null }, "geometry": { "type": "Point", "coordinates": [ -63.2216956, 9.7104997 ] } },
{ "type": "Feature", "properties": { "id": null, "CONTROL": "0045", "SERIE": "13", "LINEA": "069", "COD_SEG": "084", "COD_MANZA": 1, "PISO": null, "actualizad": null }, "geometry": { "type": "Point", "coordinates": [ -63.2216045, 9.7104878 ] } },
{ "type": "Feature", "properties": { "id": null, "CONTROL": "0045", "SERIE": "14", "LINEA": "070", "COD_SEG": "084", "COD_MANZA": 1, "PISO": null, "actualizad": null }, "geometry": { "type": "Point", "coordinates": [ -63.221532, 9.7104918 ] } },
{ "type": "Feature", "properties": { "id": null, "CONTROL": "0045", "SERIE": "15", "LINEA": "071", "COD_SEG": "084", "COD_MANZA": 1, "PISO": null, "actualizad": null }, "geometry": { "type": "Point", "coordinates": [ -63.221418, 9.7105024 ] } },
{ "type": "Feature", "properties": { "id": null, "CONTROL": "0066", "SERIE": "01", "LINEA": "001", "COD_SEG": "065", "COD_MANZA": 1, "PISO": null, "actualizad": null }, "geometry": { "type": "Point", "coordinates": [ -63.1878767, 9.7408729 ] } },
{ "type": "Feature", "properties": { "id": null, "CONTROL": "0066", "SERIE": "02", "LINEA": "002", "COD_SEG": "065", "COD_MANZA": 1, "PISO": null, "actualizad": null }, "geometry": { "type": "Point", "coordinates": [ -63.1878151, 9.7408809 ] } },
{ "type": "Feature", "properties": { "id": null, "CONTROL": "0066", "SERIE": "03", "LINEA": "003", "COD_SEG": "065", "COD_MANZA": 1, "PISO": null, "actualizad": null }, "geometry": { "type": "Point", "coordinates": [ -63.187756, 9.7408729 ] } },
{ "type": "Feature", "properties": { "id": null, "CONTROL": "0066", "SERIE": "04", "LINEA": "004", "COD_SEG": "065", "COD_MANZA": 1, "PISO": null, "actualizad": null }, "geometry": { "type": "Point", "coordinates": [ -63.1876032, 9.7409073 ] } },
{ "type": "Feature", "properties": { "id": null, "CONTROL": "0066", "SERIE": "05", "LINEA": "005", "COD_SEG": "065", "COD_MANZA": 1, "PISO": null, "actualizad": null }, "geometry": { "type": "Point", "coordinates": [ -63.1871034, 9.7410263 ] } },
{ "type": "Feature", "properties": { "id": null, "CONTROL": "0066", "SERIE": "06", "LINEA": "006", "COD_SEG": "065", "COD_MANZA": 1, "PISO": null, "actualizad": null }, "geometry": { "type": "Point", "coordinates": [ -63.1870842, 9.7409272 ] } },
{ "type": "Feature", "properties": { "id": null, "CONTROL": "0066", "SERIE": "07", "LINEA": "007", "COD_SEG": "065", "COD_MANZA": 1, "PISO": null, "actualizad": null }, "geometry": { "type": "Point", "coordinates": [ -63.1870521, 9.7408479 ] } },
{ "type": "Feature", "properties": { "id": null, "CONTROL": "0066", "SERIE": "08", "LINEA": "008", "COD_SEG": "065", "COD_MANZA": 1, "PISO": null, "actualizad": null }, "geometry": { "type": "Point", "coordinates": [ -63.1870145, 9.7407659 ] } },
{ "type": "Feature", "properties": { "id": null, "CONTROL": "0066", "SERIE": "09", "LINEA": "009", "COD_SEG": "065", "COD_MANZA": 1, "PISO": null, "actualizad": null }, "geometry": { "type": "Point", "coordinates": [ -63.1869957, 9.740676 ] } },
{ "type": "Feature", "properties": { "id": null, "CONTROL": "0066", "SERIE": "10", "LINEA": "010", "COD_SEG": "065", "COD_MANZA": 1, "PISO": null, "actualizad": null }, "geometry": { "type": "Point", "coordinates": [ -63.1869636, 9.7406033 ] } },
{ "type": "Feature", "properties": { "id": null, "CONTROL": "0066", "SERIE": "C-13", "LINEA": "TALLER MECANICO", "COD_SEG": "065", "COD_MANZA": 1, "PISO": null, "actualizad": null }, "geometry": { "type": "Point", "coordinates": [ -63.1868992, 9.7405439 ] } },
{ "type": "Feature", "properties": { "id": null, "CONTROL": "0066", "SERIE": "12", "LINEA": "012", "COD_SEG": "065", "COD_MANZA": 1, "PISO": null, "actualizad": null }, "geometry": { "type": "Point", "coordinates": [ -63.1868844, 9.7404527 ] } },
{ "type": "Feature", "properties": { "id": null, "CONTROL": "0066", "SERIE": "C-13", "LINEA": "TALLER MARMOLERIA", "COD_SEG": "065", "COD_MANZA": 1, "PISO": null, "actualizad": null }, "geometry": { "type": "Point", "coordinates": [ -63.1868455, 9.740413 ] } },
{ "type": "Feature", "properties": { "id": null, "CONTROL": "0066", "SERIE": "14", "LINEA": "014", "COD_SEG": "065", "COD_MANZA": 1, "PISO": null, "actualizad": null }, "geometry": { "type": "Point", "coordinates": [ -63.1868428, 9.7402703 ] } },
{ "type": "Feature", "properties": { "id": null, "CONTROL": "0066", "SERIE": "17", "LINEA": "017", "COD_SEG": "065", "COD_MANZA": 1, "PISO": null, "actualizad": null }, "geometry": { "type": "Point", "coordinates": [ -63.1868415, 9.7402121 ] } },
{ "type": "Feature", "properties": { "id": null, "CONTROL": "0066", "SERIE": "16", "LINEA": "016", "COD_SEG": "065", "COD_MANZA": 1, "PISO": null, "actualizad": null }, "geometry": { "type": "Point", "coordinates": [ -63.1867302, 9.7400839 ] } },
{ "type": "Feature", "properties": { "id": null, "CONTROL": "0083", "SERIE": "01", "LINEA": "001", "COD_SEG": "SECTOR 003", "COD_MANZA": 0, "PISO": null, "actualizad": null }, "geometry": { "type": "Point", "coordinates": [ -63.0699114, 9.6850744 ] } },
{ "type": "Feature", "properties": { "id": null, "CONTROL": "0083", "SERIE": "02", "LINEA": "002", "COD_SEG": "SECTOR 003", "COD_MANZA": 0, "PISO": null, "actualizad": null }, "geometry": { "type": "Point", "coordinates": [ -63.0693589, 9.6848365 ] } },
{ "type": "Feature", "properties": { "id": null, "CONTROL": "0083", "SERIE": "03", "LINEA": "003", "COD_SEG": "SECTOR 003", "COD_MANZA": 0, "PISO": null, "actualizad": null }, "geometry": { "type": "Point", "coordinates": [ -63.068581, 9.6841702 ] } },
{ "type": "Feature", "properties": { "id": null, "CONTROL": "0083", "SERIE": "CENTRO DE RECREACION\n", "LINEA": null, "COD_SEG": "SECTOR 003", "COD_MANZA": 0, "PISO": null, "actualizad": null }, "geometry": { "type": "Point", "coordinates": [ -63.0679427, 9.6838688 ] } },
{ "type": "Feature", "properties": { "id": null, "CONTROL": "0083", "SERIE": "04", "LINEA": "004", "COD_SEG": "SECTOR 003", "COD_MANZA": 0, "PISO": null, "actualizad": null }, "geometry": { "type": "Point", "coordinates": [ -63.0667035, 9.6831152 ] } },
{ "type": "Feature", "properties": { "id": null, "CONTROL": "0083", "SERIE": "05", "LINEA": "005", "COD_SEG": "SECTOR 003", "COD_MANZA": 0, "PISO": null, "actualizad": null }, "geometry": { "type": "Point", "coordinates": [ -63.066159, 9.683147 ] } },
{ "type": "Feature", "properties": { "id": null, "CONTROL": "0083", "SERIE": "06", "LINEA": "006", "COD_SEG": "SECTOR 003", "COD_MANZA": 0, "PISO": null, "actualizad": null }, "geometry": { "type": "Point", "coordinates": [ -63.0657057, 9.6830068 ] } },
{ "type": "Feature", "properties": { "id": null, "CONTROL": "0083", "SERIE": "07", "LINEA": "007", "COD_SEG": "SECTOR 003", "COD_MANZA": 0, "PISO": null, "actualizad": null }, "geometry": { "type": "Point", "coordinates": [ -63.0621377, 9.6806774 ] } },
{ "type": "Feature", "properties": { "id": null, "CONTROL": "0083", "SERIE": "08", "LINEA": "008", "COD_SEG": "SECTOR 003", "COD_MANZA": 0, "PISO": null, "actualizad": null }, "geometry": { "type": "Point", "coordinates": [ -63.0613757, 9.6797083 ] } },
{ "type": "Feature", "properties": { "id": null, "CONTROL": "0083", "SERIE": "10", "LINEA": "010", "COD_SEG": "SECTOR 003", "COD_MANZA": 0, "PISO": null, "actualizad": null }, "geometry": { "type": "Point", "coordinates": [ -63.0608992, 9.6787331 ] } },
{ "type": "Feature", "properties": { "id": null, "CONTROL": "0083", "SERIE": "09", "LINEA": "009", "COD_SEG": "SECTOR 003", "COD_MANZA": 0, "PISO": null, "actualizad": null }, "geometry": { "type": "Point", "coordinates": [ -63.0608885, 9.6786088 ] } },
{ "type": "Feature", "properties": { "id": null, "CONTROL": "0083", "SERIE": "13", "LINEA": "013", "COD_SEG": "SECTOR 003", "COD_MANZA": 0, "PISO": null, "actualizad": null }, "geometry": { "type": "Point", "coordinates": [ -63.0607544, 9.6784502 ] } },
{ "type": "Feature", "properties": { "id": null, "CONTROL": "2057", "SERIE": "01", "LINEA": "104", "COD_SEG": "070", "COD_MANZA": 2, "PISO": null, "actualizad": null }, "geometry": { "type": "Point", "coordinates": [ -63.2528579, 9.7016883 ] } },
{ "type": "Feature", "properties": { "id": null, "CONTROL": "2057", "SERIE": "02", "LINEA": "105", "COD_SEG": "070", "COD_MANZA": 2, "PISO": null, "actualizad": null }, "geometry": { "type": "Point", "coordinates": [ -63.2530296, 9.7019579 ] } },
{ "type": "Feature", "properties": { "id": null, "CONTROL": "2057", "SERIE": "03", "LINEA": "106", "COD_SEG": "070", "COD_MANZA": 2, "PISO": null, "actualizad": null }, "geometry": { "type": "Point", "coordinates": [ -63.2529384, 9.7020069 ] } },
{ "type": "Feature", "properties": { "id": null, "CONTROL": "2057", "SERIE": "04", "LINEA": "107", "COD_SEG": "070", "COD_MANZA": 2, "PISO": null, "actualizad": null }, "geometry": { "type": "Point", "coordinates": [ -63.2528592, 9.7020517 ] } },
{ "type": "Feature", "properties": { "id": null, "CONTROL": "2057", "SERIE": "05", "LINEA": "108", "COD_SEG": "070", "COD_MANZA": 2, "PISO": null, "actualizad": null }, "geometry": { "type": "Point", "coordinates": [ -63.2527854, 9.7020968 ] } },
{ "type": "Feature", "properties": { "id": null, "CONTROL": "2057", "SERIE": "06", "LINEA": "109", "COD_SEG": "070", "COD_MANZA": 2, "PISO": null, "actualizad": null }, "geometry": { "type": "Point", "coordinates": [ -63.2527103, 9.7021377 ] } },
{ "type": "Feature", "properties": { "id": null, "CONTROL": "2057", "SERIE": "07", "LINEA": "110", "COD_SEG": "070", "COD_MANZA": 2, "PISO": null, "actualizad": null }, "geometry": { "type": "Point", "coordinates": [ -63.2526312, 9.7021839 ] } },
{ "type": "Feature", "properties": { "id": null, "CONTROL": "2057", "SERIE": "08", "LINEA": "111", "COD_SEG": "070", "COD_MANZA": 2, "PISO": null, "actualizad": null }, "geometry": { "type": "Point", "coordinates": [ -63.2525614, 9.7022262 ] } },
{ "type": "Feature", "properties": { "id": null, "CONTROL": "2057", "SERIE": "09", "LINEA": "112", "COD_SEG": "070", "COD_MANZA": 2, "PISO": null, "actualizad": null }, "geometry": { "type": "Point", "coordinates": [ -63.2524837, 9.7022646 ] } },
{ "type": "Feature", "properties": { "id": null, "CONTROL": "2057", "SERIE": "10", "LINEA": "113", "COD_SEG": "070", "COD_MANZA": 2, "PISO": null, "actualizad": null }, "geometry": { "type": "Point", "coordinates": [ -63.2524219, 9.7023003 ] } },
{ "type": "Feature", "properties": { "id": null, "CONTROL": "2057", "SERIE": "11", "LINEA": "114", "COD_SEG": "070", "COD_MANZA": 2, "PISO": null, "actualizad": null }, "geometry": { "type": "Point", "coordinates": [ -63.2523401, 9.7023439 ] } },
{ "type": "Feature", "properties": { "id": null, "CONTROL": "2057", "SERIE": "12", "LINEA": "115", "COD_SEG": "070", "COD_MANZA": 2, "PISO": null, "actualizad": null }, "geometry": { "type": "Point", "coordinates": [ -63.2522302, 9.7023994 ] } },
{ "type": "Feature", "properties": { "id": null, "CONTROL": "2057", "SERIE": "13", "LINEA": "116", "COD_SEG": "070", "COD_MANZA": 2, "PISO": null, "actualizad": null }, "geometry": { "type": "Point", "coordinates": [ -63.2521538, 9.7024576 ] } },
{ "type": "Feature", "properties": { "id": null, "CONTROL": "2057", "SERIE": "14", "LINEA": "117", "COD_SEG": "070", "COD_MANZA": 2, "PISO": null, "actualizad": null }, "geometry": { "type": "Point", "coordinates": [ -63.2520545, 9.7025065 ] } },
{ "type": "Feature", "properties": { "id": null, "CONTROL": "2057", "SERIE": "15", "LINEA": "118", "COD_SEG": "070", "COD_MANZA": 3, "PISO": null, "actualizad": null }, "geometry": { "type": "Point", "coordinates": [ -63.2525694, 9.7015804 ] } },
{ "type": "Feature", "properties": { "id": null, "CONTROL": "2069", "SERIE": "01", "LINEA": "001", "COD_SEG": "001", "COD_MANZA": 3, "PISO": null, "actualizad": null }, "geometry": { "type": "Point", "coordinates": [ -63.4094836, 9.6852893 ] } },
{ "type": "Feature", "properties": { "id": null, "CONTROL": "2069", "SERIE": "15", "LINEA": "002", "COD_SEG": "001", "COD_MANZA": 3, "PISO": null, "actualizad": null }, "geometry": { "type": "Point", "coordinates": [ -63.4094675, 9.6851623 ] } },
{ "type": "Feature", "properties": { "id": null, "CONTROL": "2069", "SERIE": "02", "LINEA": "003", "COD_SEG": "001", "COD_MANZA": 3, "PISO": null, "actualizad": null }, "geometry": { "type": "Point", "coordinates": [ -63.4094407, 9.6849667 ] } },
{ "type": "Feature", "properties": { "id": null, "CONTROL": "2069", "SERIE": "08", "LINEA": "009", "COD_SEG": "001", "COD_MANZA": 3, "PISO": null, "actualizad": null }, "geometry": { "type": "Point", "coordinates": [ -63.4094541, 9.6846362 ] } },
{ "type": "Feature", "properties": { "id": null, "CONTROL": "2069", "SERIE": "03", "LINEA": "004", "COD_SEG": "001", "COD_MANZA": 3, "PISO": null, "actualizad": null }, "geometry": { "type": "Point", "coordinates": [ -63.4093414, 9.6841312 ] } },
{ "type": "Feature", "properties": { "id": null, "CONTROL": "2069", "SERIE": "04", "LINEA": "005", "COD_SEG": "001", "COD_MANZA": 3, "PISO": null, "actualizad": null }, "geometry": { "type": "Point", "coordinates": [ -63.4094756, 9.6841074 ] } },
{ "type": "Feature", "properties": { "id": null, "CONTROL": "2069", "SERIE": "05", "LINEA": "006", "COD_SEG": "001", "COD_MANZA": 3, "PISO": null, "actualizad": null }, "geometry": { "type": "Point", "coordinates": [ -63.4096794, 9.6840915 ] } },
{ "type": "Feature", "properties": { "id": null, "CONTROL": "2069", "SERIE": "06", "LINEA": "007", "COD_SEG": "001", "COD_MANZA": 3, "PISO": null, "actualizad": null }, "geometry": { "type": "Point", "coordinates": [ -63.4096392, 9.6844062 ] } },
{ "type": "Feature", "properties": { "id": null, "CONTROL": "2069", "SERIE": "07", "LINEA": "008", "COD_SEG": "001", "COD_MANZA": 3, "PISO": null, "actualizad": null }, "geometry": { "type": "Point", "coordinates": [ -63.4096901, 9.6845437 ] } },
{ "type": "Feature", "properties": { "id": null, "CONTROL": "2069", "SERIE": "09", "LINEA": "010", "COD_SEG": "001", "COD_MANZA": 3, "PISO": null, "actualizad": null }, "geometry": { "type": "Point", "coordinates": [ -63.4097062, 9.6847102 ] } },
{ "type": "Feature", "properties": { "id": null, "CONTROL": "2069", "SERIE": "10", "LINEA": "011", "COD_SEG": "001", "COD_MANZA": 3, "PISO": null, "actualizad": null }, "geometry": { "type": "Point", "coordinates": [ -63.4097813, 9.6848874 ] } },
{ "type": "Feature", "properties": { "id": null, "CONTROL": "2069", "SERIE": "11", "LINEA": "012", "COD_SEG": "001", "COD_MANZA": 3, "PISO": null, "actualizad": null }, "geometry": { "type": "Point", "coordinates": [ -63.4098162, 9.6850275 ] } },
{ "type": "Feature", "properties": { "id": null, "CONTROL": "2069", "SERIE": "12", "LINEA": "013", "COD_SEG": "001", "COD_MANZA": 3, "PISO": null, "actualizad": null }, "geometry": { "type": "Point", "coordinates": [ -63.409835, 9.685128 ] } },
{ "type": "Feature", "properties": { "id": null, "CONTROL": "2069", "SERIE": "13", "LINEA": "014", "COD_SEG": "001", "COD_MANZA": 3, "PISO": null, "actualizad": null }, "geometry": { "type": "Point", "coordinates": [ -63.4098672, 9.6852417 ] } },
{ "type": "Feature", "properties": { "id": null, "CONTROL": "2069", "SERIE": "14", "LINEA": "015", "COD_SEG": "001", "COD_MANZA": 3, "PISO": null, "actualizad": null }, "geometry": { "type": "Point", "coordinates": [ -63.4098967, 9.6853606 ] } },
{ "type": "Feature", "properties": { "id": null, "CONTROL": "2081", "SERIE": "11", "LINEA": "026", "COD_SEG": "048", "COD_MANZA": 26, "PISO": null, "actualizad": null }, "geometry": { "type": "Point", "coordinates": [ -63.2463013, 9.7092702 ] } },
{ "type": "Feature", "properties": { "id": null, "CONTROL": "2081", "SERIE": "16", "LINEA": "031", "COD_SEG": "048", "COD_MANZA": 26, "PISO": null, "actualizad": null }, "geometry": { "type": "Point", "coordinates": [ -63.2464099, 9.7092437 ] } },
{ "type": "Feature", "properties": { "id": null, "CONTROL": "2081", "SERIE": "10", "LINEA": "025", "COD_SEG": "048", "COD_MANZA": 26, "PISO": null, "actualizad": null }, "geometry": { "type": "Point", "coordinates": [ -63.2465159, 9.7092173 ] } },
{ "type": "Feature", "properties": { "id": null, "CONTROL": "2081", "SERIE": "09", "LINEA": "024", "COD_SEG": "048", "COD_MANZA": 26, "PISO": null, "actualizad": null }, "geometry": { "type": "Point", "coordinates": [ -63.2466098, 9.7091816 ] } },
{ "type": "Feature", "properties": { "id": null, "CONTROL": "2081", "SERIE": "08", "LINEA": "023", "COD_SEG": "048", "COD_MANZA": 26, "PISO": null, "actualizad": null }, "geometry": { "type": "Point", "coordinates": [ -63.2466862, 9.7091552 ] } },
{ "type": "Feature", "properties": { "id": null, "CONTROL": "2081", "SERIE": "07", "LINEA": "022", "COD_SEG": "048", "COD_MANZA": 26, "PISO": null, "actualizad": null }, "geometry": { "type": "Point", "coordinates": [ -63.2467734, 9.70913 ] } },
{ "type": "Feature", "properties": { "id": null, "CONTROL": "2081", "SERIE": "06", "LINEA": "021", "COD_SEG": "048", "COD_MANZA": 26, "PISO": null, "actualizad": null }, "geometry": { "type": "Point", "coordinates": [ -63.24687, 9.7091009 ] } },
{ "type": "Feature", "properties": { "id": null, "CONTROL": "2081", "SERIE": "05", "LINEA": "020", "COD_SEG": "048", "COD_MANZA": 26, "PISO": null, "actualizad": null }, "geometry": { "type": "Point", "coordinates": [ -63.2469531, 9.7090758 ] } },
{ "type": "Feature", "properties": { "id": null, "CONTROL": "2081", "SERIE": "04", "LINEA": "019", "COD_SEG": "048", "COD_MANZA": 26, "PISO": null, "actualizad": null }, "geometry": { "type": "Point", "coordinates": [ -63.2470443, 9.7090414 ] } },
{ "type": "Feature", "properties": { "id": null, "CONTROL": "2081", "SERIE": "03", "LINEA": "018", "COD_SEG": "048", "COD_MANZA": 26, "PISO": null, "actualizad": null }, "geometry": { "type": "Point", "coordinates": [ -63.2471409, 9.7090217 ] } },
{ "type": "Feature", "properties": { "id": null, "CONTROL": "2081", "SERIE": "02", "LINEA": "017", "COD_SEG": "048", "COD_MANZA": 26, "PISO": null, "actualizad": null }, "geometry": { "type": "Point", "coordinates": [ -63.247224, 9.7089925 ] } },
{ "type": "Feature", "properties": { "id": null, "CONTROL": "2081", "SERIE": "01", "LINEA": "016", "COD_SEG": "048", "COD_MANZA": 26, "PISO": null, "actualizad": null }, "geometry": { "type": "Point", "coordinates": [ -63.2473098, 9.7089608 ] } },
{ "type": "Feature", "properties": { "id": null, "CONTROL": "2081", "SERIE": "12", "LINEA": "027", "COD_SEG": "048", "COD_MANZA": 28, "PISO": null, "actualizad": null }, "geometry": { "type": "Point", "coordinates": [ -63.2449079, 9.7094262 ] } },
{ "type": "Feature", "properties": { "id": null, "CONTROL": "2081", "SERIE": "13", "LINEA": "028", "COD_SEG": "048", "COD_MANZA": 28, "PISO": null, "actualizad": null }, "geometry": { "type": "Point", "coordinates": [ -63.2450018, 9.7094024 ] } },
{ "type": "Feature", "properties": { "id": null, "CONTROL": "2081", "SERIE": "14", "LINEA": "029", "COD_SEG": "048", "COD_MANZA": 28, "PISO": null, "actualizad": null }, "geometry": { "type": "Point", "coordinates": [ -63.2450917, 9.7093732 ] } },
{ "type": "Feature", "properties": { "id": null, "CONTROL": "2081", "SERIE": "15", "LINEA": "030", "COD_SEG": "048", "COD_MANZA": 28, "PISO": null, "actualizad": null }, "geometry": { "type": "Point", "coordinates": [ -63.2452647, 9.7093111 ] } },
{ "type": "Feature", "properties": { "id": null, "CONTROL": "2091", "SERIE": "01", "LINEA": "116", "COD_SEG": "053", "COD_MANZA": 3, "PISO": null, "actualizad": null }, "geometry": { "type": "Point", "coordinates": [ -63.1905078, 9.741313 ] } },
{ "type": "Feature", "properties": { "id": null, "CONTROL": "2091", "SERIE": "02", "LINEA": "117", "COD_SEG": "053", "COD_MANZA": 3, "PISO": null, "actualizad": null }, "geometry": { "type": "Point", "coordinates": [ -63.1905105, 9.7411835 ] } },
{ "type": "Feature", "properties": { "id": null, "CONTROL": "2091", "SERIE": "03", "LINEA": "118", "COD_SEG": "053", "COD_MANZA": 3, "PISO": null, "actualizad": null }, "geometry": { "type": "Point", "coordinates": [ -63.190521, 9.7410816 ] } },
{ "type": "Feature", "properties": { "id": null, "CONTROL": "2091", "SERIE": "04", "LINEA": "119", "COD_SEG": "053", "COD_MANZA": 3, "PISO": null, "actualizad": null }, "geometry": { "type": "Point", "coordinates": [ -63.1905197, 9.7409362 ] } },
{ "type": "Feature", "properties": { "id": null, "CONTROL": "2091", "SERIE": "05", "LINEA": "120", "COD_SEG": "053", "COD_MANZA": 3, "PISO": null, "actualizad": null }, "geometry": { "type": "Point", "coordinates": [ -63.1905371, 9.7408477 ] } },
{ "type": "Feature", "properties": { "id": null, "CONTROL": "2091", "SERIE": "06", "LINEA": "121", "COD_SEG": "053", "COD_MANZA": 3, "PISO": null, "actualizad": null }, "geometry": { "type": "Point", "coordinates": [ -63.1907517, 9.7409045 ] } },
{ "type": "Feature", "properties": { "id": null, "CONTROL": "2091", "SERIE": "07", "LINEA": "122", "COD_SEG": "053", "COD_MANZA": 3, "PISO": null, "actualizad": null }, "geometry": { "type": "Point", "coordinates": [ -63.1908577, 9.7409309 ] } },
{ "type": "Feature", "properties": { "id": null, "CONTROL": "2091", "SERIE": "08", "LINEA": "123", "COD_SEG": "053", "COD_MANZA": 3, "PISO": null, "actualizad": null }, "geometry": { "type": "Point", "coordinates": [ -63.190749, 9.7412244 ] } },
{ "type": "Feature", "properties": { "id": null, "CONTROL": "2091", "SERIE": "09", "LINEA": "124", "COD_SEG": "053", "COD_MANZA": 3, "PISO": null, "actualizad": null }, "geometry": { "type": "Point", "coordinates": [ -63.1908456, 9.7412561 ] } },
{ "type": "Feature", "properties": { "id": null, "CONTROL": "2091", "SERIE": "10", "LINEA": "125", "COD_SEG": "053", "COD_MANZA": 3, "PISO": null, "actualizad": null }, "geometry": { "type": "Point", "coordinates": [ -63.1908966, 9.7411622 ] } },
{ "type": "Feature", "properties": { "id": null, "CONTROL": "2091", "SERIE": "11", "LINEA": "126", "COD_SEG": "053", "COD_MANZA": 3, "PISO": null, "actualizad": null }, "geometry": { "type": "Point", "coordinates": [ -63.1909475, 9.7411054 ] } },
{ "type": "Feature", "properties": { "id": null, "CONTROL": "2091", "SERIE": "12", "LINEA": "127", "COD_SEG": "053", "COD_MANZA": 3, "PISO": null, "actualizad": null }, "geometry": { "type": "Point", "coordinates": [ -63.1910441, 9.7409508 ] } },
{ "type": "Feature", "properties": { "id": null, "CONTROL": "2091", "SERIE": "13", "LINEA": "128", "COD_SEG": "053", "COD_MANZA": 3, "PISO": null, "actualizad": null }, "geometry": { "type": "Point", "coordinates": [ -63.1911822, 9.7409798 ] } },
{ "type": "Feature", "properties": { "id": null, "CONTROL": "2091", "SERIE": "14", "LINEA": "129", "COD_SEG": "053", "COD_MANZA": 3, "PISO": null, "actualizad": null }, "geometry": { "type": "Point", "coordinates": [ -63.1912949, 9.7409931 ] } },
{ "type": "Feature", "properties": { "id": null, "CONTROL": "2091", "SERIE": "15", "LINEA": "130", "COD_SEG": "053", "COD_MANZA": 3, "PISO": null, "actualizad": null }, "geometry": { "type": "Point", "coordinates": [ -63.1913579, 9.7410327 ] } },
{ "type": "Feature", "properties": { "id": null, "CONTROL": "2091", "SERIE": "16", "LINEA": "131", "COD_SEG": "053", "COD_MANZA": 3, "PISO": null, "actualizad": null }, "geometry": { "type": "Point", "coordinates": [ -63.1906458, 9.7408503 ] } },
{ "type": "Feature", "properties": { "id": null, "CONTROL": "2091", "SERIE": "17", "LINEA": "132", "COD_SEG": "053", "COD_MANZA": 3, "PISO": null, "actualizad": null }, "geometry": { "type": "Point", "coordinates": [ -63.190804, 9.7412891 ] } },
{ "type": "Feature", "properties": { "id": null, "CONTROL": "3022", "SERIE": "01", "LINEA": "001", "COD_SEG": "007", "COD_MANZA": 1, "PISO": null, "actualizad": null }, "geometry": { "type": "Point", "coordinates": [ -62.6510469, 9.0116856 ] } },
{ "type": "Feature", "properties": { "id": null, "CONTROL": "3022", "SERIE": "02", "LINEA": "002", "COD_SEG": "007", "COD_MANZA": 1, "PISO": null, "actualizad": null }, "geometry": { "type": "Point", "coordinates": [ -62.650953, 9.0117307 ] } },
{ "type": "Feature", "properties": { "id": null, "CONTROL": "3022", "SERIE": "03", "LINEA": "003", "COD_SEG": "007", "COD_MANZA": 1, "PISO": null, "actualizad": null }, "geometry": { "type": "Point", "coordinates": [ -62.6508404, 9.0117757 ] } },
{ "type": "Feature", "properties": { "id": null, "CONTROL": "3022", "SERIE": "04", "LINEA": "004", "COD_SEG": "007", "COD_MANZA": 1, "PISO": null, "actualizad": null }, "geometry": { "type": "Point", "coordinates": [ -62.6507599, 9.0118419 ] } },
{ "type": "Feature", "properties": { "id": null, "CONTROL": "3022", "SERIE": "05", "LINEA": "005", "COD_SEG": "007", "COD_MANZA": 1, "PISO": null, "actualizad": null }, "geometry": { "type": "Point", "coordinates": [ -62.6506687, 9.011887 ] } },
{ "type": "Feature", "properties": { "id": null, "CONTROL": "3022", "SERIE": "06", "LINEA": "006", "COD_SEG": "007", "COD_MANZA": 1, "PISO": null, "actualizad": null }, "geometry": { "type": "Point", "coordinates": [ -62.6505561, 9.011932 ] } },
{ "type": "Feature", "properties": { "id": null, "CONTROL": "3022", "SERIE": "07", "LINEA": "007", "COD_SEG": "007", "COD_MANZA": 1, "PISO": null, "actualizad": null }, "geometry": { "type": "Point", "coordinates": [ -62.6504542, 9.0120008 ] } },
{ "type": "Feature", "properties": { "id": null, "CONTROL": "3022", "SERIE": "08", "LINEA": "008", "COD_SEG": "007", "COD_MANZA": 1, "PISO": null, "actualizad": null }, "geometry": { "type": "Point", "coordinates": [ -62.6502477, 9.0121069 ] } },
{ "type": "Feature", "properties": { "id": null, "CONTROL": "3022", "SERIE": "09", "LINEA": "009", "COD_SEG": "007", "COD_MANZA": 1, "PISO": null, "actualizad": null }, "geometry": { "type": "Point", "coordinates": [ -62.650092, 9.0118975 ] } },
{ "type": "Feature", "properties": { "id": null, "CONTROL": "3022", "SERIE": "10", "LINEA": "010", "COD_SEG": "007", "COD_MANZA": 1, "PISO": null, "actualizad": null }, "geometry": { "type": "Point", "coordinates": [ -62.6500518, 9.011728 ] } },
{ "type": "Feature", "properties": { "id": null, "CONTROL": "3022", "SERIE": "11", "LINEA": "011", "COD_SEG": "007", "COD_MANZA": 1, "PISO": null, "actualizad": null }, "geometry": { "type": "Point", "coordinates": [ -62.6501698, 9.0116512 ] } },
{ "type": "Feature", "properties": { "id": null, "CONTROL": "3022", "SERIE": "12", "LINEA": "012", "COD_SEG": "007", "COD_MANZA": 1, "PISO": null, "actualizad": null }, "geometry": { "type": "Point", "coordinates": [ -62.6503039, 9.0115744 ] } },
{ "type": "Feature", "properties": { "id": null, "CONTROL": "3022", "SERIE": "13", "LINEA": "013", "COD_SEG": "007", "COD_MANZA": 1, "PISO": null, "actualizad": null }, "geometry": { "type": "Point", "coordinates": [ -62.6504461, 9.0114842 ] } },
{ "type": "Feature", "properties": { "id": null, "CONTROL": "3022", "SERIE": "14", "LINEA": "014", "COD_SEG": "007", "COD_MANZA": 1, "PISO": null, "actualizad": null }, "geometry": { "type": "Point", "coordinates": [ -62.6505695, 9.011418 ] } },
{ "type": "Feature", "properties": { "id": null, "CONTROL": "3022", "SERIE": "15", "LINEA": "015", "COD_SEG": "007", "COD_MANZA": 1, "PISO": null, "actualizad": null }, "geometry": { "type": "Point", "coordinates": [ -62.6506996, 9.0113254 ] } },
{ "type": "Feature", "properties": { "id": null, "CONTROL": "3022", "SERIE": "16", "LINEA": "016", "COD_SEG": "007", "COD_MANZA": 1, "PISO": null, "actualizad": null }, "geometry": { "type": "Point", "coordinates": [ -62.6509906, 9.0111373 ] } },
{ "type": "Feature", "properties": { "id": null, "CONTROL": "3022", "SERIE": "17", "LINEA": "017", "COD_SEG": "007", "COD_MANZA": 1, "PISO": null, "actualizad": null }, "geometry": { "type": "Point", "coordinates": [ -62.6510415, 9.0112936 ] } },
{ "type": "Feature", "properties": { "id": null, "CONTROL": "3022", "SERIE": "18", "LINEA": "018", "COD_SEG": "007", "COD_MANZA": 1, "PISO": null, "actualizad": null }, "geometry": { "type": "Point", "coordinates": [ -62.6510993, 9.0113889 ] } },
{ "type": "Feature", "properties": { "id": null, "CONTROL": "3022", "SERIE": "19", "LINEA": "019", "COD_SEG": "007", "COD_MANZA": 1, "PISO": null, "actualizad": null }, "geometry": { "type": "Point", "coordinates": [ -62.6511783, 9.0115995 ] } },
{ "type": "Feature", "properties": { "id": null, "CONTROL": "3022", "SERIE": "20", "LINEA": "020", "COD_SEG": "007", "COD_MANZA": 2, "PISO": null, "actualizad": null }, "geometry": { "type": "Point", "coordinates": [ -62.6499472, 9.0123135 ] } },
{ "type": "Feature", "properties": { "id": null, "CONTROL": "3022", "SERIE": "21", "LINEA": "021", "COD_SEG": "007", "COD_MANZA": 2, "PISO": null, "actualizad": null }, "geometry": { "type": "Point", "coordinates": [ -62.649813, 9.0123797 ] } },
{ "type": "Feature", "properties": { "id": null, "CONTROL": "0025", "SERIE": "01", "LINEA": "105", "COD_SEG": "002", "COD_MANZA": 2, "PISO": null, "actualizad": null }, "geometry": { "type": "Point", "coordinates": [ -63.5040199, 10.173835 ] } },
{ "type": "Feature", "properties": { "id": null, "CONTROL": "0025", "SERIE": "02", "LINEA": "106", "COD_SEG": "002", "COD_MANZA": 2, "PISO": null, "actualizad": null }, "geometry": { "type": "Point", "coordinates": [ -63.5040628, 10.1737532 ] } },
{ "type": "Feature", "properties": { "id": null, "CONTROL": "0025", "SERIE": "03", "LINEA": "107", "COD_SEG": "002", "COD_MANZA": 3, "PISO": null, "actualizad": null }, "geometry": { "type": "Point", "coordinates": [ -63.5032765, 10.1742006 ] } },
{ "type": "Feature", "properties": { "id": null, "CONTROL": "0025", "SERIE": "04", "LINEA": "108", "COD_SEG": "002", "COD_MANZA": 3, "PISO": null, "actualizad": null }, "geometry": { "type": "Point", "coordinates": [ -63.503365, 10.1741902 ] } },
{ "type": "Feature", "properties": { "id": null, "CONTROL": "0025", "SERIE": "05", "LINEA": "109", "COD_SEG": "002", "COD_MANZA": 3, "PISO": null, "actualizad": null }, "geometry": { "type": "Point", "coordinates": [ -63.5034388, 10.1741835 ] } },
{ "type": "Feature", "properties": { "id": null, "CONTROL": "0025", "SERIE": "06", "LINEA": "110", "COD_SEG": "002", "COD_MANZA": 3, "PISO": null, "actualizad": null }, "geometry": { "type": "Point", "coordinates": [ -63.5035193, 10.1741729 ] } },
{ "type": "Feature", "properties": { "id": null, "CONTROL": "0025", "SERIE": "07", "LINEA": "111", "COD_SEG": "002", "COD_MANZA": 3, "PISO": null, "actualizad": null }, "geometry": { "type": "Point", "coordinates": [ -63.5036145, 10.1741624 ] } },
{ "type": "Feature", "properties": { "id": null, "CONTROL": "0025", "SERIE": "08", "LINEA": "112", "COD_SEG": "002", "COD_MANZA": 4, "PISO": null, "actualizad": null }, "geometry": { "type": "Point", "coordinates": [ -63.5038491, 10.1736291 ] } },
{ "type": "Feature", "properties": { "id": null, "CONTROL": "0025", "SERIE": "09", "LINEA": "113", "COD_SEG": "002", "COD_MANZA": 4, "PISO": null, "actualizad": null }, "geometry": { "type": "Point", "coordinates": [ -63.5038773, 10.1737083 ] } },
{ "type": "Feature", "properties": { "id": null, "CONTROL": "0025", "SERIE": "10", "LINEA": "114", "COD_SEG": "002", "COD_MANZA": 4, "PISO": null, "actualizad": null }, "geometry": { "type": "Point", "coordinates": [ -63.5038344, 10.1737809 ] } },
{ "type": "Feature", "properties": { "id": null, "CONTROL": "0025", "SERIE": "11", "LINEA": "115", "COD_SEG": "002", "COD_MANZA": 4, "PISO": null, "actualizad": null }, "geometry": { "type": "Point", "coordinates": [ -63.5037915, 10.1738495 ] } },
{ "type": "Feature", "properties": { "id": null, "CONTROL": "0025", "SERIE": "12", "LINEA": "116", "COD_SEG": "002", "COD_MANZA": 4, "PISO": null, "actualizad": null }, "geometry": { "type": "Point", "coordinates": [ -63.5037459, 10.1739089 ] } },
{ "type": "Feature", "properties": { "id": null, "CONTROL": "0025", "SERIE": "13", "LINEA": "117", "COD_SEG": "002", "COD_MANZA": 4, "PISO": null, "actualizad": null }, "geometry": { "type": "Point", "coordinates": [ -63.5036466, 10.1739314 ] } },
{ "type": "Feature", "properties": { "id": null, "CONTROL": "0025", "SERIE": "14", "LINEA": "118", "COD_SEG": "002", "COD_MANZA": 4, "PISO": null, "actualizad": null }, "geometry": { "type": "Point", "coordinates": [ -63.5035675, 10.1739433 ] } },
{ "type": "Feature", "properties": { "id": null, "CONTROL": "0025", "SERIE": "15", "LINEA": "119", "COD_SEG": "002", "COD_MANZA": 4, "PISO": null, "actualizad": null }, "geometry": { "type": "Point", "coordinates": [ -63.503483, 10.1739472 ] } },
{ "type": "Feature", "properties": { "id": null, "CONTROL": "3030", "SERIE": "01", "LINEA": "165", "COD_SEG": "046", "COD_MANZA": 4, "PISO": null, "actualizad": null }, "geometry": { "type": "Point", "coordinates": [ -63.199991, 9.7703837 ] } },
{ "type": "Feature", "properties": { "id": null, "CONTROL": "3030", "SERIE": "02", "LINEA": "166", "COD_SEG": "046", "COD_MANZA": 4, "PISO": null, "actualizad": null }, "geometry": { "type": "Point", "coordinates": [ -63.1998945, 9.7703546 ] } },
{ "type": "Feature", "properties": { "id": null, "CONTROL": "3030", "SERIE": "03", "LINEA": "167", "COD_SEG": "046", "COD_MANZA": 4, "PISO": null, "actualizad": null }, "geometry": { "type": "Point", "coordinates": [ -63.1998328, 9.7703374 ] } },
{ "type": "Feature", "properties": { "id": null, "CONTROL": "3030", "SERIE": "04", "LINEA": "168", "COD_SEG": "046", "COD_MANZA": 4, "PISO": null, "actualizad": null }, "geometry": { "type": "Point", "coordinates": [ -63.1997778, 9.7703176 ] } },
{ "type": "Feature", "properties": { "id": null, "CONTROL": "3030", "SERIE": "05", "LINEA": "169", "COD_SEG": "046", "COD_MANZA": 4, "PISO": null, "actualizad": null }, "geometry": { "type": "Point", "coordinates": [ -63.1997121, 9.7702898 ] } },
{ "type": "Feature", "properties": { "id": null, "CONTROL": "3030", "SERIE": "06", "LINEA": "170", "COD_SEG": "046", "COD_MANZA": 4, "PISO": null, "actualizad": null }, "geometry": { "type": "Point", "coordinates": [ -63.1996544, 9.7702687 ] } },
{ "type": "Feature", "properties": { "id": null, "CONTROL": "3030", "SERIE": "07", "LINEA": "171", "COD_SEG": "046", "COD_MANZA": 4, "PISO": null, "actualizad": null }, "geometry": { "type": "Point", "coordinates": [ -63.1995954, 9.7702515 ] } },
{ "type": "Feature", "properties": { "id": null, "CONTROL": "3030", "SERIE": "08", "LINEA": "172", "COD_SEG": "046", "COD_MANZA": 4, "PISO": null, "actualizad": null }, "geometry": { "type": "Point", "coordinates": [ -63.1995284, 9.770233 ] } },
{ "type": "Feature", "properties": { "id": null, "CONTROL": "3030", "SERIE": "09", "LINEA": "173", "COD_SEG": "046", "COD_MANZA": 4, "PISO": null, "actualizad": null }, "geometry": { "type": "Point", "coordinates": [ -63.19946, 9.7702066 ] } },
{ "type": "Feature", "properties": { "id": null, "CONTROL": "3030", "SERIE": "10", "LINEA": "174", "COD_SEG": "046", "COD_MANZA": 4, "PISO": null, "actualizad": null }, "geometry": { "type": "Point", "coordinates": [ -63.1987639, 9.7699872 ] } },
{ "type": "Feature", "properties": { "id": null, "CONTROL": "3030", "SERIE": "11", "LINEA": "175", "COD_SEG": "046", "COD_MANZA": 4, "PISO": null, "actualizad": null }, "geometry": { "type": "Point", "coordinates": [ -63.1989208, 9.7699872 ] } },
{ "type": "Feature", "properties": { "id": null, "CONTROL": "3030", "SERIE": "12", "LINEA": "176", "COD_SEG": "046", "COD_MANZA": 4, "PISO": null, "actualizad": null }, "geometry": { "type": "Point", "coordinates": [ -63.1990174, 9.7699885 ] } },
{ "type": "Feature", "properties": { "id": null, "CONTROL": "3030", "SERIE": "13", "LINEA": "177", "COD_SEG": "046", "COD_MANZA": 4, "PISO": null, "actualizad": null }, "geometry": { "type": "Point", "coordinates": [ -63.1990898, 9.7699753 ] } },
{ "type": "Feature", "properties": { "id": null, "CONTROL": "3030", "SERIE": "14", "LINEA": "178", "COD_SEG": "046", "COD_MANZA": 4, "PISO": null, "actualizad": null }, "geometry": { "type": "Point", "coordinates": [ -63.1991757, 9.7699607 ] } },
{ "type": "Feature", "properties": { "id": null, "CONTROL": "3030", "SERIE": "15", "LINEA": "179", "COD_SEG": "046", "COD_MANZA": 4, "PISO": null, "actualizad": null }, "geometry": { "type": "Point", "coordinates": [ -63.1992628, 9.7699383 ] } },
{ "type": "Feature", "properties": { "id": null, "CONTROL": "0027", "SERIE": "01", "LINEA": "190", "COD_SEG": "116", "COD_MANZA": 1, "PISO": null, "actualizad": null }, "geometry": { "type": "Point", "coordinates": [ -63.1602177, 9.7321878 ] } },
{ "type": "Feature", "properties": { "id": null, "CONTROL": "0027", "SERIE": "02", "LINEA": "191", "COD_SEG": "116", "COD_MANZA": 1, "PISO": null, "actualizad": null }, "geometry": { "type": "Point", "coordinates": [ -63.1602297, 9.73186 ] } },
{ "type": "Feature", "properties": { "id": null, "CONTROL": "0027", "SERIE": "03", "LINEA": "192", "COD_SEG": "116", "COD_MANZA": 1, "PISO": null, "actualizad": null }, "geometry": { "type": "Point", "coordinates": [ -63.1603518, 9.7315322 ] } },
{ "type": "Feature", "properties": { "id": null, "CONTROL": "0027", "SERIE": "DISCO LONGE TAHITI\n", "LINEA": null, "COD_SEG": "116", "COD_MANZA": 1, "PISO": null, "actualizad": null }, "geometry": { "type": "Point", "coordinates": [ -63.1605862, 9.7316341 ] } },
{ "type": "Feature", "properties": { "id": null, "CONTROL": "0027", "SERIE": "04", "LINEA": "193", "COD_SEG": "116", "COD_MANZA": 1, "PISO": null, "actualizad": null }, "geometry": { "type": "Point", "coordinates": [ -63.160747, 9.7316488 ] } },
{ "type": "Feature", "properties": { "id": null, "CONTROL": "0027", "SERIE": "05", "LINEA": "194", "COD_SEG": "116", "COD_MANZA": 1, "PISO": null, "actualizad": null }, "geometry": { "type": "Point", "coordinates": [ -63.1606948, 9.7317663 ] } },
{ "type": "Feature", "properties": { "id": null, "CONTROL": "0027", "SERIE": "06", "LINEA": "195", "COD_SEG": "116", "COD_MANZA": 1, "PISO": null, "actualizad": null }, "geometry": { "type": "Point", "coordinates": [ -63.1610046, 9.7319091 ] } },
{ "type": "Feature", "properties": { "id": null, "CONTROL": "0027", "SERIE": "07", "LINEA": "196", "COD_SEG": "116", "COD_MANZA": 1, "PISO": null, "actualizad": null }, "geometry": { "type": "Point", "coordinates": [ -63.1613184, 9.732204 ] } },
{ "type": "Feature", "properties": { "id": null, "CONTROL": "0027", "SERIE": "CENTRO HIPICO\n", "LINEA": null, "COD_SEG": "116", "COD_MANZA": 1, "PISO": null, "actualizad": null }, "geometry": { "type": "Point", "coordinates": [ -63.1612244, 9.7320176 ] } },
{ "type": "Feature", "properties": { "id": null, "CONTROL": "0027", "SERIE": "OE OTRO (TERRENO SOLO)\n", "LINEA": null, "COD_SEG": "116", "COD_MANZA": 1, "PISO": null, "actualizad": null }, "geometry": { "type": "Point", "coordinates": [ -63.1616603, 9.7324219 ] } },
{ "type": "Feature", "properties": { "id": null, "CONTROL": "0027", "SERIE": "JARDIN CERVECERO\n", "LINEA": null, "COD_SEG": "116", "COD_MANZA": 1, "PISO": null, "actualizad": null }, "geometry": { "type": "Point", "coordinates": [ -63.1623335, 9.7331833 ] } },
{ "type": "Feature", "properties": { "id": null, "CONTROL": "0027", "SERIE": "08 C-13 ( RESTAURANTE)\n", "LINEA": "197", "COD_SEG": "116", "COD_MANZA": 1, "PISO": null, "actualizad": null }, "geometry": { "type": "Point", "coordinates": [ -63.1626621, 9.7337067 ] } },
{ "type": "Feature", "properties": { "id": null, "CONTROL": "0027", "SERIE": "10", "LINEA": "199", "COD_SEG": "116", "COD_MANZA": 2, "PISO": null, "actualizad": null }, "geometry": { "type": "Point", "coordinates": [ -63.1598995, 9.733523 ] } },
{ "type": "Feature", "properties": { "id": null, "CONTROL": "0027", "SERIE": "11", "LINEA": "200", "COD_SEG": "116", "COD_MANZA": 2, "PISO": null, "actualizad": null }, "geometry": { "type": "Point", "coordinates": [ -63.1599102, 9.7334477 ] } },
{ "type": "Feature", "properties": { "id": null, "CONTROL": "0027", "SERIE": "12", "LINEA": "201", "COD_SEG": "116", "COD_MANZA": 2, "PISO": null, "actualizad": null }, "geometry": { "type": "Point", "coordinates": [ -63.1598995, 9.7333869 ] } },
{ "type": "Feature", "properties": { "id": null, "CONTROL": "0027", "SERIE": "13", "LINEA": "202", "COD_SEG": "116", "COD_MANZA": 2, "PISO": null, "actualizad": null }, "geometry": { "type": "Point", "coordinates": [ -63.1599062, 9.733326 ] } },
{ "type": "Feature", "properties": { "id": null, "CONTROL": "0027", "SERIE": "14", "LINEA": "203", "COD_SEG": "116", "COD_MANZA": 2, "PISO": null, "actualizad": null }, "geometry": { "type": "Point", "coordinates": [ -63.1598941, 9.7332559 ] } },
{ "type": "Feature", "properties": { "id": null, "CONTROL": "0027", "SERIE": "15", "LINEA": "204", "COD_SEG": "116", "COD_MANZA": 2, "PISO": null, "actualizad": null }, "geometry": { "type": "Point", "coordinates": [ -63.1598915, 9.7331846 ] } },
{ "type": "Feature", "properties": { "id": null, "CONTROL": "0040", "SERIE": "01", "LINEA": "144", "COD_SEG": "152", "COD_MANZA": 16, "PISO": null, "actualizad": null }, "geometry": { "type": "Point", "coordinates": [ -63.2093822, 9.6924622 ] } },
{ "type": "Feature", "properties": { "id": null, "CONTROL": "0040", "SERIE": "02", "LINEA": "145", "COD_SEG": "152", "COD_MANZA": 16, "PISO": null, "actualizad": null }, "geometry": { "type": "Point", "coordinates": [ -63.2093446, 9.692166 ] } },
{ "type": "Feature", "properties": { "id": null, "CONTROL": "0040", "SERIE": "03", "LINEA": "146", "COD_SEG": "152", "COD_MANZA": 16, "PISO": null, "actualizad": null }, "geometry": { "type": "Point", "coordinates": [ -63.2093232, 9.6919016 ] } },
{ "type": "Feature", "properties": { "id": null, "CONTROL": "0040", "SERIE": "04", "LINEA": "147", "COD_SEG": "152", "COD_MANZA": 16, "PISO": null, "actualizad": null }, "geometry": { "type": "Point", "coordinates": [ -63.2095431, 9.6918752 ] } },
{ "type": "Feature", "properties": { "id": null, "CONTROL": "0040", "SERIE": "05", "LINEA": "148", "COD_SEG": "152", "COD_MANZA": 17, "PISO": null, "actualizad": null }, "geometry": { "type": "Point", "coordinates": [ -63.2089316, 9.6923617 ] } },
{ "type": "Feature", "properties": { "id": null, "CONTROL": "0040", "SERIE": "06", "LINEA": "149", "COD_SEG": "152", "COD_MANZA": 17, "PISO": null, "actualizad": null }, "geometry": { "type": "Point", "coordinates": [ -63.2088779, 9.6920709 ] } },
{ "type": "Feature", "properties": { "id": null, "CONTROL": "0040", "SERIE": "07", "LINEA": "150", "COD_SEG": "152", "COD_MANZA": 17, "PISO": null, "actualizad": null }, "geometry": { "type": "Point", "coordinates": [ -63.2090925, 9.6919122 ] } },
{ "type": "Feature", "properties": { "id": null, "CONTROL": "0040", "SERIE": "08", "LINEA": "151", "COD_SEG": "152", "COD_MANZA": 17, "PISO": null, "actualizad": null }, "geometry": { "type": "Point", "coordinates": [ -63.2091193, 9.6922877 ] } },
{ "type": "Feature", "properties": { "id": null, "CONTROL": "0040", "SERIE": "09", "LINEA": "152", "COD_SEG": "152", "COD_MANZA": 17, "PISO": null, "actualizad": null }, "geometry": { "type": "Point", "coordinates": [ -63.209071, 9.692642 ] } },
{ "type": "Feature", "properties": { "id": null, "CONTROL": "0040", "SERIE": "10", "LINEA": "153", "COD_SEG": "152", "COD_MANZA": 18, "PISO": null, "actualizad": null }, "geometry": { "type": "Point", "coordinates": [ -63.2085239, 9.6927847 ] } },
{ "type": "Feature", "properties": { "id": null, "CONTROL": "0040", "SERIE": "11", "LINEA": "154", "COD_SEG": "152", "COD_MANZA": 18, "PISO": null, "actualizad": null }, "geometry": { "type": "Point", "coordinates": [ -63.208481, 9.6925997 ] } },
{ "type": "Feature", "properties": { "id": null, "CONTROL": "0040", "SERIE": "12", "LINEA": "155", "COD_SEG": "152", "COD_MANZA": 18, "PISO": null, "actualizad": null }, "geometry": { "type": "Point", "coordinates": [ -63.2084005, 9.6923458 ] } },
{ "type": "Feature", "properties": { "id": null, "CONTROL": "0040", "SERIE": "13", "LINEA": "156", "COD_SEG": "152", "COD_MANZA": 18, "PISO": null, "actualizad": null }, "geometry": { "type": "Point", "coordinates": [ -63.2083576, 9.6921132 ] } },
{ "type": "Feature", "properties": { "id": null, "CONTROL": "0040", "SERIE": "14", "LINEA": "157", "COD_SEG": "152", "COD_MANZA": 18, "PISO": null, "actualizad": null }, "geometry": { "type": "Point", "coordinates": [ -63.2086365, 9.692055 ] } },
{ "type": "Feature", "properties": { "id": null, "CONTROL": "0040", "SERIE": "15", "LINEA": "158", "COD_SEG": "152", "COD_MANZA": 18, "PISO": null, "actualizad": null }, "geometry": { "type": "Point", "coordinates": [ -63.2086687, 9.6922401 ] } },
{ "type": "Feature", "properties": { "id": null, "CONTROL": "2058", "SERIE": "01", "LINEA": "043", "COD_SEG": "082", "COD_MANZA": 1, "PISO": null, "actualizad": null }, "geometry": { "type": "Point", "coordinates": [ -63.2477849, 9.6956822 ] } },
{ "type": "Feature", "properties": { "id": null, "CONTROL": "2058", "SERIE": "02", "LINEA": "044", "COD_SEG": "082", "COD_MANZA": 1, "PISO": null, "actualizad": null }, "geometry": { "type": "Point", "coordinates": [ -63.2476333, 9.6955183 ] } },
{ "type": "Feature", "properties": { "id": null, "CONTROL": "2058", "SERIE": "03", "LINEA": "045", "COD_SEG": "082", "COD_MANZA": 1, "PISO": null, "actualizad": null }, "geometry": { "type": "Point", "coordinates": [ -63.2477137, 9.6954548 ] } },
{ "type": "Feature", "properties": { "id": null, "CONTROL": "2058", "SERIE": "04", "LINEA": "046", "COD_SEG": "082", "COD_MANZA": 1, "PISO": null, "actualizad": null }, "geometry": { "type": "Point", "coordinates": [ -63.2477942, 9.6953755 ] } },
{ "type": "Feature", "properties": { "id": null, "CONTROL": "2058", "SERIE": "05", "LINEA": "047", "COD_SEG": "082", "COD_MANZA": 1, "PISO": null, "actualizad": null }, "geometry": { "type": "Point", "coordinates": [ -63.2478747, 9.6953028 ] } },
{ "type": "Feature", "properties": { "id": null, "CONTROL": "2058", "SERIE": "06", "LINEA": "048", "COD_SEG": "082", "COD_MANZA": 1, "PISO": null, "actualizad": null }, "geometry": { "type": "Point", "coordinates": [ -63.2479605, 9.6952195 ] } },
{ "type": "Feature", "properties": { "id": null, "CONTROL": "2058", "SERIE": "07", "LINEA": "049", "COD_SEG": "082", "COD_MANZA": 1, "PISO": null, "actualizad": null }, "geometry": { "type": "Point", "coordinates": [ -63.2480369, 9.6951521 ] } },
{ "type": "Feature", "properties": { "id": null, "CONTROL": "2058", "SERIE": "08", "LINEA": "050", "COD_SEG": "082", "COD_MANZA": 1, "PISO": null, "actualizad": null }, "geometry": { "type": "Point", "coordinates": [ -63.2481335, 9.6950675 ] } },
{ "type": "Feature", "properties": { "id": null, "CONTROL": "2058", "SERIE": "09", "LINEA": "051", "COD_SEG": "082", "COD_MANZA": 1, "PISO": null, "actualizad": null }, "geometry": { "type": "Point", "coordinates": [ -63.2482152, 9.6950027 ] } },
{ "type": "Feature", "properties": { "id": null, "CONTROL": "2058", "SERIE": "10", "LINEA": "052", "COD_SEG": "082", "COD_MANZA": 1, "PISO": null, "actualizad": null }, "geometry": { "type": "Point", "coordinates": [ -63.2483105, 9.6949287 ] } },
{ "type": "Feature", "properties": { "id": null, "CONTROL": "2058", "SERIE": "11", "LINEA": "053", "COD_SEG": "082", "COD_MANZA": 1, "PISO": null, "actualizad": null }, "geometry": { "type": "Point", "coordinates": [ -63.248209, 9.6947908 ] } },
{ "type": "Feature", "properties": { "id": null, "CONTROL": "2058", "SERIE": "12", "LINEA": "054", "COD_SEG": "082", "COD_MANZA": 1, "PISO": null, "actualizad": null }, "geometry": { "type": "Point", "coordinates": [ -63.2480896, 9.694882 ] } },
{ "type": "Feature", "properties": { "id": null, "CONTROL": "2058", "SERIE": "13", "LINEA": "055", "COD_SEG": "082", "COD_MANZA": 1, "PISO": null, "actualizad": null }, "geometry": { "type": "Point", "coordinates": [ -63.248005, 9.6949468 ] } },
{ "type": "Feature", "properties": { "id": null, "CONTROL": "2058", "SERIE": "14", "LINEA": "056", "COD_SEG": "082", "COD_MANZA": 1, "PISO": null, "actualizad": null }, "geometry": { "type": "Point", "coordinates": [ -63.2479206, 9.6950168 ] } },
{ "type": "Feature", "properties": { "id": null, "CONTROL": "2066", "SERIE": "01", "LINEA": "043", "COD_SEG": "077", "COD_MANZA": 2, "PISO": null, "actualizad": null }, "geometry": { "type": "Point", "coordinates": [ -63.2559823, 9.6895268 ] } },
{ "type": "Feature", "properties": { "id": null, "CONTROL": "2066", "SERIE": "02", "LINEA": "044", "COD_SEG": "077", "COD_MANZA": 2, "PISO": null, "actualizad": null }, "geometry": { "type": "Point", "coordinates": [ -63.2559983, 9.6895969 ] } },
{ "type": "Feature", "properties": { "id": null, "CONTROL": "2066", "SERIE": "03", "LINEA": "045", "COD_SEG": "077", "COD_MANZA": 2, "PISO": null, "actualizad": null }, "geometry": { "type": "Point", "coordinates": [ -63.2560118, 9.6896894 ] } },
{ "type": "Feature", "properties": { "id": null, "CONTROL": "2066", "SERIE": "04", "LINEA": "046", "COD_SEG": "077", "COD_MANZA": 2, "PISO": null, "actualizad": null }, "geometry": { "type": "Point", "coordinates": [ -63.2560306, 9.6897908 ] } },
{ "type": "Feature", "properties": { "id": null, "CONTROL": "2066", "SERIE": "05", "LINEA": "047", "COD_SEG": "077", "COD_MANZA": 2, "PISO": null, "actualizad": null }, "geometry": { "type": "Point", "coordinates": [ -63.256036, 9.6898873 ] } },
{ "type": "Feature", "properties": { "id": null, "CONTROL": "2066", "SERIE": "06", "LINEA": "048", "COD_SEG": "077", "COD_MANZA": 2, "PISO": null, "actualizad": null }, "geometry": { "type": "Point", "coordinates": [ -63.2560546, 9.6899838 ] } },
{ "type": "Feature", "properties": { "id": null, "CONTROL": "2066", "SERIE": "07", "LINEA": "049", "COD_SEG": "077", "COD_MANZA": 2, "PISO": null, "actualizad": null }, "geometry": { "type": "Point", "coordinates": [ -63.2560661, 9.6900816 ] } },
{ "type": "Feature", "properties": { "id": null, "CONTROL": "2066", "SERIE": "08\n", "LINEA": "050", "COD_SEG": "077", "COD_MANZA": 2, "PISO": null, "actualizad": null }, "geometry": { "type": "Point", "coordinates": [ -63.2560822, 9.690153 ] } },
{ "type": "Feature", "properties": { "id": null, "CONTROL": "2066", "SERIE": "09", "LINEA": "051", "COD_SEG": "077", "COD_MANZA": 2, "PISO": null, "actualizad": null }, "geometry": { "type": "Point", "coordinates": [ -63.256101, 9.6902561 ] } },
{ "type": "Feature", "properties": { "id": null, "CONTROL": "2066", "SERIE": "10", "LINEA": "052", "COD_SEG": "077", "COD_MANZA": 2, "PISO": null, "actualizad": null }, "geometry": { "type": "Point", "coordinates": [ -63.2561278, 9.6903671 ] } },
{ "type": "Feature", "properties": { "id": null, "CONTROL": "2066", "SERIE": "11", "LINEA": "053", "COD_SEG": "077", "COD_MANZA": 2, "PISO": null, "actualizad": null }, "geometry": { "type": "Point", "coordinates": [ -63.2561358, 9.6904597 ] } },
{ "type": "Feature", "properties": { "id": null, "CONTROL": "2066", "SERIE": "12", "LINEA": "054", "COD_SEG": "077", "COD_MANZA": 2, "PISO": null, "actualizad": null }, "geometry": { "type": "Point", "coordinates": [ -63.2561546, 9.6905469 ] } },
{ "type": "Feature", "properties": { "id": null, "CONTROL": "2066", "SERIE": "13", "LINEA": "055", "COD_SEG": "077", "COD_MANZA": 2, "PISO": null, "actualizad": null }, "geometry": { "type": "Point", "coordinates": [ -63.2561761, 9.6906739 ] } },
{ "type": "Feature", "properties": { "id": null, "CONTROL": "2066", "SERIE": "14", "LINEA": "056", "COD_SEG": "077", "COD_MANZA": 2, "PISO": null, "actualizad": null }, "geometry": { "type": "Point", "coordinates": [ -63.2562029, 9.690769 ] } },
{ "type": "Feature", "properties": { "id": null, "CONTROL": "2070", "SERIE": "01", "LINEA": "043", "COD_SEG": "004", "COD_MANZA": 51, "PISO": null, "actualizad": null }, "geometry": { "type": "Point", "coordinates": [ -63.3111925, 9.7088937 ] } },
{ "type": "Feature", "properties": { "id": null, "CONTROL": "2070", "SERIE": "02", "LINEA": "044", "COD_SEG": "004", "COD_MANZA": 51, "PISO": null, "actualizad": null }, "geometry": { "type": "Point", "coordinates": [ -63.3110637, 9.708936 ] } },
{ "type": "Feature", "properties": { "id": null, "CONTROL": "2070", "SERIE": "03", "LINEA": "045", "COD_SEG": "004", "COD_MANZA": 51, "PISO": null, "actualizad": null }, "geometry": { "type": "Point", "coordinates": [ -63.3108679, 9.7089572 ] } },
{ "type": "Feature", "properties": { "id": null, "CONTROL": "2070", "SERIE": "04", "LINEA": "046", "COD_SEG": "004", "COD_MANZA": 51, "PISO": null, "actualizad": null }, "geometry": { "type": "Point", "coordinates": [ -63.310766, 9.7089519 ] } },
{ "type": "Feature", "properties": { "id": null, "CONTROL": "2070", "SERIE": "05", "LINEA": "047", "COD_SEG": "004", "COD_MANZA": 51, "PISO": null, "actualizad": null }, "geometry": { "type": "Point", "coordinates": [ -63.3106453, 9.7090154 ] } },
{ "type": "Feature", "properties": { "id": null, "CONTROL": "2070", "SERIE": "06", "LINEA": "048", "COD_SEG": "004", "COD_MANZA": 51, "PISO": null, "actualizad": null }, "geometry": { "type": "Point", "coordinates": [ -63.3105326, 9.7090471 ] } },
{ "type": "Feature", "properties": { "id": null, "CONTROL": "2070", "SERIE": "07", "LINEA": "049", "COD_SEG": "004", "COD_MANZA": 51, "PISO": null, "actualizad": null }, "geometry": { "type": "Point", "coordinates": [ -63.3104334, 9.7090947 ] } },
{ "type": "Feature", "properties": { "id": null, "CONTROL": "2070", "SERIE": "08", "LINEA": "050", "COD_SEG": "004", "COD_MANZA": 51, "PISO": null, "actualizad": null }, "geometry": { "type": "Point", "coordinates": [ -63.3104763, 9.7093511 ] } },
{ "type": "Feature", "properties": { "id": null, "CONTROL": "2070", "SERIE": "09", "LINEA": "051", "COD_SEG": "004", "COD_MANZA": 51, "PISO": null, "actualizad": null }, "geometry": { "type": "Point", "coordinates": [ -63.3106453, 9.7092771 ] } },
{ "type": "Feature", "properties": { "id": null, "CONTROL": "2070", "SERIE": "10", "LINEA": "052", "COD_SEG": "004", "COD_MANZA": 51, "PISO": null, "actualizad": null }, "geometry": { "type": "Point", "coordinates": [ -63.3108036, 9.7092401 ] } },
{ "type": "Feature", "properties": { "id": null, "CONTROL": "2070", "SERIE": "11", "LINEA": "053", "COD_SEG": "004", "COD_MANZA": 51, "PISO": null, "actualizad": null }, "geometry": { "type": "Point", "coordinates": [ -63.3109269, 9.7092216 ] } },
{ "type": "Feature", "properties": { "id": null, "CONTROL": "2070", "SERIE": "12", "LINEA": "054", "COD_SEG": "004", "COD_MANZA": 51, "PISO": null, "actualizad": null }, "geometry": { "type": "Point", "coordinates": [ -63.3110396, 9.7092031 ] } },
{ "type": "Feature", "properties": { "id": null, "CONTROL": "2070", "SERIE": "13", "LINEA": "055", "COD_SEG": "004", "COD_MANZA": 51, "PISO": null, "actualizad": null }, "geometry": { "type": "Point", "coordinates": [ -63.3111361, 9.7091423 ] } },
{ "type": "Feature", "properties": { "id": null, "CONTROL": "2070", "SERIE": "14", "LINEA": "056", "COD_SEG": "004", "COD_MANZA": 51, "PISO": null, "actualizad": null }, "geometry": { "type": "Point", "coordinates": [ -63.3112515, 9.7091423 ] } },
{ "type": "Feature", "properties": { "id": null, "CONTROL": "2092", "SERIE": "01", "LINEA": "137", "COD_SEG": "001", "COD_MANZA": 8, "PISO": null, "actualizad": null }, "geometry": { "type": "Point", "coordinates": [ -63.0348837, 9.7296713 ] } },
{ "type": "Feature", "properties": { "id": null, "CONTROL": "2092", "SERIE": "02", "LINEA": "138", "COD_SEG": "001", "COD_MANZA": 8, "PISO": null, "actualizad": null }, "geometry": { "type": "Point", "coordinates": [ -63.0348783, 9.7295232 ] } },
{ "type": "Feature", "properties": { "id": null, "CONTROL": "2092", "SERIE": "03", "LINEA": "139", "COD_SEG": "001", "COD_MANZA": 8, "PISO": null, "actualizad": null }, "geometry": { "type": "Point", "coordinates": [ -63.0348542, 9.7293753 ] } },
{ "type": "Feature", "properties": { "id": null, "CONTROL": "2092", "SERIE": "04", "LINEA": "140", "COD_SEG": "001", "COD_MANZA": 8, "PISO": null, "actualizad": null }, "geometry": { "type": "Point", "coordinates": [ -63.0348435, 9.7292509 ] } },
{ "type": "Feature", "properties": { "id": null, "CONTROL": "2092", "SERIE": "05", "LINEA": "141", "COD_SEG": "001", "COD_MANZA": 8, "PISO": null, "actualizad": null }, "geometry": { "type": "Point", "coordinates": [ -63.0348274, 9.729124 ] } },
{ "type": "Feature", "properties": { "id": null, "CONTROL": "2092", "SERIE": "06", "LINEA": "142", "COD_SEG": "001", "COD_MANZA": 8, "PISO": null, "actualizad": null }, "geometry": { "type": "Point", "coordinates": [ -63.0348087, 9.7289813 ] } },
{ "type": "Feature", "properties": { "id": null, "CONTROL": "2092", "SERIE": "07", "LINEA": "143", "COD_SEG": "001", "COD_MANZA": 8, "PISO": null, "actualizad": null }, "geometry": { "type": "Point", "coordinates": [ -63.0347925, 9.728865 ] } },
{ "type": "Feature", "properties": { "id": null, "CONTROL": "2092", "SERIE": "08", "LINEA": "144", "COD_SEG": "001", "COD_MANZA": 8, "PISO": null, "actualizad": null }, "geometry": { "type": "Point", "coordinates": [ -63.0347067, 9.7285715 ] } },
{ "type": "Feature", "properties": { "id": null, "CONTROL": "2092", "SERIE": "09", "LINEA": "145", "COD_SEG": "001", "COD_MANZA": 8, "PISO": null, "actualizad": null }, "geometry": { "type": "Point", "coordinates": [ -63.0345056, 9.7287567 ] } },
{ "type": "Feature", "properties": { "id": null, "CONTROL": "2092", "SERIE": "10", "LINEA": "146", "COD_SEG": "001", "COD_MANZA": 8, "PISO": null, "actualizad": null }, "geometry": { "type": "Point", "coordinates": [ -63.0345377, 9.728865 ] } },
{ "type": "Feature", "properties": { "id": null, "CONTROL": "2092", "SERIE": "11", "LINEA": "147", "COD_SEG": "001", "COD_MANZA": 8, "PISO": null, "actualizad": null }, "geometry": { "type": "Point", "coordinates": [ -63.0345752, 9.7290315 ] } },
{ "type": "Feature", "properties": { "id": null, "CONTROL": "2092", "SERIE": "12", "LINEA": "148", "COD_SEG": "001", "COD_MANZA": 8, "PISO": null, "actualizad": null }, "geometry": { "type": "Point", "coordinates": [ -63.0345806, 9.7291584 ] } },
{ "type": "Feature", "properties": { "id": null, "CONTROL": "2092", "SERIE": "13", "LINEA": "149", "COD_SEG": "001", "COD_MANZA": 8, "PISO": null, "actualizad": null }, "geometry": { "type": "Point", "coordinates": [ -63.0346021, 9.7292932 ] } },
{ "type": "Feature", "properties": { "id": null, "CONTROL": "2092", "SERIE": "14", "LINEA": "150", "COD_SEG": "001", "COD_MANZA": 8, "PISO": null, "actualizad": null }, "geometry": { "type": "Point", "coordinates": [ -63.0346047, 9.7294096 ] } },
{ "type": "Feature", "properties": { "id": null, "CONTROL": "2092", "SERIE": "15", "LINEA": "151", "COD_SEG": "001", "COD_MANZA": 8, "PISO": null, "actualizad": null }, "geometry": { "type": "Point", "coordinates": [ -63.0346342, 9.7295444 ] } },
{ "type": "Feature", "properties": { "id": null, "CONTROL": "2092", "SERIE": "16", "LINEA": "152", "COD_SEG": "001", "COD_MANZA": 8, "PISO": null, "actualizad": null }, "geometry": { "type": "Point", "coordinates": [ -63.0346584, 9.7296845 ] } },
{ "type": "Feature", "properties": { "id": null, "CONTROL": "2092", "SERIE": "18", "LINEA": "154", "COD_SEG": "001", "COD_MANZA": 8, "PISO": null, "actualizad": null }, "geometry": { "type": "Point", "coordinates": [ -63.0347604, 9.7287248 ] } },
{ "type": "Feature", "properties": { "id": null, "CONTROL": "2092", "SERIE": "BODEGA", "LINEA": null, "COD_SEG": "001", "COD_MANZA": 8, "PISO": null, "actualizad": null }, "geometry": { "type": "Point", "coordinates": [ -63.0346772, 9.729867 ] } },
{ "type": "Feature", "properties": { "id": null, "CONTROL": "3035", "SERIE": "01", "LINEA": "044", "COD_SEG": "032", "COD_MANZA": 5, "PISO": null, "actualizad": null }, "geometry": { "type": "Point", "coordinates": [ -63.1716775, 9.7474509 ] } },
{ "type": "Feature", "properties": { "id": null, "CONTROL": "3035", "SERIE": "02", "LINEA": "045", "COD_SEG": "032", "COD_MANZA": 5, "PISO": null, "actualizad": null }, "geometry": { "type": "Point", "coordinates": [ -63.1716159, 9.7474628 ] } },
{ "type": "Feature", "properties": { "id": null, "CONTROL": "3035", "SERIE": "03", "LINEA": "046", "COD_SEG": "032", "COD_MANZA": 5, "PISO": null, "actualizad": null }, "geometry": { "type": "Point", "coordinates": [ -63.1715354, 9.7474667 ] } },
{ "type": "Feature", "properties": { "id": null, "CONTROL": "3035", "SERIE": "04", "LINEA": "047", "COD_SEG": "032", "COD_MANZA": 5, "PISO": null, "actualizad": null }, "geometry": { "type": "Point", "coordinates": [ -63.1714534, 9.7474669 ] } },
{ "type": "Feature", "properties": { "id": null, "CONTROL": "3035", "SERIE": "05", "LINEA": "048", "COD_SEG": "032", "COD_MANZA": 5, "PISO": null, "actualizad": null }, "geometry": { "type": "Point", "coordinates": [ -63.171381, 9.7474603 ] } },
{ "type": "Feature", "properties": { "id": null, "CONTROL": "3035", "SERIE": "06", "LINEA": "049", "COD_SEG": "032", "COD_MANZA": 5, "PISO": null, "actualizad": null }, "geometry": { "type": "Point", "coordinates": [ -63.1713367, 9.7474656 ] } },
{ "type": "Feature", "properties": { "id": null, "CONTROL": "3035", "SERIE": "07", "LINEA": "050", "COD_SEG": "032", "COD_MANZA": 5, "PISO": null, "actualizad": null }, "geometry": { "type": "Point", "coordinates": [ -63.1712938, 9.7474642 ] } },
{ "type": "Feature", "properties": { "id": null, "CONTROL": "3035", "SERIE": "08", "LINEA": "051", "COD_SEG": "032", "COD_MANZA": 5, "PISO": null, "actualizad": null }, "geometry": { "type": "Point", "coordinates": [ -63.1712429, 9.7474761 ] } },
{ "type": "Feature", "properties": { "id": null, "CONTROL": "3035", "SERIE": "09", "LINEA": "052", "COD_SEG": "032", "COD_MANZA": 5, "PISO": null, "actualizad": null }, "geometry": { "type": "Point", "coordinates": [ -63.1712026, 9.747451 ] } },
{ "type": "Feature", "properties": { "id": null, "CONTROL": "3035", "SERIE": "10", "LINEA": "053", "COD_SEG": "032", "COD_MANZA": 5, "PISO": null, "actualizad": null }, "geometry": { "type": "Point", "coordinates": [ -63.171157, 9.7474497 ] } },
{ "type": "Feature", "properties": { "id": null, "CONTROL": "3035", "SERIE": "11", "LINEA": "054", "COD_SEG": "032", "COD_MANZA": 5, "PISO": null, "actualizad": null }, "geometry": { "type": "Point", "coordinates": [ -63.1710296, 9.7474087 ] } },
{ "type": "Feature", "properties": { "id": null, "CONTROL": "3035", "SERIE": "12", "LINEA": "055", "COD_SEG": "032", "COD_MANZA": 5, "PISO": null, "actualizad": null }, "geometry": { "type": "Point", "coordinates": [ -63.1709331, 9.7474074 ] } },
{ "type": "Feature", "properties": { "id": null, "CONTROL": "3035", "SERIE": "13", "LINEA": "056", "COD_SEG": "032", "COD_MANZA": 6, "PISO": null, "actualizad": null }, "geometry": { "type": "Point", "coordinates": [ -63.1709157, 9.7469801 ] } },
{ "type": "Feature", "properties": { "id": null, "CONTROL": "3035", "SERIE": "14", "LINEA": "057", "COD_SEG": "032", "COD_MANZA": 6, "PISO": null, "actualizad": null }, "geometry": { "type": "Point", "coordinates": [ -63.1710753, 9.7467144 ] } },
{ "type": "Feature", "properties": { "id": null, "CONTROL": "3035", "SERIE": "15", "LINEA": "058", "COD_SEG": "032", "COD_MANZA": 6, "PISO": null, "actualizad": null }, "geometry": { "type": "Point", "coordinates": [ -63.1711397, 9.7467197 ] } },
{ "type": "Feature", "properties": { "id": null, "CONTROL": "0003", "SERIE": "01", "LINEA": "162", "COD_SEG": "012", "COD_MANZA": 4, "PISO": null, "actualizad": null }, "geometry": { "type": "Point", "coordinates": [ -63.6722958, 9.6320842 ] } },
{ "type": "Feature", "properties": { "id": null, "CONTROL": "0003", "SERIE": "02", "LINEA": "163", "COD_SEG": "012", "COD_MANZA": 4, "PISO": null, "actualizad": null }, "geometry": { "type": "Point", "coordinates": [ -63.6721161, 9.6320366 ] } },
{ "type": "Feature", "properties": { "id": null, "CONTROL": "0003", "SERIE": "03", "LINEA": "164", "COD_SEG": "012", "COD_MANZA": 4, "PISO": null, "actualizad": null }, "geometry": { "type": "Point", "coordinates": [ -63.6717727, 9.6319758 ] } },
{ "type": "Feature", "properties": { "id": null, "CONTROL": "0003", "SERIE": "16", "LINEA": "239", "COD_SEG": "012", "COD_MANZA": 4, "PISO": null, "actualizad": null }, "geometry": { "type": "Point", "coordinates": [ -63.6714402, 9.6318251 ] } },
{ "type": "Feature", "properties": { "id": null, "CONTROL": "0003", "SERIE": "04", "LINEA": "165", "COD_SEG": "012", "COD_MANZA": 4, "PISO": null, "actualizad": null }, "geometry": { "type": "Point", "coordinates": [ -63.6714401, 9.631714 ] } },
{ "type": "Feature", "properties": { "id": null, "CONTROL": "0003", "SERIE": "05", "LINEA": "166", "COD_SEG": "012", "COD_MANZA": 4, "PISO": null, "actualizad": null }, "geometry": { "type": "Point", "coordinates": [ -63.6714321, 9.6315606 ] } },
{ "type": "Feature", "properties": { "id": null, "CONTROL": "0003", "SERIE": "06", "LINEA": "167", "COD_SEG": "012", "COD_MANZA": 4, "PISO": null, "actualizad": null }, "geometry": { "type": "Point", "coordinates": [ -63.6717673, 9.6314654 ] } },
{ "type": "Feature", "properties": { "id": null, "CONTROL": "0003", "SERIE": "07", "LINEA": "168", "COD_SEG": "012", "COD_MANZA": 4, "PISO": null, "actualizad": null }, "geometry": { "type": "Point", "coordinates": [ -63.671931, 9.6314998 ] } },
{ "type": "Feature", "properties": { "id": null, "CONTROL": "0003", "SERIE": "08", "LINEA": "169", "COD_SEG": "012", "COD_MANZA": 4, "PISO": null, "actualizad": null }, "geometry": { "type": "Point", "coordinates": [ -63.6720731, 9.6315976 ] } },
{ "type": "Feature", "properties": { "id": null, "CONTROL": "0003", "SERIE": "09", "LINEA": "170", "COD_SEG": "012", "COD_MANZA": 4, "PISO": null, "actualizad": null }, "geometry": { "type": "Point", "coordinates": [ -63.6721992, 9.631595 ] } },
{ "type": "Feature", "properties": { "id": null, "CONTROL": "0003", "SERIE": "10", "LINEA": "171", "COD_SEG": "012", "COD_MANZA": 4, "PISO": null, "actualizad": null }, "geometry": { "type": "Point", "coordinates": [ -63.6723252, 9.631603 ] } },
{ "type": "Feature", "properties": { "id": null, "CONTROL": "0003", "SERIE": "11", "LINEA": "172", "COD_SEG": "012", "COD_MANZA": 4, "PISO": null, "actualizad": null }, "geometry": { "type": "Point", "coordinates": [ -63.6724835, 9.6316823 ] } },
{ "type": "Feature", "properties": { "id": null, "CONTROL": "0003", "SERIE": "12", "LINEA": "173", "COD_SEG": "012", "COD_MANZA": 4, "PISO": null, "actualizad": null }, "geometry": { "type": "Point", "coordinates": [ -63.6726016, 9.63164 ] } },
{ "type": "Feature", "properties": { "id": null, "CONTROL": "0003", "SERIE": "13", "LINEA": "174", "COD_SEG": "012", "COD_MANZA": 4, "PISO": null, "actualizad": null }, "geometry": { "type": "Point", "coordinates": [ -63.6727195, 9.6316611 ] } },
{ "type": "Feature", "properties": { "id": null, "CONTROL": "0003", "SERIE": "14", "LINEA": "175", "COD_SEG": "012", "COD_MANZA": 4, "PISO": null, "actualizad": null }, "geometry": { "type": "Point", "coordinates": [ -63.6729047, 9.6316929 ] } },
{ "type": "Feature", "properties": { "id": null, "CONTROL": "0003", "SERIE": "15", "LINEA": "176", "COD_SEG": "012", "COD_MANZA": 4, "PISO": null, "actualizad": null }, "geometry": { "type": "Point", "coordinates": [ -63.6730441, 9.6317167 ] } },
{ "type": "Feature", "properties": { "id": null, "CONTROL": "0055", "SERIE": "PLANTA DE GAS", "LINEA": null, "COD_SEG": "SECTOR 16", "COD_MANZA": 0, "PISO": null, "actualizad": null }, "geometry": { "type": "Point", "coordinates": [ -63.9066171, 9.2935101 ] } },
{ "type": "Feature", "properties": { "id": null, "CONTROL": "0055", "SERIE": "CEMENTERIO", "LINEA": null, "COD_SEG": "SECTOR 16", "COD_MANZA": 0, "PISO": null, "actualizad": null }, "geometry": { "type": "Point", "coordinates": [ -63.9070224, 9.2979069 ] } },
{ "type": "Feature", "properties": { "id": null, "CONTROL": "0055", "SERIE": "01", "LINEA": "001", "COD_SEG": "SECTOR 16", "COD_MANZA": 0, "PISO": null, "actualizad": null }, "geometry": { "type": "Point", "coordinates": [ -63.9166683, 9.3110415 ] } },
{ "type": "Feature", "properties": { "id": null, "CONTROL": "0055", "SERIE": "19", "LINEA": "019", "COD_SEG": "SECTOR 16", "COD_MANZA": 0, "PISO": null, "actualizad": null }, "geometry": { "type": "Point", "coordinates": [ -63.9176929, 9.3108509 ] } },
{ "type": "Feature", "properties": { "id": null, "CONTROL": "0055", "SERIE": "18", "LINEA": "018", "COD_SEG": "SECTOR 16", "COD_MANZA": 0, "PISO": null, "actualizad": null }, "geometry": { "type": "Point", "coordinates": [ -63.9181274, 9.3116476 ] } },
{ "type": "Feature", "properties": { "id": null, "CONTROL": "0055", "SERIE": "02", "LINEA": "002", "COD_SEG": "SECTOR 16", "COD_MANZA": 0, "PISO": null, "actualizad": null }, "geometry": { "type": "Point", "coordinates": [ -63.9167513, 9.312804 ] } },
{ "type": "Feature", "properties": { "id": null, "CONTROL": "0055", "SERIE": "03", "LINEA": "003", "COD_SEG": "SECTOR 16", "COD_MANZA": 0, "PISO": null, "actualizad": null }, "geometry": { "type": "Point", "coordinates": [ -63.9171644, 9.3132328 ] } },
{ "type": "Feature", "properties": { "id": null, "CONTROL": "0055", "SERIE": "04", "LINEA": "004", "COD_SEG": "SECTOR 16", "COD_MANZA": 0, "PISO": null, "actualizad": null }, "geometry": { "type": "Point", "coordinates": [ -63.9176982, 9.3144403 ] } },
{ "type": "Feature", "properties": { "id": null, "CONTROL": "0055", "SERIE": "21", "LINEA": "021", "COD_SEG": "SECTOR 16", "COD_MANZA": 0, "PISO": null, "actualizad": null }, "geometry": { "type": "Point", "coordinates": [ -63.9178088, 9.3130459 ] } },
{ "type": "Feature", "properties": { "id": null, "CONTROL": "0055", "SERIE": "14", "LINEA": "014", "COD_SEG": "SECTOR 16", "COD_MANZA": 0, "PISO": null, "actualizad": null }, "geometry": { "type": "Point", "coordinates": [ -63.9223713, 9.317122 ] } },
{ "type": "Feature", "properties": { "id": null, "CONTROL": "0055", "SERIE": "13", "LINEA": "013", "COD_SEG": "SECTOR 16", "COD_MANZA": 0, "PISO": null, "actualizad": null }, "geometry": { "type": "Point", "coordinates": [ -63.9228996, 9.3177599 ] } },
{ "type": "Feature", "properties": { "id": null, "CONTROL": "0055", "SERIE": "05", "LINEA": "005", "COD_SEG": "SECTOR 16", "COD_MANZA": 0, "PISO": null, "actualizad": null }, "geometry": { "type": "Point", "coordinates": [ -63.9226985, 9.3186836 ] } },
{ "type": "Feature", "properties": { "id": null, "CONTROL": "0011", "SERIE": "01", "LINEA": "181", "COD_SEG": "089", "COD_MANZA": 5, "PISO": null, "actualizad": null }, "geometry": { "type": "Point", "coordinates": [ -63.2279425, 9.6851064 ] } },
{ "type": "Feature", "properties": { "id": null, "CONTROL": "0011", "SERIE": "02", "LINEA": "182", "COD_SEG": "089", "COD_MANZA": 5, "PISO": null, "actualizad": null }, "geometry": { "type": "Point", "coordinates": [ -63.2280217, 9.6851078 ] } },
{ "type": "Feature", "properties": { "id": null, "CONTROL": "0011", "SERIE": "03", "LINEA": "183", "COD_SEG": "089", "COD_MANZA": 5, "PISO": null, "actualizad": null }, "geometry": { "type": "Point", "coordinates": [ -63.2281209, 9.6851078 ] } },
{ "type": "Feature", "properties": { "id": null, "CONTROL": "0011", "SERIE": "04", "LINEA": "184", "COD_SEG": "089", "COD_MANZA": 5, "PISO": null, "actualizad": null }, "geometry": { "type": "Point", "coordinates": [ -63.2282161, 9.6851052 ] } },
{ "type": "Feature", "properties": { "id": null, "CONTROL": "0011", "SERIE": "05", "LINEA": "185", "COD_SEG": "089", "COD_MANZA": 5, "PISO": null, "actualizad": null }, "geometry": { "type": "Point", "coordinates": [ -63.2283261, 9.6850998 ] } },
{ "type": "Feature", "properties": { "id": null, "CONTROL": "0011", "SERIE": "06\n", "LINEA": "186", "COD_SEG": "089", "COD_MANZA": 5, "PISO": null, "actualizad": null }, "geometry": { "type": "Point", "coordinates": [ -63.228318, 9.6854079 ] } },
{ "type": "Feature", "properties": { "id": null, "CONTROL": "0011", "SERIE": "07", "LINEA": "187", "COD_SEG": "089", "COD_MANZA": 5, "PISO": null, "actualizad": null }, "geometry": { "type": "Point", "coordinates": [ -63.2282189, 9.6854132 ] } },
{ "type": "Feature", "properties": { "id": null, "CONTROL": "0011", "SERIE": "08", "LINEA": "188", "COD_SEG": "089", "COD_MANZA": 5, "PISO": null, "actualizad": null }, "geometry": { "type": "Point", "coordinates": [ -63.2281116, 9.6854118 ] } },
{ "type": "Feature", "properties": { "id": null, "CONTROL": "0011", "SERIE": "09", "LINEA": "189", "COD_SEG": "089", "COD_MANZA": 5, "PISO": null, "actualizad": null }, "geometry": { "type": "Point", "coordinates": [ -63.2280284, 9.6854105 ] } },
{ "type": "Feature", "properties": { "id": null, "CONTROL": "0011", "SERIE": "10", "LINEA": "190", "COD_SEG": "089", "COD_MANZA": 5, "PISO": null, "actualizad": null }, "geometry": { "type": "Point", "coordinates": [ -63.2279332, 9.685408 ] } },
{ "type": "Feature", "properties": { "id": null, "CONTROL": "0011", "SERIE": "11", "LINEA": "191", "COD_SEG": "089", "COD_MANZA": 5, "PISO": null, "actualizad": null }, "geometry": { "type": "Point", "coordinates": [ -63.2278608, 9.6854132 ] } },
{ "type": "Feature", "properties": { "id": null, "CONTROL": "0011", "SERIE": "12", "LINEA": "192", "COD_SEG": "089", "COD_MANZA": 5, "PISO": null, "actualizad": null }, "geometry": { "type": "Point", "coordinates": [ -63.2277575, 9.6854171 ] } },
{ "type": "Feature", "properties": { "id": null, "CONTROL": "0011", "SERIE": "13", "LINEA": "193", "COD_SEG": "089", "COD_MANZA": 5, "PISO": null, "actualizad": null }, "geometry": { "type": "Point", "coordinates": [ -63.2276689, 9.6854171 ] } },
{ "type": "Feature", "properties": { "id": null, "CONTROL": "0011", "SERIE": "14", "LINEA": "194", "COD_SEG": "089", "COD_MANZA": 5, "PISO": null, "actualizad": null }, "geometry": { "type": "Point", "coordinates": [ -63.2275818, 9.6854172 ] } },
{ "type": "Feature", "properties": { "id": null, "CONTROL": "0011", "SERIE": "15", "LINEA": "020", "COD_SEG": "089", "COD_MANZA": 5, "PISO": null, "actualizad": null }, "geometry": { "type": "Point", "coordinates": [ -63.2274906, 9.6854171 ] } },
{ "type": "Feature", "properties": { "id": null, "CONTROL": "0063", "SERIE": "07", "LINEA": null, "COD_SEG": "007", "COD_MANZA": 1, "PISO": null, "actualizad": null }, "geometry": { "type": "Point", "coordinates": [ -63.0742757, 9.788984 ] } },
{ "type": "Feature", "properties": { "id": null, "CONTROL": "0063", "SERIE": "08", "LINEA": "023", "COD_SEG": "007", "COD_MANZA": 1, "PISO": null, "actualizad": null }, "geometry": { "type": "Point", "coordinates": [ -63.073589, 9.7892843 ] } },
{ "type": "Feature", "properties": { "id": null, "CONTROL": "0063", "SERIE": "09", "LINEA": "024", "COD_SEG": "007", "COD_MANZA": 1, "PISO": null, "actualizad": null }, "geometry": { "type": "Point", "coordinates": [ -63.0731692, 9.7893729 ] } },
{ "type": "Feature", "properties": { "id": null, "CONTROL": "0063", "SERIE": "10", "LINEA": "025", "COD_SEG": "007", "COD_MANZA": 1, "PISO": null, "actualizad": null }, "geometry": { "type": "Point", "coordinates": [ -63.0726427, 9.7896041 ] } },
{ "type": "Feature", "properties": { "id": null, "CONTROL": "0063", "SERIE": "11", "LINEA": "026", "COD_SEG": "007", "COD_MANZA": 1, "PISO": null, "actualizad": null }, "geometry": { "type": "Point", "coordinates": [ -63.0724094, 9.7897125 ] } },
{ "type": "Feature", "properties": { "id": null, "CONTROL": "0063", "SERIE": "12", "LINEA": "027", "COD_SEG": "007", "COD_MANZA": 1, "PISO": null, "actualizad": null }, "geometry": { "type": "Point", "coordinates": [ -63.0722442, 9.7897954 ] } },
{ "type": "Feature", "properties": { "id": null, "CONTROL": "0063", "SERIE": "13", "LINEA": "028", "COD_SEG": "007", "COD_MANZA": 1, "PISO": null, "actualizad": null }, "geometry": { "type": "Point", "coordinates": [ -63.0721288, 9.7898325 ] } },
{ "type": "Feature", "properties": { "id": null, "CONTROL": "0063", "SERIE": "14", "LINEA": "029", "COD_SEG": "007", "COD_MANZA": 1, "PISO": null, "actualizad": null }, "geometry": { "type": "Point", "coordinates": [ -63.0719543, 9.7897664 ] } },
{ "type": "Feature", "properties": { "id": null, "CONTROL": "0063", "SERIE": "15", "LINEA": "030", "COD_SEG": "007", "COD_MANZA": 1, "PISO": null, "actualizad": null }, "geometry": { "type": "Point", "coordinates": [ -63.0715278, 9.7898338 ] } },
{ "type": "Feature", "properties": { "id": null, "CONTROL": "0063", "SERIE": "16", "LINEA": "031", "COD_SEG": "007", "COD_MANZA": 1, "PISO": null, "actualizad": null }, "geometry": { "type": "Point", "coordinates": [ -63.0746955, 9.7887171 ] } },
{ "type": "Feature", "properties": { "id": null, "CONTROL": "0063", "SERIE": "17", "LINEA": "032", "COD_SEG": "007", "COD_MANZA": 1, "PISO": null, "actualizad": null }, "geometry": { "type": "Point", "coordinates": [ -63.0747813, 9.7889272 ] } },
{ "type": "Feature", "properties": { "id": null, "CONTROL": "0063", "SERIE": "18", "LINEA": "033", "COD_SEG": "007", "COD_MANZA": 1, "PISO": null, "actualizad": null }, "geometry": { "type": "Point", "coordinates": [ -63.0745962, 9.7889814 ] } },
{ "type": "Feature", "properties": { "id": null, "CONTROL": "2093", "SERIE": "01", "LINEA": "031", "COD_SEG": "004", "COD_MANZA": 40, "PISO": null, "actualizad": null }, "geometry": { "type": "Point", "coordinates": [ -63.3097439, 9.7044111 ] } },
{ "type": "Feature", "properties": { "id": null, "CONTROL": "2093", "SERIE": "02", "LINEA": "032", "COD_SEG": "004", "COD_MANZA": 40, "PISO": null, "actualizad": null }, "geometry": { "type": "Point", "coordinates": [ -63.3098592, 9.7043926 ] } },
{ "type": "Feature", "properties": { "id": null, "CONTROL": "2093", "SERIE": "03", "LINEA": "033", "COD_SEG": "004", "COD_MANZA": 40, "PISO": null, "actualizad": null }, "geometry": { "type": "Point", "coordinates": [ -63.3100376, 9.7043305 ] } },
{ "type": "Feature", "properties": { "id": null, "CONTROL": "2093", "SERIE": "04", "LINEA": "034", "COD_SEG": "004", "COD_MANZA": 40, "PISO": null, "actualizad": null }, "geometry": { "type": "Point", "coordinates": [ -63.3101798, 9.7042921 ] } },
{ "type": "Feature", "properties": { "id": null, "CONTROL": "2093", "SERIE": "05", "LINEA": "NO EXISTE", "COD_SEG": "004", "COD_MANZA": 40, "PISO": null, "actualizad": null }, "geometry": { "type": "Point", "coordinates": [ -63.3102777, 9.7042498 ] } },
{ "type": "Feature", "properties": { "id": null, "CONTROL": "2093", "SERIE": "06", "LINEA": "036", "COD_SEG": "004", "COD_MANZA": 40, "PISO": null, "actualizad": null }, "geometry": { "type": "Point", "coordinates": [ -63.3103206, 9.7043807 ] } },
{ "type": "Feature", "properties": { "id": null, "CONTROL": "2093", "SERIE": "07", "LINEA": "037", "COD_SEG": "004", "COD_MANZA": 41, "PISO": null, "actualizad": null }, "geometry": { "type": "Point", "coordinates": [ -63.3091811, 9.7045632 ] } },
{ "type": "Feature", "properties": { "id": null, "CONTROL": "2093", "SERIE": "08", "LINEA": "038", "COD_SEG": "004", "COD_MANZA": 41, "PISO": null, "actualizad": null }, "geometry": { "type": "Point", "coordinates": [ -63.3093031, 9.7045116 ] } },
{ "type": "Feature", "properties": { "id": null, "CONTROL": "2093", "SERIE": "09", "LINEA": "039", "COD_SEG": "004", "COD_MANZA": 41, "PISO": null, "actualizad": null }, "geometry": { "type": "Point", "coordinates": [ -63.3094802, 9.7044614 ] } },
{ "type": "Feature", "properties": { "id": null, "CONTROL": "2093", "SERIE": "10", "LINEA": "040", "COD_SEG": "004", "COD_MANZA": 42, "PISO": null, "actualizad": null }, "geometry": { "type": "Point", "coordinates": [ -63.3097114, 9.7070367 ] } },
{ "type": "Feature", "properties": { "id": null, "CONTROL": "2093", "SERIE": "11", "LINEA": "041", "COD_SEG": "004", "COD_MANZA": 42, "PISO": null, "actualizad": null }, "geometry": { "type": "Point", "coordinates": [ -63.3096765, 9.7069204 ] } },
{ "type": "Feature", "properties": { "id": null, "CONTROL": "2093", "SERIE": "12", "LINEA": "042", "COD_SEG": "004", "COD_MANZA": 42, "PISO": null, "actualizad": null }, "geometry": { "type": "Point", "coordinates": [ -63.3096416, 9.7068067 ] } },
{ "type": "Feature", "properties": { "id": null, "CONTROL": "2093", "SERIE": "13", "LINEA": "043", "COD_SEG": "004", "COD_MANZA": 42, "PISO": null, "actualizad": null }, "geometry": { "type": "Point", "coordinates": [ -63.3095933, 9.706574 ] } },
{ "type": "Feature", "properties": { "id": null, "CONTROL": "2093", "SERIE": "14", "LINEA": "044", "COD_SEG": "004", "COD_MANZA": 42, "PISO": null, "actualizad": null }, "geometry": { "type": "Point", "coordinates": [ -63.3095343, 9.7064048 ] } },
{ "type": "Feature", "properties": { "id": null, "CONTROL": "2093", "SERIE": "15", "LINEA": "045", "COD_SEG": "004", "COD_MANZA": 42, "PISO": null, "actualizad": null }, "geometry": { "type": "Point", "coordinates": [ -63.3094968, 9.7061748 ] } },
{ "type": "Feature", "properties": { "id": null, "CONTROL": "2083", "SERIE": "CANCHA DEPORTIVA", "LINEA": null, "COD_SEG": "003", "COD_MANZA": 3, "PISO": null, "actualizad": null }, "geometry": { "type": "Point", "coordinates": [ -63.5565036, 10.2211942 ] } },
{ "type": "Feature", "properties": { "id": null, "CONTROL": "2083", "SERIE": "IGLESIA CATOLICA SAGRADO CORAZON DE JESUS", "LINEA": null, "COD_SEG": "003", "COD_MANZA": 3, "PISO": null, "actualizad": null }, "geometry": { "type": "Point", "coordinates": [ -63.5555411, 10.2211648 ] } },
{ "type": "Feature", "properties": { "id": null, "CONTROL": "2083", "SERIE": "01", "LINEA": "061", "COD_SEG": "003", "COD_MANZA": 3, "PISO": null, "actualizad": null }, "geometry": { "type": "Point", "coordinates": [ -63.555919, 10.2219914 ] } },
{ "type": "Feature", "properties": { "id": null, "CONTROL": "2083", "SERIE": "02", "LINEA": "062", "COD_SEG": "003", "COD_MANZA": 3, "PISO": null, "actualizad": null }, "geometry": { "type": "Point", "coordinates": [ -63.5558466, 10.2218753 ] } },
{ "type": "Feature", "properties": { "id": null, "CONTROL": "2083", "SERIE": "03", "LINEA": "063", "COD_SEG": "003", "COD_MANZA": 3, "PISO": null, "actualizad": null }, "geometry": { "type": "Point", "coordinates": [ -63.5556401, 10.221482 ] } },
{ "type": "Feature", "properties": { "id": null, "CONTROL": "2083", "SERIE": "04", "LINEA": "064", "COD_SEG": "003", "COD_MANZA": 3, "PISO": null, "actualizad": null }, "geometry": { "type": "Point", "coordinates": [ -63.5556133, 10.2214186 ] } },
{ "type": "Feature", "properties": { "id": null, "CONTROL": "2083", "SERIE": "05", "LINEA": "065", "COD_SEG": "003", "COD_MANZA": 3, "PISO": null, "actualizad": null }, "geometry": { "type": "Point", "coordinates": [ -63.5553961, 10.2210279 ] } },
{ "type": "Feature", "properties": { "id": null, "CONTROL": "2083", "SERIE": "06", "LINEA": "066", "COD_SEG": "003", "COD_MANZA": 3, "PISO": null, "actualizad": null }, "geometry": { "type": "Point", "coordinates": [ -63.5553438, 10.2209567 ] } },
{ "type": "Feature", "properties": { "id": null, "CONTROL": "2083", "SERIE": "07", "LINEA": "067", "COD_SEG": "003", "COD_MANZA": 3, "PISO": null, "actualizad": null }, "geometry": { "type": "Point", "coordinates": [ -63.5553156, 10.2208458 ] } },
{ "type": "Feature", "properties": { "id": null, "CONTROL": "2083", "SERIE": "08", "LINEA": "068", "COD_SEG": "003", "COD_MANZA": 3, "PISO": null, "actualizad": null }, "geometry": { "type": "Point", "coordinates": [ -63.5555168, 10.2207138 ] } },
{ "type": "Feature", "properties": { "id": null, "CONTROL": "2083", "SERIE": "09", "LINEA": "069", "COD_SEG": "003", "COD_MANZA": 3, "PISO": null, "actualizad": null }, "geometry": { "type": "Point", "coordinates": [ -63.5555785, 10.2207019 ] } },
{ "type": "Feature", "properties": { "id": null, "CONTROL": "2083", "SERIE": "10", "LINEA": "071", "COD_SEG": "003", "COD_MANZA": 3, "PISO": null, "actualizad": null }, "geometry": { "type": "Point", "coordinates": [ -63.5556308, 10.2206808 ] } },
{ "type": "Feature", "properties": { "id": null, "CONTROL": "2083", "SERIE": "11", "LINEA": "071", "COD_SEG": "003", "COD_MANZA": 3, "PISO": null, "actualizad": null }, "geometry": { "type": "Point", "coordinates": [ -63.5557045, 10.2206729 ] } },
{ "type": "Feature", "properties": { "id": null, "CONTROL": "2083", "SERIE": "12", "LINEA": "072", "COD_SEG": "003", "COD_MANZA": 3, "PISO": null, "actualizad": null }, "geometry": { "type": "Point", "coordinates": [ -63.5557716, 10.2206227 ] } },
{ "type": "Feature", "properties": { "id": null, "CONTROL": "2083", "SERIE": "13", "LINEA": "073", "COD_SEG": "003", "COD_MANZA": 3, "PISO": null, "actualizad": null }, "geometry": { "type": "Point", "coordinates": [ -63.5559339, 10.2205594 ] } },
{ "type": "Feature", "properties": { "id": null, "CONTROL": "2083", "SERIE": "14", "LINEA": "074", "COD_SEG": "003", "COD_MANZA": 3, "PISO": null, "actualizad": null }, "geometry": { "type": "Point", "coordinates": [ -63.5560921, 10.2204485 ] } },
{ "type": "Feature", "properties": { "id": null, "CONTROL": "2083", "SERIE": "15", "LINEA": "075", "COD_SEG": "003", "COD_MANZA": 3, "PISO": null, "actualizad": null }, "geometry": { "type": "Point", "coordinates": [ -63.5563134, 10.2203192 ] } },
{ "type": "Feature", "properties": { "id": null, "CONTROL": "3045", "SERIE": "01", "LINEA": "031", "COD_SEG": "005", "COD_MANZA": 1, "PISO": null, "actualizad": null }, "geometry": { "type": "Point", "coordinates": [ -63.6158744, 9.6094872 ] } },
{ "type": "Feature", "properties": { "id": null, "CONTROL": "3045", "SERIE": "02", "LINEA": "032", "COD_SEG": "005", "COD_MANZA": 1, "PISO": null, "actualizad": null }, "geometry": { "type": "Point", "coordinates": [ -63.6160702, 9.6095163 ] } },
{ "type": "Feature", "properties": { "id": null, "CONTROL": "3045", "SERIE": "03", "LINEA": "033", "COD_SEG": "005", "COD_MANZA": 1, "PISO": null, "actualizad": null }, "geometry": { "type": "Point", "coordinates": [ -63.616207, 9.6094739 ] } },
{ "type": "Feature", "properties": { "id": null, "CONTROL": "3045", "SERIE": "04", "LINEA": "034", "COD_SEG": "005", "COD_MANZA": 1, "PISO": null, "actualizad": null }, "geometry": { "type": "Point", "coordinates": [ -63.6161695, 9.6099553 ] } },
{ "type": "Feature", "properties": { "id": null, "CONTROL": "3045", "SERIE": "05", "LINEA": "035", "COD_SEG": "005", "COD_MANZA": 1, "PISO": null, "actualizad": null }, "geometry": { "type": "Point", "coordinates": [ -63.6161078, 9.6100981 ] } },
{ "type": "Feature", "properties": { "id": null, "CONTROL": "3045", "SERIE": "06", "LINEA": "036", "COD_SEG": "005", "COD_MANZA": 1, "PISO": null, "actualizad": null }, "geometry": { "type": "Point", "coordinates": [ -63.6161185, 9.6102356 ] } },
{ "type": "Feature", "properties": { "id": null, "CONTROL": "3045", "SERIE": "07", "LINEA": "037", "COD_SEG": "005", "COD_MANZA": 1, "PISO": null, "actualizad": null }, "geometry": { "type": "Point", "coordinates": [ -63.6161373, 9.6103176 ] } },
{ "type": "Feature", "properties": { "id": null, "CONTROL": "3045", "SERIE": "08", "LINEA": "038", "COD_SEG": "005", "COD_MANZA": 1, "PISO": null, "actualizad": null }, "geometry": { "type": "Point", "coordinates": [ -63.6161131, 9.6104366 ] } },
{ "type": "Feature", "properties": { "id": null, "CONTROL": "3045", "SERIE": "09", "LINEA": "039", "COD_SEG": "005", "COD_MANZA": 1, "PISO": null, "actualizad": null }, "geometry": { "type": "Point", "coordinates": [ -63.6159361, 9.6105609 ] } },
{ "type": "Feature", "properties": { "id": null, "CONTROL": "3045", "SERIE": "10", "LINEA": "040", "COD_SEG": "005", "COD_MANZA": 1, "PISO": null, "actualizad": null }, "geometry": { "type": "Point", "coordinates": [ -63.6160675, 9.6105556 ] } },
{ "type": "Feature", "properties": { "id": null, "CONTROL": "3045", "SERIE": "11", "LINEA": "041", "COD_SEG": "005", "COD_MANZA": 1, "PISO": null, "actualizad": null }, "geometry": { "type": "Point", "coordinates": [ -63.6161963, 9.6105609 ] } },
{ "type": "Feature", "properties": { "id": null, "CONTROL": "3045", "SERIE": "12", "LINEA": "042", "COD_SEG": "005", "COD_MANZA": 1, "PISO": null, "actualizad": null }, "geometry": { "type": "Point", "coordinates": [ -63.6161346, 9.6107936 ] } },
{ "type": "Feature", "properties": { "id": null, "CONTROL": "3045", "SERIE": "13", "LINEA": "043", "COD_SEG": "005", "COD_MANZA": 1, "PISO": null, "actualizad": null }, "geometry": { "type": "Point", "coordinates": [ -63.6164967, 9.6108015 ] } },
{ "type": "Feature", "properties": { "id": null, "CONTROL": "3045", "SERIE": "14", "LINEA": "044", "COD_SEG": "005", "COD_MANZA": 1, "PISO": null, "actualizad": null }, "geometry": { "type": "Point", "coordinates": [ -63.6164394, 9.6103748 ] } },
{ "type": "Feature", "properties": { "id": null, "CONTROL": "3045", "SERIE": "15", "LINEA": "045", "COD_SEG": "005", "COD_MANZA": 1, "PISO": null, "actualizad": null }, "geometry": { "type": "Point", "coordinates": [ -63.6165225, 9.6100759 ] } },
{ "type": "Feature", "properties": { "id": null, "CONTROL": "3045", "SERIE": "16", "LINEA": "046", "COD_SEG": "005", "COD_MANZA": 1, "PISO": null, "actualizad": null }, "geometry": { "type": "Point", "coordinates": [ -63.6169249, 9.609949 ] } },
{ "type": "Feature", "properties": { "id": null, "CONTROL": "2060", "SERIE": "01", "LINEA": "211", "COD_SEG": "004", "COD_MANZA": 1, "PISO": null, "actualizad": null }, "geometry": { "type": "Point", "coordinates": [ -63.2258296, 9.7285268 ] } },
{ "type": "Feature", "properties": { "id": null, "CONTROL": "2060", "SERIE": "02", "LINEA": "212", "COD_SEG": "004", "COD_MANZA": 1, "PISO": null, "actualizad": null }, "geometry": { "type": "Point", "coordinates": [ -63.2258364, 9.7286074 ] } },
{ "type": "Feature", "properties": { "id": null, "CONTROL": "2060", "SERIE": "03", "LINEA": "213", "COD_SEG": "004", "COD_MANZA": 1, "PISO": null, "actualizad": null }, "geometry": { "type": "Point", "coordinates": [ -63.2258457, 9.7287039 ] } },
{ "type": "Feature", "properties": { "id": null, "CONTROL": "2060", "SERIE": "04", "LINEA": "214", "COD_SEG": "004", "COD_MANZA": 1, "PISO": null, "actualizad": null }, "geometry": { "type": "Point", "coordinates": [ -63.2258457, 9.7287925 ] } },
{ "type": "Feature", "properties": { "id": null, "CONTROL": "2060", "SERIE": "05", "LINEA": "215", "COD_SEG": "004", "COD_MANZA": 1, "PISO": null, "actualizad": null }, "geometry": { "type": "Point", "coordinates": [ -63.2258565, 9.7288718 ] } },
{ "type": "Feature", "properties": { "id": null, "CONTROL": "2060", "SERIE": "06", "LINEA": "216", "COD_SEG": "004", "COD_MANZA": 1, "PISO": null, "actualizad": null }, "geometry": { "type": "Point", "coordinates": [ -63.2258672, 9.7289418 ] } },
{ "type": "Feature", "properties": { "id": null, "CONTROL": "2060", "SERIE": "07", "LINEA": "217", "COD_SEG": "004", "COD_MANZA": 1, "PISO": null, "actualizad": null }, "geometry": { "type": "Point", "coordinates": [ -63.2258672, 9.7290211 ] } },
{ "type": "Feature", "properties": { "id": null, "CONTROL": "2060", "SERIE": "08", "LINEA": "218", "COD_SEG": "004", "COD_MANZA": 1, "PISO": null, "actualizad": null }, "geometry": { "type": "Point", "coordinates": [ -63.2258605, 9.7291718 ] } },
{ "type": "Feature", "properties": { "id": null, "CONTROL": "2060", "SERIE": "09", "LINEA": "219", "COD_SEG": "004", "COD_MANZA": 1, "PISO": null, "actualizad": null }, "geometry": { "type": "Point", "coordinates": [ -63.2258632, 9.7292908 ] } },
{ "type": "Feature", "properties": { "id": null, "CONTROL": "2060", "SERIE": "10", "LINEA": "220", "COD_SEG": "004", "COD_MANZA": 1, "PISO": null, "actualizad": null }, "geometry": { "type": "Point", "coordinates": [ -63.2258739, 9.7293913 ] } },
{ "type": "Feature", "properties": { "id": null, "CONTROL": "2060", "SERIE": "11", "LINEA": "221", "COD_SEG": "004", "COD_MANZA": 1, "PISO": null, "actualizad": null }, "geometry": { "type": "Point", "coordinates": [ -63.2258766, 9.7295181 ] } },
{ "type": "Feature", "properties": { "id": null, "CONTROL": "2060", "SERIE": "12", "LINEA": "222", "COD_SEG": "004", "COD_MANZA": 1, "PISO": null, "actualizad": null }, "geometry": { "type": "Point", "coordinates": [ -63.2258846, 9.7296265 ] } },
{ "type": "Feature", "properties": { "id": null, "CONTROL": "2060", "SERIE": "13", "LINEA": "223", "COD_SEG": "004", "COD_MANZA": 1, "PISO": null, "actualizad": null }, "geometry": { "type": "Point", "coordinates": [ -63.22589, 9.7297058 ] } },
{ "type": "Feature", "properties": { "id": null, "CONTROL": "2060", "SERIE": "14", "LINEA": "224", "COD_SEG": "004", "COD_MANZA": 1, "PISO": null, "actualizad": null }, "geometry": { "type": "Point", "coordinates": [ -63.22589, 9.7297878 ] } },
{ "type": "Feature", "properties": { "id": null, "CONTROL": "2060", "SERIE": "15", "LINEA": "225", "COD_SEG": "004", "COD_MANZA": 1, "PISO": null, "actualizad": null }, "geometry": { "type": "Point", "coordinates": [ -63.225898, 9.7298698 ] } },
{ "type": "Feature", "properties": { "id": null, "CONTROL": "3027", "SERIE": "01", "LINEA": "085", "COD_SEG": "074", "COD_MANZA": 3, "PISO": null, "actualizad": null }, "geometry": { "type": "Point", "coordinates": [ -63.1780456, 9.727813 ] } },
{ "type": "Feature", "properties": { "id": null, "CONTROL": "3027", "SERIE": "02", "LINEA": "086", "COD_SEG": "074", "COD_MANZA": 3, "PISO": null, "actualizad": null }, "geometry": { "type": "Point", "coordinates": [ -63.1780778, 9.7278791 ] } },
{ "type": "Feature", "properties": { "id": null, "CONTROL": "3027", "SERIE": "03", "LINEA": "087", "COD_SEG": "074", "COD_MANZA": 3, "PISO": null, "actualizad": null }, "geometry": { "type": "Point", "coordinates": [ -63.1781153, 9.7279557 ] } },
{ "type": "Feature", "properties": { "id": null, "CONTROL": "3027", "SERIE": "04", "LINEA": "088", "COD_SEG": "074", "COD_MANZA": 3, "PISO": null, "actualizad": null }, "geometry": { "type": "Point", "coordinates": [ -63.1781582, 9.7280456 ] } },
{ "type": "Feature", "properties": { "id": null, "CONTROL": "3027", "SERIE": "05", "LINEA": "089", "COD_SEG": "074", "COD_MANZA": 3, "PISO": null, "actualizad": null }, "geometry": { "type": "Point", "coordinates": [ -63.1781904, 9.7281091 ] } },
{ "type": "Feature", "properties": { "id": null, "CONTROL": "3027", "SERIE": "06", "LINEA": "090", "COD_SEG": "074", "COD_MANZA": 3, "PISO": null, "actualizad": null }, "geometry": { "type": "Point", "coordinates": [ -63.1781985, 9.7281831 ] } },
{ "type": "Feature", "properties": { "id": null, "CONTROL": "3027", "SERIE": "07", "LINEA": "091", "COD_SEG": "074", "COD_MANZA": 3, "PISO": null, "actualizad": null }, "geometry": { "type": "Point", "coordinates": [ -63.1782333, 9.7282518 ] } },
{ "type": "Feature", "properties": { "id": null, "CONTROL": "3027", "SERIE": "08", "LINEA": "092", "COD_SEG": "074", "COD_MANZA": 3, "PISO": null, "actualizad": null }, "geometry": { "type": "Point", "coordinates": [ -63.1782601, 9.7283206 ] } },
{ "type": "Feature", "properties": { "id": null, "CONTROL": "3027", "SERIE": "09", "LINEA": "093", "COD_SEG": "074", "COD_MANZA": 3, "PISO": null, "actualizad": null }, "geometry": { "type": "Point", "coordinates": [ -63.1782843, 9.7283443 ] } },
{ "type": "Feature", "properties": { "id": null, "CONTROL": "3027", "SERIE": "10", "LINEA": "094", "COD_SEG": "074", "COD_MANZA": 3, "PISO": null, "actualizad": null }, "geometry": { "type": "Point", "coordinates": [ -63.1783031, 9.7283972 ] } },
{ "type": "Feature", "properties": { "id": null, "CONTROL": "3027", "SERIE": "11", "LINEA": "095", "COD_SEG": "074", "COD_MANZA": 3, "PISO": null, "actualizad": null }, "geometry": { "type": "Point", "coordinates": [ -63.1783352, 9.7284633 ] } },
{ "type": "Feature", "properties": { "id": null, "CONTROL": "3027", "SERIE": "12", "LINEA": "096", "COD_SEG": "074", "COD_MANZA": 3, "PISO": null, "actualizad": null }, "geometry": { "type": "Point", "coordinates": [ -63.178346, 9.7285294 ] } },
{ "type": "Feature", "properties": { "id": null, "CONTROL": "3027", "SERIE": "13", "LINEA": "097", "COD_SEG": "074", "COD_MANZA": 3, "PISO": null, "actualizad": null }, "geometry": { "type": "Point", "coordinates": [ -63.1783835, 9.7285743 ] } },
{ "type": "Feature", "properties": { "id": null, "CONTROL": "3027", "SERIE": "14", "LINEA": "098", "COD_SEG": "074", "COD_MANZA": 3, "PISO": null, "actualizad": null }, "geometry": { "type": "Point", "coordinates": [ -63.1784264, 9.7286537 ] } },
{ "type": "Feature", "properties": { "id": null, "CONTROL": "3027", "SERIE": "15", "LINEA": "099", "COD_SEG": "074", "COD_MANZA": 3, "PISO": null, "actualizad": null }, "geometry": { "type": "Point", "coordinates": [ -63.1784586, 9.7287277 ] } },
{ "type": "Feature", "properties": { "id": null, "CONTROL": "6005", "SERIE": "01", "LINEA": "001", "COD_SEG": "115", "COD_MANZA": 1, "PISO": null, "actualizad": null }, "geometry": { "type": "Point", "coordinates": [ -63.1591679, 9.7393766 ] } },
{ "type": "Feature", "properties": { "id": null, "CONTROL": "6005", "SERIE": "02", "LINEA": "002", "COD_SEG": "115", "COD_MANZA": 1, "PISO": null, "actualizad": null }, "geometry": { "type": "Point", "coordinates": [ -63.1588851, 9.7393594 ] } },
{ "type": "Feature", "properties": { "id": null, "CONTROL": "6005", "SERIE": "03", "LINEA": "003", "COD_SEG": "115", "COD_MANZA": 1, "PISO": null, "actualizad": null }, "geometry": { "type": "Point", "coordinates": [ -63.1586947, 9.7394123 ] } },
{ "type": "Feature", "properties": { "id": null, "CONTROL": "6005", "SERIE": "04", "LINEA": "004", "COD_SEG": "115", "COD_MANZA": 1, "PISO": null, "actualizad": null }, "geometry": { "type": "Point", "coordinates": [ -63.1584506, 9.7394414 ] } },
{ "type": "Feature", "properties": { "id": null, "CONTROL": "6005", "SERIE": "CANCHA DEPORTIVO\n", "LINEA": null, "COD_SEG": "115", "COD_MANZA": 1, "PISO": null, "actualizad": null }, "geometry": { "type": "Point", "coordinates": [ -63.1583862, 9.7389391 ] } },
{ "type": "Feature", "properties": { "id": null, "CONTROL": "6005", "SERIE": "05", "LINEA": "005", "COD_SEG": "115", "COD_MANZA": 2, "PISO": null, "actualizad": null }, "geometry": { "type": "Point", "coordinates": [ -63.1615651, 9.7391647 ] } },
{ "type": "Feature", "properties": { "id": null, "CONTROL": "6005", "SERIE": "06", "LINEA": "006", "COD_SEG": "115", "COD_MANZA": 2, "PISO": null, "actualizad": null }, "geometry": { "type": "Point", "coordinates": [ -63.1615275, 9.7388938 ] } },
{ "type": "Feature", "properties": { "id": null, "CONTROL": "6005", "SERIE": "07", "LINEA": "007", "COD_SEG": "115", "COD_MANZA": 2, "PISO": null, "actualizad": null }, "geometry": { "type": "Point", "coordinates": [ -63.1624088, 9.7388211 ] } },
{ "type": "Feature", "properties": { "id": null, "CONTROL": "6005", "SERIE": "08", "LINEA": "008", "COD_SEG": "115", "COD_MANZA": 2, "PISO": null, "actualizad": null }, "geometry": { "type": "Point", "coordinates": [ -63.1624155, 9.7391357 ] } },
{ "type": "Feature", "properties": { "id": null, "CONTROL": "6005", "SERIE": "09", "LINEA": "009", "COD_SEG": "115", "COD_MANZA": 2, "PISO": null, "actualizad": null }, "geometry": { "type": "Point", "coordinates": [ -63.162131, 9.7391819 ] } },
{ "type": "Feature", "properties": { "id": null, "CONTROL": "6005", "SERIE": "10", "LINEA": "010", "COD_SEG": "115", "COD_MANZA": 2, "PISO": null, "actualizad": null }, "geometry": { "type": "Point", "coordinates": [ -63.1621216, 9.7390669 ] } },
{ "type": "Feature", "properties": { "id": null, "CONTROL": "6005", "SERIE": "11", "LINEA": "011", "COD_SEG": "115", "COD_MANZA": 2, "PISO": null, "actualizad": null }, "geometry": { "type": "Point", "coordinates": [ -63.1622276, 9.7390523 ] } },
{ "type": "Feature", "properties": { "id": null, "CONTROL": "6005", "SERIE": "12", "LINEA": "012", "COD_SEG": "115", "COD_MANZA": 2, "PISO": null, "actualizad": null }, "geometry": { "type": "Point", "coordinates": [ -63.1622141, 9.7391753 ] } },
{ "type": "Feature", "properties": { "id": null, "CONTROL": "6005", "SERIE": "13", "LINEA": "013", "COD_SEG": "115", "COD_MANZA": 2, "PISO": null, "actualizad": null }, "geometry": { "type": "Point", "coordinates": [ -63.1619658, 9.739165 ] } },
{ "type": "Feature", "properties": { "id": null, "CONTROL": "6005", "SERIE": "TERRENO DESOCUPADO\n", "LINEA": null, "COD_SEG": "115", "COD_MANZA": 3, "PISO": null, "actualizad": null }, "geometry": { "type": "Point", "coordinates": [ -63.1629877, 9.7387434 ] } },
{ "type": "Feature", "properties": { "id": null, "CONTROL": "6005", "SERIE": "14", "LINEA": "015", "COD_SEG": "115", "COD_MANZA": 3, "PISO": null, "actualizad": null }, "geometry": { "type": "Point", "coordinates": [ -63.1626706, 9.7377936 ] } },
{ "type": "Feature", "properties": { "id": null, "CONTROL": "0019", "SERIE": "01", "LINEA": "166", "COD_SEG": "005", "COD_MANZA": 9, "PISO": null, "actualizad": null }, "geometry": { "type": "Point", "coordinates": [ -63.4822628, 9.9707725 ] } },
{ "type": "Feature", "properties": { "id": null, "CONTROL": "0019", "SERIE": "02", "LINEA": "167", "COD_SEG": "005", "COD_MANZA": 9, "PISO": null, "actualizad": null }, "geometry": { "type": "Point", "coordinates": [ -63.482122, 9.9707725 ] } },
{ "type": "Feature", "properties": { "id": null, "CONTROL": "0019", "SERIE": "03", "LINEA": "168", "COD_SEG": "005", "COD_MANZA": 9, "PISO": null, "actualizad": null }, "geometry": { "type": "Point", "coordinates": [ -63.4818296, 9.9705163 ] } },
{ "type": "Feature", "properties": { "id": null, "CONTROL": "0019", "SERIE": "04", "LINEA": "169", "COD_SEG": "005", "COD_MANZA": 9, "PISO": null, "actualizad": null }, "geometry": { "type": "Point", "coordinates": [ -63.4819597, 9.9704753 ] } },
{ "type": "Feature", "properties": { "id": null, "CONTROL": "0019", "SERIE": "05", "LINEA": "170", "COD_SEG": "005", "COD_MANZA": 9, "PISO": null, "actualizad": null }, "geometry": { "type": "Point", "coordinates": [ -63.4820898, 9.9704753 ] } },
{ "type": "Feature", "properties": { "id": null, "CONTROL": "0019", "SERIE": "06", "LINEA": "171", "COD_SEG": "005", "COD_MANZA": 9, "PISO": null, "actualizad": null }, "geometry": { "type": "Point", "coordinates": [ -63.482185, 9.9703459 ] } },
{ "type": "Feature", "properties": { "id": null, "CONTROL": "0019", "SERIE": "07", "LINEA": "172", "COD_SEG": "005", "COD_MANZA": 9, "PISO": null, "actualizad": null }, "geometry": { "type": "Point", "coordinates": [ -63.482366, 9.970437 ] } },
{ "type": "Feature", "properties": { "id": null, "CONTROL": "0019", "SERIE": "08", "LINEA": "173", "COD_SEG": "005", "COD_MANZA": 9, "PISO": null, "actualizad": null }, "geometry": { "type": "Point", "coordinates": [ -63.482464, 9.9704212 ] } },
{ "type": "Feature", "properties": { "id": null, "CONTROL": "0019", "SERIE": "09", "LINEA": "174", "COD_SEG": "005", "COD_MANZA": 9, "PISO": null, "actualizad": null }, "geometry": { "type": "Point", "coordinates": [ -63.4825283, 9.9704132 ] } },
{ "type": "Feature", "properties": { "id": null, "CONTROL": "0019", "SERIE": "10", "LINEA": "175", "COD_SEG": "005", "COD_MANZA": 9, "PISO": null, "actualizad": null }, "geometry": { "type": "Point", "coordinates": [ -63.4826142, 9.9703314 ] } },
{ "type": "Feature", "properties": { "id": null, "CONTROL": "0019", "SERIE": "11", "LINEA": "176", "COD_SEG": "005", "COD_MANZA": 9, "PISO": null, "actualizad": null }, "geometry": { "type": "Point", "coordinates": [ -63.4826826, 9.9703208 ] } },
{ "type": "Feature", "properties": { "id": null, "CONTROL": "0019", "SERIE": "12", "LINEA": "177", "COD_SEG": "005", "COD_MANZA": 9, "PISO": null, "actualizad": null }, "geometry": { "type": "Point", "coordinates": [ -63.4827818, 9.9705387 ] } },
{ "type": "Feature", "properties": { "id": null, "CONTROL": "0019", "SERIE": "13", "LINEA": "178", "COD_SEG": "005", "COD_MANZA": 9, "PISO": null, "actualizad": null }, "geometry": { "type": "Point", "coordinates": [ -63.4827791, 9.9702878 ] } },
{ "type": "Feature", "properties": { "id": null, "CONTROL": "0019", "SERIE": "14", "LINEA": "179", "COD_SEG": "005", "COD_MANZA": 9, "PISO": null, "actualizad": null }, "geometry": { "type": "Point", "coordinates": [ -63.4828502, 9.9702534 ] } },
{ "type": "Feature", "properties": { "id": null, "CONTROL": "0019", "SERIE": "15", "LINEA": "180", "COD_SEG": "005", "COD_MANZA": 9, "PISO": null, "actualizad": null }, "geometry": { "type": "Point", "coordinates": [ -63.4829548, 9.9702296 ] } },
{ "type": "Feature", "properties": { "id": null, "CONTROL": "0038", "SERIE": "01", "LINEA": "106", "COD_SEG": "021", "COD_MANZA": 9, "PISO": null, "actualizad": null }, "geometry": { "type": "Point", "coordinates": [ -63.1469128, 9.7628982 ] } },
{ "type": "Feature", "properties": { "id": null, "CONTROL": "0038", "SERIE": "02", "LINEA": "107", "COD_SEG": "021", "COD_MANZA": 9, "PISO": null, "actualizad": null }, "geometry": { "type": "Point", "coordinates": [ -63.1468565, 9.7629418 ] } },
{ "type": "Feature", "properties": { "id": null, "CONTROL": "0038", "SERIE": "03", "LINEA": "108", "COD_SEG": "021", "COD_MANZA": 9, "PISO": null, "actualizad": null }, "geometry": { "type": "Point", "coordinates": [ -63.1468082, 9.7629868 ] } },
{ "type": "Feature", "properties": { "id": null, "CONTROL": "0038", "SERIE": "04", "LINEA": "109", "COD_SEG": "021", "COD_MANZA": 10, "PISO": null, "actualizad": null }, "geometry": { "type": "Point", "coordinates": [ -63.1461792, 9.7635062 ] } },
{ "type": "Feature", "properties": { "id": null, "CONTROL": "0038", "SERIE": "05", "LINEA": "110", "COD_SEG": "021", "COD_MANZA": 10, "PISO": null, "actualizad": null }, "geometry": { "type": "Point", "coordinates": [ -63.1461095, 9.7634309 ] } },
{ "type": "Feature", "properties": { "id": null, "CONTROL": "0038", "SERIE": "06", "LINEA": "111", "COD_SEG": "021", "COD_MANZA": 10, "PISO": null, "actualizad": null }, "geometry": { "type": "Point", "coordinates": [ -63.146029, 9.7633436 ] } },
{ "type": "Feature", "properties": { "id": null, "CONTROL": "0038", "SERIE": "07", "LINEA": "112", "COD_SEG": "021", "COD_MANZA": 10, "PISO": null, "actualizad": null }, "geometry": { "type": "Point", "coordinates": [ -63.145962, 9.7632947 ] } },
{ "type": "Feature", "properties": { "id": null, "CONTROL": "0038", "SERIE": "08", "LINEA": "113", "COD_SEG": "021", "COD_MANZA": 10, "PISO": null, "actualizad": null }, "geometry": { "type": "Point", "coordinates": [ -63.1458614, 9.7631903 ] } },
{ "type": "Feature", "properties": { "id": null, "CONTROL": "0038", "SERIE": "09", "LINEA": "114", "COD_SEG": "021", "COD_MANZA": 10, "PISO": null, "actualizad": null }, "geometry": { "type": "Point", "coordinates": [ -63.1459258, 9.7631528 ] } },
{ "type": "Feature", "properties": { "id": null, "CONTROL": "0038", "SERIE": "10", "LINEA": "115", "COD_SEG": "021", "COD_MANZA": 10, "PISO": null, "actualizad": null }, "geometry": { "type": "Point", "coordinates": [ -63.1459781, 9.7630894 ] } },
{ "type": "Feature", "properties": { "id": null, "CONTROL": "0038", "SERIE": "11", "LINEA": "116", "COD_SEG": "021", "COD_MANZA": 10, "PISO": null, "actualizad": null }, "geometry": { "type": "Point", "coordinates": [ -63.1460492, 9.7630391 ] } },
{ "type": "Feature", "properties": { "id": null, "CONTROL": "0038", "SERIE": "12", "LINEA": "117", "COD_SEG": "021", "COD_MANZA": 10, "PISO": null, "actualizad": null }, "geometry": { "type": "Point", "coordinates": [ -63.1461417, 9.7631409 ] } },
{ "type": "Feature", "properties": { "id": null, "CONTROL": "0038", "SERIE": "13", "LINEA": "118", "COD_SEG": "021", "COD_MANZA": 10, "PISO": null, "actualizad": null }, "geometry": { "type": "Point", "coordinates": [ -63.1462047, 9.7632149 ] } },
{ "type": "Feature", "properties": { "id": null, "CONTROL": "0038", "SERIE": "14", "LINEA": "119", "COD_SEG": "021", "COD_MANZA": 10, "PISO": null, "actualizad": null }, "geometry": { "type": "Point", "coordinates": [ -63.146245, 9.7632678 ] } },
{ "type": "Feature", "properties": { "id": null, "CONTROL": "0038", "SERIE": "15", "LINEA": "120", "COD_SEG": "021", "COD_MANZA": 10, "PISO": null, "actualizad": null }, "geometry": { "type": "Point", "coordinates": [ -63.1463106, 9.7633418 ] } },
{ "type": "Feature", "properties": { "id": null, "CONTROL": "2067", "SERIE": "PANADERIA \"EL BOLIVARIANO\"", "LINEA": null, "COD_SEG": "001", "COD_MANZA": 5, "PISO": null, "actualizad": null }, "geometry": { "type": "Point", "coordinates": [ -63.0289693, 9.8351157 ] } },
{ "type": "Feature", "properties": { "id": null, "CONTROL": "2067", "SERIE": "LOCAL \"EL CANEY DE YAGUA\"", "LINEA": null, "COD_SEG": "001", "COD_MANZA": 5, "PISO": null, "actualizad": null }, "geometry": { "type": "Point", "coordinates": [ -63.0287185, 9.8349796 ] } },
{ "type": "Feature", "properties": { "id": null, "CONTROL": "2067", "SERIE": "ANTENA", "LINEA": null, "COD_SEG": "001", "COD_MANZA": 5, "PISO": null, "actualizad": null }, "geometry": { "type": "Point", "coordinates": [ -63.0294514, 9.8332478 ] } },
{ "type": "Feature", "properties": { "id": null, "CONTROL": "2067", "SERIE": "01", "LINEA": "017", "COD_SEG": "001", "COD_MANZA": 5, "PISO": null, "actualizad": null }, "geometry": { "type": "Point", "coordinates": [ -63.029044, 9.8352 ] } },
{ "type": "Feature", "properties": { "id": null, "CONTROL": "2067", "SERIE": "02", "LINEA": "018", "COD_SEG": "001", "COD_MANZA": 5, "PISO": null, "actualizad": null }, "geometry": { "type": "Point", "coordinates": [ -63.0291083, 9.8353348 ] } },
{ "type": "Feature", "properties": { "id": null, "CONTROL": "2067", "SERIE": "17", "LINEA": "033", "COD_SEG": "001", "COD_MANZA": 6, "PISO": null, "actualizad": null }, "geometry": { "type": "Point", "coordinates": [ -63.029206, 9.8363722 ] } },
{ "type": "Feature", "properties": { "id": null, "CONTROL": "2067", "SERIE": "03", "LINEA": "019", "COD_SEG": "001", "COD_MANZA": 6, "PISO": null, "actualizad": null }, "geometry": { "type": "Point", "coordinates": [ -63.0291497, 9.8362824 ] } },
{ "type": "Feature", "properties": { "id": null, "CONTROL": "2067", "SERIE": "04", "LINEA": "020", "COD_SEG": "001", "COD_MANZA": 6, "PISO": null, "actualizad": null }, "geometry": { "type": "Point", "coordinates": [ -63.0290317, 9.8360353 ] } },
{ "type": "Feature", "properties": { "id": null, "CONTROL": "2067", "SERIE": "05", "LINEA": "021", "COD_SEG": "001", "COD_MANZA": 6, "PISO": null, "actualizad": null }, "geometry": { "type": "Point", "coordinates": [ -63.0289606, 9.8359309 ] } },
{ "type": "Feature", "properties": { "id": null, "CONTROL": "2067", "SERIE": "06", "LINEA": "022", "COD_SEG": "001", "COD_MANZA": 6, "PISO": null, "actualizad": null }, "geometry": { "type": "Point", "coordinates": [ -63.029249, 9.8356151 ] } },
{ "type": "Feature", "properties": { "id": null, "CONTROL": "2067", "SERIE": "07", "LINEA": "023", "COD_SEG": "001", "COD_MANZA": 6, "PISO": null, "actualizad": null }, "geometry": { "type": "Point", "coordinates": [ -63.0293697, 9.835808 ] } },
{ "type": "Feature", "properties": { "id": null, "CONTROL": "2067", "SERIE": "08", "LINEA": "024", "COD_SEG": "001", "COD_MANZA": 6, "PISO": null, "actualizad": null }, "geometry": { "type": "Point", "coordinates": [ -63.0294689, 9.836022 ] } },
{ "type": "Feature", "properties": { "id": null, "CONTROL": "2067", "SERIE": "09", "LINEA": "025", "COD_SEG": "001", "COD_MANZA": 6, "PISO": null, "actualizad": null }, "geometry": { "type": "Point", "coordinates": [ -63.0295494, 9.8361648 ] } },
{ "type": "Feature", "properties": { "id": null, "CONTROL": "2067", "SERIE": "10", "LINEA": "026", "COD_SEG": "001", "COD_MANZA": 7, "PISO": null, "actualizad": null }, "geometry": { "type": "Point", "coordinates": [ -63.0297529, 9.8360234 ] } },
{ "type": "Feature", "properties": { "id": null, "CONTROL": "2067", "SERIE": "18", "LINEA": "034", "COD_SEG": "001", "COD_MANZA": 7, "PISO": null, "actualizad": null }, "geometry": { "type": "Point", "coordinates": [ -63.0296781, 9.8358965 ] } },
{ "type": "Feature", "properties": { "id": null, "CONTROL": "2067", "SERIE": "11", "LINEA": "027", "COD_SEG": "001", "COD_MANZA": 7, "PISO": null, "actualizad": null }, "geometry": { "type": "Point", "coordinates": [ -63.0296567, 9.8357803 ] } },
{ "type": "Feature", "properties": { "id": null, "CONTROL": "2067", "SERIE": "12", "LINEA": "028", "COD_SEG": "001", "COD_MANZA": 7, "PISO": null, "actualizad": null }, "geometry": { "type": "Point", "coordinates": [ -63.0295869, 9.8356825 ] } },
{ "type": "Feature", "properties": { "id": null, "CONTROL": "2067", "SERIE": "13", "LINEA": "029", "COD_SEG": "001", "COD_MANZA": 7, "PISO": null, "actualizad": null }, "geometry": { "type": "Point", "coordinates": [ -63.0294555, 9.8354473 ] } },
{ "type": "Feature", "properties": { "id": null, "CONTROL": "2067", "SERIE": "14", "LINEA": "030", "COD_SEG": "001", "COD_MANZA": 7, "PISO": null, "actualizad": null }, "geometry": { "type": "Point", "coordinates": [ -63.0297988, 9.8353284 ] } },
{ "type": "Feature", "properties": { "id": null, "CONTROL": "2067", "SERIE": "15", "LINEA": "031", "COD_SEG": "001", "COD_MANZA": 7, "PISO": null, "actualizad": null }, "geometry": { "type": "Point", "coordinates": [ -63.0298498, 9.8354816 ] } },
{ "type": "Feature", "properties": { "id": null, "CONTROL": "2067", "SERIE": "16", "LINEA": "032", "COD_SEG": "001", "COD_MANZA": 7, "PISO": null, "actualizad": null }, "geometry": { "type": "Point", "coordinates": [ -63.0300563, 9.8358093 ] } },
{ "type": "Feature", "properties": { "id": null, "CONTROL": "2094", "SERIE": "IGLESIA LUZ DE LA ESPERANZA", "LINEA": null, "COD_SEG": "003", "COD_MANZA": 4, "PISO": null, "actualizad": null }, "geometry": { "type": "Point", "coordinates": [ -63.4843729, 9.9720436 ] } },
{ "type": "Feature", "properties": { "id": null, "CONTROL": "2094", "SERIE": "PLANTA ELECTRICA", "LINEA": null, "COD_SEG": "003", "COD_MANZA": 4, "PISO": null, "actualizad": null }, "geometry": { "type": "Point", "coordinates": [ -63.4867895, 9.9724689 ] } },
{ "type": "Feature", "properties": { "id": null, "CONTROL": "2094", "SERIE": "FERRETERIA AGRICOLA", "LINEA": null, "COD_SEG": "003", "COD_MANZA": 4, "PISO": null, "actualizad": null }, "geometry": { "type": "Point", "coordinates": [ -63.4866769, 9.9720912 ] } },
{ "type": "Feature", "properties": { "id": null, "CONTROL": "2094", "SERIE": "01", "LINEA": "240", "COD_SEG": "003", "COD_MANZA": 4, "PISO": null, "actualizad": null }, "geometry": { "type": "Point", "coordinates": [ -63.4845072, 9.9718903 ] } },
{ "type": "Feature", "properties": { "id": null, "CONTROL": "2094", "SERIE": "02", "LINEA": "241", "COD_SEG": "003", "COD_MANZA": 4, "PISO": null, "actualizad": null }, "geometry": { "type": "Point", "coordinates": [ -63.4845689, 9.9719801 ] } },
{ "type": "Feature", "properties": { "id": null, "CONTROL": "2094", "SERIE": "03", "LINEA": "242", "COD_SEG": "003", "COD_MANZA": 4, "PISO": null, "actualizad": null }, "geometry": { "type": "Point", "coordinates": [ -63.4847942, 9.971959 ] } },
{ "type": "Feature", "properties": { "id": null, "CONTROL": "2094", "SERIE": "04", "LINEA": "243", "COD_SEG": "003", "COD_MANZA": 4, "PISO": null, "actualizad": null }, "geometry": { "type": "Point", "coordinates": [ -63.4849123, 9.9719775 ] } },
{ "type": "Feature", "properties": { "id": null, "CONTROL": "2094", "SERIE": "08", "LINEA": "247", "COD_SEG": "003", "COD_MANZA": 4, "PISO": null, "actualizad": null }, "geometry": { "type": "Point", "coordinates": [ -63.4850786, 9.9719907 ] } },
{ "type": "Feature", "properties": { "id": null, "CONTROL": "2094", "SERIE": "09", "LINEA": "248", "COD_SEG": "003", "COD_MANZA": 4, "PISO": null, "actualizad": null }, "geometry": { "type": "Point", "coordinates": [ -63.4851724, 9.9719934 ] } },
{ "type": "Feature", "properties": { "id": null, "CONTROL": "2094", "SERIE": "05", "LINEA": "244", "COD_SEG": "003", "COD_MANZA": 4, "PISO": null, "actualizad": null }, "geometry": { "type": "Point", "coordinates": [ -63.4853669, 9.9720356 ] } },
{ "type": "Feature", "properties": { "id": null, "CONTROL": "2094", "SERIE": "06", "LINEA": "245", "COD_SEG": "003", "COD_MANZA": 4, "PISO": null, "actualizad": null }, "geometry": { "type": "Point", "coordinates": [ -63.4854514, 9.9721637 ] } },
{ "type": "Feature", "properties": { "id": null, "CONTROL": "2094", "SERIE": "07", "LINEA": "246", "COD_SEG": "003", "COD_MANZA": 4, "PISO": null, "actualizad": null }, "geometry": { "type": "Point", "coordinates": [ -63.4855868, 9.9720317 ] } },
{ "type": "Feature", "properties": { "id": null, "CONTROL": "2094", "SERIE": "10", "LINEA": "249", "COD_SEG": "003", "COD_MANZA": 4, "PISO": null, "actualizad": null }, "geometry": { "type": "Point", "coordinates": [ -63.4857344, 9.9720303 ] } },
{ "type": "Feature", "properties": { "id": null, "CONTROL": "2094", "SERIE": "11", "LINEA": "250", "COD_SEG": "003", "COD_MANZA": 4, "PISO": null, "actualizad": null }, "geometry": { "type": "Point", "coordinates": [ -63.4858065, 9.9721651 ] } },
{ "type": "Feature", "properties": { "id": null, "CONTROL": "2094", "SERIE": "16", "LINEA": "255", "COD_SEG": "003", "COD_MANZA": 4, "PISO": null, "actualizad": null }, "geometry": { "type": "Point", "coordinates": [ -63.485899, 9.9719948 ] } },
{ "type": "Feature", "properties": { "id": null, "CONTROL": "2094", "SERIE": "13", "LINEA": "252", "COD_SEG": "003", "COD_MANZA": 4, "PISO": null, "actualizad": null }, "geometry": { "type": "Point", "coordinates": [ -63.4859781, 9.9720714 ] } },
{ "type": "Feature", "properties": { "id": null, "CONTROL": "2094", "SERIE": "16 (REPETIDO)", "LINEA": "140", "COD_SEG": "003", "COD_MANZA": 4, "PISO": null, "actualizad": null }, "geometry": { "type": "Point", "coordinates": [ -63.4858588, 9.9723303 ] } },
{ "type": "Feature", "properties": { "id": null, "CONTROL": "2094", "SERIE": "14", "LINEA": "253", "COD_SEG": "003", "COD_MANZA": 4, "PISO": null, "actualizad": null }, "geometry": { "type": "Point", "coordinates": [ -63.4860921, 9.9720383 ] } },
{ "type": "Feature", "properties": { "id": null, "CONTROL": "2094", "SERIE": "15", "LINEA": "254", "COD_SEG": "003", "COD_MANZA": 4, "PISO": null, "actualizad": null }, "geometry": { "type": "Point", "coordinates": [ -63.4861646, 9.9722616 ] } },
{ "type": "Feature", "properties": { "id": null, "CONTROL": "2094", "SERIE": "12", "LINEA": "251", "COD_SEG": "003", "COD_MANZA": 4, "PISO": null, "actualizad": null }, "geometry": { "type": "Point", "coordinates": [ -63.4859811, 9.9719983 ] } },
{ "type": "Feature", "properties": { "id": null, "CONTROL": "2096", "SERIE": "VENTA DE ALIMENTOS PARA ANIMALES", "LINEA": null, "COD_SEG": "006", "COD_MANZA": null, "PISO": null, "actualizad": null }, "geometry": { "type": "Point", "coordinates": [ -62.3535779, 8.9925409 ] } },
{ "type": "Feature", "properties": { "id": null, "CONTROL": "2096", "SERIE": "GALLERA", "LINEA": null, "COD_SEG": "006", "COD_MANZA": null, "PISO": null, "actualizad": null }, "geometry": { "type": "Point", "coordinates": [ -62.354486, 8.9922547 ] } },
{ "type": "Feature", "properties": { "id": null, "CONTROL": "2096", "SERIE": "C D I", "LINEA": null, "COD_SEG": "006", "COD_MANZA": 10, "PISO": null, "actualizad": null }, "geometry": { "type": "Point", "coordinates": [ -62.3533396, 8.9915847 ] } },
{ "type": "Feature", "properties": { "id": null, "CONTROL": "2096", "SERIE": "PLAZA ELEFANTE BLANCO", "LINEA": null, "COD_SEG": "006", "COD_MANZA": null, "PISO": null, "actualizad": null }, "geometry": { "type": "Point", "coordinates": [ -62.3555777, 8.9927846 ] } },
{ "type": "Feature", "properties": { "id": null, "CONTROL": "2096", "SERIE": "01", "LINEA": "166", "COD_SEG": "006", "COD_MANZA": 9, "PISO": null, "actualizad": null }, "geometry": { "type": "Point", "coordinates": [ -62.3533166, 8.9926176 ] } },
{ "type": "Feature", "properties": { "id": null, "CONTROL": "2096", "SERIE": "02", "LINEA": "167", "COD_SEG": "006", "COD_MANZA": 9, "PISO": null, "actualizad": null }, "geometry": { "type": "Point", "coordinates": [ -62.3533166, 8.9927422 ] } },
{ "type": "Feature", "properties": { "id": null, "CONTROL": "2096", "SERIE": "03", "LINEA": "168", "COD_SEG": "006", "COD_MANZA": 10, "PISO": null, "actualizad": null }, "geometry": { "type": "Point", "coordinates": [ -62.3548588, 8.9922547 ] } },
{ "type": "Feature", "properties": { "id": null, "CONTROL": "2096", "SERIE": "05", "LINEA": "170", "COD_SEG": "006", "COD_MANZA": 10, "PISO": null, "actualizad": null }, "geometry": { "type": "Point", "coordinates": [ -62.3547247, 8.9922229 ] } },
{ "type": "Feature", "properties": { "id": null, "CONTROL": "2096", "SERIE": "06", "LINEA": "171", "COD_SEG": "006", "COD_MANZA": 10, "PISO": null, "actualizad": null }, "geometry": { "type": "Point", "coordinates": [ -62.3543465, 8.9922017 ] } },
{ "type": "Feature", "properties": { "id": null, "CONTROL": "2096", "SERIE": "07", "LINEA": "172", "COD_SEG": "006", "COD_MANZA": 10, "PISO": null, "actualizad": null }, "geometry": { "type": "Point", "coordinates": [ -62.354191, 8.9921885 ] } },
{ "type": "Feature", "properties": { "id": null, "CONTROL": "2096", "SERIE": "08", "LINEA": "173", "COD_SEG": "006", "COD_MANZA": 10, "PISO": null, "actualizad": null }, "geometry": { "type": "Point", "coordinates": [ -62.35403, 8.9921699 ] } },
{ "type": "Feature", "properties": { "id": null, "CONTROL": "2096", "SERIE": "16", "LINEA": "181", "COD_SEG": "006", "COD_MANZA": 10, "PISO": null, "actualizad": null }, "geometry": { "type": "Point", "coordinates": [ -62.3539093, 8.9921805 ] } },
{ "type": "Feature", "properties": { "id": null, "CONTROL": "2096", "SERIE": "10", "LINEA": "175", "COD_SEG": "006", "COD_MANZA": 10, "PISO": null, "actualizad": null }, "geometry": { "type": "Point", "coordinates": [ -62.3536652, 8.9921858 ] } },
{ "type": "Feature", "properties": { "id": null, "CONTROL": "2096", "SERIE": "11", "LINEA": "176", "COD_SEG": "006", "COD_MANZA": 10, "PISO": null, "actualizad": null }, "geometry": { "type": "Point", "coordinates": [ -62.3536717, 8.992031 ] } },
{ "type": "Feature", "properties": { "id": null, "CONTROL": "2096", "SERIE": "12", "LINEA": "177", "COD_SEG": "006", "COD_MANZA": 10, "PISO": null, "actualizad": null }, "geometry": { "type": "Point", "coordinates": [ -62.3536691, 8.9919039 ] } },
{ "type": "Feature", "properties": { "id": null, "CONTROL": "2096", "SERIE": "13", "LINEA": "178", "COD_SEG": "006", "COD_MANZA": 10, "PISO": null, "actualizad": null }, "geometry": { "type": "Point", "coordinates": [ -62.3538005, 8.991835 ] } },
{ "type": "Feature", "properties": { "id": null, "CONTROL": "2096", "SERIE": "21", "LINEA": "186", "COD_SEG": "006", "COD_MANZA": 10, "PISO": null, "actualizad": null }, "geometry": { "type": "Point", "coordinates": [ -62.3539462, 8.9918494 ] } },
{ "type": "Feature", "properties": { "id": null, "CONTROL": "2096", "SERIE": "18", "LINEA": "183", "COD_SEG": "006", "COD_MANZA": 10, "PISO": null, "actualizad": null }, "geometry": { "type": "Point", "coordinates": [ -62.3540642, 8.9918653 ] } },
{ "type": "Feature", "properties": { "id": null, "CONTROL": "2096", "SERIE": "22", "LINEA": "187", "COD_SEG": "006", "COD_MANZA": 10, "PISO": null, "actualizad": null }, "geometry": { "type": "Point", "coordinates": [ -62.3541795, 8.9918759 ] } },
{ "type": "Feature", "properties": { "id": null, "CONTROL": "2096", "SERIE": "14", "LINEA": "179", "COD_SEG": "006", "COD_MANZA": 10, "PISO": null, "actualizad": null }, "geometry": { "type": "Point", "coordinates": [ -62.3543235, 8.9919198 ] } },
{ "type": "Feature", "properties": { "id": null, "CONTROL": "2096", "SERIE": "15", "LINEA": "180", "COD_SEG": "006", "COD_MANZA": 10, "PISO": null, "actualizad": null }, "geometry": { "type": "Point", "coordinates": [ -62.3545515, 8.9919357 ] } },
{ "type": "Feature", "properties": { "id": null, "CONTROL": "0057", "SERIE": "01", "LINEA": "057", "COD_SEG": "026", "COD_MANZA": 1, "PISO": null, "actualizad": null }, "geometry": { "type": "Point", "coordinates": [ -63.1917615, 9.7855519 ] } },
{ "type": "Feature", "properties": { "id": null, "CONTROL": "0057", "SERIE": "02\n", "LINEA": "058", "COD_SEG": "026", "COD_MANZA": 1, "PISO": null, "actualizad": null }, "geometry": { "type": "Point", "coordinates": [ -63.1917548, 9.7854759 ] } },
{ "type": "Feature", "properties": { "id": null, "CONTROL": "0057", "SERIE": "03", "LINEA": "059", "COD_SEG": "026", "COD_MANZA": 1, "PISO": null, "actualizad": null }, "geometry": { "type": "Point", "coordinates": [ -63.1917434, 9.7854022 ] } },
{ "type": "Feature", "properties": { "id": null, "CONTROL": "0057", "SERIE": "04", "LINEA": "060", "COD_SEG": "026", "COD_MANZA": 1, "PISO": null, "actualizad": null }, "geometry": { "type": "Point", "coordinates": [ -63.1917333, 9.7853329 ] } },
{ "type": "Feature", "properties": { "id": null, "CONTROL": "0057", "SERIE": "05", "LINEA": "061", "COD_SEG": "026", "COD_MANZA": 1, "PISO": null, "actualizad": null }, "geometry": { "type": "Point", "coordinates": [ -63.1917266, 9.7852761 ] } },
{ "type": "Feature", "properties": { "id": null, "CONTROL": "0057", "SERIE": "06", "LINEA": "062", "COD_SEG": "026", "COD_MANZA": 1, "PISO": null, "actualizad": null }, "geometry": { "type": "Point", "coordinates": [ -63.1916681, 9.785045 ] } },
{ "type": "Feature", "properties": { "id": null, "CONTROL": "0057", "SERIE": "07", "LINEA": "063", "COD_SEG": "026", "COD_MANZA": 1, "PISO": null, "actualizad": null }, "geometry": { "type": "Point", "coordinates": [ -63.1916641, 9.7849525 ] } },
{ "type": "Feature", "properties": { "id": null, "CONTROL": "0057", "SERIE": "08", "LINEA": "064", "COD_SEG": "026", "COD_MANZA": 1, "PISO": null, "actualizad": null }, "geometry": { "type": "Point", "coordinates": [ -63.1916707, 9.7847674 ] } },
{ "type": "Feature", "properties": { "id": null, "CONTROL": "0057", "SERIE": "09", "LINEA": "065", "COD_SEG": "026", "COD_MANZA": 1, "PISO": null, "actualizad": null }, "geometry": { "type": "Point", "coordinates": [ -63.1916653, 9.7846842 ] } },
{ "type": "Feature", "properties": { "id": null, "CONTROL": "0057", "SERIE": "10", "LINEA": "066", "COD_SEG": "026", "COD_MANZA": 1, "PISO": null, "actualizad": null }, "geometry": { "type": "Point", "coordinates": [ -63.19166, 9.7846142 ] } },
{ "type": "Feature", "properties": { "id": null, "CONTROL": "0057", "SERIE": "11", "LINEA": "067", "COD_SEG": "026", "COD_MANZA": 1, "PISO": null, "actualizad": null }, "geometry": { "type": "Point", "coordinates": [ -63.1916559, 9.784548 ] } },
{ "type": "Feature", "properties": { "id": null, "CONTROL": "0057", "SERIE": "12", "LINEA": "068", "COD_SEG": "026", "COD_MANZA": 1, "PISO": null, "actualizad": null }, "geometry": { "type": "Point", "coordinates": [ -63.191652, 9.7844753 ] } },
{ "type": "Feature", "properties": { "id": null, "CONTROL": "0057", "SERIE": "13", "LINEA": "069", "COD_SEG": "026", "COD_MANZA": 1, "PISO": null, "actualizad": null }, "geometry": { "type": "Point", "coordinates": [ -63.1916452, 9.7844053 ] } },
{ "type": "Feature", "properties": { "id": null, "CONTROL": "0057", "SERIE": "14", "LINEA": "070", "COD_SEG": "026", "COD_MANZA": 1, "PISO": null, "actualizad": null }, "geometry": { "type": "Point", "coordinates": [ -63.1916385, 9.7843274 ] } },
{ "type": "Feature", "properties": { "id": null, "CONTROL": "2061", "SERIE": "01 CASA N°263\n", "LINEA": "015", "COD_SEG": "033", "COD_MANZA": 1, "PISO": null, "actualizad": null }, "geometry": { "type": "Point", "coordinates": [ -63.1953947, 9.731275 ] } },
{ "type": "Feature", "properties": { "id": null, "CONTROL": "2061", "SERIE": "02 QTA ODESSA\n", "LINEA": "016", "COD_SEG": "033", "COD_MANZA": 1, "PISO": null, "actualizad": null }, "geometry": { "type": "Point", "coordinates": [ -63.194818, 9.7312657 ] } },
{ "type": "Feature", "properties": { "id": null, "CONTROL": "2061", "SERIE": "03 CONSTRUCCION\n", "LINEA": "018", "COD_SEG": "033", "COD_MANZA": 1, "PISO": null, "actualizad": null }, "geometry": { "type": "Point", "coordinates": [ -63.1944599, 9.7309207 ] } },
{ "type": "Feature", "properties": { "id": null, "CONTROL": "2061", "SERIE": "04", "LINEA": "018", "COD_SEG": "033", "COD_MANZA": 1, "PISO": null, "actualizad": null }, "geometry": { "type": "Point", "coordinates": [ -63.1964433, 9.7313496 ] } },
{ "type": "Feature", "properties": { "id": null, "CONTROL": "2061", "SERIE": "05", "LINEA": "019", "COD_SEG": "033", "COD_MANZA": 1, "PISO": null, "actualizad": null }, "geometry": { "type": "Point", "coordinates": [ -63.1964808, 9.7314487 ] } },
{ "type": "Feature", "properties": { "id": null, "CONTROL": "2061", "SERIE": "06", "LINEA": "020", "COD_SEG": "033", "COD_MANZA": 1, "PISO": null, "actualizad": null }, "geometry": { "type": "Point", "coordinates": [ -63.1965264, 9.7315479 ] } },
{ "type": "Feature", "properties": { "id": null, "CONTROL": "2061", "SERIE": "07", "LINEA": "021", "COD_SEG": "033", "COD_MANZA": 1, "PISO": null, "actualizad": null }, "geometry": { "type": "Point", "coordinates": [ -63.1965694, 9.7316523 ] } },
{ "type": "Feature", "properties": { "id": null, "CONTROL": "2061", "SERIE": "08", "LINEA": "022", "COD_SEG": "033", "COD_MANZA": 1, "PISO": null, "actualizad": null }, "geometry": { "type": "Point", "coordinates": [ -63.1966136, 9.7317448 ] } },
{ "type": "Feature", "properties": { "id": null, "CONTROL": "2061", "SERIE": "09", "LINEA": "023", "COD_SEG": "033", "COD_MANZA": 1, "PISO": null, "actualizad": null }, "geometry": { "type": "Point", "coordinates": [ -63.1966591, 9.7318452 ] } },
{ "type": "Feature", "properties": { "id": null, "CONTROL": "2061", "SERIE": "10", "LINEA": "024", "COD_SEG": "033", "COD_MANZA": 1, "PISO": null, "actualizad": null }, "geometry": { "type": "Point", "coordinates": [ -63.1967115, 9.7319484 ] } },
{ "type": "Feature", "properties": { "id": null, "CONTROL": "2061", "SERIE": "11", "LINEA": "025", "COD_SEG": "033", "COD_MANZA": 1, "PISO": null, "actualizad": null }, "geometry": { "type": "Point", "coordinates": [ -63.1967558, 9.7320422 ] } },
{ "type": "Feature", "properties": { "id": null, "CONTROL": "2061", "SERIE": "12\n", "LINEA": "026", "COD_SEG": "033", "COD_MANZA": 1, "PISO": null, "actualizad": null }, "geometry": { "type": "Point", "coordinates": [ -63.196792, 9.7321454 ] } },
{ "type": "Feature", "properties": { "id": null, "CONTROL": "2061", "SERIE": "13", "LINEA": "027", "COD_SEG": "033", "COD_MANZA": 1, "PISO": null, "actualizad": null }, "geometry": { "type": "Point", "coordinates": [ -63.1968281, 9.7322233 ] } },
{ "type": "Feature", "properties": { "id": null, "CONTROL": "2061", "SERIE": "14", "LINEA": "028", "COD_SEG": "033", "COD_MANZA": 1, "PISO": null, "actualizad": null }, "geometry": { "type": "Point", "coordinates": [ -63.1968617, 9.7322946 ] } },
{ "type": "Feature", "properties": { "id": null, "CONTROL": "2073", "SERIE": "01", "LINEA": "030", "COD_SEG": "001", "COD_MANZA": 2, "PISO": null, "actualizad": "2026" }, "geometry": { "type": "Point", "coordinates": [ -63.262371184874922, 9.608931589206156 ] } },
{ "type": "Feature", "properties": { "id": null, "CONTROL": "2073", "SERIE": "02", "LINEA": "031", "COD_SEG": "001", "COD_MANZA": 2, "PISO": null, "actualizad": "2026" }, "geometry": { "type": "Point", "coordinates": [ -63.262426328835431, 9.609225353088 ] } },
{ "type": "Feature", "properties": { "id": null, "CONTROL": "2073", "SERIE": "03", "LINEA": "032", "COD_SEG": "001", "COD_MANZA": 2, "PISO": null, "actualizad": "2026" }, "geometry": { "type": "Point", "coordinates": [ -63.262190874031369, 9.609253971998857 ] } },
{ "type": "Feature", "properties": { "id": null, "CONTROL": "2073", "SERIE": "04", "LINEA": "033", "COD_SEG": "001", "COD_MANZA": 2, "PISO": null, "actualizad": "2026" }, "geometry": { "type": "Point", "coordinates": [ -63.261808775822061, 9.608744621466471 ] } },
{ "type": "Feature", "properties": { "id": null, "CONTROL": "2073", "SERIE": "17", "LINEA": "046", "COD_SEG": "001", "COD_MANZA": 2, "PISO": null, "actualizad": "2026" }, "geometry": { "type": "Point", "coordinates": [ -63.261461111786886, 9.609430952277144 ] } },
{ "type": "Feature", "properties": { "id": null, "CONTROL": "2073", "SERIE": "05", "LINEA": "034", "COD_SEG": "001", "COD_MANZA": 2, "PISO": null, "actualizad": "2026" }, "geometry": { "type": "Point", "coordinates": [ -63.26164641652953, 9.609136446672869 ] } },
{ "type": "Feature", "properties": { "id": null, "CONTROL": "2073", "SERIE": "06", "LINEA": "035", "COD_SEG": "001", "COD_MANZA": 2, "PISO": null, "actualizad": "2026" }, "geometry": { "type": "Point", "coordinates": [ -63.261771513381795, 9.609171067713715 ] } },
{ "type": "Feature", "properties": { "id": null, "CONTROL": "2073", "SERIE": "07", "LINEA": "036", "COD_SEG": "001", "COD_MANZA": 2, "PISO": null, "actualizad": "2026" }, "geometry": { "type": "Point", "coordinates": [ -63.261642645178853, 9.609278739377496 ] } },
{ "type": "Feature", "properties": { "id": null, "CONTROL": "2073", "SERIE": "08", "LINEA": "037", "COD_SEG": "001", "COD_MANZA": 2, "PISO": null, "actualizad": "2026" }, "geometry": { "type": "Point", "coordinates": [ -63.261631458416396, 9.609374812558983 ] } },
{ "type": "Feature", "properties": { "id": null, "CONTROL": "2073", "SERIE": "09", "LINEA": "038", "COD_SEG": "001", "COD_MANZA": 2, "PISO": null, "actualizad": "2026" }, "geometry": { "type": "Point", "coordinates": [ -63.26158066557737, 9.609470226332618 ] } },
{ "type": "Feature", "properties": { "id": null, "CONTROL": "2073", "SERIE": "10", "LINEA": "039", "COD_SEG": "001", "COD_MANZA": 2, "PISO": null, "actualizad": "2026" }, "geometry": { "type": "Point", "coordinates": [ -63.261762761466777, 9.609688824950602 ] } },
{ "type": "Feature", "properties": { "id": null, "CONTROL": "2073", "SERIE": "11", "LINEA": "040", "COD_SEG": "001", "COD_MANZA": 2, "PISO": null, "actualizad": "2026" }, "geometry": { "type": "Point", "coordinates": [ -63.261935759557588, 9.609637474453725 ] } },
{ "type": "Feature", "properties": { "id": null, "CONTROL": "2073", "SERIE": "12", "LINEA": "041", "COD_SEG": "001", "COD_MANZA": 2, "PISO": null, "actualizad": "2026" }, "geometry": { "type": "Point", "coordinates": [ -63.26192193680177, 9.609485398398984 ] } },
{ "type": "Feature", "properties": { "id": null, "CONTROL": "2073", "SERIE": "13", "LINEA": "042", "COD_SEG": "001", "COD_MANZA": 2, "PISO": null, "actualizad": "2026" }, "geometry": { "type": "Point", "coordinates": [ -63.261994686889018, 9.609464917267216 ] } },
{ "type": "Feature", "properties": { "id": null, "CONTROL": "2073", "SERIE": "14", "LINEA": "043", "COD_SEG": "001", "COD_MANZA": 2, "PISO": null, "actualizad": "2026" }, "geometry": { "type": "Point", "coordinates": [ -63.262088830417532, 9.609471907616635 ] } },
{ "type": "Feature", "properties": { "id": null, "CONTROL": "2073", "SERIE": "15", "LINEA": "044", "COD_SEG": "001", "COD_MANZA": 2, "PISO": null, "actualizad": "2026" }, "geometry": { "type": "Point", "coordinates": [ -63.262266443708022, 9.609470797108203 ] } },
{ "type": "Feature", "properties": { "id": null, "CONTROL": "3026", "SERIE": "10", "LINEA": "190", "COD_SEG": "039", "COD_MANZA": 17, "PISO": null, "actualizad": null }, "geometry": { "type": "Point", "coordinates": [ -63.2025946, 9.7237243 ] } },
{ "type": "Feature", "properties": { "id": null, "CONTROL": "3026", "SERIE": "POLLO EN BRASA LOS GODOS\n", "LINEA": null, "COD_SEG": "039", "COD_MANZA": 17, "PISO": null, "actualizad": null }, "geometry": { "type": "Point", "coordinates": [ -63.2024427, 9.7235762 ] } },
{ "type": "Feature", "properties": { "id": null, "CONTROL": "3026", "SERIE": "11 CASA N°26\n", "LINEA": "191", "COD_SEG": "039", "COD_MANZA": 17, "PISO": null, "actualizad": null }, "geometry": { "type": "Point", "coordinates": [ -63.2025222, 9.7234744 ] } },
{ "type": "Feature", "properties": { "id": null, "CONTROL": "3026", "SERIE": "12", "LINEA": null, "COD_SEG": "039", "COD_MANZA": 17, "PISO": null, "actualizad": null }, "geometry": { "type": "Point", "coordinates": [ -63.2025798, 9.7234242 ] } },
{ "type": "Feature", "properties": { "id": null, "CONTROL": "3026", "SERIE": "13", "LINEA": "193", "COD_SEG": "039", "COD_MANZA": 17, "PISO": null, "actualizad": null }, "geometry": { "type": "Point", "coordinates": [ -63.2026563, 9.7233714 ] } },
{ "type": "Feature", "properties": { "id": null, "CONTROL": "3026", "SERIE": "ANTIGUO SUPER COLON,CA\n", "LINEA": null, "COD_SEG": "039", "COD_MANZA": 17, "PISO": null, "actualizad": null }, "geometry": { "type": "Point", "coordinates": [ -63.202833, 9.7233079 ] } },
{ "type": "Feature", "properties": { "id": null, "CONTROL": "3026", "SERIE": "14", "LINEA": "194", "COD_SEG": "039", "COD_MANZA": 17, "PISO": null, "actualizad": null }, "geometry": { "type": "Point", "coordinates": [ -63.2030573, 9.7231929 ] } },
{ "type": "Feature", "properties": { "id": null, "CONTROL": "3026", "SERIE": "15", "LINEA": "195", "COD_SEG": "039", "COD_MANZA": 17, "PISO": null, "actualizad": null }, "geometry": { "type": "Point", "coordinates": [ -63.2031445, 9.7233078 ] } },
{ "type": "Feature", "properties": { "id": null, "CONTROL": "3026", "SERIE": "01", "LINEA": "181", "COD_SEG": "039", "COD_MANZA": 16, "PISO": null, "actualizad": null }, "geometry": { "type": "Point", "coordinates": [ -63.202169, 9.7240434 ] } },
{ "type": "Feature", "properties": { "id": null, "CONTROL": "3026", "SERIE": "02", "LINEA": "182", "COD_SEG": "039", "COD_MANZA": 16, "PISO": null, "actualizad": null }, "geometry": { "type": "Point", "coordinates": [ -63.2021287, 9.7239879 ] } },
{ "type": "Feature", "properties": { "id": null, "CONTROL": "3026", "SERIE": "03", "LINEA": "183", "COD_SEG": "039", "COD_MANZA": 16, "PISO": null, "actualizad": null }, "geometry": { "type": "Point", "coordinates": [ -63.2020777, 9.7239245 ] } },
{ "type": "Feature", "properties": { "id": null, "CONTROL": "3026", "SERIE": "04", "LINEA": "184", "COD_SEG": "039", "COD_MANZA": 16, "PISO": null, "actualizad": null }, "geometry": { "type": "Point", "coordinates": [ -63.2022239, 9.7236879 ] } },
{ "type": "Feature", "properties": { "id": null, "CONTROL": "3026", "SERIE": "CENTRO HIPICO\n", "LINEA": null, "COD_SEG": "039", "COD_MANZA": 16, "PISO": null, "actualizad": null }, "geometry": { "type": "Point", "coordinates": [ -63.202027, 9.7238849 ] } },
{ "type": "Feature", "properties": { "id": null, "CONTROL": "3026", "SERIE": "05", "LINEA": "185", "COD_SEG": "039", "COD_MANZA": 16, "PISO": null, "actualizad": null }, "geometry": { "type": "Point", "coordinates": [ -63.2022655, 9.7237315 ] } },
{ "type": "Feature", "properties": { "id": null, "CONTROL": "3026", "SERIE": "06 NE\n", "LINEA": "186", "COD_SEG": "039", "COD_MANZA": 16, "PISO": null, "actualizad": null }, "geometry": { "type": "Point", "coordinates": [ -63.2022923, 9.7237883 ] } },
{ "type": "Feature", "properties": { "id": null, "CONTROL": "3026", "SERIE": "07", "LINEA": "187", "COD_SEG": "039", "COD_MANZA": 16, "PISO": null, "actualizad": null }, "geometry": { "type": "Point", "coordinates": [ -63.2023218, 9.7238279 ] } },
{ "type": "Feature", "properties": { "id": null, "CONTROL": "3026", "SERIE": "08", "LINEA": "188", "COD_SEG": "039", "COD_MANZA": 16, "PISO": null, "actualizad": null }, "geometry": { "type": "Point", "coordinates": [ -63.2023795, 9.7238821 ] } },
{ "type": "Feature", "properties": { "id": null, "CONTROL": "3026", "SERIE": "09", "LINEA": "189", "COD_SEG": "039", "COD_MANZA": 16, "PISO": null, "actualizad": null }, "geometry": { "type": "Point", "coordinates": [ -63.2024318, 9.7239442 ] } },
{ "type": "Feature", "properties": { "id": null, "CONTROL": "3039", "SERIE": "01", "LINEA": "089", "COD_SEG": "039", "COD_MANZA": 2, "PISO": null, "actualizad": null }, "geometry": { "type": "Point", "coordinates": [ -63.2346662, 9.6883007 ] } },
{ "type": "Feature", "properties": { "id": null, "CONTROL": "3039", "SERIE": "02", "LINEA": "090", "COD_SEG": "039", "COD_MANZA": 2, "PISO": null, "actualizad": null }, "geometry": { "type": "Point", "coordinates": [ -63.2346809, 9.6883708 ] } },
{ "type": "Feature", "properties": { "id": null, "CONTROL": "3039", "SERIE": "03", "LINEA": "091", "COD_SEG": "039", "COD_MANZA": 2, "PISO": null, "actualizad": null }, "geometry": { "type": "Point", "coordinates": [ -63.2346877, 9.6884394 ] } },
{ "type": "Feature", "properties": { "id": null, "CONTROL": "3039", "SERIE": "04", "LINEA": "092", "COD_SEG": "039", "COD_MANZA": 2, "PISO": null, "actualizad": null }, "geometry": { "type": "Point", "coordinates": [ -63.2346984, 9.6884871 ] } },
{ "type": "Feature", "properties": { "id": null, "CONTROL": "3039", "SERIE": "05", "LINEA": "093", "COD_SEG": "039", "COD_MANZA": 2, "PISO": null, "actualizad": null }, "geometry": { "type": "Point", "coordinates": [ -63.2347105, 9.68854 ] } },
{ "type": "Feature", "properties": { "id": null, "CONTROL": "3039", "SERIE": "06", "LINEA": "094", "COD_SEG": "039", "COD_MANZA": 2, "PISO": null, "actualizad": null }, "geometry": { "type": "Point", "coordinates": [ -63.2347239, 9.6885928 ] } },
{ "type": "Feature", "properties": { "id": null, "CONTROL": "3039", "SERIE": "07", "LINEA": "095", "COD_SEG": "039", "COD_MANZA": 2, "PISO": null, "actualizad": null }, "geometry": { "type": "Point", "coordinates": [ -63.2347319, 9.6886404 ] } },
{ "type": "Feature", "properties": { "id": null, "CONTROL": "3039", "SERIE": "08", "LINEA": "096", "COD_SEG": "039", "COD_MANZA": 2, "PISO": null, "actualizad": null }, "geometry": { "type": "Point", "coordinates": [ -63.23474, 9.6886959 ] } },
{ "type": "Feature", "properties": { "id": null, "CONTROL": "3039", "SERIE": "09", "LINEA": "097", "COD_SEG": "039", "COD_MANZA": 2, "PISO": null, "actualizad": null }, "geometry": { "type": "Point", "coordinates": [ -63.2347507, 9.6887422 ] } },
{ "type": "Feature", "properties": { "id": null, "CONTROL": "3039", "SERIE": "10", "LINEA": "098", "COD_SEG": "039", "COD_MANZA": 2, "PISO": null, "actualizad": null }, "geometry": { "type": "Point", "coordinates": [ -63.2347587, 9.6887937 ] } },
{ "type": "Feature", "properties": { "id": null, "CONTROL": "3039", "SERIE": "11", "LINEA": "099", "COD_SEG": "039", "COD_MANZA": 2, "PISO": null, "actualizad": null }, "geometry": { "type": "Point", "coordinates": [ -63.2347708, 9.6888532 ] } },
{ "type": "Feature", "properties": { "id": null, "CONTROL": "3039", "SERIE": "12", "LINEA": "100", "COD_SEG": "039", "COD_MANZA": 2, "PISO": null, "actualizad": null }, "geometry": { "type": "Point", "coordinates": [ -63.2347815, 9.6889154 ] } },
{ "type": "Feature", "properties": { "id": null, "CONTROL": "3039", "SERIE": "13", "LINEA": "101", "COD_SEG": "039", "COD_MANZA": 2, "PISO": null, "actualizad": null }, "geometry": { "type": "Point", "coordinates": [ -63.234795, 9.6889643 ] } },
{ "type": "Feature", "properties": { "id": null, "CONTROL": "3039", "SERIE": "14", "LINEA": "102", "COD_SEG": "039", "COD_MANZA": 2, "PISO": null, "actualizad": null }, "geometry": { "type": "Point", "coordinates": [ -63.2348057, 9.6890158 ] } },
{ "type": "Feature", "properties": { "id": null, "CONTROL": "3039", "SERIE": "15", "LINEA": "103", "COD_SEG": "039", "COD_MANZA": 2, "PISO": null, "actualizad": null }, "geometry": { "type": "Point", "coordinates": [ -63.2348178, 9.6890741 ] } },
{ "type": "Feature", "properties": { "id": null, "CONTROL": "3039", "SERIE": "UNIDAD EDUCATIVA\n", "LINEA": null, "COD_SEG": "039", "COD_MANZA": 2, "PISO": null, "actualizad": null }, "geometry": { "type": "Point", "coordinates": [ -63.2328986, 9.6894773 ] } },
{ "type": "Feature", "properties": { "id": null, "CONTROL": "3039", "SERIE": "IGLESIA", "LINEA": null, "COD_SEG": "039", "COD_MANZA": 2, "PISO": null, "actualizad": null }, "geometry": { "type": "Point", "coordinates": [ -63.2326184, 9.688179 ] } },
{ "type": "Feature", "properties": { "id": null, "CONTROL": "6008", "SERIE": "01", "LINEA": "136", "COD_SEG": "008", "COD_MANZA": 6, "PISO": null, "actualizad": null }, "geometry": { "type": "Point", "coordinates": [ -63.2494784, 9.7246088 ] } },
{ "type": "Feature", "properties": { "id": null, "CONTROL": "6008", "SERIE": "02", "LINEA": "137", "COD_SEG": "008", "COD_MANZA": 6, "PISO": null, "actualizad": null }, "geometry": { "type": "Point", "coordinates": [ -63.2494088, 9.7244133 ] } },
{ "type": "Feature", "properties": { "id": null, "CONTROL": "6008", "SERIE": "03", "LINEA": "138", "COD_SEG": "008", "COD_MANZA": 6, "PISO": null, "actualizad": null }, "geometry": { "type": "Point", "coordinates": [ -63.2494624, 9.7243907 ] } },
{ "type": "Feature", "properties": { "id": null, "CONTROL": "6008", "SERIE": "04", "LINEA": "139", "COD_SEG": "008", "COD_MANZA": 6, "PISO": null, "actualizad": null }, "geometry": { "type": "Point", "coordinates": [ -63.2495254, 9.7243643 ] } },
{ "type": "Feature", "properties": { "id": null, "CONTROL": "6008", "SERIE": "05", "LINEA": "140", "COD_SEG": "008", "COD_MANZA": 6, "PISO": null, "actualizad": null }, "geometry": { "type": "Point", "coordinates": [ -63.2496031, 9.7243352 ] } },
{ "type": "Feature", "properties": { "id": null, "CONTROL": "6008", "SERIE": "06", "LINEA": "141", "COD_SEG": "008", "COD_MANZA": 6, "PISO": null, "actualizad": null }, "geometry": { "type": "Point", "coordinates": [ -63.2497105, 9.7242863 ] } },
{ "type": "Feature", "properties": { "id": null, "CONTROL": "6008", "SERIE": "07", "LINEA": "142", "COD_SEG": "008", "COD_MANZA": 6, "PISO": null, "actualizad": null }, "geometry": { "type": "Point", "coordinates": [ -63.2498231, 9.7242321 ] } },
{ "type": "Feature", "properties": { "id": null, "CONTROL": "6008", "SERIE": "08", "LINEA": "143", "COD_SEG": "008", "COD_MANZA": 6, "PISO": null, "actualizad": null }, "geometry": { "type": "Point", "coordinates": [ -63.2499224, 9.7241686 ] } },
{ "type": "Feature", "properties": { "id": null, "CONTROL": "6008", "SERIE": "09", "LINEA": "144", "COD_SEG": "008", "COD_MANZA": 6, "PISO": null, "actualizad": null }, "geometry": { "type": "Point", "coordinates": [ -63.2500095, 9.7241237 ] } },
{ "type": "Feature", "properties": { "id": null, "CONTROL": "6008", "SERIE": "10", "LINEA": "145", "COD_SEG": "008", "COD_MANZA": 6, "PISO": null, "actualizad": null }, "geometry": { "type": "Point", "coordinates": [ -63.2501061, 9.7240695 ] } },
{ "type": "Feature", "properties": { "id": null, "CONTROL": "6008", "SERIE": "11", "LINEA": "146", "COD_SEG": "008", "COD_MANZA": 6, "PISO": null, "actualizad": null }, "geometry": { "type": "Point", "coordinates": [ -63.2502, 9.7240245 ] } },
{ "type": "Feature", "properties": { "id": null, "CONTROL": "6008", "SERIE": "12", "LINEA": "147", "COD_SEG": "008", "COD_MANZA": 6, "PISO": null, "actualizad": null }, "geometry": { "type": "Point", "coordinates": [ -63.2503274, 9.7239665 ] } },
{ "type": "Feature", "properties": { "id": null, "CONTROL": "6008", "SERIE": "13", "LINEA": "148", "COD_SEG": "008", "COD_MANZA": 6, "PISO": null, "actualizad": null }, "geometry": { "type": "Point", "coordinates": [ -63.2504387, 9.7239003 ] } },
{ "type": "Feature", "properties": { "id": null, "CONTROL": "6008", "SERIE": "14", "LINEA": "149", "COD_SEG": "008", "COD_MANZA": 6, "PISO": null, "actualizad": null }, "geometry": { "type": "Point", "coordinates": [ -63.2504548, 9.7242427 ] } },
{ "type": "Feature", "properties": { "id": null, "CONTROL": "6008", "SERIE": "15", "LINEA": "150", "COD_SEG": "008", "COD_MANZA": 6, "PISO": null, "actualizad": null }, "geometry": { "type": "Point", "coordinates": [ -63.2503583, 9.7242823 ] } },
{ "type": "Feature", "properties": { "id": null, "CONTROL": "0023", "SERIE": "01", "LINEA": "001", "COD_SEG": "005", "COD_MANZA": 1, "PISO": null, "actualizad": null }, "geometry": { "type": "Point", "coordinates": [ -62.2122148, 8.7041894 ] } },
{ "type": "Feature", "properties": { "id": null, "CONTROL": "0023", "SERIE": "02", "LINEA": "002", "COD_SEG": "005", "COD_MANZA": 1, "PISO": null, "actualizad": null }, "geometry": { "type": "Point", "coordinates": [ -62.2120243, 8.7041629 ] } },
{ "type": "Feature", "properties": { "id": null, "CONTROL": "0023", "SERIE": "03", "LINEA": "003", "COD_SEG": "005", "COD_MANZA": 1, "PISO": null, "actualizad": null }, "geometry": { "type": "Point", "coordinates": [ -62.2119251, 8.7042238 ] } },
{ "type": "Feature", "properties": { "id": null, "CONTROL": "0023", "SERIE": "04", "LINEA": "004", "COD_SEG": "005", "COD_MANZA": 1, "PISO": null, "actualizad": null }, "geometry": { "type": "Point", "coordinates": [ -62.2116327, 8.7042451 ] } },
{ "type": "Feature", "properties": { "id": null, "CONTROL": "0023", "SERIE": "05", "LINEA": "005", "COD_SEG": "005", "COD_MANZA": 1, "PISO": null, "actualizad": null }, "geometry": { "type": "Point", "coordinates": [ -62.2114933, 8.7042636 ] } },
{ "type": "Feature", "properties": { "id": null, "CONTROL": "0023", "SERIE": "GALLERA CHEMA", "LINEA": null, "COD_SEG": "005", "COD_MANZA": 1, "PISO": null, "actualizad": null }, "geometry": { "type": "Point", "coordinates": [ -62.2113835, 8.7043227 ] } },
{ "type": "Feature", "properties": { "id": null, "CONTROL": "0023", "SERIE": "06", "LINEA": "006", "COD_SEG": "005", "COD_MANZA": 1, "PISO": null, "actualizad": null }, "geometry": { "type": "Point", "coordinates": [ -62.2112736, 8.7043121 ] } },
{ "type": "Feature", "properties": { "id": null, "CONTROL": "0023", "SERIE": "07", "LINEA": "007", "COD_SEG": "005", "COD_MANZA": 1, "PISO": null, "actualizad": null }, "geometry": { "type": "Point", "coordinates": [ -62.2111663, 8.7043439 ] } },
{ "type": "Feature", "properties": { "id": null, "CONTROL": "0023", "SERIE": "08", "LINEA": "008", "COD_SEG": "005", "COD_MANZA": 1, "PISO": null, "actualizad": null }, "geometry": { "type": "Point", "coordinates": [ -62.2110563, 8.7043678 ] } },
{ "type": "Feature", "properties": { "id": null, "CONTROL": "0023", "SERIE": "09", "LINEA": "009", "COD_SEG": "005", "COD_MANZA": 1, "PISO": null, "actualizad": null }, "geometry": { "type": "Point", "coordinates": [ -62.2109463, 8.7043572 ] } },
{ "type": "Feature", "properties": { "id": null, "CONTROL": "0023", "SERIE": "10", "LINEA": "010", "COD_SEG": "005", "COD_MANZA": 1, "PISO": null, "actualizad": null }, "geometry": { "type": "Point", "coordinates": [ -62.2109571, 8.7041345 ] } },
{ "type": "Feature", "properties": { "id": null, "CONTROL": "0023", "SERIE": "11", "LINEA": "011", "COD_SEG": "005", "COD_MANZA": 1, "PISO": null, "actualizad": null }, "geometry": { "type": "Point", "coordinates": [ -62.2111394, 8.7041027 ] } },
{ "type": "Feature", "properties": { "id": null, "CONTROL": "0023", "SERIE": "13", "LINEA": "013", "COD_SEG": "005", "COD_MANZA": 1, "PISO": null, "actualizad": null }, "geometry": { "type": "Point", "coordinates": [ -62.211346, 8.7040708 ] } },
{ "type": "Feature", "properties": { "id": null, "CONTROL": "0023", "SERIE": "14", "LINEA": "014", "COD_SEG": "005", "COD_MANZA": 1, "PISO": null, "actualizad": null }, "geometry": { "type": "Point", "coordinates": [ -62.211515, 8.7040284 ] } },
{ "type": "Feature", "properties": { "id": null, "CONTROL": "0082", "SERIE": "16", "LINEA": "220", "COD_SEG": "002", "COD_MANZA": 1, "PISO": null, "actualizad": null }, "geometry": { "type": "Point", "coordinates": [ -63.0853309, 10.1398624 ] } },
{ "type": "Feature", "properties": { "id": null, "CONTROL": "0082", "SERIE": "17", "LINEA": "222", "COD_SEG": "002", "COD_MANZA": 1, "PISO": null, "actualizad": null }, "geometry": { "type": "Point", "coordinates": [ -63.08609, 10.1398387 ] } },
{ "type": "Feature", "properties": { "id": null, "CONTROL": "0082", "SERIE": "03", "LINEA": "207", "COD_SEG": "002", "COD_MANZA": 1, "PISO": null, "actualizad": null }, "geometry": { "type": "Point", "coordinates": [ -63.0862241, 10.139836 ] } },
{ "type": "Feature", "properties": { "id": null, "CONTROL": "0082", "SERIE": "04", "LINEA": "208", "COD_SEG": "002", "COD_MANZA": 1, "PISO": null, "actualizad": null }, "geometry": { "type": "Point", "coordinates": [ -63.0863555, 10.1398598 ] } },
{ "type": "Feature", "properties": { "id": null, "CONTROL": "0082", "SERIE": "05", "LINEA": "209", "COD_SEG": "002", "COD_MANZA": 1, "PISO": null, "actualizad": null }, "geometry": { "type": "Point", "coordinates": [ -63.0864735, 10.1398888 ] } },
{ "type": "Feature", "properties": { "id": null, "CONTROL": "0082", "SERIE": "06", "LINEA": "210", "COD_SEG": "002", "COD_MANZA": 1, "PISO": null, "actualizad": null }, "geometry": { "type": "Point", "coordinates": [ -63.0875759, 10.1397172 ] } },
{ "type": "Feature", "properties": { "id": null, "CONTROL": "0082", "SERIE": "07", "LINEA": "211", "COD_SEG": "002", "COD_MANZA": 1, "PISO": null, "actualizad": null }, "geometry": { "type": "Point", "coordinates": [ -63.0876591, 10.1399311 ] } },
{ "type": "Feature", "properties": { "id": null, "CONTROL": "0082", "SERIE": "08", "LINEA": "212", "COD_SEG": "002", "COD_MANZA": 1, "PISO": null, "actualizad": null }, "geometry": { "type": "Point", "coordinates": [ -63.0878576, 10.1396063 ] } },
{ "type": "Feature", "properties": { "id": null, "CONTROL": "0082", "SERIE": "11", "LINEA": "215", "COD_SEG": "002", "COD_MANZA": 1, "PISO": null, "actualizad": null }, "geometry": { "type": "Point", "coordinates": [ -63.0886327, 10.1394004 ] } },
{ "type": "Feature", "properties": { "id": null, "CONTROL": "0082", "SERIE": "09", "LINEA": "213", "COD_SEG": "002", "COD_MANZA": 1, "PISO": null, "actualizad": null }, "geometry": { "type": "Point", "coordinates": [ -63.0879648, 10.1393291 ] } },
{ "type": "Feature", "properties": { "id": null, "CONTROL": "0082", "SERIE": "10", "LINEA": "214", "COD_SEG": "002", "COD_MANZA": 1, "PISO": null, "actualizad": null }, "geometry": { "type": "Point", "coordinates": [ -63.0883243, 10.1389806 ] } },
{ "type": "Feature", "properties": { "id": null, "CONTROL": "0082", "SERIE": "12", "LINEA": "216", "COD_SEG": "002", "COD_MANZA": 1, "PISO": null, "actualizad": null }, "geometry": { "type": "Point", "coordinates": [ -63.0884798, 10.1387456 ] } },
{ "type": "Feature", "properties": { "id": null, "CONTROL": "0082", "SERIE": "13", "LINEA": "217", "COD_SEG": "002", "COD_MANZA": 1, "PISO": null, "actualizad": null }, "geometry": { "type": "Point", "coordinates": [ -63.0884718, 10.1385608 ] } },
{ "type": "Feature", "properties": { "id": null, "CONTROL": "0082", "SERIE": "14", "LINEA": "218", "COD_SEG": "002", "COD_MANZA": 1, "PISO": null, "actualizad": null }, "geometry": { "type": "Point", "coordinates": [ -63.0886649, 10.138566 ] } },
{ "type": "Feature", "properties": { "id": null, "CONTROL": "0082", "SERIE": "15", "LINEA": "219", "COD_SEG": "002", "COD_MANZA": 1, "PISO": null, "actualizad": null }, "geometry": { "type": "Point", "coordinates": [ -63.0887185, 10.1383363 ] } },
{ "type": "Feature", "properties": { "id": null, "CONTROL": "2095", "SERIE": "IGLESIA", "LINEA": null, "COD_SEG": "001", "COD_MANZA": 1, "PISO": null, "actualizad": null }, "geometry": { "type": "Point", "coordinates": [ -63.2782734, 9.9621975 ] } },
{ "type": "Feature", "properties": { "id": null, "CONTROL": "2095", "SERIE": "01", "LINEA": "043", "COD_SEG": "001", "COD_MANZA": 1, "PISO": null, "actualizad": null }, "geometry": { "type": "Point", "coordinates": [ -63.277494, 9.9619756 ] } },
{ "type": "Feature", "properties": { "id": null, "CONTROL": "2095", "SERIE": "02", "LINEA": "044", "COD_SEG": "001", "COD_MANZA": 1, "PISO": null, "actualizad": null }, "geometry": { "type": "Point", "coordinates": [ -63.2776308, 9.9619941 ] } },
{ "type": "Feature", "properties": { "id": null, "CONTROL": "2095", "SERIE": "03", "LINEA": "045", "COD_SEG": "001", "COD_MANZA": 1, "PISO": null, "actualizad": null }, "geometry": { "type": "Point", "coordinates": [ -63.2776871, 9.962002 ] } },
{ "type": "Feature", "properties": { "id": null, "CONTROL": "2095", "SERIE": "04", "LINEA": "046", "COD_SEG": "001", "COD_MANZA": 1, "PISO": null, "actualizad": null }, "geometry": { "type": "Point", "coordinates": [ -63.2777676, 9.9620258 ] } },
{ "type": "Feature", "properties": { "id": null, "CONTROL": "2095", "SERIE": "05", "LINEA": "047", "COD_SEG": "001", "COD_MANZA": 1, "PISO": null, "actualizad": null }, "geometry": { "type": "Point", "coordinates": [ -63.2778373, 9.9620601 ] } },
{ "type": "Feature", "properties": { "id": null, "CONTROL": "2095", "SERIE": "06", "LINEA": "048", "COD_SEG": "001", "COD_MANZA": 1, "PISO": null, "actualizad": null }, "geometry": { "type": "Point", "coordinates": [ -63.2779768, 9.9621235 ] } },
{ "type": "Feature", "properties": { "id": null, "CONTROL": "2095", "SERIE": "07", "LINEA": "049", "COD_SEG": "001", "COD_MANZA": 1, "PISO": null, "actualizad": null }, "geometry": { "type": "Point", "coordinates": [ -63.2781779, 9.9621473 ] } },
{ "type": "Feature", "properties": { "id": null, "CONTROL": "2095", "SERIE": "08", "LINEA": "050", "COD_SEG": "001", "COD_MANZA": 1, "PISO": null, "actualizad": null }, "geometry": { "type": "Point", "coordinates": [ -63.2784515, 9.9622133 ] } },
{ "type": "Feature", "properties": { "id": null, "CONTROL": "2095", "SERIE": "09", "LINEA": "051", "COD_SEG": "001", "COD_MANZA": 1, "PISO": null, "actualizad": null }, "geometry": { "type": "Point", "coordinates": [ -63.2787653, 9.962356 ] } },
{ "type": "Feature", "properties": { "id": null, "CONTROL": "2095", "SERIE": "10", "LINEA": "052", "COD_SEG": "001", "COD_MANZA": 1, "PISO": null, "actualizad": null }, "geometry": { "type": "Point", "coordinates": [ -63.2788619, 9.9624115 ] } },
{ "type": "Feature", "properties": { "id": null, "CONTROL": "2095", "SERIE": "11", "LINEA": "053", "COD_SEG": "001", "COD_MANZA": 1, "PISO": null, "actualizad": null }, "geometry": { "type": "Point", "coordinates": [ -63.2792952, 9.9627047 ] } },
{ "type": "Feature", "properties": { "id": null, "CONTROL": "2095", "SERIE": "12", "LINEA": "054", "COD_SEG": "001", "COD_MANZA": 1, "PISO": null, "actualizad": null }, "geometry": { "type": "Point", "coordinates": [ -63.2793917, 9.9627919 ] } },
{ "type": "Feature", "properties": { "id": null, "CONTROL": "2095", "SERIE": "13", "LINEA": "055", "COD_SEG": "001", "COD_MANZA": 1, "PISO": null, "actualizad": null }, "geometry": { "type": "Point", "coordinates": [ -63.2794829, 9.9628632 ] } },
{ "type": "Feature", "properties": { "id": null, "CONTROL": "2095", "SERIE": "14", "LINEA": "056", "COD_SEG": "001", "COD_MANZA": 1, "PISO": null, "actualizad": null }, "geometry": { "type": "Point", "coordinates": [ -63.2796063, 9.9630006 ] } },
{ "type": "Feature", "properties": { "id": null, "CONTROL": "2095", "SERIE": "IGLESIA EVANGELICA \"EL ARCA DE NOE II\"", "LINEA": null, "COD_SEG": "001", "COD_MANZA": 1, "PISO": null, "actualizad": null }, "geometry": { "type": "Point", "coordinates": [ -63.2761745, 9.9616695 ] } },
{ "type": "Feature", "properties": { "id": null, "CONTROL": "0060", "SERIE": "01", "LINEA": "121", "COD_SEG": "112", "COD_MANZA": 2, "PISO": null, "actualizad": null }, "geometry": { "type": "Point", "coordinates": [ -63.1550475, 9.7374772 ] } },
{ "type": "Feature", "properties": { "id": null, "CONTROL": "0060", "SERIE": "02", "LINEA": "122", "COD_SEG": "112", "COD_MANZA": 2, "PISO": null, "actualizad": null }, "geometry": { "type": "Point", "coordinates": [ -63.1550341, 9.7373001 ] } },
{ "type": "Feature", "properties": { "id": null, "CONTROL": "0060", "SERIE": "03", "LINEA": "123", "COD_SEG": "112", "COD_MANZA": 2, "PISO": null, "actualizad": null }, "geometry": { "type": "Point", "coordinates": [ -63.1550261, 9.7371468 ] } },
{ "type": "Feature", "properties": { "id": null, "CONTROL": "0060", "SERIE": "04", "LINEA": "124", "COD_SEG": "112", "COD_MANZA": 2, "PISO": null, "actualizad": null }, "geometry": { "type": "Point", "coordinates": [ -63.1550019, 9.7369617 ] } },
{ "type": "Feature", "properties": { "id": null, "CONTROL": "0060", "SERIE": "05", "LINEA": "125", "COD_SEG": "112", "COD_MANZA": 2, "PISO": null, "actualizad": null }, "geometry": { "type": "Point", "coordinates": [ -63.1549992, 9.7367978 ] } },
{ "type": "Feature", "properties": { "id": null, "CONTROL": "0060", "SERIE": "06", "LINEA": "126", "COD_SEG": "112", "COD_MANZA": 2, "PISO": null, "actualizad": null }, "geometry": { "type": "Point", "coordinates": [ -63.1549939, 9.7366286 ] } },
{ "type": "Feature", "properties": { "id": null, "CONTROL": "0060", "SERIE": "07", "LINEA": "127", "COD_SEG": "112", "COD_MANZA": 2, "PISO": null, "actualizad": null }, "geometry": { "type": "Point", "coordinates": [ -63.1549885, 9.7364489 ] } },
{ "type": "Feature", "properties": { "id": null, "CONTROL": "0060", "SERIE": "08", "LINEA": "128", "COD_SEG": "112", "COD_MANZA": 2, "PISO": null, "actualizad": null }, "geometry": { "type": "Point", "coordinates": [ -63.1554847, 9.7364198 ] } },
{ "type": "Feature", "properties": { "id": null, "CONTROL": "0060", "SERIE": "09", "LINEA": "129", "COD_SEG": "112", "COD_MANZA": 2, "PISO": null, "actualizad": null }, "geometry": { "type": "Point", "coordinates": [ -63.155525, 9.7366102 ] } },
{ "type": "Feature", "properties": { "id": null, "CONTROL": "0060", "SERIE": "10", "LINEA": "130", "COD_SEG": "112", "COD_MANZA": 2, "PISO": null, "actualizad": null }, "geometry": { "type": "Point", "coordinates": [ -63.155525, 9.7367741 ] } },
{ "type": "Feature", "properties": { "id": null, "CONTROL": "0060", "SERIE": "11", "LINEA": "131", "COD_SEG": "112", "COD_MANZA": 2, "PISO": null, "actualizad": null }, "geometry": { "type": "Point", "coordinates": [ -63.1555303, 9.7369301 ] } },
{ "type": "Feature", "properties": { "id": null, "CONTROL": "0060", "SERIE": "12", "LINEA": "132", "COD_SEG": "112", "COD_MANZA": 2, "PISO": null, "actualizad": null }, "geometry": { "type": "Point", "coordinates": [ -63.1555464, 9.7370992 ] } },
{ "type": "Feature", "properties": { "id": null, "CONTROL": "0060", "SERIE": "13", "LINEA": "133", "COD_SEG": "112", "COD_MANZA": 2, "PISO": null, "actualizad": null }, "geometry": { "type": "Point", "coordinates": [ -63.1555679, 9.7372711 ] } },
{ "type": "Feature", "properties": { "id": null, "CONTROL": "0060", "SERIE": "14", "LINEA": "134", "COD_SEG": "112", "COD_MANZA": 2, "PISO": null, "actualizad": null }, "geometry": { "type": "Point", "coordinates": [ -63.1555732, 9.737427 ] } },
{ "type": "Feature", "properties": { "id": null, "CONTROL": "0060", "SERIE": "15", "LINEA": "135", "COD_SEG": "112", "COD_MANZA": 2, "PISO": null, "actualizad": null }, "geometry": { "type": "Point", "coordinates": [ -63.1555625, 9.7376173 ] } },
{ "type": "Feature", "properties": { "id": null, "CONTROL": "0072", "SERIE": "01", "LINEA": "118", "COD_SEG": "083", "COD_MANZA": 2, "PISO": null, "actualizad": null }, "geometry": { "type": "Point", "coordinates": [ -63.1327026, 9.7524749 ] } },
{ "type": "Feature", "properties": { "id": null, "CONTROL": "0072", "SERIE": "02", "LINEA": "119", "COD_SEG": "083", "COD_MANZA": 2, "PISO": null, "actualizad": null }, "geometry": { "type": "Point", "coordinates": [ -63.1327951, 9.7524525 ] } },
{ "type": "Feature", "properties": { "id": null, "CONTROL": "0072", "SERIE": "03", "LINEA": "120", "COD_SEG": "083", "COD_MANZA": 2, "PISO": null, "actualizad": null }, "geometry": { "type": "Point", "coordinates": [ -63.132889, 9.7524115 ] } },
{ "type": "Feature", "properties": { "id": null, "CONTROL": "0072", "SERIE": "04", "LINEA": "121", "COD_SEG": "083", "COD_MANZA": 2, "PISO": null, "actualizad": null }, "geometry": { "type": "Point", "coordinates": [ -63.1329735, 9.7524168 ] } },
{ "type": "Feature", "properties": { "id": null, "CONTROL": "0072", "SERIE": "05", "LINEA": "122", "COD_SEG": "083", "COD_MANZA": 2, "PISO": null, "actualizad": null }, "geometry": { "type": "Point", "coordinates": [ -63.1330727, 9.7523877 ] } },
{ "type": "Feature", "properties": { "id": null, "CONTROL": "0072", "SERIE": "06", "LINEA": "123", "COD_SEG": "083", "COD_MANZA": 2, "PISO": null, "actualizad": null }, "geometry": { "type": "Point", "coordinates": [ -63.1331773, 9.7523771 ] } },
{ "type": "Feature", "properties": { "id": null, "CONTROL": "0072", "SERIE": "07", "LINEA": "124", "COD_SEG": "083", "COD_MANZA": 2, "PISO": null, "actualizad": null }, "geometry": { "type": "Point", "coordinates": [ -63.1332538, 9.7523851 ] } },
{ "type": "Feature", "properties": { "id": null, "CONTROL": "0072", "SERIE": "08", "LINEA": "125", "COD_SEG": "083", "COD_MANZA": 2, "PISO": null, "actualizad": null }, "geometry": { "type": "Point", "coordinates": [ -63.133357, 9.752356 ] } },
{ "type": "Feature", "properties": { "id": null, "CONTROL": "0072", "SERIE": "09", "LINEA": "126", "COD_SEG": "083", "COD_MANZA": 2, "PISO": null, "actualizad": null }, "geometry": { "type": "Point", "coordinates": [ -63.1334563, 9.7523494 ] } },
{ "type": "Feature", "properties": { "id": null, "CONTROL": "0072", "SERIE": "10", "LINEA": "127", "COD_SEG": "083", "COD_MANZA": 2, "PISO": null, "actualizad": null }, "geometry": { "type": "Point", "coordinates": [ -63.1335327, 9.7523163 ] } },
{ "type": "Feature", "properties": { "id": null, "CONTROL": "0072", "SERIE": "11", "LINEA": "128", "COD_SEG": "083", "COD_MANZA": 2, "PISO": null, "actualizad": null }, "geometry": { "type": "Point", "coordinates": [ -63.1336266, 9.7523005 ] } },
{ "type": "Feature", "properties": { "id": null, "CONTROL": "0072", "SERIE": "12", "LINEA": "129", "COD_SEG": "083", "COD_MANZA": 2, "PISO": null, "actualizad": null }, "geometry": { "type": "Point", "coordinates": [ -63.1337151, 9.7522648 ] } },
{ "type": "Feature", "properties": { "id": null, "CONTROL": "0072", "SERIE": "13", "LINEA": "130", "COD_SEG": "083", "COD_MANZA": 2, "PISO": null, "actualizad": null }, "geometry": { "type": "Point", "coordinates": [ -63.133809, 9.7522648 ] } },
{ "type": "Feature", "properties": { "id": null, "CONTROL": "0072", "SERIE": "14", "LINEA": "131", "COD_SEG": "083", "COD_MANZA": 2, "PISO": null, "actualizad": null }, "geometry": { "type": "Point", "coordinates": [ -63.1338921, 9.7522397 ] } },
{ "type": "Feature", "properties": { "id": null, "CONTROL": "0072", "SERIE": "15", "LINEA": "132", "COD_SEG": "083", "COD_MANZA": 2, "PISO": null, "actualizad": null }, "geometry": { "type": "Point", "coordinates": [ -63.1339764, 9.7522214 ] } },
{ "type": "Feature", "properties": { "id": null, "CONTROL": "2016", "SERIE": "01", "LINEA": "181", "COD_SEG": "114", "COD_MANZA": 7, "PISO": null, "actualizad": null }, "geometry": { "type": "Point", "coordinates": [ -63.207636, 9.7079017 ] } },
{ "type": "Feature", "properties": { "id": null, "CONTROL": "2016", "SERIE": "02", "LINEA": "182", "COD_SEG": "114", "COD_MANZA": 7, "PISO": null, "actualizad": null }, "geometry": { "type": "Point", "coordinates": [ -63.2075743, 9.7079295 ] } },
{ "type": "Feature", "properties": { "id": null, "CONTROL": "2016", "SERIE": "03", "LINEA": "183", "COD_SEG": "114", "COD_MANZA": 7, "PISO": null, "actualizad": null }, "geometry": { "type": "Point", "coordinates": [ -63.2074992, 9.7079559 ] } },
{ "type": "Feature", "properties": { "id": null, "CONTROL": "2016", "SERIE": "04", "LINEA": "184", "COD_SEG": "114", "COD_MANZA": 7, "PISO": null, "actualizad": null }, "geometry": { "type": "Point", "coordinates": [ -63.207392, 9.7079969 ] } },
{ "type": "Feature", "properties": { "id": null, "CONTROL": "2016", "SERIE": "05", "LINEA": "185", "COD_SEG": "114", "COD_MANZA": 7, "PISO": null, "actualizad": null }, "geometry": { "type": "Point", "coordinates": [ -63.2073263, 9.7080233 ] } },
{ "type": "Feature", "properties": { "id": null, "CONTROL": "2016", "SERIE": "06\n", "LINEA": "186", "COD_SEG": "114", "COD_MANZA": 7, "PISO": null, "actualizad": null }, "geometry": { "type": "Point", "coordinates": [ -63.2072511, 9.7080563 ] } },
{ "type": "Feature", "properties": { "id": null, "CONTROL": "2016", "SERIE": "07", "LINEA": "187", "COD_SEG": "114", "COD_MANZA": 7, "PISO": null, "actualizad": null }, "geometry": { "type": "Point", "coordinates": [ -63.2071519, 9.7080947 ] } },
{ "type": "Feature", "properties": { "id": null, "CONTROL": "2016", "SERIE": "08", "LINEA": "188", "COD_SEG": "114", "COD_MANZA": 7, "PISO": null, "actualizad": null }, "geometry": { "type": "Point", "coordinates": [ -63.2070808, 9.7081251 ] } },
{ "type": "Feature", "properties": { "id": null, "CONTROL": "2016", "SERIE": "15", "LINEA": "196", "COD_SEG": "114", "COD_MANZA": 7, "PISO": null, "actualizad": null }, "geometry": { "type": "Point", "coordinates": [ -63.2069829, 9.7081661 ] } },
{ "type": "Feature", "properties": { "id": null, "CONTROL": "2016", "SERIE": "16", "LINEA": "197", "COD_SEG": "114", "COD_MANZA": 7, "PISO": null, "actualizad": null }, "geometry": { "type": "Point", "coordinates": [ -63.2069038, 9.7081541 ] } },
{ "type": "Feature", "properties": { "id": null, "CONTROL": "2016", "SERIE": "09", "LINEA": "190", "COD_SEG": "114", "COD_MANZA": 7, "PISO": null, "actualizad": null }, "geometry": { "type": "Point", "coordinates": [ -63.2068984, 9.7083022 ] } },
{ "type": "Feature", "properties": { "id": null, "CONTROL": "2016", "SERIE": "10", "LINEA": "191", "COD_SEG": "114", "COD_MANZA": 7, "PISO": null, "actualizad": null }, "geometry": { "type": "Point", "coordinates": [ -63.20681, 9.7083537 ] } },
{ "type": "Feature", "properties": { "id": null, "CONTROL": "2016", "SERIE": "11", "LINEA": "192", "COD_SEG": "114", "COD_MANZA": 7, "PISO": null, "actualizad": null }, "geometry": { "type": "Point", "coordinates": [ -63.2067254, 9.7084132 ] } },
{ "type": "Feature", "properties": { "id": null, "CONTROL": "2016", "SERIE": "12", "LINEA": "193", "COD_SEG": "114", "COD_MANZA": 7, "PISO": null, "actualizad": null }, "geometry": { "type": "Point", "coordinates": [ -63.2066141, 9.7084767 ] } },
{ "type": "Feature", "properties": { "id": null, "CONTROL": "2016", "SERIE": "13", "LINEA": "194", "COD_SEG": "114", "COD_MANZA": 7, "PISO": null, "actualizad": null }, "geometry": { "type": "Point", "coordinates": [ -63.2065189, 9.7085375 ] } },
{ "type": "Feature", "properties": { "id": null, "CONTROL": "2016", "SERIE": "14", "LINEA": null, "COD_SEG": "114", "COD_MANZA": null, "PISO": null, "actualizad": null }, "geometry": { "type": "Point", "coordinates": [ -63.2064357, 9.7085825 ] } },
{ "type": "Feature", "properties": { "id": null, "CONTROL": "2017", "SERIE": "01", "LINEA": "166", "COD_SEG": "131", "COD_MANZA": 1, "PISO": null, "actualizad": null }, "geometry": { "type": "Point", "coordinates": [ -63.1575978, 9.7121766 ] } },
{ "type": "Feature", "properties": { "id": null, "CONTROL": "2017", "SERIE": "02", "LINEA": "167", "COD_SEG": "131", "COD_MANZA": 1, "PISO": null, "actualizad": null }, "geometry": { "type": "Point", "coordinates": [ -63.1576769, 9.7121846 ] } },
{ "type": "Feature", "properties": { "id": null, "CONTROL": "2017", "SERIE": "03", "LINEA": "168", "COD_SEG": "131", "COD_MANZA": 1, "PISO": null, "actualizad": null }, "geometry": { "type": "Point", "coordinates": [ -63.1577198, 9.7121885 ] } },
{ "type": "Feature", "properties": { "id": null, "CONTROL": "2017", "SERIE": "04", "LINEA": "169", "COD_SEG": "131", "COD_MANZA": 1, "PISO": null, "actualizad": null }, "geometry": { "type": "Point", "coordinates": [ -63.157874, 9.7121912 ] } },
{ "type": "Feature", "properties": { "id": null, "CONTROL": "2017", "SERIE": "05", "LINEA": "170", "COD_SEG": "131", "COD_MANZA": 1, "PISO": null, "actualizad": null }, "geometry": { "type": "Point", "coordinates": [ -63.1579237, 9.7121925 ] } },
{ "type": "Feature", "properties": { "id": null, "CONTROL": "2017", "SERIE": "06", "LINEA": "171", "COD_SEG": "131", "COD_MANZA": 1, "PISO": null, "actualizad": null }, "geometry": { "type": "Point", "coordinates": [ -63.1580162, 9.7121846 ] } },
{ "type": "Feature", "properties": { "id": null, "CONTROL": "2017", "SERIE": "07", "LINEA": "172", "COD_SEG": "131", "COD_MANZA": 1, "PISO": null, "actualizad": null }, "geometry": { "type": "Point", "coordinates": [ -63.1580779, 9.7121872 ] } },
{ "type": "Feature", "properties": { "id": null, "CONTROL": "2017", "SERIE": "08", "LINEA": "173", "COD_SEG": "131", "COD_MANZA": 1, "PISO": null, "actualizad": null }, "geometry": { "type": "Point", "coordinates": [ -63.1581852, 9.7121793 ] } },
{ "type": "Feature", "properties": { "id": null, "CONTROL": "2017", "SERIE": "09", "LINEA": "174", "COD_SEG": "131", "COD_MANZA": 1, "PISO": null, "actualizad": null }, "geometry": { "type": "Point", "coordinates": [ -63.1582536, 9.7121925 ] } },
{ "type": "Feature", "properties": { "id": null, "CONTROL": "2017", "SERIE": "11", "LINEA": "175", "COD_SEG": "131", "COD_MANZA": 1, "PISO": null, "actualizad": null }, "geometry": { "type": "Point", "coordinates": [ -63.1582884, 9.712014 ] } },
{ "type": "Feature", "properties": { "id": null, "CONTROL": "2017", "SERIE": "15", "LINEA": "180", "COD_SEG": "131", "COD_MANZA": 1, "PISO": null, "actualizad": null }, "geometry": { "type": "Point", "coordinates": [ -63.1579179, 9.7119995 ] } },
{ "type": "Feature", "properties": { "id": null, "CONTROL": "2017", "SERIE": "14", "LINEA": "179", "COD_SEG": "131", "COD_MANZA": 1, "PISO": null, "actualizad": null }, "geometry": { "type": "Point", "coordinates": [ -63.1580171, 9.7120021 ] } },
{ "type": "Feature", "properties": { "id": null, "CONTROL": "2017", "SERIE": "13", "LINEA": "178", "COD_SEG": "131", "COD_MANZA": 1, "PISO": null, "actualizad": null }, "geometry": { "type": "Point", "coordinates": [ -63.1581016, 9.7120074 ] } },
{ "type": "Feature", "properties": { "id": null, "CONTROL": "2038", "SERIE": "01", "LINEA": "150", "COD_SEG": "061", "COD_MANZA": 2, "PISO": null, "actualizad": null }, "geometry": { "type": "Point", "coordinates": [ -63.2456907, 9.7187528 ] } },
{ "type": "Feature", "properties": { "id": null, "CONTROL": "2038", "SERIE": "02", "LINEA": "151", "COD_SEG": "061", "COD_MANZA": 2, "PISO": null, "actualizad": null }, "geometry": { "type": "Point", "coordinates": [ -63.2456396, 9.718791 ] } },
{ "type": "Feature", "properties": { "id": null, "CONTROL": "2038", "SERIE": "03", "LINEA": "152", "COD_SEG": "061", "COD_MANZA": 2, "PISO": null, "actualizad": null }, "geometry": { "type": "Point", "coordinates": [ -63.2458744, 9.7189484 ] } },
{ "type": "Feature", "properties": { "id": null, "CONTROL": "2038", "SERIE": "04", "LINEA": "153", "COD_SEG": "061", "COD_MANZA": 2, "PISO": null, "actualizad": null }, "geometry": { "type": "Point", "coordinates": [ -63.2458341, 9.7190038 ] } },
{ "type": "Feature", "properties": { "id": null, "CONTROL": "2038", "SERIE": "05", "LINEA": "154", "COD_SEG": "061", "COD_MANZA": 2, "PISO": null, "actualizad": null }, "geometry": { "type": "Point", "coordinates": [ -63.2457939, 9.7190382 ] } },
{ "type": "Feature", "properties": { "id": null, "CONTROL": "2038", "SERIE": "06", "LINEA": "155", "COD_SEG": "061", "COD_MANZA": 2, "PISO": null, "actualizad": null }, "geometry": { "type": "Point", "coordinates": [ -63.2457496, 9.7190712 ] } },
{ "type": "Feature", "properties": { "id": null, "CONTROL": "2038", "SERIE": "07", "LINEA": "156", "COD_SEG": "061", "COD_MANZA": 2, "PISO": null, "actualizad": null }, "geometry": { "type": "Point", "coordinates": [ -63.245704, 9.719107 ] } },
{ "type": "Feature", "properties": { "id": null, "CONTROL": "2038", "SERIE": "08", "LINEA": "157", "COD_SEG": "061", "COD_MANZA": 2, "PISO": null, "actualizad": null }, "geometry": { "type": "Point", "coordinates": [ -63.2456625, 9.7191453 ] } },
{ "type": "Feature", "properties": { "id": null, "CONTROL": "2038", "SERIE": "09", "LINEA": "158", "COD_SEG": "061", "COD_MANZA": 2, "PISO": null, "actualizad": null }, "geometry": { "type": "Point", "coordinates": [ -63.2456168, 9.719185 ] } },
{ "type": "Feature", "properties": { "id": null, "CONTROL": "2038", "SERIE": "10", "LINEA": "159", "COD_SEG": "061", "COD_MANZA": 2, "PISO": null, "actualizad": null }, "geometry": { "type": "Point", "coordinates": [ -63.2455874, 9.7192193 ] } },
{ "type": "Feature", "properties": { "id": null, "CONTROL": "2038", "SERIE": "11", "LINEA": "160", "COD_SEG": "061", "COD_MANZA": 2, "PISO": null, "actualizad": null }, "geometry": { "type": "Point", "coordinates": [ -63.2455418, 9.719259 ] } },
{ "type": "Feature", "properties": { "id": null, "CONTROL": "2038", "SERIE": "12", "LINEA": "161", "COD_SEG": "061", "COD_MANZA": 2, "PISO": null, "actualizad": null }, "geometry": { "type": "Point", "coordinates": [ -63.2454935, 9.7192973 ] } },
{ "type": "Feature", "properties": { "id": null, "CONTROL": "2038", "SERIE": "13", "LINEA": "162", "COD_SEG": "061", "COD_MANZA": 2, "PISO": null, "actualizad": null }, "geometry": { "type": "Point", "coordinates": [ -63.2454532, 9.7193343 ] } },
{ "type": "Feature", "properties": { "id": null, "CONTROL": "2038", "SERIE": "14", "LINEA": "163", "COD_SEG": "061", "COD_MANZA": 2, "PISO": null, "actualizad": null }, "geometry": { "type": "Point", "coordinates": [ -63.245413, 9.71937 ] } },
{ "type": "Feature", "properties": { "id": null, "CONTROL": "2038", "SERIE": "15", "LINEA": "164", "COD_SEG": "061", "COD_MANZA": 2, "PISO": null, "actualizad": null }, "geometry": { "type": "Point", "coordinates": [ -63.2453754, 9.7194057 ] } },
{ "type": "Feature", "properties": { "id": null, "CONTROL": "3031", "SERIE": "01", "LINEA": "254", "COD_SEG": "042", "COD_MANZA": 10, "PISO": null, "actualizad": null }, "geometry": { "type": "Point", "coordinates": [ -63.0987597, 9.783818 ] } },
{ "type": "Feature", "properties": { "id": null, "CONTROL": "3031", "SERIE": "02", "LINEA": "255", "COD_SEG": "042", "COD_MANZA": 10, "PISO": null, "actualizad": null }, "geometry": { "type": "Point", "coordinates": [ -63.0988199, 9.7837956 ] } },
{ "type": "Feature", "properties": { "id": null, "CONTROL": "3031", "SERIE": "03", "LINEA": "256", "COD_SEG": "042", "COD_MANZA": 10, "PISO": null, "actualizad": null }, "geometry": { "type": "Point", "coordinates": [ -63.0988695, 9.7837863 ] } },
{ "type": "Feature", "properties": { "id": null, "CONTROL": "3031", "SERIE": "04", "LINEA": "257", "COD_SEG": "042", "COD_MANZA": 10, "PISO": null, "actualizad": null }, "geometry": { "type": "Point", "coordinates": [ -63.0989285, 9.7837559 ] } },
{ "type": "Feature", "properties": { "id": null, "CONTROL": "3031", "SERIE": "05", "LINEA": "258", "COD_SEG": "042", "COD_MANZA": 10, "PISO": null, "actualizad": null }, "geometry": { "type": "Point", "coordinates": [ -63.0989875, 9.7837467 ] } },
{ "type": "Feature", "properties": { "id": null, "CONTROL": "3031", "SERIE": "06", "LINEA": "259", "COD_SEG": "042", "COD_MANZA": 10, "PISO": null, "actualizad": null }, "geometry": { "type": "Point", "coordinates": [ -63.0990371, 9.7837295 ] } },
{ "type": "Feature", "properties": { "id": null, "CONTROL": "3031", "SERIE": "07", "LINEA": "260", "COD_SEG": "042", "COD_MANZA": 10, "PISO": null, "actualizad": null }, "geometry": { "type": "Point", "coordinates": [ -63.0990841, 9.783707 ] } },
{ "type": "Feature", "properties": { "id": null, "CONTROL": "3031", "SERIE": "08", "LINEA": "261", "COD_SEG": "042", "COD_MANZA": 10, "PISO": null, "actualizad": null }, "geometry": { "type": "Point", "coordinates": [ -63.0991444, 9.7836925 ] } },
{ "type": "Feature", "properties": { "id": null, "CONTROL": "3031", "SERIE": "09", "LINEA": "262", "COD_SEG": "042", "COD_MANZA": 10, "PISO": null, "actualizad": null }, "geometry": { "type": "Point", "coordinates": [ -63.0991914, 9.7836793 ] } },
{ "type": "Feature", "properties": { "id": null, "CONTROL": "3031", "SERIE": "10", "LINEA": "263", "COD_SEG": "042", "COD_MANZA": 10, "PISO": null, "actualizad": null }, "geometry": { "type": "Point", "coordinates": [ -63.099245, 9.7836515 ] } },
{ "type": "Feature", "properties": { "id": null, "CONTROL": "3031", "SERIE": "11", "LINEA": "264", "COD_SEG": "042", "COD_MANZA": 10, "PISO": null, "actualizad": null }, "geometry": { "type": "Point", "coordinates": [ -63.0992986, 9.7836317 ] } },
{ "type": "Feature", "properties": { "id": null, "CONTROL": "3031", "SERIE": "12", "LINEA": "265", "COD_SEG": "042", "COD_MANZA": 10, "PISO": null, "actualizad": null }, "geometry": { "type": "Point", "coordinates": [ -63.099355, 9.7836119 ] } },
{ "type": "Feature", "properties": { "id": null, "CONTROL": "3031", "SERIE": "13", "LINEA": "266", "COD_SEG": "042", "COD_MANZA": 10, "PISO": null, "actualizad": null }, "geometry": { "type": "Point", "coordinates": [ -63.0994032, 9.7835841 ] } },
{ "type": "Feature", "properties": { "id": null, "CONTROL": "3031", "SERIE": "14", "LINEA": "267", "COD_SEG": "042", "COD_MANZA": 10, "PISO": null, "actualizad": null }, "geometry": { "type": "Point", "coordinates": [ -63.0994368, 9.783555 ] } },
{ "type": "Feature", "properties": { "id": null, "CONTROL": "3031", "SERIE": "15", "LINEA": "268", "COD_SEG": "042", "COD_MANZA": 10, "PISO": null, "actualizad": null }, "geometry": { "type": "Point", "coordinates": [ -63.0995065, 9.7835405 ] } },
{ "type": "Feature", "properties": { "id": null, "CONTROL": "3020", "SERIE": "01", "LINEA": "183", "COD_SEG": "009", "COD_MANZA": 7, "PISO": null, "actualizad": null }, "geometry": { "type": "Point", "coordinates": [ -63.6643517, 9.6349421 ] } },
{ "type": "Feature", "properties": { "id": null, "CONTROL": "3020", "SERIE": "02", "LINEA": "184", "COD_SEG": "009", "COD_MANZA": 7, "PISO": null, "actualizad": null }, "geometry": { "type": "Point", "coordinates": [ -63.6642846, 9.6349209 ] } },
{ "type": "Feature", "properties": { "id": null, "CONTROL": "3020", "SERIE": "03", "LINEA": "185", "COD_SEG": "009", "COD_MANZA": 7, "PISO": null, "actualizad": null }, "geometry": { "type": "Point", "coordinates": [ -63.6642176, 9.6349104 ] } },
{ "type": "Feature", "properties": { "id": null, "CONTROL": "3020", "SERIE": "04", "LINEA": "186", "COD_SEG": "009", "COD_MANZA": 7, "PISO": null, "actualizad": null }, "geometry": { "type": "Point", "coordinates": [ -63.6641639, 9.6348945 ] } },
{ "type": "Feature", "properties": { "id": null, "CONTROL": "3020", "SERIE": "05", "LINEA": "187", "COD_SEG": "009", "COD_MANZA": 7, "PISO": null, "actualizad": null }, "geometry": { "type": "Point", "coordinates": [ -63.6640969, 9.6348786 ] } },
{ "type": "Feature", "properties": { "id": null, "CONTROL": "3020", "SERIE": "06", "LINEA": "188", "COD_SEG": "009", "COD_MANZA": 7, "PISO": null, "actualizad": null }, "geometry": { "type": "Point", "coordinates": [ -63.6640432, 9.6348654 ] } },
{ "type": "Feature", "properties": { "id": null, "CONTROL": "3020", "SERIE": "07", "LINEA": "189", "COD_SEG": "009", "COD_MANZA": 7, "PISO": null, "actualizad": null }, "geometry": { "type": "Point", "coordinates": [ -63.663995, 9.6348522 ] } },
{ "type": "Feature", "properties": { "id": null, "CONTROL": "3020", "SERIE": "08", "LINEA": "190", "COD_SEG": "009", "COD_MANZA": 7, "PISO": null, "actualizad": null }, "geometry": { "type": "Point", "coordinates": [ -63.6639333, 9.6348363 ] } },
{ "type": "Feature", "properties": { "id": null, "CONTROL": "3020", "SERIE": "09", "LINEA": "191", "COD_SEG": "009", "COD_MANZA": 7, "PISO": null, "actualizad": null }, "geometry": { "type": "Point", "coordinates": [ -63.6638796, 9.6348257 ] } },
{ "type": "Feature", "properties": { "id": null, "CONTROL": "3020", "SERIE": "10", "LINEA": "192", "COD_SEG": "009", "COD_MANZA": 7, "PISO": null, "actualizad": null }, "geometry": { "type": "Point", "coordinates": [ -63.6638421, 9.6348099 ] } },
{ "type": "Feature", "properties": { "id": null, "CONTROL": "3020", "SERIE": "11", "LINEA": "193", "COD_SEG": "009", "COD_MANZA": 7, "PISO": null, "actualizad": null }, "geometry": { "type": "Point", "coordinates": [ -63.6637831, 9.6348046 ] } },
{ "type": "Feature", "properties": { "id": null, "CONTROL": "3020", "SERIE": "12", "LINEA": "194", "COD_SEG": "009", "COD_MANZA": 7, "PISO": null, "actualizad": null }, "geometry": { "type": "Point", "coordinates": [ -63.6637294, 9.6347834 ] } },
{ "type": "Feature", "properties": { "id": null, "CONTROL": "3020", "SERIE": "13", "LINEA": "195", "COD_SEG": "009", "COD_MANZA": 7, "PISO": null, "actualizad": null }, "geometry": { "type": "Point", "coordinates": [ -63.6636758, 9.6347702 ] } },
{ "type": "Feature", "properties": { "id": null, "CONTROL": "3020", "SERIE": "14", "LINEA": "196", "COD_SEG": "009", "COD_MANZA": 7, "PISO": null, "actualizad": null }, "geometry": { "type": "Point", "coordinates": [ -63.6636248, 9.6347596 ] } },
{ "type": "Feature", "properties": { "id": null, "CONTROL": "3020", "SERIE": "15", "LINEA": "197", "COD_SEG": "009", "COD_MANZA": 7, "PISO": null, "actualizad": null }, "geometry": { "type": "Point", "coordinates": [ -63.6635819, 9.634757 ] } },
{ "type": "Feature", "properties": { "id": null, "CONTROL": "3020", "SERIE": "18", "LINEA": "198", "COD_SEG": "009", "COD_MANZA": 7, "PISO": null, "actualizad": null }, "geometry": { "type": "Point", "coordinates": [ -63.6635229, 9.6347755 ] } },
{ "type": "Feature", "properties": { "id": null, "CONTROL": "0002", "SERIE": "01", "LINEA": "204", "COD_SEG": "001", "COD_MANZA": 9, "PISO": null, "actualizad": null }, "geometry": { "type": "Point", "coordinates": [ -63.5385285, 10.2151147 ] } },
{ "type": "Feature", "properties": { "id": null, "CONTROL": "0002", "SERIE": "02", "LINEA": "205", "COD_SEG": "001", "COD_MANZA": 9, "PISO": null, "actualizad": null }, "geometry": { "type": "Point", "coordinates": [ -63.5381946, 10.2150752 ] } },
{ "type": "Feature", "properties": { "id": null, "CONTROL": "0002", "SERIE": "03", "LINEA": "206", "COD_SEG": "001", "COD_MANZA": 9, "PISO": null, "actualizad": null }, "geometry": { "type": "Point", "coordinates": [ -63.5383971, 10.2150303 ] } },
{ "type": "Feature", "properties": { "id": null, "CONTROL": "0002", "SERIE": "04", "LINEA": "207", "COD_SEG": "001", "COD_MANZA": 9, "PISO": null, "actualizad": null }, "geometry": { "type": "Point", "coordinates": [ -63.5387498, 10.2149392 ] } },
{ "type": "Feature", "properties": { "id": null, "CONTROL": "0002", "SERIE": "05", "LINEA": "208", "COD_SEG": "001", "COD_MANZA": 9, "PISO": null, "actualizad": null }, "geometry": { "type": "Point", "coordinates": [ -63.5388772, 10.2148957 ] } },
{ "type": "Feature", "properties": { "id": null, "CONTROL": "0002", "SERIE": "06", "LINEA": "209", "COD_SEG": "001", "COD_MANZA": 9, "PISO": null, "actualizad": null }, "geometry": { "type": "Point", "coordinates": [ -63.5390046, 10.2149458 ] } },
{ "type": "Feature", "properties": { "id": null, "CONTROL": "0002", "SERIE": "07", "LINEA": "210", "COD_SEG": "001", "COD_MANZA": 9, "PISO": null, "actualizad": null }, "geometry": { "type": "Point", "coordinates": [ -63.5390663, 10.2148336 ] } },
{ "type": "Feature", "properties": { "id": null, "CONTROL": "0002", "SERIE": "08", "LINEA": "211", "COD_SEG": "001", "COD_MANZA": 9, "PISO": null, "actualizad": null }, "geometry": { "type": "Point", "coordinates": [ -63.5391964, 10.2148257 ] } },
{ "type": "Feature", "properties": { "id": null, "CONTROL": "0002", "SERIE": "09", "LINEA": "212", "COD_SEG": "001", "COD_MANZA": 9, "PISO": null, "actualizad": null }, "geometry": { "type": "Point", "coordinates": [ -63.5392742, 10.2147729 ] } },
{ "type": "Feature", "properties": { "id": null, "CONTROL": "0002", "SERIE": "10", "LINEA": "213", "COD_SEG": "001", "COD_MANZA": 9, "PISO": null, "actualizad": null }, "geometry": { "type": "Point", "coordinates": [ -63.5393828, 10.2147663 ] } },
{ "type": "Feature", "properties": { "id": null, "CONTROL": "0002", "SERIE": "11", "LINEA": "214", "COD_SEG": "001", "COD_MANZA": 9, "PISO": null, "actualizad": null }, "geometry": { "type": "Point", "coordinates": [ -63.5395585, 10.2146937 ] } },
{ "type": "Feature", "properties": { "id": null, "CONTROL": "0002", "SERIE": "12", "LINEA": "215", "COD_SEG": "001", "COD_MANZA": 9, "PISO": null, "actualizad": null }, "geometry": { "type": "Point", "coordinates": [ -63.5396738, 10.2146739 ] } },
{ "type": "Feature", "properties": { "id": null, "CONTROL": "0002", "SERIE": "13", "LINEA": "216", "COD_SEG": "001", "COD_MANZA": 9, "PISO": null, "actualizad": null }, "geometry": { "type": "Point", "coordinates": [ -63.5398978, 10.2146383 ] } },
{ "type": "Feature", "properties": { "id": null, "CONTROL": "0002", "SERIE": "14", "LINEA": "217", "COD_SEG": "001", "COD_MANZA": 9, "PISO": null, "actualizad": null }, "geometry": { "type": "Point", "coordinates": [ -63.5400037, 10.2146079 ] } },
{ "type": "Feature", "properties": { "id": null, "CONTROL": "0002", "SERIE": "15", "LINEA": "218", "COD_SEG": "001", "COD_MANZA": 9, "PISO": null, "actualizad": null }, "geometry": { "type": "Point", "coordinates": [ -63.5401016, 10.214596 ] } },
{ "type": "Feature", "properties": { "id": null, "CONTROL": "0002", "SERIE": "16", "LINEA": "219", "COD_SEG": "001", "COD_MANZA": 9, "PISO": null, "actualizad": null }, "geometry": { "type": "Point", "coordinates": [ -63.5398584, 10.2146538 ] } },
{ "type": "Feature", "properties": { "id": null, "CONTROL": "0002", "SERIE": "17", "LINEA": "220", "COD_SEG": "001", "COD_MANZA": 9, "PISO": null, "actualizad": null }, "geometry": { "type": "Point", "coordinates": [ -63.5398838, 10.2146194 ] } },
{ "type": "Feature", "properties": { "id": null, "CONTROL": "0002", "SERIE": "18", "LINEA": "221", "COD_SEG": "001", "COD_MANZA": 9, "PISO": null, "actualizad": null }, "geometry": { "type": "Point", "coordinates": [ -63.5398436, 10.2146129 ] } },
{ "type": "Feature", "properties": { "id": null, "CONTROL": "0002", "SERIE": "19", "LINEA": "222", "COD_SEG": "001", "COD_MANZA": 9, "PISO": null, "actualizad": null }, "geometry": { "type": "Point", "coordinates": [ -63.5398544, 10.2145785 ] } },
{ "type": "Feature", "properties": { "id": null, "CONTROL": "0079", "SERIE": "01", "LINEA": "029", "COD_SEG": "105", "COD_MANZA": 2, "PISO": null, "actualizad": null }, "geometry": { "type": "Point", "coordinates": [ -63.2019434, 9.7135838 ] } },
{ "type": "Feature", "properties": { "id": null, "CONTROL": "0079", "SERIE": "02", "LINEA": "044", "COD_SEG": "105", "COD_MANZA": 2, "PISO": null, "actualizad": null }, "geometry": { "type": "Point", "coordinates": [ -63.2019273, 9.7135495 ] } },
{ "type": "Feature", "properties": { "id": null, "CONTROL": "0079", "SERIE": "03\n", "LINEA": "046", "COD_SEG": "105", "COD_MANZA": 2, "PISO": null, "actualizad": null }, "geometry": { "type": "Point", "coordinates": [ -63.2019166, 9.7135243 ] } },
{ "type": "Feature", "properties": { "id": null, "CONTROL": "0079", "SERIE": "04", "LINEA": "030", "COD_SEG": "105", "COD_MANZA": 2, "PISO": null, "actualizad": null }, "geometry": { "type": "Point", "coordinates": [ -63.2018803, 9.7134621 ] } },
{ "type": "Feature", "properties": { "id": null, "CONTROL": "0079", "SERIE": "05", "LINEA": "031", "COD_SEG": "105", "COD_MANZA": 2, "PISO": null, "actualizad": null }, "geometry": { "type": "Point", "coordinates": [ -63.2018321, 9.7133644 ] } },
{ "type": "Feature", "properties": { "id": null, "CONTROL": "0079", "SERIE": "06", "LINEA": "032", "COD_SEG": "105", "COD_MANZA": 2, "PISO": null, "actualizad": null }, "geometry": { "type": "Point", "coordinates": [ -63.2019515, 9.7133022 ] } },
{ "type": "Feature", "properties": { "id": null, "CONTROL": "0079", "SERIE": "07", "LINEA": "045", "COD_SEG": "105", "COD_MANZA": 2, "PISO": null, "actualizad": null }, "geometry": { "type": "Point", "coordinates": [ -63.2020132, 9.7132706 ] } },
{ "type": "Feature", "properties": { "id": null, "CONTROL": "0079", "SERIE": "08", "LINEA": "033", "COD_SEG": "105", "COD_MANZA": 2, "PISO": null, "actualizad": null }, "geometry": { "type": "Point", "coordinates": [ -63.2021244, 9.7132164 ] } },
{ "type": "Feature", "properties": { "id": null, "CONTROL": "0079", "SERIE": "09", "LINEA": "034", "COD_SEG": "105", "COD_MANZA": 2, "PISO": null, "actualizad": null }, "geometry": { "type": "Point", "coordinates": [ -63.2022076, 9.7131767 ] } },
{ "type": "Feature", "properties": { "id": null, "CONTROL": "0079", "SERIE": "10", "LINEA": "035", "COD_SEG": "105", "COD_MANZA": 2, "PISO": null, "actualizad": null }, "geometry": { "type": "Point", "coordinates": [ -63.2022867, 9.7131331 ] } },
{ "type": "Feature", "properties": { "id": null, "CONTROL": "0079", "SERIE": "11", "LINEA": "036", "COD_SEG": "105", "COD_MANZA": 2, "PISO": null, "actualizad": null }, "geometry": { "type": "Point", "coordinates": [ -63.2023712, 9.7130881 ] } },
{ "type": "Feature", "properties": { "id": null, "CONTROL": "0079", "SERIE": "12", "LINEA": "037", "COD_SEG": "105", "COD_MANZA": 2, "PISO": null, "actualizad": null }, "geometry": { "type": "Point", "coordinates": [ -63.2024597, 9.7130472 ] } },
{ "type": "Feature", "properties": { "id": null, "CONTROL": "0079", "SERIE": "13", "LINEA": "038", "COD_SEG": "105", "COD_MANZA": 3, "PISO": null, "actualizad": null }, "geometry": { "type": "Point", "coordinates": [ -63.201912, 9.7130802 ] } },
{ "type": "Feature", "properties": { "id": null, "CONTROL": "0079", "SERIE": "14", "LINEA": "039", "COD_SEG": "105", "COD_MANZA": 3, "PISO": null, "actualizad": null }, "geometry": { "type": "Point", "coordinates": [ -63.2017485, 9.7131727 ] } },
{ "type": "Feature", "properties": { "id": null, "CONTROL": "0079", "SERIE": "15", "LINEA": "040", "COD_SEG": "105", "COD_MANZA": 3, "PISO": null, "actualizad": null }, "geometry": { "type": "Point", "coordinates": [ -63.2017042, 9.7130948 ] } },
{ "type": "Feature", "properties": { "id": null, "CONTROL": "0079", "SERIE": "16", "LINEA": "041", "COD_SEG": "105", "COD_MANZA": 3, "PISO": null, "actualizad": null }, "geometry": { "type": "Point", "coordinates": [ -63.2016627, 9.7130155 ] } },
{ "type": "Feature", "properties": { "id": null, "CONTROL": "0079", "SERIE": "17", "LINEA": "042", "COD_SEG": "105", "COD_MANZA": 3, "PISO": null, "actualizad": null }, "geometry": { "type": "Point", "coordinates": [ -63.2016103, 9.7129309 ] } },
{ "type": "Feature", "properties": { "id": null, "CONTROL": "0079", "SERIE": "18", "LINEA": "043", "COD_SEG": "105", "COD_MANZA": 3, "PISO": null, "actualizad": null }, "geometry": { "type": "Point", "coordinates": [ -63.2015835, 9.7128555 ] } },
{ "type": "Feature", "properties": { "id": null, "CONTROL": "2037", "SERIE": "06", "LINEA": "547", "COD_SEG": "017", "COD_MANZA": 4, "PISO": null, "actualizad": null }, "geometry": { "type": "Point", "coordinates": [ -63.2620654, 9.7128332 ] } },
{ "type": "Feature", "properties": { "id": null, "CONTROL": "2037", "SERIE": "05", "LINEA": "546", "COD_SEG": "017", "COD_MANZA": 4, "PISO": null, "actualizad": null }, "geometry": { "type": "Point", "coordinates": [ -63.2621164, 9.7128649 ] } },
{ "type": "Feature", "properties": { "id": null, "CONTROL": "2037", "SERIE": "04", "LINEA": "545", "COD_SEG": "017", "COD_MANZA": 4, "PISO": null, "actualizad": null }, "geometry": { "type": "Point", "coordinates": [ -63.2621647, 9.712894 ] } },
{ "type": "Feature", "properties": { "id": null, "CONTROL": "2037", "SERIE": "03", "LINEA": "544", "COD_SEG": "017", "COD_MANZA": 4, "PISO": null, "actualizad": null }, "geometry": { "type": "Point", "coordinates": [ -63.2622076, 9.712927 ] } },
{ "type": "Feature", "properties": { "id": null, "CONTROL": "2037", "SERIE": "02", "LINEA": "543", "COD_SEG": "017", "COD_MANZA": 4, "PISO": null, "actualizad": null }, "geometry": { "type": "Point", "coordinates": [ -63.2622586, 9.7129548 ] } },
{ "type": "Feature", "properties": { "id": null, "CONTROL": "2037", "SERIE": "01", "LINEA": "542", "COD_SEG": "017", "COD_MANZA": 4, "PISO": null, "actualizad": null }, "geometry": { "type": "Point", "coordinates": [ -63.2622988, 9.7129799 ] } },
{ "type": "Feature", "properties": { "id": null, "CONTROL": "2037", "SERIE": "07", "LINEA": "548", "COD_SEG": "017", "COD_MANZA": 4, "PISO": null, "actualizad": null }, "geometry": { "type": "Point", "coordinates": [ -63.2622706, 9.7125464 ] } },
{ "type": "Feature", "properties": { "id": null, "CONTROL": "2037", "SERIE": "08", "LINEA": "549", "COD_SEG": "017", "COD_MANZA": 4, "PISO": null, "actualizad": null }, "geometry": { "type": "Point", "coordinates": [ -63.2623175, 9.7125754 ] } },
{ "type": "Feature", "properties": { "id": null, "CONTROL": "2037", "SERIE": "09", "LINEA": "550", "COD_SEG": "017", "COD_MANZA": 4, "PISO": null, "actualizad": null }, "geometry": { "type": "Point", "coordinates": [ -63.2623578, 9.7126046 ] } },
{ "type": "Feature", "properties": { "id": null, "CONTROL": "2037", "SERIE": "10", "LINEA": "551", "COD_SEG": "017", "COD_MANZA": 4, "PISO": null, "actualizad": null }, "geometry": { "type": "Point", "coordinates": [ -63.2624061, 9.712631 ] } },
{ "type": "Feature", "properties": { "id": null, "CONTROL": "2037", "SERIE": "11", "LINEA": "552", "COD_SEG": "017", "COD_MANZA": 4, "PISO": null, "actualizad": null }, "geometry": { "type": "Point", "coordinates": [ -63.262453, 9.7126654 ] } },
{ "type": "Feature", "properties": { "id": null, "CONTROL": "2037", "SERIE": "12", "LINEA": "553", "COD_SEG": "017", "COD_MANZA": 4, "PISO": null, "actualizad": null }, "geometry": { "type": "Point", "coordinates": [ -63.2625026, 9.7126944 ] } },
{ "type": "Feature", "properties": { "id": null, "CONTROL": "2037", "SERIE": "13", "LINEA": "554", "COD_SEG": "017", "COD_MANZA": 4, "PISO": null, "actualizad": null }, "geometry": { "type": "Point", "coordinates": [ -63.2625468, 9.7127301 ] } },
{ "type": "Feature", "properties": { "id": null, "CONTROL": "2037", "SERIE": "14", "LINEA": "555", "COD_SEG": "017", "COD_MANZA": 4, "PISO": null, "actualizad": null }, "geometry": { "type": "Point", "coordinates": [ -63.2626058, 9.7127578 ] } },
{ "type": "Feature", "properties": { "id": null, "CONTROL": "2037", "SERIE": "15", "LINEA": "556", "COD_SEG": "017", "COD_MANZA": 5, "PISO": null, "actualizad": null }, "geometry": { "type": "Point", "coordinates": [ -63.2620989, 9.7134823 ] } },
{ "type": "Feature", "properties": { "id": null, "CONTROL": "2037", "SERIE": "16", "LINEA": "557", "COD_SEG": "017", "COD_MANZA": 5, "PISO": null, "actualizad": null }, "geometry": { "type": "Point", "coordinates": [ -63.262044, 9.7134466 ] } },
{ "type": "Feature", "properties": { "id": null, "CONTROL": "3043", "SERIE": "01", "LINEA": "211", "COD_SEG": "004", "COD_MANZA": 7, "PISO": null, "actualizad": null }, "geometry": { "type": "Point", "coordinates": [ -63.065209, 9.7930535 ] } },
{ "type": "Feature", "properties": { "id": null, "CONTROL": "3043", "SERIE": "02", "LINEA": "212", "COD_SEG": "004", "COD_MANZA": 7, "PISO": null, "actualizad": null }, "geometry": { "type": "Point", "coordinates": [ -63.0652224, 9.792961 ] } },
{ "type": "Feature", "properties": { "id": null, "CONTROL": "3043", "SERIE": "03", "LINEA": "213", "COD_SEG": "004", "COD_MANZA": 7, "PISO": null, "actualizad": null }, "geometry": { "type": "Point", "coordinates": [ -63.0652211, 9.7928976 ] } },
{ "type": "Feature", "properties": { "id": null, "CONTROL": "3043", "SERIE": "04", "LINEA": "214", "COD_SEG": "004", "COD_MANZA": 7, "PISO": null, "actualizad": null }, "geometry": { "type": "Point", "coordinates": [ -63.0653579, 9.7929214 ] } },
{ "type": "Feature", "properties": { "id": null, "CONTROL": "3043", "SERIE": "05", "LINEA": "215", "COD_SEG": "004", "COD_MANZA": 7, "PISO": null, "actualizad": null }, "geometry": { "type": "Point", "coordinates": [ -63.0654652, 9.7929293 ] } },
{ "type": "Feature", "properties": { "id": null, "CONTROL": "3043", "SERIE": "06", "LINEA": "216", "COD_SEG": "004", "COD_MANZA": 7, "PISO": null, "actualizad": null }, "geometry": { "type": "Point", "coordinates": [ -63.0656341, 9.7929029 ] } },
{ "type": "Feature", "properties": { "id": null, "CONTROL": "3043", "SERIE": "07", "LINEA": "217", "COD_SEG": "004", "COD_MANZA": 7, "PISO": null, "actualizad": null }, "geometry": { "type": "Point", "coordinates": [ -63.0657736, 9.7928791 ] } },
{ "type": "Feature", "properties": { "id": null, "CONTROL": "3043", "SERIE": "08", "LINEA": "218", "COD_SEG": "004", "COD_MANZA": 7, "PISO": null, "actualizad": null }, "geometry": { "type": "Point", "coordinates": [ -63.0659077, 9.7929029 ] } },
{ "type": "Feature", "properties": { "id": null, "CONTROL": "3043", "SERIE": "09", "LINEA": "219", "COD_SEG": "004", "COD_MANZA": 7, "PISO": null, "actualizad": null }, "geometry": { "type": "Point", "coordinates": [ -63.066015, 9.7929451 ] } },
{ "type": "Feature", "properties": { "id": null, "CONTROL": "3043", "SERIE": "10", "LINEA": "220", "COD_SEG": "004", "COD_MANZA": 7, "PISO": null, "actualizad": null }, "geometry": { "type": "Point", "coordinates": [ -63.0662001, 9.7929346 ] } },
{ "type": "Feature", "properties": { "id": null, "CONTROL": "3043", "SERIE": "11", "LINEA": "221", "COD_SEG": "004", "COD_MANZA": 7, "PISO": null, "actualizad": null }, "geometry": { "type": "Point", "coordinates": [ -63.0664173, 9.7929451 ] } },
{ "type": "Feature", "properties": { "id": null, "CONTROL": "3043", "SERIE": "12", "LINEA": "222", "COD_SEG": "004", "COD_MANZA": 7, "PISO": null, "actualizad": null }, "geometry": { "type": "Point", "coordinates": [ -63.0666131, 9.7929663 ] } },
{ "type": "Feature", "properties": { "id": null, "CONTROL": "3043", "SERIE": "13", "LINEA": "223", "COD_SEG": "004", "COD_MANZA": 7, "PISO": null, "actualizad": null }, "geometry": { "type": "Point", "coordinates": [ -63.0667285, 9.7929742 ] } },
{ "type": "Feature", "properties": { "id": null, "CONTROL": "3043", "SERIE": "14", "LINEA": "224", "COD_SEG": "004", "COD_MANZA": 7, "PISO": null, "actualizad": null }, "geometry": { "type": "Point", "coordinates": [ -63.0674221, 9.7929924 ] } },
{ "type": "Feature", "properties": { "id": null, "CONTROL": "3043", "SERIE": "15", "LINEA": "225", "COD_SEG": "004", "COD_MANZA": 7, "PISO": null, "actualizad": null }, "geometry": { "type": "Point", "coordinates": [ -63.0675535, 9.7929792 ] } },
{ "type": "Feature", "properties": { "id": null, "CONTROL": "6003", "SERIE": "01", "LINEA": "256", "COD_SEG": "132", "COD_MANZA": 1, "PISO": null, "actualizad": null }, "geometry": { "type": "Point", "coordinates": [ -63.1575931, 9.7104971 ] } },
{ "type": "Feature", "properties": { "id": null, "CONTROL": "6003", "SERIE": "02", "LINEA": "257", "COD_SEG": "132", "COD_MANZA": 1, "PISO": null, "actualizad": null }, "geometry": { "type": "Point", "coordinates": [ -63.1576936, 9.7105037 ] } },
{ "type": "Feature", "properties": { "id": null, "CONTROL": "6003", "SERIE": "03", "LINEA": "258", "COD_SEG": "132", "COD_MANZA": 1, "PISO": null, "actualizad": null }, "geometry": { "type": "Point", "coordinates": [ -63.1577768, 9.7104984 ] } },
{ "type": "Feature", "properties": { "id": null, "CONTROL": "6003", "SERIE": "04", "LINEA": "259", "COD_SEG": "132", "COD_MANZA": 1, "PISO": null, "actualizad": null }, "geometry": { "type": "Point", "coordinates": [ -63.1580759, 9.7104997 ] } },
{ "type": "Feature", "properties": { "id": null, "CONTROL": "6003", "SERIE": "05", "LINEA": "260", "COD_SEG": "132", "COD_MANZA": 1, "PISO": null, "actualizad": null }, "geometry": { "type": "Point", "coordinates": [ -63.158151, 9.7104944 ] } },
{ "type": "Feature", "properties": { "id": null, "CONTROL": "6003", "SERIE": "06", "LINEA": "261", "COD_SEG": "132", "COD_MANZA": 1, "PISO": null, "actualizad": null }, "geometry": { "type": "Point", "coordinates": [ -63.15823, 9.7104984 ] } },
{ "type": "Feature", "properties": { "id": null, "CONTROL": "6003", "SERIE": "07", "LINEA": "262", "COD_SEG": "132", "COD_MANZA": 1, "PISO": null, "actualizad": null }, "geometry": { "type": "Point", "coordinates": [ -63.1583038, 9.7105089 ] } },
{ "type": "Feature", "properties": { "id": null, "CONTROL": "6003", "SERIE": "08", "LINEA": "263", "COD_SEG": "132", "COD_MANZA": 1, "PISO": null, "actualizad": null }, "geometry": { "type": "Point", "coordinates": [ -63.1584165, 9.710505 ] } },
{ "type": "Feature", "properties": { "id": null, "CONTROL": "6003", "SERIE": "09", "LINEA": "264", "COD_SEG": "132", "COD_MANZA": 1, "PISO": null, "actualizad": null }, "geometry": { "type": "Point", "coordinates": [ -63.1584822, 9.7105023 ] } },
{ "type": "Feature", "properties": { "id": null, "CONTROL": "6003", "SERIE": "10", "LINEA": "265", "COD_SEG": "132", "COD_MANZA": 1, "PISO": null, "actualizad": null }, "geometry": { "type": "Point", "coordinates": [ -63.1584862, 9.7106874 ] } },
{ "type": "Feature", "properties": { "id": null, "CONTROL": "6003", "SERIE": "11", "LINEA": "266", "COD_SEG": "132", "COD_MANZA": 1, "PISO": null, "actualizad": null }, "geometry": { "type": "Point", "coordinates": [ -63.1584058, 9.7106808 ] } },
{ "type": "Feature", "properties": { "id": null, "CONTROL": "6003", "SERIE": "12", "LINEA": "267", "COD_SEG": "132", "COD_MANZA": 1, "PISO": null, "actualizad": null }, "geometry": { "type": "Point", "coordinates": [ -63.1582998, 9.7106847 ] } },
{ "type": "Feature", "properties": { "id": null, "CONTROL": "6003", "SERIE": "13", "LINEA": "268", "COD_SEG": "132", "COD_MANZA": 1, "PISO": null, "actualizad": null }, "geometry": { "type": "Point", "coordinates": [ -63.1582234, 9.7106874 ] } },
{ "type": "Feature", "properties": { "id": null, "CONTROL": "6003", "SERIE": "14", "LINEA": "269", "COD_SEG": "132", "COD_MANZA": 1, "PISO": null, "actualizad": null }, "geometry": { "type": "Point", "coordinates": [ -63.1581323, 9.7106848 ] } },
{ "type": "Feature", "properties": { "id": null, "CONTROL": "6003", "SERIE": "15", "LINEA": "270", "COD_SEG": "132", "COD_MANZA": 1, "PISO": null, "actualizad": null }, "geometry": { "type": "Point", "coordinates": [ -63.1580599, 9.7106809 ] } },
{ "type": "Feature", "properties": { "id": null, "CONTROL": "2002", "SERIE": "01", "LINEA": "103", "COD_SEG": "018", "COD_MANZA": 4, "PISO": null, "actualizad": null }, "geometry": { "type": "Point", "coordinates": [ -63.1113132, 10.1151716 ] } },
{ "type": "Feature", "properties": { "id": null, "CONTROL": "2002", "SERIE": "02", "LINEA": "104", "COD_SEG": "018", "COD_MANZA": 4, "PISO": null, "actualizad": null }, "geometry": { "type": "Point", "coordinates": [ -63.1113762, 10.1152244 ] } },
{ "type": "Feature", "properties": { "id": null, "CONTROL": "2002", "SERIE": "03", "LINEA": "105", "COD_SEG": "018", "COD_MANZA": 4, "PISO": null, "actualizad": null }, "geometry": { "type": "Point", "coordinates": [ -63.111348, 10.115301 ] } },
{ "type": "Feature", "properties": { "id": null, "CONTROL": "2002", "SERIE": "04", "LINEA": "106", "COD_SEG": "018", "COD_MANZA": 4, "PISO": null, "actualizad": null }, "geometry": { "type": "Point", "coordinates": [ -63.1113266, 10.1153881 ] } },
{ "type": "Feature", "properties": { "id": null, "CONTROL": "2002", "SERIE": "05", "LINEA": "107", "COD_SEG": "018", "COD_MANZA": 4, "PISO": null, "actualizad": null }, "geometry": { "type": "Point", "coordinates": [ -63.1113038, 10.1154528 ] } },
{ "type": "Feature", "properties": { "id": null, "CONTROL": "2002", "SERIE": "06", "LINEA": "108", "COD_SEG": "018", "COD_MANZA": 4, "PISO": null, "actualizad": null }, "geometry": { "type": "Point", "coordinates": [ -63.1112783, 10.1155294 ] } },
{ "type": "Feature", "properties": { "id": null, "CONTROL": "2002", "SERIE": "07", "LINEA": "109", "COD_SEG": "018", "COD_MANZA": 4, "PISO": null, "actualizad": null }, "geometry": { "type": "Point", "coordinates": [ -63.111403, 10.1156244 ] } },
{ "type": "Feature", "properties": { "id": null, "CONTROL": "2002", "SERIE": "08", "LINEA": "110", "COD_SEG": "018", "COD_MANZA": 4, "PISO": null, "actualizad": null }, "geometry": { "type": "Point", "coordinates": [ -63.1114285, 10.1155664 ] } },
{ "type": "Feature", "properties": { "id": null, "CONTROL": "2002", "SERIE": "09", "LINEA": "111", "COD_SEG": "018", "COD_MANZA": 4, "PISO": null, "actualizad": null }, "geometry": { "type": "Point", "coordinates": [ -63.1114513, 10.1155043 ] } },
{ "type": "Feature", "properties": { "id": null, "CONTROL": "2002", "SERIE": "10", "LINEA": "112", "COD_SEG": "018", "COD_MANZA": 4, "PISO": null, "actualizad": null }, "geometry": { "type": "Point", "coordinates": [ -63.1114768, 10.1154264 ] } },
{ "type": "Feature", "properties": { "id": null, "CONTROL": "2002", "SERIE": "11", "LINEA": "113", "COD_SEG": "018", "COD_MANZA": 4, "PISO": null, "actualizad": null }, "geometry": { "type": "Point", "coordinates": [ -63.1115009, 10.1152878 ] } },
{ "type": "Feature", "properties": { "id": null, "CONTROL": "2002", "SERIE": "12", "LINEA": "114", "COD_SEG": "018", "COD_MANZA": 4, "PISO": null, "actualizad": null }, "geometry": { "type": "Point", "coordinates": [ -63.1116028, 10.1152825 ] } },
{ "type": "Feature", "properties": { "id": null, "CONTROL": "2002", "SERIE": "13", "LINEA": "115", "COD_SEG": "018", "COD_MANZA": 4, "PISO": null, "actualizad": null }, "geometry": { "type": "Point", "coordinates": [ -63.1116833, 10.1153049 ] } },
{ "type": "Feature", "properties": { "id": null, "CONTROL": "2002", "SERIE": "14", "LINEA": "116", "COD_SEG": "018", "COD_MANZA": 4, "PISO": null, "actualizad": null }, "geometry": { "type": "Point", "coordinates": [ -63.1117504, 10.1153393 ] } },
{ "type": "Feature", "properties": { "id": null, "CONTROL": "2002", "SERIE": "15", "LINEA": "117", "COD_SEG": "018", "COD_MANZA": 4, "PISO": null, "actualizad": null }, "geometry": { "type": "Point", "coordinates": [ -63.1118025, 10.1153684 ] } },
{ "type": "Feature", "properties": { "id": null, "CONTROL": "2004", "SERIE": "01", "LINEA": "092", "COD_SEG": "009", "COD_MANZA": 3, "PISO": null, "actualizad": null }, "geometry": { "type": "Point", "coordinates": [ -63.508592, 10.1684993 ] } },
{ "type": "Feature", "properties": { "id": null, "CONTROL": "2004", "SERIE": "02", "LINEA": "093", "COD_SEG": "009", "COD_MANZA": 3, "PISO": null, "actualizad": null }, "geometry": { "type": "Point", "coordinates": [ -63.5084753, 10.1684399 ] } },
{ "type": "Feature", "properties": { "id": null, "CONTROL": "2004", "SERIE": "03", "LINEA": "095", "COD_SEG": "009", "COD_MANZA": 3, "PISO": null, "actualizad": null }, "geometry": { "type": "Point", "coordinates": [ -63.5084149, 10.1685323 ] } },
{ "type": "Feature", "properties": { "id": null, "CONTROL": "2004", "SERIE": "13", "LINEA": "110", "COD_SEG": "009", "COD_MANZA": 3, "PISO": null, "actualizad": null }, "geometry": { "type": "Point", "coordinates": [ -63.5083412, 10.1684372 ] } },
{ "type": "Feature", "properties": { "id": null, "CONTROL": "2004", "SERIE": "04", "LINEA": "108", "COD_SEG": "009", "COD_MANZA": 3, "PISO": null, "actualizad": null }, "geometry": { "type": "Point", "coordinates": [ -63.5081306, 10.1683 ] } },
{ "type": "Feature", "properties": { "id": null, "CONTROL": "2004", "SERIE": "05", "LINEA": "109", "COD_SEG": "009", "COD_MANZA": 3, "PISO": null, "actualizad": null }, "geometry": { "type": "Point", "coordinates": [ -63.5082781, 10.1686181 ] } },
{ "type": "Feature", "properties": { "id": null, "CONTROL": "2004", "SERIE": "06", "LINEA": "096", "COD_SEG": "009", "COD_MANZA": 3, "PISO": null, "actualizad": null }, "geometry": { "type": "Point", "coordinates": [ -63.5083948, 10.1687607 ] } },
{ "type": "Feature", "properties": { "id": null, "CONTROL": "2004", "SERIE": "07", "LINEA": "097", "COD_SEG": "009", "COD_MANZA": 3, "PISO": null, "actualizad": null }, "geometry": { "type": "Point", "coordinates": [ -63.5083921, 10.1688478 ] } },
{ "type": "Feature", "properties": { "id": null, "CONTROL": "2004", "SERIE": "08", "LINEA": "098", "COD_SEG": "009", "COD_MANZA": 3, "PISO": null, "actualizad": null }, "geometry": { "type": "Point", "coordinates": [ -63.5084029, 10.1689164 ] } },
{ "type": "Feature", "properties": { "id": null, "CONTROL": "2004", "SERIE": "FESTEJOS MARIVIC", "LINEA": null, "COD_SEG": "009", "COD_MANZA": 3, "PISO": null, "actualizad": null }, "geometry": { "type": "Point", "coordinates": [ -63.5083573, 10.1691118 ] } },
{ "type": "Feature", "properties": { "id": null, "CONTROL": "2004", "SERIE": "09", "LINEA": "094", "COD_SEG": "009", "COD_MANZA": 3, "PISO": null, "actualizad": null }, "geometry": { "type": "Point", "coordinates": [ -63.508309, 10.1692108 ] } },
{ "type": "Feature", "properties": { "id": null, "CONTROL": "2004", "SERIE": "10", "LINEA": "112", "COD_SEG": "009", "COD_MANZA": 3, "PISO": null, "actualizad": null }, "geometry": { "type": "Point", "coordinates": [ -63.5083471, 10.1692002 ] } },
{ "type": "Feature", "properties": { "id": null, "CONTROL": "2004", "SERIE": "11", "LINEA": "113", "COD_SEG": "009", "COD_MANZA": 3, "PISO": null, "actualizad": null }, "geometry": { "type": "Point", "coordinates": [ -63.5083833, 10.1691883 ] } },
{ "type": "Feature", "properties": { "id": null, "CONTROL": "2004", "SERIE": "LICORERIA", "LINEA": null, "COD_SEG": "009", "COD_MANZA": 3, "PISO": null, "actualizad": null }, "geometry": { "type": "Point", "coordinates": [ -63.5082472, 10.1692424 ] } },
{ "type": "Feature", "properties": { "id": null, "CONTROL": "2004", "SERIE": "12", "LINEA": "101", "COD_SEG": "009", "COD_MANZA": 3, "PISO": null, "actualizad": null }, "geometry": { "type": "Point", "coordinates": [ -63.5081615, 10.1692425 ] } },
{ "type": "Feature", "properties": { "id": null, "CONTROL": "3016", "SERIE": "01", "LINEA": "091", "COD_SEG": "001", "COD_MANZA": 5, "PISO": null, "actualizad": null }, "geometry": { "type": "Point", "coordinates": [ -63.7964774, 9.7505732 ] } },
{ "type": "Feature", "properties": { "id": null, "CONTROL": "3016", "SERIE": "02", "LINEA": "092", "COD_SEG": "001", "COD_MANZA": 5, "PISO": null, "actualizad": null }, "geometry": { "type": "Point", "coordinates": [ -63.7964264, 9.7505045 ] } },
{ "type": "Feature", "properties": { "id": null, "CONTROL": "3016", "SERIE": "03", "LINEA": "093", "COD_SEG": "001", "COD_MANZA": 5, "PISO": null, "actualizad": null }, "geometry": { "type": "Point", "coordinates": [ -63.796987, 9.7503644 ] } },
{ "type": "Feature", "properties": { "id": null, "CONTROL": "3016", "SERIE": "04", "LINEA": "094", "COD_SEG": "001", "COD_MANZA": 5, "PISO": null, "actualizad": null }, "geometry": { "type": "Point", "coordinates": [ -63.7972767, 9.7504173 ] } },
{ "type": "Feature", "properties": { "id": null, "CONTROL": "3016", "SERIE": "05", "LINEA": "095", "COD_SEG": "001", "COD_MANZA": 5, "PISO": null, "actualizad": null }, "geometry": { "type": "Point", "coordinates": [ -63.7972793, 9.7507609 ] } },
{ "type": "Feature", "properties": { "id": null, "CONTROL": "3016", "SERIE": "06", "LINEA": "096", "COD_SEG": "001", "COD_MANZA": 5, "PISO": null, "actualizad": null }, "geometry": { "type": "Point", "coordinates": [ -63.7972552, 9.7508851 ] } },
{ "type": "Feature", "properties": { "id": null, "CONTROL": "3016", "SERIE": "07", "LINEA": "097", "COD_SEG": "001", "COD_MANZA": 5, "PISO": null, "actualizad": null }, "geometry": { "type": "Point", "coordinates": [ -63.797561, 9.7515275 ] } },
{ "type": "Feature", "properties": { "id": null, "CONTROL": "3016", "SERIE": "08", "LINEA": "098", "COD_SEG": "001", "COD_MANZA": 5, "PISO": null, "actualizad": null }, "geometry": { "type": "Point", "coordinates": [ -63.7974728, 9.751964 ] } },
{ "type": "Feature", "properties": { "id": null, "CONTROL": "3016", "SERIE": "09", "LINEA": "099", "COD_SEG": "001", "COD_MANZA": 6, "PISO": null, "actualizad": null }, "geometry": { "type": "Point", "coordinates": [ -63.797266, 9.7500746 ] } },
{ "type": "Feature", "properties": { "id": null, "CONTROL": "3016", "SERIE": "10", "LINEA": "100", "COD_SEG": "001", "COD_MANZA": 6, "PISO": null, "actualizad": null }, "geometry": { "type": "Point", "coordinates": [ -63.7970166, 9.750101 ] } },
{ "type": "Feature", "properties": { "id": null, "CONTROL": "3016", "SERIE": "11", "LINEA": "101", "COD_SEG": "001", "COD_MANZA": 6, "PISO": null, "actualizad": null }, "geometry": { "type": "Point", "coordinates": [ -63.7965633, 9.7500614 ] } },
{ "type": "Feature", "properties": { "id": null, "CONTROL": "3016", "SERIE": "12", "LINEA": "102", "COD_SEG": "001", "COD_MANZA": 6, "PISO": null, "actualizad": null }, "geometry": { "type": "Point", "coordinates": [ -63.7966626, 9.7497732 ] } },
{ "type": "Feature", "properties": { "id": null, "CONTROL": "3016", "SERIE": "13", "LINEA": "103", "COD_SEG": "001", "COD_MANZA": 6, "PISO": null, "actualizad": null }, "geometry": { "type": "Point", "coordinates": [ -63.7967779, 9.749604 ] } },
{ "type": "Feature", "properties": { "id": null, "CONTROL": "3016", "SERIE": "14", "LINEA": "104", "COD_SEG": "001", "COD_MANZA": 6, "PISO": null, "actualizad": null }, "geometry": { "type": "Point", "coordinates": [ -63.7968879, 9.7494296 ] } },
{ "type": "Feature", "properties": { "id": null, "CONTROL": "3016", "SERIE": "15", "LINEA": "105", "COD_SEG": "001", "COD_MANZA": 6, "PISO": null, "actualizad": null }, "geometry": { "type": "Point", "coordinates": [ -63.7970059, 9.749004 ] } },
{ "type": "Feature", "properties": { "id": null, "CONTROL": "0034", "SERIE": "01", "LINEA": "001", "COD_SEG": "016", "COD_MANZA": 1, "PISO": null, "actualizad": null }, "geometry": { "type": "Point", "coordinates": [ -63.1307865, 9.778109 ] } },
{ "type": "Feature", "properties": { "id": null, "CONTROL": "0034", "SERIE": "02", "LINEA": "002", "COD_SEG": "016", "COD_MANZA": 1, "PISO": null, "actualizad": null }, "geometry": { "type": "Point", "coordinates": [ -63.1308388, 9.7780918 ] } },
{ "type": "Feature", "properties": { "id": null, "CONTROL": "0034", "SERIE": "03", "LINEA": "003", "COD_SEG": "016", "COD_MANZA": 1, "PISO": null, "actualizad": null }, "geometry": { "type": "Point", "coordinates": [ -63.1309059, 9.7781221 ] } },
{ "type": "Feature", "properties": { "id": null, "CONTROL": "0034", "SERIE": "04", "LINEA": "004", "COD_SEG": "016", "COD_MANZA": 1, "PISO": null, "actualizad": null }, "geometry": { "type": "Point", "coordinates": [ -63.1309608, 9.7781089 ] } },
{ "type": "Feature", "properties": { "id": null, "CONTROL": "0034", "SERIE": "05", "LINEA": "005", "COD_SEG": "016", "COD_MANZA": 1, "PISO": null, "actualizad": null }, "geometry": { "type": "Point", "coordinates": [ -63.1310185, 9.7780944 ] } },
{ "type": "Feature", "properties": { "id": null, "CONTROL": "0034", "SERIE": "06", "LINEA": "006", "COD_SEG": "016", "COD_MANZA": 1, "PISO": null, "actualizad": null }, "geometry": { "type": "Point", "coordinates": [ -63.1310695, 9.7780839 ] } },
{ "type": "Feature", "properties": { "id": null, "CONTROL": "0034", "SERIE": "07", "LINEA": "007", "COD_SEG": "016", "COD_MANZA": 1, "PISO": null, "actualizad": null }, "geometry": { "type": "Point", "coordinates": [ -63.1311057, 9.7780336 ] } },
{ "type": "Feature", "properties": { "id": null, "CONTROL": "0034", "SERIE": "08", "LINEA": "008", "COD_SEG": "016", "COD_MANZA": 1, "PISO": null, "actualizad": null }, "geometry": { "type": "Point", "coordinates": [ -63.1311661, 9.778035 ] } },
{ "type": "Feature", "properties": { "id": null, "CONTROL": "0034", "SERIE": "09", "LINEA": "009", "COD_SEG": "016", "COD_MANZA": 1, "PISO": null, "actualizad": null }, "geometry": { "type": "Point", "coordinates": [ -63.1312157, 9.7780217 ] } },
{ "type": "Feature", "properties": { "id": null, "CONTROL": "0034", "SERIE": "10", "LINEA": "010", "COD_SEG": "016", "COD_MANZA": 1, "PISO": null, "actualizad": null }, "geometry": { "type": "Point", "coordinates": [ -63.1312579, 9.7779927 ] } },
{ "type": "Feature", "properties": { "id": null, "CONTROL": "0034", "SERIE": "11", "LINEA": "011", "COD_SEG": "016", "COD_MANZA": 1, "PISO": null, "actualizad": null }, "geometry": { "type": "Point", "coordinates": [ -63.1313142, 9.7779649 ] } },
{ "type": "Feature", "properties": { "id": null, "CONTROL": "0034", "SERIE": "12", "LINEA": "012", "COD_SEG": "016", "COD_MANZA": 1, "PISO": null, "actualizad": null }, "geometry": { "type": "Point", "coordinates": [ -63.1313759, 9.7779411 ] } },
{ "type": "Feature", "properties": { "id": null, "CONTROL": "0034", "SERIE": "13", "LINEA": "013", "COD_SEG": "016", "COD_MANZA": 1, "PISO": null, "actualizad": null }, "geometry": { "type": "Point", "coordinates": [ -63.1314269, 9.7779451 ] } },
{ "type": "Feature", "properties": { "id": null, "CONTROL": "0034", "SERIE": "14", "LINEA": "014", "COD_SEG": "016", "COD_MANZA": 1, "PISO": null, "actualizad": null }, "geometry": { "type": "Point", "coordinates": [ -63.1314859, 9.7779676 ] } },
{ "type": "Feature", "properties": { "id": null, "CONTROL": "0034", "SERIE": "15", "LINEA": "015", "COD_SEG": "016", "COD_MANZA": 1, "PISO": null, "actualizad": null }, "geometry": { "type": "Point", "coordinates": [ -63.1315462, 9.7779491 ] } },
{ "type": "Feature", "properties": { "id": null, "CONTROL": "0061", "SERIE": "01", "LINEA": "057", "COD_SEG": "003", "COD_MANZA": 2, "PISO": null, "actualizad": null }, "geometry": { "type": "Point", "coordinates": [ -63.0904066, 10.1339259 ] } },
{ "type": "Feature", "properties": { "id": null, "CONTROL": "0061", "SERIE": "02", "LINEA": "058", "COD_SEG": "003", "COD_MANZA": 2, "PISO": null, "actualizad": null }, "geometry": { "type": "Point", "coordinates": [ -63.0904361, 10.1338335 ] } },
{ "type": "Feature", "properties": { "id": null, "CONTROL": "0061", "SERIE": "03\n", "LINEA": "059", "COD_SEG": "003", "COD_MANZA": 2, "PISO": null, "actualizad": null }, "geometry": { "type": "Point", "coordinates": [ -63.0909403, 10.1338817 ] } },
{ "type": "Feature", "properties": { "id": null, "CONTROL": "0061", "SERIE": "04\n", "LINEA": "060", "COD_SEG": "003", "COD_MANZA": 2, "PISO": null, "actualizad": null }, "geometry": { "type": "Point", "coordinates": [ -63.0909296, 10.133961 ] } },
{ "type": "Feature", "properties": { "id": null, "CONTROL": "0061", "SERIE": "05", "LINEA": "061", "COD_SEG": "003", "COD_MANZA": 2, "PISO": null, "actualizad": null }, "geometry": { "type": "Point", "coordinates": [ -63.090927, 10.1340112 ] } },
{ "type": "Feature", "properties": { "id": null, "CONTROL": "0061", "SERIE": "06", "LINEA": "062", "COD_SEG": "003", "COD_MANZA": 2, "PISO": null, "actualizad": null }, "geometry": { "type": "Point", "coordinates": [ -63.0909215, 10.1340771 ] } },
{ "type": "Feature", "properties": { "id": null, "CONTROL": "0061", "SERIE": "07", "LINEA": "063", "COD_SEG": "003", "COD_MANZA": 2, "PISO": null, "actualizad": null }, "geometry": { "type": "Point", "coordinates": [ -63.0909216, 10.1341511 ] } },
{ "type": "Feature", "properties": { "id": null, "CONTROL": "0061", "SERIE": "08", "LINEA": "064", "COD_SEG": "003", "COD_MANZA": 2, "PISO": null, "actualizad": null }, "geometry": { "type": "Point", "coordinates": [ -63.0909216, 10.1342145 ] } },
{ "type": "Feature", "properties": { "id": null, "CONTROL": "0061", "SERIE": "09", "LINEA": "065", "COD_SEG": "003", "COD_MANZA": 2, "PISO": null, "actualizad": null }, "geometry": { "type": "Point", "coordinates": [ -63.0909188, 10.1342831 ] } },
{ "type": "Feature", "properties": { "id": null, "CONTROL": "0061", "SERIE": "10", "LINEA": "066", "COD_SEG": "003", "COD_MANZA": 2, "PISO": null, "actualizad": null }, "geometry": { "type": "Point", "coordinates": [ -63.0909216, 10.1343649 ] } },
{ "type": "Feature", "properties": { "id": null, "CONTROL": "0061", "SERIE": "11", "LINEA": "067", "COD_SEG": "003", "COD_MANZA": 2, "PISO": null, "actualizad": null }, "geometry": { "type": "Point", "coordinates": [ -63.0909269, 10.1344408 ] } },
{ "type": "Feature", "properties": { "id": null, "CONTROL": "0061", "SERIE": "12 DEMOLIDA\n", "LINEA": "068", "COD_SEG": "003", "COD_MANZA": 2, "PISO": null, "actualizad": null }, "geometry": { "type": "Point", "coordinates": [ -63.0909377, 10.1345226 ] } },
{ "type": "Feature", "properties": { "id": null, "CONTROL": "0061", "SERIE": "13", "LINEA": "069", "COD_SEG": "003", "COD_MANZA": 3, "PISO": null, "actualizad": null }, "geometry": { "type": "Point", "coordinates": [ -63.0917021, 10.134417 ] } },
{ "type": "Feature", "properties": { "id": null, "CONTROL": "0061", "SERIE": "14", "LINEA": "070", "COD_SEG": "003", "COD_MANZA": 3, "PISO": null, "actualizad": null }, "geometry": { "type": "Point", "coordinates": [ -63.0916188, 10.1344329 ] } },
{ "type": "Feature", "properties": { "id": null, "CONTROL": "0061", "SERIE": "15", "LINEA": "072", "COD_SEG": "003", "COD_MANZA": 3, "PISO": null, "actualizad": null }, "geometry": { "type": "Point", "coordinates": [ -63.0917007, 10.1344585 ] } },
{ "type": "Feature", "properties": { "id": null, "CONTROL": "2012", "SERIE": "02", "LINEA": "161", "COD_SEG": "020", "COD_MANZA": 4, "PISO": null, "actualizad": null }, "geometry": { "type": "Point", "coordinates": [ -63.198048285143209, 9.733025339825373 ] } },
{ "type": "Feature", "properties": { "id": null, "CONTROL": "2012", "SERIE": "13", "LINEA": "174", "COD_SEG": "020", "COD_MANZA": 4, "PISO": null, "actualizad": null }, "geometry": { "type": "Point", "coordinates": [ -63.198356269562133, 9.73284042950691 ] } },
{ "type": "Feature", "properties": { "id": null, "CONTROL": "2012", "SERIE": "01", "LINEA": "160", "COD_SEG": "020", "COD_MANZA": 4, "PISO": null, "actualizad": null }, "geometry": { "type": "Point", "coordinates": [ -63.1977796, 9.7332958 ] } },
{ "type": "Feature", "properties": { "id": null, "CONTROL": "2012", "SERIE": "12", "LINEA": "171", "COD_SEG": "020", "COD_MANZA": 4, "PISO": null, "actualizad": null }, "geometry": { "type": "Point", "coordinates": [ -63.198162213648743, 9.732932348148882 ] } },
{ "type": "Feature", "properties": { "id": null, "CONTROL": "3041", "SERIE": "01", "LINEA": "331", "COD_SEG": "063", "COD_MANZA": 1, "PISO": null, "actualizad": null }, "geometry": { "type": "Point", "coordinates": [ -63.2439465, 9.7223035 ] } },
{ "type": "Feature", "properties": { "id": null, "CONTROL": "3041", "SERIE": "02", "LINEA": "332", "COD_SEG": "063", "COD_MANZA": 1, "PISO": null, "actualizad": null }, "geometry": { "type": "Point", "coordinates": [ -63.2440297, 9.7222321 ] } },
{ "type": "Feature", "properties": { "id": null, "CONTROL": "3041", "SERIE": "04", "LINEA": "334", "COD_SEG": "063", "COD_MANZA": 1, "PISO": null, "actualizad": null }, "geometry": { "type": "Point", "coordinates": [ -63.244078, 9.7221924 ] } },
{ "type": "Feature", "properties": { "id": null, "CONTROL": "3041", "SERIE": "05", "LINEA": "335", "COD_SEG": "063", "COD_MANZA": 1, "PISO": null, "actualizad": null }, "geometry": { "type": "Point", "coordinates": [ -63.2441182, 9.7221514 ] } },
{ "type": "Feature", "properties": { "id": null, "CONTROL": "3041", "SERIE": "07", "LINEA": "337", "COD_SEG": "063", "COD_MANZA": 1, "PISO": null, "actualizad": null }, "geometry": { "type": "Point", "coordinates": [ -63.2441665, 9.7221051 ] } },
{ "type": "Feature", "properties": { "id": null, "CONTROL": "3041", "SERIE": "08", "LINEA": "338", "COD_SEG": "063", "COD_MANZA": 1, "PISO": null, "actualizad": null }, "geometry": { "type": "Point", "coordinates": [ -63.244243, 9.7220338 ] } },
{ "type": "Feature", "properties": { "id": null, "CONTROL": "3041", "SERIE": "09", "LINEA": "339", "COD_SEG": "063", "COD_MANZA": 1, "PISO": null, "actualizad": null }, "geometry": { "type": "Point", "coordinates": [ -63.2443167, 9.7219649 ] } },
{ "type": "Feature", "properties": { "id": null, "CONTROL": "3041", "SERIE": "10", "LINEA": "340", "COD_SEG": "063", "COD_MANZA": 1, "PISO": null, "actualizad": null }, "geometry": { "type": "Point", "coordinates": [ -63.244381, 9.7219082 ] } },
{ "type": "Feature", "properties": { "id": null, "CONTROL": "3041", "SERIE": "11", "LINEA": "341", "COD_SEG": "063", "COD_MANZA": 1, "PISO": null, "actualizad": null }, "geometry": { "type": "Point", "coordinates": [ -63.2444522, 9.72185 ] } },
{ "type": "Feature", "properties": { "id": null, "CONTROL": "3041", "SERIE": "12", "LINEA": "342", "COD_SEG": "063", "COD_MANZA": 1, "PISO": null, "actualizad": null }, "geometry": { "type": "Point", "coordinates": [ -63.2444978, 9.7218077 ] } },
{ "type": "Feature", "properties": { "id": null, "CONTROL": "3041", "SERIE": "13", "LINEA": "343", "COD_SEG": "063", "COD_MANZA": 1, "PISO": null, "actualizad": null }, "geometry": { "type": "Point", "coordinates": [ -63.2445487, 9.7217694 ] } },
{ "type": "Feature", "properties": { "id": null, "CONTROL": "3041", "SERIE": "14", "LINEA": "344", "COD_SEG": "063", "COD_MANZA": 1, "PISO": null, "actualizad": null }, "geometry": { "type": "Point", "coordinates": [ -63.2446586, 9.7218646 ] } },
{ "type": "Feature", "properties": { "id": null, "CONTROL": "3041", "SERIE": "15 IGLESIA MISIONERA GETSEMANI\n", "LINEA": "345", "COD_SEG": "063", "COD_MANZA": 1, "PISO": null, "actualizad": null }, "geometry": { "type": "Point", "coordinates": [ -63.2447566, 9.7219742 ] } },
{ "type": "Feature", "properties": { "id": null, "CONTROL": "0020", "SERIE": "BODEGA", "LINEA": null, "COD_SEG": "001", "COD_MANZA": 4, "PISO": null, "actualizad": null }, "geometry": { "type": "Point", "coordinates": [ -63.6408843, 9.9180846 ] } },
{ "type": "Feature", "properties": { "id": null, "CONTROL": "0020", "SERIE": "MISION LOS CARDONES CASA DE LUZ DEL MUNDO", "LINEA": null, "COD_SEG": "001", "COD_MANZA": 4, "PISO": null, "actualizad": null }, "geometry": { "type": "Point", "coordinates": [ -63.6408901, 9.9178229 ] } },
{ "type": "Feature", "properties": { "id": null, "CONTROL": "0020", "SERIE": "01", "LINEA": "087", "COD_SEG": "001", "COD_MANZA": 4, "PISO": null, "actualizad": null }, "geometry": { "type": "Point", "coordinates": [ -63.6409809, 9.9180899 ] } },
{ "type": "Feature", "properties": { "id": null, "CONTROL": "0020", "SERIE": "02", "LINEA": "088", "COD_SEG": "001", "COD_MANZA": 4, "PISO": null, "actualizad": null }, "geometry": { "type": "Point", "coordinates": [ -63.6411096, 9.9180872 ] } },
{ "type": "Feature", "properties": { "id": null, "CONTROL": "0020", "SERIE": "03", "LINEA": "089", "COD_SEG": "001", "COD_MANZA": 4, "PISO": null, "actualizad": null }, "geometry": { "type": "Point", "coordinates": [ -63.6412223, 9.9180846 ] } },
{ "type": "Feature", "properties": { "id": null, "CONTROL": "0020", "SERIE": "04", "LINEA": "090", "COD_SEG": "001", "COD_MANZA": 4, "PISO": null, "actualizad": null }, "geometry": { "type": "Point", "coordinates": [ -63.6413135, 9.9180687 ] } },
{ "type": "Feature", "properties": { "id": null, "CONTROL": "0020", "SERIE": "SIMONCITO SENIFA", "LINEA": null, "COD_SEG": "001", "COD_MANZA": 4, "PISO": null, "actualizad": null }, "geometry": { "type": "Point", "coordinates": [ -63.6414342, 9.9180634 ] } },
{ "type": "Feature", "properties": { "id": null, "CONTROL": "0020", "SERIE": "05", "LINEA": "091", "COD_SEG": "001", "COD_MANZA": 4, "PISO": null, "actualizad": null }, "geometry": { "type": "Point", "coordinates": [ -63.6415387, 9.9180555 ] } },
{ "type": "Feature", "properties": { "id": null, "CONTROL": "0020", "SERIE": "06", "LINEA": "092", "COD_SEG": "001", "COD_MANZA": 4, "PISO": null, "actualizad": null }, "geometry": { "type": "Point", "coordinates": [ -63.6416568, 9.9180291 ] } },
{ "type": "Feature", "properties": { "id": null, "CONTROL": "0020", "SERIE": "07", "LINEA": "093", "COD_SEG": "001", "COD_MANZA": 4, "PISO": null, "actualizad": null }, "geometry": { "type": "Point", "coordinates": [ -63.6417694, 9.9179947 ] } },
{ "type": "Feature", "properties": { "id": null, "CONTROL": "0020", "SERIE": "08", "LINEA": "094", "COD_SEG": "001", "COD_MANZA": 4, "PISO": null, "actualizad": null }, "geometry": { "type": "Point", "coordinates": [ -63.6418741, 9.9179552 ] } },
{ "type": "Feature", "properties": { "id": null, "CONTROL": "0020", "SERIE": "17", "LINEA": "268", "COD_SEG": "001", "COD_MANZA": 4, "PISO": null, "actualizad": null }, "geometry": { "type": "Point", "coordinates": [ -63.6419968, 9.9179178 ] } },
{ "type": "Feature", "properties": { "id": null, "CONTROL": "0020", "SERIE": "10", "LINEA": "096", "COD_SEG": "001", "COD_MANZA": 4, "PISO": null, "actualizad": null }, "geometry": { "type": "Point", "coordinates": [ -63.6421074, 9.9178785 ] } },
{ "type": "Feature", "properties": { "id": null, "CONTROL": "0020", "SERIE": "DISPENSARIO", "LINEA": null, "COD_SEG": "001", "COD_MANZA": 4, "PISO": null, "actualizad": null }, "geometry": { "type": "Point", "coordinates": [ -63.6421986, 9.9178521 ] } },
{ "type": "Feature", "properties": { "id": null, "CONTROL": "0020", "SERIE": "12", "LINEA": "267", "COD_SEG": "001", "COD_MANZA": 4, "PISO": null, "actualizad": null }, "geometry": { "type": "Point", "coordinates": [ -63.6422978, 9.9178072 ] } },
{ "type": "Feature", "properties": { "id": null, "CONTROL": "0020", "SERIE": "13", "LINEA": "100", "COD_SEG": "001", "COD_MANZA": 4, "PISO": null, "actualizad": null }, "geometry": { "type": "Point", "coordinates": [ -63.6423971, 9.9177569 ] } },
{ "type": "Feature", "properties": { "id": null, "CONTROL": "0020", "SERIE": "14", "LINEA": "101", "COD_SEG": "001", "COD_MANZA": 4, "PISO": null, "actualizad": null }, "geometry": { "type": "Point", "coordinates": [ -63.6425124, 9.9177147 ] } },
{ "type": "Feature", "properties": { "id": null, "CONTROL": "0020", "SERIE": "LOCAL PSUV", "LINEA": null, "COD_SEG": "001", "COD_MANZA": 4, "PISO": null, "actualizad": null }, "geometry": { "type": "Point", "coordinates": [ -63.6451569, 9.916776 ] } },
{ "type": "Feature", "properties": { "id": null, "CONTROL": "2010", "SERIE": "01", "LINEA": "076", "COD_SEG": "009", "COD_MANZA": 18, "PISO": null, "actualizad": null }, "geometry": { "type": "Point", "coordinates": [ -62.6514121, 9.0082509 ] } },
{ "type": "Feature", "properties": { "id": null, "CONTROL": "2010", "SERIE": "02", "LINEA": "077", "COD_SEG": "009", "COD_MANZA": 18, "PISO": null, "actualizad": null }, "geometry": { "type": "Point", "coordinates": [ -62.6514068, 9.0081714 ] } },
{ "type": "Feature", "properties": { "id": null, "CONTROL": "2010", "SERIE": "03", "LINEA": "078", "COD_SEG": "009", "COD_MANZA": 18, "PISO": null, "actualizad": null }, "geometry": { "type": "Point", "coordinates": [ -62.6514014, 9.0080906 ] } },
{ "type": "Feature", "properties": { "id": null, "CONTROL": "2010", "SERIE": "04", "LINEA": "079", "COD_SEG": "009", "COD_MANZA": 18, "PISO": null, "actualizad": null }, "geometry": { "type": "Point", "coordinates": [ -62.6513987, 9.0080218 ] } },
{ "type": "Feature", "properties": { "id": null, "CONTROL": "2010", "SERIE": "05", "LINEA": "080", "COD_SEG": "009", "COD_MANZA": 18, "PISO": null, "actualizad": null }, "geometry": { "type": "Point", "coordinates": [ -62.651392, 9.007941 ] } },
{ "type": "Feature", "properties": { "id": null, "CONTROL": "2010", "SERIE": "06", "LINEA": "082", "COD_SEG": "009", "COD_MANZA": 18, "PISO": null, "actualizad": null }, "geometry": { "type": "Point", "coordinates": [ -62.6512619, 9.0079741 ] } },
{ "type": "Feature", "properties": { "id": null, "CONTROL": "2010", "SERIE": "07", "LINEA": "083", "COD_SEG": "009", "COD_MANZA": 18, "PISO": null, "actualizad": null }, "geometry": { "type": "Point", "coordinates": [ -62.6512793, 9.0081754 ] } },
{ "type": "Feature", "properties": { "id": null, "CONTROL": "2010", "SERIE": "08", "LINEA": "092", "COD_SEG": "009", "COD_MANZA": 18, "PISO": null, "actualizad": null }, "geometry": { "type": "Point", "coordinates": [ -62.6512123, 9.0081794 ] } },
{ "type": "Feature", "properties": { "id": null, "CONTROL": "2010", "SERIE": "09", "LINEA": "084", "COD_SEG": "009", "COD_MANZA": 18, "PISO": null, "actualizad": null }, "geometry": { "type": "Point", "coordinates": [ -62.6511358, 9.0081873 ] } },
{ "type": "Feature", "properties": { "id": null, "CONTROL": "2010", "SERIE": "10", "LINEA": "085", "COD_SEG": "009", "COD_MANZA": 18, "PISO": null, "actualizad": null }, "geometry": { "type": "Point", "coordinates": [ -62.6510527, 9.0081926 ] } },
{ "type": "Feature", "properties": { "id": null, "CONTROL": "2010", "SERIE": "11", "LINEA": "086", "COD_SEG": "009", "COD_MANZA": 18, "PISO": null, "actualizad": null }, "geometry": { "type": "Point", "coordinates": [ -62.6509468, 9.0082032 ] } },
{ "type": "Feature", "properties": { "id": null, "CONTROL": "2010", "SERIE": "12", "LINEA": "087", "COD_SEG": "009", "COD_MANZA": 18, "PISO": null, "actualizad": null }, "geometry": { "type": "Point", "coordinates": [ -62.6508609, 9.0081966 ] } },
{ "type": "Feature", "properties": { "id": null, "CONTROL": "2010", "SERIE": "13", "LINEA": "088", "COD_SEG": "009", "COD_MANZA": 18, "PISO": null, "actualizad": null }, "geometry": { "type": "Point", "coordinates": [ -62.6508301, 9.0078522 ] } },
{ "type": "Feature", "properties": { "id": null, "CONTROL": "2010", "SERIE": "14", "LINEA": "089", "COD_SEG": "009", "COD_MANZA": 18, "PISO": null, "actualizad": null }, "geometry": { "type": "Point", "coordinates": [ -62.650645, 9.0078403 ] } },
{ "type": "Feature", "properties": { "id": null, "CONTROL": "2010", "SERIE": "15", "LINEA": "090", "COD_SEG": "009", "COD_MANZA": 18, "PISO": null, "actualizad": null }, "geometry": { "type": "Point", "coordinates": [ -62.6505243, 9.0078761 ] } },
{ "type": "Feature", "properties": { "id": null, "CONTROL": "2010", "SERIE": "16", "LINEA": "091", "COD_SEG": "009", "COD_MANZA": 18, "PISO": null, "actualizad": null }, "geometry": { "type": "Point", "coordinates": [ -62.6503862, 9.00788 ] } },
{ "type": "Feature", "properties": { "id": null, "CONTROL": "2010", "SERIE": "MERCAL TEMBLADOR", "LINEA": null, "COD_SEG": "009", "COD_MANZA": 18, "PISO": null, "actualizad": null }, "geometry": { "type": "Point", "coordinates": [ -62.6486709, 9.0068904 ] } },
{ "type": "Feature", "properties": { "id": null, "CONTROL": "2049", "SERIE": "09", "LINEA": "084", "COD_SEG": "005", "COD_MANZA": 8, "PISO": null, "actualizad": null }, "geometry": { "type": "Point", "coordinates": [ -62.3508641, 8.991198 ] } },
{ "type": "Feature", "properties": { "id": null, "CONTROL": "2049", "SERIE": "10", "LINEA": "086", "COD_SEG": "005", "COD_MANZA": 8, "PISO": null, "actualizad": null }, "geometry": { "type": "Point", "coordinates": [ -62.3508829, 8.9914603 ] } },
{ "type": "Feature", "properties": { "id": null, "CONTROL": "2049", "SERIE": "11", "LINEA": "087", "COD_SEG": "005", "COD_MANZA": 8, "PISO": null, "actualizad": null }, "geometry": { "type": "Point", "coordinates": [ -62.350891, 8.9915663 ] } },
{ "type": "Feature", "properties": { "id": null, "CONTROL": "2049", "SERIE": "12", "LINEA": "088", "COD_SEG": "005", "COD_MANZA": 8, "PISO": null, "actualizad": null }, "geometry": { "type": "Point", "coordinates": [ -62.3508936, 8.991659 ] } },
{ "type": "Feature", "properties": { "id": null, "CONTROL": "2049", "SERIE": "20", "LINEA": "096", "COD_SEG": "005", "COD_MANZA": 8, "PISO": null, "actualizad": null }, "geometry": { "type": "Point", "coordinates": [ -62.350899, 8.9917544 ] } },
{ "type": "Feature", "properties": { "id": null, "CONTROL": "2049", "SERIE": "13", "LINEA": "089", "COD_SEG": "005", "COD_MANZA": 8, "PISO": null, "actualizad": null }, "geometry": { "type": "Point", "coordinates": [ -62.3508963, 8.9918497 ] } },
{ "type": "Feature", "properties": { "id": null, "CONTROL": "2049", "SERIE": "14", "LINEA": "090", "COD_SEG": "005", "COD_MANZA": 8, "PISO": null, "actualizad": null }, "geometry": { "type": "Point", "coordinates": [ -62.3508936, 8.991961 ] } },
{ "type": "Feature", "properties": { "id": null, "CONTROL": "2049", "SERIE": "16", "LINEA": "092", "COD_SEG": "005", "COD_MANZA": 8, "PISO": null, "actualizad": null }, "geometry": { "type": "Point", "coordinates": [ -62.350899, 8.9920935 ] } },
{ "type": "Feature", "properties": { "id": null, "CONTROL": "2049", "SERIE": "01", "LINEA": "076", "COD_SEG": "005", "COD_MANZA": 8, "PISO": null, "actualizad": null }, "geometry": { "type": "Point", "coordinates": [ -62.3509017, 8.9922047 ] } },
{ "type": "Feature", "properties": { "id": null, "CONTROL": "2049", "SERIE": "02", "LINEA": "077", "COD_SEG": "005", "COD_MANZA": 8, "PISO": null, "actualizad": null }, "geometry": { "type": "Point", "coordinates": [ -62.3508963, 8.9923054 ] } },
{ "type": "Feature", "properties": { "id": null, "CONTROL": "2049", "SERIE": "03", "LINEA": "078", "COD_SEG": "005", "COD_MANZA": 8, "PISO": null, "actualizad": null }, "geometry": { "type": "Point", "coordinates": [ -62.350671, 8.9923213 ] } },
{ "type": "Feature", "properties": { "id": null, "CONTROL": "2049", "SERIE": "04", "LINEA": "079", "COD_SEG": "005", "COD_MANZA": 8, "PISO": null, "actualizad": null }, "geometry": { "type": "Point", "coordinates": [ -62.3506522, 8.9922259 ] } },
{ "type": "Feature", "properties": { "id": null, "CONTROL": "2049", "SERIE": "17", "LINEA": "093", "COD_SEG": "005", "COD_MANZA": 8, "PISO": null, "actualizad": null }, "geometry": { "type": "Point", "coordinates": [ -62.3506335, 8.9921359 ] } },
{ "type": "Feature", "properties": { "id": null, "CONTROL": "2049", "SERIE": "15", "LINEA": "091", "COD_SEG": "005", "COD_MANZA": 8, "PISO": null, "actualizad": null }, "geometry": { "type": "Point", "coordinates": [ -62.3506147, 8.9920246 ] } },
{ "type": "Feature", "properties": { "id": null, "CONTROL": "2049", "SERIE": "18", "LINEA": "094", "COD_SEG": "005", "COD_MANZA": 8, "PISO": null, "actualizad": null }, "geometry": { "type": "Point", "coordinates": [ -62.3505932, 8.9919266 ] } },
{ "type": "Feature", "properties": { "id": null, "CONTROL": "2049", "SERIE": "19", "LINEA": "095", "COD_SEG": "005", "COD_MANZA": 8, "PISO": null, "actualizad": null }, "geometry": { "type": "Point", "coordinates": [ -62.3505879, 8.9918127 ] } },
{ "type": "Feature", "properties": { "id": null, "CONTROL": "2049", "SERIE": "06", "LINEA": "081", "COD_SEG": "005", "COD_MANZA": 8, "PISO": null, "actualizad": null }, "geometry": { "type": "Point", "coordinates": [ -62.3505664, 8.9917093 ] } },
{ "type": "Feature", "properties": { "id": null, "CONTROL": "2049", "SERIE": "07", "LINEA": "082", "COD_SEG": "005", "COD_MANZA": 8, "PISO": null, "actualizad": null }, "geometry": { "type": "Point", "coordinates": [ -62.3505503, 8.9916113 ] } },
{ "type": "Feature", "properties": { "id": null, "CONTROL": "2049", "SERIE": "08", "LINEA": "083", "COD_SEG": "005", "COD_MANZA": 8, "PISO": null, "actualizad": null }, "geometry": { "type": "Point", "coordinates": [ -62.3505396, 8.9914868 ] } },
{ "type": "Feature", "properties": { "id": null, "CONTROL": "2014", "SERIE": "01", "LINEA": "091", "COD_SEG": "052", "COD_MANZA": 3, "PISO": null, "actualizad": null }, "geometry": { "type": "Point", "coordinates": [ -63.2098065, 9.7221361 ] } },
{ "type": "Feature", "properties": { "id": null, "CONTROL": "2014", "SERIE": "02", "LINEA": "092", "COD_SEG": "052", "COD_MANZA": 3, "PISO": null, "actualizad": null }, "geometry": { "type": "Point", "coordinates": [ -63.2097205, 9.7221811 ] } },
{ "type": "Feature", "properties": { "id": null, "CONTROL": "2014", "SERIE": "03", "LINEA": "093", "COD_SEG": "052", "COD_MANZA": 3, "PISO": null, "actualizad": null }, "geometry": { "type": "Point", "coordinates": [ -63.2096401, 9.7222181 ] } },
{ "type": "Feature", "properties": { "id": null, "CONTROL": "2014", "SERIE": "04", "LINEA": "094", "COD_SEG": "052", "COD_MANZA": 3, "PISO": null, "actualizad": null }, "geometry": { "type": "Point", "coordinates": [ -63.2095543, 9.7222485 ] } },
{ "type": "Feature", "properties": { "id": null, "CONTROL": "2014", "SERIE": "05", "LINEA": "095", "COD_SEG": "052", "COD_MANZA": 3, "PISO": null, "actualizad": null }, "geometry": { "type": "Point", "coordinates": [ -63.2094765, 9.7222881 ] } },
{ "type": "Feature", "properties": { "id": null, "CONTROL": "2014", "SERIE": "06", "LINEA": "096", "COD_SEG": "052", "COD_MANZA": 3, "PISO": null, "actualizad": null }, "geometry": { "type": "Point", "coordinates": [ -63.2093974, 9.7223291 ] } },
{ "type": "Feature", "properties": { "id": null, "CONTROL": "2014", "SERIE": "07", "LINEA": "097", "COD_SEG": "052", "COD_MANZA": 3, "PISO": null, "actualizad": null }, "geometry": { "type": "Point", "coordinates": [ -63.2093062, 9.7223728 ] } },
{ "type": "Feature", "properties": { "id": null, "CONTROL": "2014", "SERIE": "08", "LINEA": "098", "COD_SEG": "052", "COD_MANZA": 3, "PISO": null, "actualizad": null }, "geometry": { "type": "Point", "coordinates": [ -63.2104408, 9.7215202 ] } },
{ "type": "Feature", "properties": { "id": null, "CONTROL": "2014", "SERIE": "09", "LINEA": "099", "COD_SEG": "052", "COD_MANZA": 3, "PISO": null, "actualizad": null }, "geometry": { "type": "Point", "coordinates": [ -63.2104689, 9.7215823 ] } },
{ "type": "Feature", "properties": { "id": null, "CONTROL": "2014", "SERIE": "10", "LINEA": "100", "COD_SEG": "052", "COD_MANZA": 3, "PISO": null, "actualizad": null }, "geometry": { "type": "Point", "coordinates": [ -63.2105185, 9.7216907 ] } },
{ "type": "Feature", "properties": { "id": null, "CONTROL": "2014", "SERIE": "11", "LINEA": "101", "COD_SEG": "052", "COD_MANZA": 3, "PISO": null, "actualizad": null }, "geometry": { "type": "Point", "coordinates": [ -63.2105642, 9.7217541 ] } },
{ "type": "Feature", "properties": { "id": null, "CONTROL": "2014", "SERIE": "12", "LINEA": "102", "COD_SEG": "052", "COD_MANZA": 4, "PISO": null, "actualizad": null }, "geometry": { "type": "Point", "coordinates": [ -63.2089964, 9.7216982 ] } },
{ "type": "Feature", "properties": { "id": null, "CONTROL": "2014", "SERIE": "13", "LINEA": "103", "COD_SEG": "052", "COD_MANZA": 4, "PISO": null, "actualizad": null }, "geometry": { "type": "Point", "coordinates": [ -63.2090795, 9.7216471 ] } },
{ "type": "Feature", "properties": { "id": null, "CONTROL": "2014", "SERIE": "14", "LINEA": "104", "COD_SEG": "052", "COD_MANZA": 4, "PISO": null, "actualizad": null }, "geometry": { "type": "Point", "coordinates": [ -63.2091587, 9.7216061 ] } },
{ "type": "Feature", "properties": { "id": null, "CONTROL": "2014", "SERIE": "15", "LINEA": "105", "COD_SEG": "052", "COD_MANZA": 4, "PISO": null, "actualizad": null }, "geometry": { "type": "Point", "coordinates": [ -63.2092337, 9.7215638 ] } },
{ "type": "Feature", "properties": { "id": null, "CONTROL": "0046", "SERIE": "01", "LINEA": "046", "COD_SEG": "058", "COD_MANZA": 1, "PISO": null, "actualizad": null }, "geometry": { "type": "Point", "coordinates": [ -63.2423286, 9.7202875 ] } },
{ "type": "Feature", "properties": { "id": null, "CONTROL": "0046", "SERIE": "02", "LINEA": "047", "COD_SEG": "058", "COD_MANZA": 1, "PISO": null, "actualizad": null }, "geometry": { "type": "Point", "coordinates": [ -63.2423312, 9.720339 ] } },
{ "type": "Feature", "properties": { "id": null, "CONTROL": "0046", "SERIE": "03", "LINEA": "048", "COD_SEG": "058", "COD_MANZA": 1, "PISO": null, "actualizad": null }, "geometry": { "type": "Point", "coordinates": [ -63.2423299, 9.7203933 ] } },
{ "type": "Feature", "properties": { "id": null, "CONTROL": "0046", "SERIE": "04", "LINEA": "049", "COD_SEG": "058", "COD_MANZA": 1, "PISO": null, "actualizad": null }, "geometry": { "type": "Point", "coordinates": [ -63.2423339, 9.7204474 ] } },
{ "type": "Feature", "properties": { "id": null, "CONTROL": "0046", "SERIE": "05", "LINEA": "050", "COD_SEG": "058", "COD_MANZA": 1, "PISO": null, "actualizad": null }, "geometry": { "type": "Point", "coordinates": [ -63.2423366, 9.720503 ] } },
{ "type": "Feature", "properties": { "id": null, "CONTROL": "0046", "SERIE": "06", "LINEA": "051", "COD_SEG": "058", "COD_MANZA": 1, "PISO": null, "actualizad": null }, "geometry": { "type": "Point", "coordinates": [ -63.2423433, 9.7206008 ] } },
{ "type": "Feature", "properties": { "id": null, "CONTROL": "0046", "SERIE": "07", "LINEA": "052", "COD_SEG": "058", "COD_MANZA": 1, "PISO": null, "actualizad": null }, "geometry": { "type": "Point", "coordinates": [ -63.2423447, 9.7206616 ] } },
{ "type": "Feature", "properties": { "id": null, "CONTROL": "0046", "SERIE": "08", "LINEA": "053", "COD_SEG": "058", "COD_MANZA": 1, "PISO": null, "actualizad": null }, "geometry": { "type": "Point", "coordinates": [ -63.2423474, 9.7207158 ] } },
{ "type": "Feature", "properties": { "id": null, "CONTROL": "0046", "SERIE": "09", "LINEA": "054", "COD_SEG": "058", "COD_MANZA": 1, "PISO": null, "actualizad": null }, "geometry": { "type": "Point", "coordinates": [ -63.2423514, 9.7207713 ] } },
{ "type": "Feature", "properties": { "id": null, "CONTROL": "0046", "SERIE": "10", "LINEA": "055", "COD_SEG": "058", "COD_MANZA": 1, "PISO": null, "actualizad": null }, "geometry": { "type": "Point", "coordinates": [ -63.2423554, 9.7208268 ] } },
{ "type": "Feature", "properties": { "id": null, "CONTROL": "0046", "SERIE": "11", "LINEA": "056", "COD_SEG": "058", "COD_MANZA": 1, "PISO": null, "actualizad": null }, "geometry": { "type": "Point", "coordinates": [ -63.2423552, 9.7208857 ] } },
{ "type": "Feature", "properties": { "id": null, "CONTROL": "0046", "SERIE": "12", "LINEA": "057", "COD_SEG": "058", "COD_MANZA": 1, "PISO": null, "actualizad": null }, "geometry": { "type": "Point", "coordinates": [ -63.2423605, 9.7209386 ] } },
{ "type": "Feature", "properties": { "id": null, "CONTROL": "0046", "SERIE": "13", "LINEA": "058", "COD_SEG": "058", "COD_MANZA": 1, "PISO": null, "actualizad": null }, "geometry": { "type": "Point", "coordinates": [ -63.2423605, 9.7209849 ] } },
{ "type": "Feature", "properties": { "id": null, "CONTROL": "0046", "SERIE": "14", "LINEA": "059", "COD_SEG": "058", "COD_MANZA": 1, "PISO": null, "actualizad": null }, "geometry": { "type": "Point", "coordinates": [ -63.2423565, 9.7210523 ] } },
{ "type": "Feature", "properties": { "id": null, "CONTROL": "0046", "SERIE": "15", "LINEA": "060", "COD_SEG": "058", "COD_MANZA": 1, "PISO": null, "actualizad": null }, "geometry": { "type": "Point", "coordinates": [ -63.2423619, 9.7211065 ] } },
{ "type": "Feature", "properties": { "id": null, "CONTROL": "0052", "SERIE": "01", "LINEA": "072", "COD_SEG": "015", "COD_MANZA": 4, "PISO": null, "actualizad": null }, "geometry": { "type": "Point", "coordinates": [ -63.6081441, 9.7003034 ] } },
{ "type": "Feature", "properties": { "id": null, "CONTROL": "0052", "SERIE": "02", "LINEA": "073", "COD_SEG": "015", "COD_MANZA": 4, "PISO": null, "actualizad": null }, "geometry": { "type": "Point", "coordinates": [ -63.6082017, 9.7007025 ] } },
{ "type": "Feature", "properties": { "id": null, "CONTROL": "0052", "SERIE": "05", "LINEA": "076", "COD_SEG": "015", "COD_MANZA": 4, "PISO": null, "actualizad": null }, "geometry": { "type": "Point", "coordinates": [ -63.6082031, 9.7009766 ] } },
{ "type": "Feature", "properties": { "id": null, "CONTROL": "0052", "SERIE": "03", "LINEA": "074", "COD_SEG": "015", "COD_MANZA": 4, "PISO": null, "actualizad": null }, "geometry": { "type": "Point", "coordinates": [ -63.608144, 9.7011391 ] } },
{ "type": "Feature", "properties": { "id": null, "CONTROL": "0052", "SERIE": "04", "LINEA": "075", "COD_SEG": "015", "COD_MANZA": 4, "PISO": null, "actualizad": null }, "geometry": { "type": "Point", "coordinates": [ -63.6079873, 9.7012714 ] } },
{ "type": "Feature", "properties": { "id": null, "CONTROL": "0052", "SERIE": "16", "LINEA": "088", "COD_SEG": "015", "COD_MANZA": 4, "PISO": null, "actualizad": null }, "geometry": { "type": "Point", "coordinates": [ -63.6078275, 9.7013941 ] } },
{ "type": "Feature", "properties": { "id": null, "CONTROL": "0052", "SERIE": "06", "LINEA": "077", "COD_SEG": "015", "COD_MANZA": 5, "PISO": null, "actualizad": null }, "geometry": { "type": "Point", "coordinates": [ -63.6079923, 9.69967 ] } },
{ "type": "Feature", "properties": { "id": null, "CONTROL": "0052", "SERIE": "07", "LINEA": "078", "COD_SEG": "015", "COD_MANZA": 5, "PISO": null, "actualizad": null }, "geometry": { "type": "Point", "coordinates": [ -63.6078299, 9.6996726 ] } },
{ "type": "Feature", "properties": { "id": null, "CONTROL": "0052", "SERIE": "15", "LINEA": "079", "COD_SEG": "015", "COD_MANZA": 5, "PISO": null, "actualizad": null }, "geometry": { "type": "Point", "coordinates": [ -63.607716, 9.6996779 ] } },
{ "type": "Feature", "properties": { "id": null, "CONTROL": "0052", "SERIE": "08", "LINEA": "080", "COD_SEG": "015", "COD_MANZA": 5, "PISO": null, "actualizad": null }, "geometry": { "type": "Point", "coordinates": [ -63.6076274, 9.6996753 ] } },
{ "type": "Feature", "properties": { "id": null, "CONTROL": "0052", "SERIE": "09", "LINEA": "081", "COD_SEG": "015", "COD_MANZA": 5, "PISO": null, "actualizad": null }, "geometry": { "type": "Point", "coordinates": [ -63.607445, 9.6996871 ] } },
{ "type": "Feature", "properties": { "id": null, "CONTROL": "0052", "SERIE": "10", "LINEA": "082", "COD_SEG": "015", "COD_MANZA": 5, "PISO": null, "actualizad": null }, "geometry": { "type": "Point", "coordinates": [ -63.6074209, 9.6994888 ] } },
{ "type": "Feature", "properties": { "id": null, "CONTROL": "0052", "SERIE": "11", "LINEA": "083", "COD_SEG": "015", "COD_MANZA": 5, "PISO": null, "actualizad": null }, "geometry": { "type": "Point", "coordinates": [ -63.6074652, 9.6992734 ] } },
{ "type": "Feature", "properties": { "id": null, "CONTROL": "0052", "SERIE": "12", "LINEA": "084", "COD_SEG": "015", "COD_MANZA": 5, "PISO": null, "actualizad": null }, "geometry": { "type": "Point", "coordinates": [ -63.6076704, 9.6992403 ] } },
{ "type": "Feature", "properties": { "id": null, "CONTROL": "0052", "SERIE": "13", "LINEA": "085", "COD_SEG": "015", "COD_MANZA": 5, "PISO": null, "actualizad": null }, "geometry": { "type": "Point", "coordinates": [ -63.6079024, 9.6991491 ] } },
{ "type": "Feature", "properties": { "id": null, "CONTROL": "0052", "SERIE": "14", "LINEA": "086", "COD_SEG": "015", "COD_MANZA": 5, "PISO": null, "actualizad": null }, "geometry": { "type": "Point", "coordinates": [ -63.6079882, 9.6992178 ] } },
{ "type": "Feature", "properties": { "id": null, "CONTROL": "0065", "SERIE": "01", "LINEA": "121", "COD_SEG": "017", "COD_MANZA": 37, "PISO": null, "actualizad": null }, "geometry": { "type": "Point", "coordinates": [ -63.5972446, 9.6957025 ] } },
{ "type": "Feature", "properties": { "id": null, "CONTROL": "0065", "SERIE": "02", "LINEA": "122", "COD_SEG": "017", "COD_MANZA": 37, "PISO": null, "actualizad": null }, "geometry": { "type": "Point", "coordinates": [ -63.5971347, 9.6956866 ] } },
{ "type": "Feature", "properties": { "id": null, "CONTROL": "0065", "SERIE": "03", "LINEA": "123", "COD_SEG": "017", "COD_MANZA": 37, "PISO": null, "actualizad": null }, "geometry": { "type": "Point", "coordinates": [ -63.5969925, 9.6956906 ] } },
{ "type": "Feature", "properties": { "id": null, "CONTROL": "0065", "SERIE": "04", "LINEA": "124", "COD_SEG": "017", "COD_MANZA": 37, "PISO": null, "actualizad": null }, "geometry": { "type": "Point", "coordinates": [ -63.5968302, 9.6956748 ] } },
{ "type": "Feature", "properties": { "id": null, "CONTROL": "0065", "SERIE": "05", "LINEA": "125", "COD_SEG": "017", "COD_MANZA": 37, "PISO": null, "actualizad": null }, "geometry": { "type": "Point", "coordinates": [ -63.5966571, 9.6956496 ] } },
{ "type": "Feature", "properties": { "id": null, "CONTROL": "0065", "SERIE": "06", "LINEA": "126", "COD_SEG": "017", "COD_MANZA": 37, "PISO": null, "actualizad": null }, "geometry": { "type": "Point", "coordinates": [ -63.5965016, 9.6956338 ] } },
{ "type": "Feature", "properties": { "id": null, "CONTROL": "0065", "SERIE": "16", "LINEA": "136", "COD_SEG": "017", "COD_MANZA": 37, "PISO": null, "actualizad": null }, "geometry": { "type": "Point", "coordinates": [ -63.5965285, 9.6953032 ] } },
{ "type": "Feature", "properties": { "id": null, "CONTROL": "0065", "SERIE": "07", "LINEA": "127", "COD_SEG": "017", "COD_MANZA": 37, "PISO": null, "actualizad": null }, "geometry": { "type": "Point", "coordinates": [ -63.5965311, 9.6953945 ] } },
{ "type": "Feature", "properties": { "id": null, "CONTROL": "0065", "SERIE": "08", "LINEA": "128", "COD_SEG": "017", "COD_MANZA": 37, "PISO": null, "actualizad": null }, "geometry": { "type": "Point", "coordinates": [ -63.5967269, 9.6953271 ] } },
{ "type": "Feature", "properties": { "id": null, "CONTROL": "0065", "SERIE": "09", "LINEA": "129", "COD_SEG": "017", "COD_MANZA": 37, "PISO": null, "actualizad": null }, "geometry": { "type": "Point", "coordinates": [ -63.5968865, 9.6953575 ] } },
{ "type": "Feature", "properties": { "id": null, "CONTROL": "0065", "SERIE": "10", "LINEA": "130", "COD_SEG": "017", "COD_MANZA": 37, "PISO": null, "actualizad": null }, "geometry": { "type": "Point", "coordinates": [ -63.5970166, 9.6953826 ] } },
{ "type": "Feature", "properties": { "id": null, "CONTROL": "0065", "SERIE": "11", "LINEA": "131", "COD_SEG": "017", "COD_MANZA": 37, "PISO": null, "actualizad": null }, "geometry": { "type": "Point", "coordinates": [ -63.5971212, 9.6954804 ] } },
{ "type": "Feature", "properties": { "id": null, "CONTROL": "0065", "SERIE": "12", "LINEA": "132", "COD_SEG": "017", "COD_MANZA": 37, "PISO": null, "actualizad": null }, "geometry": { "type": "Point", "coordinates": [ -63.5971132, 9.6953773 ] } },
{ "type": "Feature", "properties": { "id": null, "CONTROL": "0065", "SERIE": "13", "LINEA": "133", "COD_SEG": "017", "COD_MANZA": 37, "PISO": null, "actualizad": null }, "geometry": { "type": "Point", "coordinates": [ -63.5973827, 9.6954091 ] } },
{ "type": "Feature", "properties": { "id": null, "CONTROL": "0065", "SERIE": "14", "LINEA": "134", "COD_SEG": "017", "COD_MANZA": 37, "PISO": null, "actualizad": null }, "geometry": { "type": "Point", "coordinates": [ -63.5975249, 9.695409 ] } },
{ "type": "Feature", "properties": { "id": null, "CONTROL": "0065", "SERIE": "15", "LINEA": "135", "COD_SEG": "017", "COD_MANZA": 37, "PISO": null, "actualizad": null }, "geometry": { "type": "Point", "coordinates": [ -63.5976536, 9.695405 ] } },
{ "type": "Feature", "properties": { "id": null, "CONTROL": "2006", "SERIE": "01", "LINEA": "001", "COD_SEG": "001", "COD_MANZA": 1, "PISO": null, "actualizad": null }, "geometry": { "type": "Point", "coordinates": [ -63.7990441, 9.7524093 ] } },
{ "type": "Feature", "properties": { "id": null, "CONTROL": "2006", "SERIE": "02", "LINEA": "002", "COD_SEG": "001", "COD_MANZA": 1, "PISO": null, "actualizad": null }, "geometry": { "type": "Point", "coordinates": [ -63.7987169, 9.7519626 ] } },
{ "type": "Feature", "properties": { "id": null, "CONTROL": "2006", "SERIE": "03", "LINEA": "003", "COD_SEG": "001", "COD_MANZA": 1, "PISO": null, "actualizad": null }, "geometry": { "type": "Point", "coordinates": [ -63.7978371, 9.7513255 ] } },
{ "type": "Feature", "properties": { "id": null, "CONTROL": "2006", "SERIE": "04", "LINEA": "004", "COD_SEG": "001", "COD_MANZA": 1, "PISO": null, "actualizad": null }, "geometry": { "type": "Point", "coordinates": [ -63.7976762, 9.7503765 ] } },
{ "type": "Feature", "properties": { "id": null, "CONTROL": "2006", "SERIE": "GALLERA LOS ACEITES", "LINEA": null, "COD_SEG": "001", "COD_MANZA": 1, "PISO": null, "actualizad": null }, "geometry": { "type": "Point", "coordinates": [ -63.7976923, 9.7499297 ] } },
{ "type": "Feature", "properties": { "id": null, "CONTROL": "2006", "SERIE": "05", "LINEA": "006", "COD_SEG": "001", "COD_MANZA": 1, "PISO": null, "actualizad": null }, "geometry": { "type": "Point", "coordinates": [ -63.7977057, 9.7498346 ] } },
{ "type": "Feature", "properties": { "id": null, "CONTROL": "2006", "SERIE": "06", "LINEA": "CLUB\"EL TINAJON DEL BORRACHO\" 007", "COD_SEG": "001", "COD_MANZA": 1, "PISO": null, "actualizad": null }, "geometry": { "type": "Point", "coordinates": [ -63.7976199, 9.7497262 ] } },
{ "type": "Feature", "properties": { "id": null, "CONTROL": "2006", "SERIE": "07", "LINEA": "008", "COD_SEG": "001", "COD_MANZA": 1, "PISO": null, "actualizad": null }, "geometry": { "type": "Point", "coordinates": [ -63.7975716, 9.7492636 ] } },
{ "type": "Feature", "properties": { "id": null, "CONTROL": "2006", "SERIE": "08", "LINEA": "010", "COD_SEG": "001", "COD_MANZA": 1, "PISO": null, "actualizad": null }, "geometry": { "type": "Point", "coordinates": [ -63.7975716, 9.7490072 ] } },
{ "type": "Feature", "properties": { "id": null, "CONTROL": "2006", "SERIE": "09", "LINEA": "011", "COD_SEG": "001", "COD_MANZA": 1, "PISO": null, "actualizad": null }, "geometry": { "type": "Point", "coordinates": [ -63.7981644, 9.7491552 ] } },
{ "type": "Feature", "properties": { "id": null, "CONTROL": "2006", "SERIE": "10", "LINEA": "012", "COD_SEG": "001", "COD_MANZA": 1, "PISO": null, "actualizad": null }, "geometry": { "type": "Point", "coordinates": [ -63.7996664, 9.7490733 ] } },
{ "type": "Feature", "properties": { "id": null, "CONTROL": "2006", "SERIE": "11", "LINEA": "013", "COD_SEG": "001", "COD_MANZA": 1, "PISO": null, "actualizad": null }, "geometry": { "type": "Point", "coordinates": [ -63.7975823, 9.7488433 ] } },
{ "type": "Feature", "properties": { "id": null, "CONTROL": "2029", "SERIE": "01", "LINEA": "123", "COD_SEG": "081", "COD_MANZA": 4, "PISO": null, "actualizad": null }, "geometry": { "type": "Point", "coordinates": [ -63.1303036, 9.7550226 ] } },
{ "type": "Feature", "properties": { "id": null, "CONTROL": "2029", "SERIE": "02", "LINEA": "124", "COD_SEG": "081", "COD_MANZA": 4, "PISO": null, "actualizad": null }, "geometry": { "type": "Point", "coordinates": [ -63.130199, 9.7550702 ] } },
{ "type": "Feature", "properties": { "id": null, "CONTROL": "2029", "SERIE": "03", "LINEA": "125", "COD_SEG": "081", "COD_MANZA": 4, "PISO": null, "actualizad": null }, "geometry": { "type": "Point", "coordinates": [ -63.1301132, 9.7550979 ] } },
{ "type": "Feature", "properties": { "id": null, "CONTROL": "2029", "SERIE": "04", "LINEA": "126", "COD_SEG": "081", "COD_MANZA": 4, "PISO": null, "actualizad": null }, "geometry": { "type": "Point", "coordinates": [ -63.1300005, 9.7551019 ] } },
{ "type": "Feature", "properties": { "id": null, "CONTROL": "2029", "SERIE": "05", "LINEA": "127", "COD_SEG": "081", "COD_MANZA": 4, "PISO": null, "actualizad": null }, "geometry": { "type": "Point", "coordinates": [ -63.1298758, 9.7551389 ] } },
{ "type": "Feature", "properties": { "id": null, "CONTROL": "2029", "SERIE": "06", "LINEA": "128", "COD_SEG": "081", "COD_MANZA": 4, "PISO": null, "actualizad": null }, "geometry": { "type": "Point", "coordinates": [ -63.1298235, 9.7551508 ] } },
{ "type": "Feature", "properties": { "id": null, "CONTROL": "2029", "SERIE": "07", "LINEA": "129", "COD_SEG": "081", "COD_MANZA": 4, "PISO": null, "actualizad": null }, "geometry": { "type": "Point", "coordinates": [ -63.1296264, 9.7552103 ] } },
{ "type": "Feature", "properties": { "id": null, "CONTROL": "2029", "SERIE": "08", "LINEA": "130", "COD_SEG": "081", "COD_MANZA": 5, "PISO": null, "actualizad": null }, "geometry": { "type": "Point", "coordinates": [ -63.129311, 9.7542975 ] } },
{ "type": "Feature", "properties": { "id": null, "CONTROL": "2029", "SERIE": "09", "LINEA": "133", "COD_SEG": "081", "COD_MANZA": 5, "PISO": null, "actualizad": null }, "geometry": { "type": "Point", "coordinates": [ -63.1292211, 9.7542089 ] } },
{ "type": "Feature", "properties": { "id": null, "CONTROL": "2029", "SERIE": "10", "LINEA": "134", "COD_SEG": "081", "COD_MANZA": 5, "PISO": null, "actualizad": null }, "geometry": { "type": "Point", "coordinates": [ -63.1293069, 9.7541574 ] } },
{ "type": "Feature", "properties": { "id": null, "CONTROL": "2029", "SERIE": "11", "LINEA": "135", "COD_SEG": "081", "COD_MANZA": 5, "PISO": null, "actualizad": null }, "geometry": { "type": "Point", "coordinates": [ -63.129484, 9.754123 ] } },
{ "type": "Feature", "properties": { "id": null, "CONTROL": "2029", "SERIE": "12", "LINEA": "136", "COD_SEG": "081", "COD_MANZA": 5, "PISO": null, "actualizad": null }, "geometry": { "type": "Point", "coordinates": [ -63.1296006, 9.7540953 ] } },
{ "type": "Feature", "properties": { "id": null, "CONTROL": "2029", "SERIE": "13", "LINEA": "137", "COD_SEG": "081", "COD_MANZA": 5, "PISO": null, "actualizad": null }, "geometry": { "type": "Point", "coordinates": [ -63.1296744, 9.7540688 ] } },
{ "type": "Feature", "properties": { "id": null, "CONTROL": "2029", "SERIE": "14", "LINEA": "138", "COD_SEG": "081", "COD_MANZA": 5, "PISO": null, "actualizad": null }, "geometry": { "type": "Point", "coordinates": [ -63.1297441, 9.7540331 ] } },
{ "type": "Feature", "properties": { "id": null, "CONTROL": "2041", "SERIE": "01", "LINEA": "195", "COD_SEG": "094", "COD_MANZA": 10, "PISO": null, "actualizad": null }, "geometry": { "type": "Point", "coordinates": [ -63.2262677, 9.6804403 ] } },
{ "type": "Feature", "properties": { "id": null, "CONTROL": "2041", "SERIE": "02", "LINEA": "196", "COD_SEG": "094", "COD_MANZA": 10, "PISO": null, "actualizad": null }, "geometry": { "type": "Point", "coordinates": [ -63.2263669, 9.6804323 ] } },
{ "type": "Feature", "properties": { "id": null, "CONTROL": "2041", "SERIE": "03", "LINEA": "197", "COD_SEG": "094", "COD_MANZA": 10, "PISO": null, "actualizad": null }, "geometry": { "type": "Point", "coordinates": [ -63.2264555, 9.6804323 ] } },
{ "type": "Feature", "properties": { "id": null, "CONTROL": "2041", "SERIE": "04", "LINEA": "198", "COD_SEG": "094", "COD_MANZA": 10, "PISO": null, "actualizad": null }, "geometry": { "type": "Point", "coordinates": [ -63.2265681, 9.6804323 ] } },
{ "type": "Feature", "properties": { "id": null, "CONTROL": "2041", "SERIE": "05", "LINEA": "199", "COD_SEG": "094", "COD_MANZA": 10, "PISO": null, "actualizad": null }, "geometry": { "type": "Point", "coordinates": [ -63.2266916, 9.6804191 ] } },
{ "type": "Feature", "properties": { "id": null, "CONTROL": "2041", "SERIE": "06", "LINEA": "200", "COD_SEG": "094", "COD_MANZA": 10, "PISO": null, "actualizad": null }, "geometry": { "type": "Point", "coordinates": [ -63.2267022, 9.6806332 ] } },
{ "type": "Feature", "properties": { "id": null, "CONTROL": "2041", "SERIE": "07", "LINEA": "201", "COD_SEG": "094", "COD_MANZA": 10, "PISO": null, "actualizad": null }, "geometry": { "type": "Point", "coordinates": [ -63.2265869, 9.6806359 ] } },
{ "type": "Feature", "properties": { "id": null, "CONTROL": "2041", "SERIE": "08", "LINEA": "202", "COD_SEG": "094", "COD_MANZA": 10, "PISO": null, "actualizad": null }, "geometry": { "type": "Point", "coordinates": [ -63.2264715, 9.6806333 ] } },
{ "type": "Feature", "properties": { "id": null, "CONTROL": "2041", "SERIE": "09", "LINEA": "203", "COD_SEG": "094", "COD_MANZA": 10, "PISO": null, "actualizad": null }, "geometry": { "type": "Point", "coordinates": [ -63.2263777, 9.6806438 ] } },
{ "type": "Feature", "properties": { "id": null, "CONTROL": "2041", "SERIE": "10", "LINEA": "204", "COD_SEG": "094", "COD_MANZA": 10, "PISO": null, "actualizad": null }, "geometry": { "type": "Point", "coordinates": [ -63.2262731, 9.6806412 ] } },
{ "type": "Feature", "properties": { "id": null, "CONTROL": "2041", "SERIE": "11", "LINEA": "205", "COD_SEG": "094", "COD_MANZA": 10, "PISO": null, "actualizad": null }, "geometry": { "type": "Point", "coordinates": [ -63.2261899, 9.6806465 ] } },
{ "type": "Feature", "properties": { "id": null, "CONTROL": "2041", "SERIE": "12", "LINEA": "206", "COD_SEG": "094", "COD_MANZA": 10, "PISO": null, "actualizad": null }, "geometry": { "type": "Point", "coordinates": [ -63.226096, 9.6806438 ] } },
{ "type": "Feature", "properties": { "id": null, "CONTROL": "2041", "SERIE": "13", "LINEA": "207", "COD_SEG": "094", "COD_MANZA": 10, "PISO": null, "actualizad": null }, "geometry": { "type": "Point", "coordinates": [ -63.2260075, 9.6806411 ] } },
{ "type": "Feature", "properties": { "id": null, "CONTROL": "2041", "SERIE": "14", "LINEA": "208", "COD_SEG": "094", "COD_MANZA": 10, "PISO": null, "actualizad": null }, "geometry": { "type": "Point", "coordinates": [ -63.2259109, 9.6806386 ] } },
{ "type": "Feature", "properties": { "id": null, "CONTROL": "2041", "SERIE": "15", "LINEA": "209", "COD_SEG": "094", "COD_MANZA": 10, "PISO": null, "actualizad": null }, "geometry": { "type": "Point", "coordinates": [ -63.2258198, 9.6806359 ] } },
{ "type": "Feature", "properties": { "id": null, "CONTROL": "3015", "SERIE": "01", "LINEA": "130", "COD_SEG": "008", "COD_MANZA": 7, "PISO": null, "actualizad": null }, "geometry": { "type": "Point", "coordinates": [ -63.503562, 10.1703015 ] } },
{ "type": "Feature", "properties": { "id": null, "CONTROL": "3015", "SERIE": "02", "LINEA": "131", "COD_SEG": "008", "COD_MANZA": 7, "PISO": null, "actualizad": null }, "geometry": { "type": "Point", "coordinates": [ -63.5036022, 10.1704098 ] } },
{ "type": "Feature", "properties": { "id": null, "CONTROL": "3015", "SERIE": "03", "LINEA": "132", "COD_SEG": "008", "COD_MANZA": 7, "PISO": null, "actualizad": null }, "geometry": { "type": "Point", "coordinates": [ -63.503629, 10.1704995 ] } },
{ "type": "Feature", "properties": { "id": null, "CONTROL": "3015", "SERIE": "TALLER MECÁNICO\n", "LINEA": null, "COD_SEG": "008", "COD_MANZA": 7, "PISO": null, "actualizad": null }, "geometry": { "type": "Point", "coordinates": [ -63.5036719, 10.1706078 ] } },
{ "type": "Feature", "properties": { "id": null, "CONTROL": "3015", "SERIE": "04", "LINEA": "133", "COD_SEG": "008", "COD_MANZA": 7, "PISO": null, "actualizad": null }, "geometry": { "type": "Point", "coordinates": [ -63.5037175, 10.170708 ] } },
{ "type": "Feature", "properties": { "id": null, "CONTROL": "3015", "SERIE": "05", "LINEA": "134", "COD_SEG": "008", "COD_MANZA": 7, "PISO": null, "actualizad": null }, "geometry": { "type": "Point", "coordinates": [ -63.5037711, 10.1708163 ] } },
{ "type": "Feature", "properties": { "id": null, "CONTROL": "3015", "SERIE": "06", "LINEA": "135", "COD_SEG": "008", "COD_MANZA": 8, "PISO": null, "actualizad": null }, "geometry": { "type": "Point", "coordinates": [ -63.5043747, 10.1706658 ] } },
{ "type": "Feature", "properties": { "id": null, "CONTROL": "3015", "SERIE": "LOCAL S/N\n", "LINEA": null, "COD_SEG": "008", "COD_MANZA": 8, "PISO": null, "actualizad": null }, "geometry": { "type": "Point", "coordinates": [ -63.5042352, 10.1707318 ] } },
{ "type": "Feature", "properties": { "id": null, "CONTROL": "3015", "SERIE": "07", "LINEA": "136", "COD_SEG": "008", "COD_MANZA": 8, "PISO": null, "actualizad": null }, "geometry": { "type": "Point", "coordinates": [ -63.504148, 10.170778 ] } },
{ "type": "Feature", "properties": { "id": null, "CONTROL": "3015", "SERIE": "CASA DE PARTIDO AD\n", "LINEA": null, "COD_SEG": "008", "COD_MANZA": 8, "PISO": null, "actualizad": null }, "geometry": { "type": "Point", "coordinates": [ -63.5040728, 10.1708137 ] } },
{ "type": "Feature", "properties": { "id": null, "CONTROL": "3015", "SERIE": "FUNERARIA LA PIEDAD\n", "LINEA": null, "COD_SEG": "008", "COD_MANZA": 8, "PISO": null, "actualizad": null }, "geometry": { "type": "Point", "coordinates": [ -63.5039763, 10.1708453 ] } },
{ "type": "Feature", "properties": { "id": null, "CONTROL": "3015", "SERIE": "08", "LINEA": "137", "COD_SEG": "008", "COD_MANZA": 8, "PISO": null, "actualizad": null }, "geometry": { "type": "Point", "coordinates": [ -63.5039052, 10.1706948 ] } },
{ "type": "Feature", "properties": { "id": null, "CONTROL": "3015", "SERIE": "09", "LINEA": "138", "COD_SEG": "008", "COD_MANZA": 8, "PISO": null, "actualizad": null }, "geometry": { "type": "Point", "coordinates": [ -63.5038194, 10.1704955 ] } },
{ "type": "Feature", "properties": { "id": null, "CONTROL": "3015", "SERIE": "11", "LINEA": "140", "COD_SEG": "008", "COD_MANZA": 8, "PISO": null, "actualizad": null }, "geometry": { "type": "Point", "coordinates": [ -63.5037628, 10.1703925 ] } },
{ "type": "Feature", "properties": { "id": null, "CONTROL": "3015", "SERIE": "12", "LINEA": "141", "COD_SEG": "008", "COD_MANZA": 8, "PISO": null, "actualizad": null }, "geometry": { "type": "Point", "coordinates": [ -63.5037175, 10.1702619 ] } },
{ "type": "Feature", "properties": { "id": null, "CONTROL": "3015", "SERIE": "13", "LINEA": "142", "COD_SEG": "008", "COD_MANZA": 8, "PISO": null, "actualizad": null }, "geometry": { "type": "Point", "coordinates": [ -63.5037953, 10.1702183 ] } },
{ "type": "Feature", "properties": { "id": null, "CONTROL": "3015", "SERIE": "14", "LINEA": "143", "COD_SEG": "008", "COD_MANZA": 8, "PISO": null, "actualizad": null }, "geometry": { "type": "Point", "coordinates": [ -63.5039053, 10.1701708 ] } },
{ "type": "Feature", "properties": { "id": null, "CONTROL": "3015", "SERIE": "15", "LINEA": "144", "COD_SEG": "008", "COD_MANZA": 8, "PISO": null, "actualizad": null }, "geometry": { "type": "Point", "coordinates": [ -63.5039948, 10.1701272 ] } },
{ "type": "Feature", "properties": { "id": null, "CONTROL": "2026", "SERIE": "14", "LINEA": "056", "COD_SEG": "034", "COD_MANZA": 1, "PISO": null, "actualizad": null }, "geometry": { "type": "Point", "coordinates": [ -63.1883345, 9.7823574 ] } },
{ "type": "Feature", "properties": { "id": null, "CONTROL": "2026", "SERIE": "13", "LINEA": "055", "COD_SEG": "034", "COD_MANZA": 1, "PISO": null, "actualizad": null }, "geometry": { "type": "Point", "coordinates": [ -63.1882728, 9.7823826 ] } },
{ "type": "Feature", "properties": { "id": null, "CONTROL": "2026", "SERIE": "12", "LINEA": "054", "COD_SEG": "034", "COD_MANZA": 1, "PISO": null, "actualizad": null }, "geometry": { "type": "Point", "coordinates": [ -63.1882205, 9.782409 ] } },
{ "type": "Feature", "properties": { "id": null, "CONTROL": "2026", "SERIE": "11", "LINEA": "053", "COD_SEG": "034", "COD_MANZA": 1, "PISO": null, "actualizad": null }, "geometry": { "type": "Point", "coordinates": [ -63.1881816, 9.7824354 ] } },
{ "type": "Feature", "properties": { "id": null, "CONTROL": "2026", "SERIE": "10", "LINEA": "052", "COD_SEG": "034", "COD_MANZA": 1, "PISO": null, "actualizad": null }, "geometry": { "type": "Point", "coordinates": [ -63.1881293, 9.7824658 ] } },
{ "type": "Feature", "properties": { "id": null, "CONTROL": "2026", "SERIE": "09", "LINEA": "051", "COD_SEG": "034", "COD_MANZA": 1, "PISO": null, "actualizad": null }, "geometry": { "type": "Point", "coordinates": [ -63.1880744, 9.782487 ] } },
{ "type": "Feature", "properties": { "id": null, "CONTROL": "2026", "SERIE": "08", "LINEA": "050", "COD_SEG": "034", "COD_MANZA": 1, "PISO": null, "actualizad": null }, "geometry": { "type": "Point", "coordinates": [ -63.1880046, 9.7825345 ] } },
{ "type": "Feature", "properties": { "id": null, "CONTROL": "2026", "SERIE": "07", "LINEA": "049", "COD_SEG": "034", "COD_MANZA": 1, "PISO": null, "actualizad": null }, "geometry": { "type": "Point", "coordinates": [ -63.1878812, 9.782598 ] } },
{ "type": "Feature", "properties": { "id": null, "CONTROL": "2026", "SERIE": "06", "LINEA": "048", "COD_SEG": "034", "COD_MANZA": 1, "PISO": null, "actualizad": null }, "geometry": { "type": "Point", "coordinates": [ -63.1878142, 9.7826416 ] } },
{ "type": "Feature", "properties": { "id": null, "CONTROL": "2026", "SERIE": "05", "LINEA": "047", "COD_SEG": "034", "COD_MANZA": 1, "PISO": null, "actualizad": null }, "geometry": { "type": "Point", "coordinates": [ -63.1877485, 9.7826812 ] } },
{ "type": "Feature", "properties": { "id": null, "CONTROL": "2026", "SERIE": "04", "LINEA": "046", "COD_SEG": "034", "COD_MANZA": 1, "PISO": null, "actualizad": null }, "geometry": { "type": "Point", "coordinates": [ -63.1876854, 9.7827182 ] } },
{ "type": "Feature", "properties": { "id": null, "CONTROL": "2026", "SERIE": "03", "LINEA": "045", "COD_SEG": "034", "COD_MANZA": 1, "PISO": null, "actualizad": null }, "geometry": { "type": "Point", "coordinates": [ -63.1875956, 9.7828041 ] } },
{ "type": "Feature", "properties": { "id": null, "CONTROL": "2026", "SERIE": "02", "LINEA": "044", "COD_SEG": "034", "COD_MANZA": 1, "PISO": null, "actualizad": null }, "geometry": { "type": "Point", "coordinates": [ -63.1875607, 9.78275 ] } },
{ "type": "Feature", "properties": { "id": null, "CONTROL": "2026", "SERIE": "01", "LINEA": "043", "COD_SEG": "034", "COD_MANZA": 1, "PISO": null, "actualizad": null }, "geometry": { "type": "Point", "coordinates": [ -63.1875366, 9.7826997 ] } },
{ "type": "Feature", "properties": { "id": null, "CONTROL": "2027", "SERIE": "01", "LINEA": "088", "COD_SEG": "014", "COD_MANZA": 3, "PISO": null, "actualizad": null }, "geometry": { "type": "Point", "coordinates": [ -63.1335909, 9.7747595 ] } },
{ "type": "Feature", "properties": { "id": null, "CONTROL": "2027", "SERIE": "02", "LINEA": "089", "COD_SEG": "014", "COD_MANZA": 3, "PISO": null, "actualizad": null }, "geometry": { "type": "Point", "coordinates": [ -63.133379, 9.7748811 ] } },
{ "type": "Feature", "properties": { "id": null, "CONTROL": "2027", "SERIE": "03", "LINEA": "090", "COD_SEG": "014", "COD_MANZA": 3, "PISO": null, "actualizad": null }, "geometry": { "type": "Point", "coordinates": [ -63.1334286, 9.7749234 ] } },
{ "type": "Feature", "properties": { "id": null, "CONTROL": "2027", "SERIE": "04", "LINEA": "091", "COD_SEG": "014", "COD_MANZA": 3, "PISO": null, "actualizad": null }, "geometry": { "type": "Point", "coordinates": [ -63.1334648, 9.775008 ] } },
{ "type": "Feature", "properties": { "id": null, "CONTROL": "2027", "SERIE": "05", "LINEA": "092", "COD_SEG": "014", "COD_MANZA": 3, "PISO": null, "actualizad": null }, "geometry": { "type": "Point", "coordinates": [ -63.1335171, 9.7750728 ] } },
{ "type": "Feature", "properties": { "id": null, "CONTROL": "2027", "SERIE": "06", "LINEA": "093", "COD_SEG": "014", "COD_MANZA": 3, "PISO": null, "actualizad": null }, "geometry": { "type": "Point", "coordinates": [ -63.1335721, 9.7751362 ] } },
{ "type": "Feature", "properties": { "id": null, "CONTROL": "2027", "SERIE": "07", "LINEA": "094", "COD_SEG": "014", "COD_MANZA": 3, "PISO": null, "actualizad": null }, "geometry": { "type": "Point", "coordinates": [ -63.1336271, 9.7751957 ] } },
{ "type": "Feature", "properties": { "id": null, "CONTROL": "2027", "SERIE": "08", "LINEA": "095", "COD_SEG": "014", "COD_MANZA": 3, "PISO": null, "actualizad": null }, "geometry": { "type": "Point", "coordinates": [ -63.1336619, 9.7752485 ] } },
{ "type": "Feature", "properties": { "id": null, "CONTROL": "2027", "SERIE": "09", "LINEA": "096", "COD_SEG": "014", "COD_MANZA": 3, "PISO": null, "actualizad": null }, "geometry": { "type": "Point", "coordinates": [ -63.1337303, 9.7753252 ] } },
{ "type": "Feature", "properties": { "id": null, "CONTROL": "2027", "SERIE": "10", "LINEA": "097", "COD_SEG": "014", "COD_MANZA": 3, "PISO": null, "actualizad": null }, "geometry": { "type": "Point", "coordinates": [ -63.1337934, 9.7754019 ] } },
{ "type": "Feature", "properties": { "id": null, "CONTROL": "2027", "SERIE": "11", "LINEA": "098", "COD_SEG": "014", "COD_MANZA": 3, "PISO": null, "actualizad": null }, "geometry": { "type": "Point", "coordinates": [ -63.1338282, 9.7754653 ] } },
{ "type": "Feature", "properties": { "id": null, "CONTROL": "2027", "SERIE": "12", "LINEA": "099", "COD_SEG": "014", "COD_MANZA": 3, "PISO": null, "actualizad": null }, "geometry": { "type": "Point", "coordinates": [ -63.1338725, 9.7755261 ] } },
{ "type": "Feature", "properties": { "id": null, "CONTROL": "2027", "SERIE": "13", "LINEA": "100", "COD_SEG": "014", "COD_MANZA": 3, "PISO": null, "actualizad": null }, "geometry": { "type": "Point", "coordinates": [ -63.133917, 9.7755656 ] } },
{ "type": "Feature", "properties": { "id": null, "CONTROL": "2027", "SERIE": "14", "LINEA": "101", "COD_SEG": "014", "COD_MANZA": 3, "PISO": null, "actualizad": null }, "geometry": { "type": "Point", "coordinates": [ -63.133957, 9.7756357 ] } },
{ "type": "Feature", "properties": { "id": null, "CONTROL": "2027", "SERIE": "15", "LINEA": "102", "COD_SEG": "014", "COD_MANZA": 3, "PISO": null, "actualizad": null }, "geometry": { "type": "Point", "coordinates": [ -63.1339682, 9.7757681 ] } },
{ "type": "Feature", "properties": { "id": null, "CONTROL": "2030", "SERIE": "01", "LINEA": "001", "COD_SEG": "098", "COD_MANZA": 1, "PISO": null, "actualizad": null }, "geometry": { "type": "Point", "coordinates": [ -63.1331816, 9.7494491 ] } },
{ "type": "Feature", "properties": { "id": null, "CONTROL": "2030", "SERIE": "02", "LINEA": "002", "COD_SEG": "098", "COD_MANZA": 1, "PISO": null, "actualizad": null }, "geometry": { "type": "Point", "coordinates": [ -63.1330904, 9.7494571 ] } },
{ "type": "Feature", "properties": { "id": null, "CONTROL": "2030", "SERIE": "03", "LINEA": "003", "COD_SEG": "098", "COD_MANZA": 1, "PISO": null, "actualizad": null }, "geometry": { "type": "Point", "coordinates": [ -63.1330019, 9.7494994 ] } },
{ "type": "Feature", "properties": { "id": null, "CONTROL": "2030", "SERIE": "04", "LINEA": "004", "COD_SEG": "098", "COD_MANZA": 1, "PISO": null, "actualizad": null }, "geometry": { "type": "Point", "coordinates": [ -63.1329053, 9.7495231 ] } },
{ "type": "Feature", "properties": { "id": null, "CONTROL": "2030", "SERIE": "05", "LINEA": "005", "COD_SEG": "098", "COD_MANZA": 1, "PISO": null, "actualizad": null }, "geometry": { "type": "Point", "coordinates": [ -63.1328302, 9.7495311 ] } },
{ "type": "Feature", "properties": { "id": null, "CONTROL": "2030", "SERIE": "06", "LINEA": "006", "COD_SEG": "098", "COD_MANZA": 1, "PISO": null, "actualizad": null }, "geometry": { "type": "Point", "coordinates": [ -63.1327524, 9.7495655 ] } },
{ "type": "Feature", "properties": { "id": null, "CONTROL": "2030", "SERIE": "07", "LINEA": "007", "COD_SEG": "098", "COD_MANZA": 1, "PISO": null, "actualizad": null }, "geometry": { "type": "Point", "coordinates": [ -63.1326612, 9.7495919 ] } },
{ "type": "Feature", "properties": { "id": null, "CONTROL": "2030", "SERIE": "08", "LINEA": "008", "COD_SEG": "098", "COD_MANZA": 1, "PISO": null, "actualizad": null }, "geometry": { "type": "Point", "coordinates": [ -63.1325539, 9.7496553 ] } },
{ "type": "Feature", "properties": { "id": null, "CONTROL": "2030", "SERIE": "09", "LINEA": "009", "COD_SEG": "098", "COD_MANZA": 1, "PISO": null, "actualizad": null }, "geometry": { "type": "Point", "coordinates": [ -63.1324681, 9.7496289 ] } },
{ "type": "Feature", "properties": { "id": null, "CONTROL": "2030", "SERIE": "10", "LINEA": "010", "COD_SEG": "098", "COD_MANZA": 1, "PISO": null, "actualizad": null }, "geometry": { "type": "Point", "coordinates": [ -63.1323903, 9.7496659 ] } },
{ "type": "Feature", "properties": { "id": null, "CONTROL": "2030", "SERIE": "11", "LINEA": "011", "COD_SEG": "098", "COD_MANZA": 1, "PISO": null, "actualizad": null }, "geometry": { "type": "Point", "coordinates": [ -63.1322857, 9.7497135 ] } },
{ "type": "Feature", "properties": { "id": null, "CONTROL": "2030", "SERIE": "12", "LINEA": "012", "COD_SEG": "098", "COD_MANZA": 1, "PISO": null, "actualizad": null }, "geometry": { "type": "Point", "coordinates": [ -63.1321918, 9.7497029 ] } },
{ "type": "Feature", "properties": { "id": null, "CONTROL": "2030", "SERIE": "13", "LINEA": "014", "COD_SEG": "098", "COD_MANZA": 1, "PISO": null, "actualizad": null }, "geometry": { "type": "Point", "coordinates": [ -63.1320899, 9.749769 ] } },
{ "type": "Feature", "properties": { "id": null, "CONTROL": "2040", "SERIE": "01", "LINEA": "166", "COD_SEG": "072", "COD_MANZA": 4, "PISO": null, "actualizad": null }, "geometry": { "type": "Point", "coordinates": [ -63.2550771, 9.6997289 ] } },
{ "type": "Feature", "properties": { "id": null, "CONTROL": "2040", "SERIE": "02", "LINEA": "167", "COD_SEG": "072", "COD_MANZA": 4, "PISO": null, "actualizad": null }, "geometry": { "type": "Point", "coordinates": [ -63.2551253, 9.699832 ] } },
{ "type": "Feature", "properties": { "id": null, "CONTROL": "2040", "SERIE": "03", "LINEA": "168", "COD_SEG": "072", "COD_MANZA": 4, "PISO": null, "actualizad": null }, "geometry": { "type": "Point", "coordinates": [ -63.2551709, 9.6999087 ] } },
{ "type": "Feature", "properties": { "id": null, "CONTROL": "2040", "SERIE": "04", "LINEA": "169", "COD_SEG": "072", "COD_MANZA": 4, "PISO": null, "actualizad": null }, "geometry": { "type": "Point", "coordinates": [ -63.2552192, 9.6999959 ] } },
{ "type": "Feature", "properties": { "id": null, "CONTROL": "2040", "SERIE": "05", "LINEA": "170", "COD_SEG": "072", "COD_MANZA": 4, "PISO": null, "actualizad": null }, "geometry": { "type": "Point", "coordinates": [ -63.2552701, 9.7000673 ] } },
{ "type": "Feature", "properties": { "id": null, "CONTROL": "2040", "SERIE": "06", "LINEA": "171", "COD_SEG": "072", "COD_MANZA": 4, "PISO": null, "actualizad": null }, "geometry": { "type": "Point", "coordinates": [ -63.2553185, 9.7001612 ] } },
{ "type": "Feature", "properties": { "id": null, "CONTROL": "2040", "SERIE": "07", "LINEA": "172", "COD_SEG": "072", "COD_MANZA": 4, "PISO": null, "actualizad": null }, "geometry": { "type": "Point", "coordinates": [ -63.2553855, 9.7002656 ] } },
{ "type": "Feature", "properties": { "id": null, "CONTROL": "2040", "SERIE": "08", "LINEA": "174", "COD_SEG": "072", "COD_MANZA": 5, "PISO": null, "actualizad": null }, "geometry": { "type": "Point", "coordinates": [ -63.2550354, 9.7005763 ] } },
{ "type": "Feature", "properties": { "id": null, "CONTROL": "2040", "SERIE": "09", "LINEA": "175", "COD_SEG": "072", "COD_MANZA": 5, "PISO": null, "actualizad": null }, "geometry": { "type": "Point", "coordinates": [ -63.2549737, 9.7004613 ] } },
{ "type": "Feature", "properties": { "id": null, "CONTROL": "2040", "SERIE": "10", "LINEA": "176", "COD_SEG": "072", "COD_MANZA": 5, "PISO": null, "actualizad": null }, "geometry": { "type": "Point", "coordinates": [ -63.2549322, 9.7003807 ] } },
{ "type": "Feature", "properties": { "id": null, "CONTROL": "2040", "SERIE": "11", "LINEA": "177", "COD_SEG": "072", "COD_MANZA": 5, "PISO": null, "actualizad": null }, "geometry": { "type": "Point", "coordinates": [ -63.2548839, 9.7002855 ] } },
{ "type": "Feature", "properties": { "id": null, "CONTROL": "2040", "SERIE": "12", "LINEA": "178", "COD_SEG": "072", "COD_MANZA": 5, "PISO": null, "actualizad": null }, "geometry": { "type": "Point", "coordinates": [ -63.2548289, 9.7002062 ] } },
{ "type": "Feature", "properties": { "id": null, "CONTROL": "2040", "SERIE": "13", "LINEA": "179", "COD_SEG": "072", "COD_MANZA": 5, "PISO": null, "actualizad": null }, "geometry": { "type": "Point", "coordinates": [ -63.2548034, 9.7001467 ] } },
{ "type": "Feature", "properties": { "id": null, "CONTROL": "2040", "SERIE": "14", "LINEA": "180", "COD_SEG": null, "COD_MANZA": 5, "PISO": null, "actualizad": null }, "geometry": { "type": "Point", "coordinates": [ -63.2547539, 9.7000501 ] } },
{ "type": "Feature", "properties": { "id": null, "CONTROL": "2047", "SERIE": "01", "LINEA": "001", "COD_SEG": "008", "COD_MANZA": 5, "PISO": null, "actualizad": null }, "geometry": { "type": "Point", "coordinates": [ -63.1654556, 9.9361201 ] } },
{ "type": "Feature", "properties": { "id": null, "CONTROL": "2047", "SERIE": "02", "LINEA": "002", "COD_SEG": "008", "COD_MANZA": 5, "PISO": null, "actualizad": null }, "geometry": { "type": "Point", "coordinates": [ -63.1653161, 9.9361597 ] } },
{ "type": "Feature", "properties": { "id": null, "CONTROL": "2047", "SERIE": "03", "LINEA": "004", "COD_SEG": "008", "COD_MANZA": 5, "PISO": null, "actualizad": null }, "geometry": { "type": "Point", "coordinates": [ -63.1651149, 9.9362152 ] } },
{ "type": "Feature", "properties": { "id": null, "CONTROL": "2047", "SERIE": "04", "LINEA": "005", "COD_SEG": "008", "COD_MANZA": 5, "PISO": null, "actualizad": null }, "geometry": { "type": "Point", "coordinates": [ -63.1649431, 9.9362786 ] } },
{ "type": "Feature", "properties": { "id": null, "CONTROL": "2047", "SERIE": "05", "LINEA": "007", "COD_SEG": "008", "COD_MANZA": 5, "PISO": null, "actualizad": null }, "geometry": { "type": "Point", "coordinates": [ -63.1647903, 9.9363129 ] } },
{ "type": "Feature", "properties": { "id": null, "CONTROL": "2047", "SERIE": "06", "LINEA": "008", "COD_SEG": "008", "COD_MANZA": 5, "PISO": null, "actualizad": null }, "geometry": { "type": "Point", "coordinates": [ -63.1646697, 9.9363447 ] } },
{ "type": "Feature", "properties": { "id": null, "CONTROL": "2047", "SERIE": "07", "LINEA": "010", "COD_SEG": "008", "COD_MANZA": 5, "PISO": null, "actualizad": null }, "geometry": { "type": "Point", "coordinates": [ -63.1645274, 9.9363816 ] } },
{ "type": "Feature", "properties": { "id": null, "CONTROL": "2047", "SERIE": "08", "LINEA": "011", "COD_SEG": "008", "COD_MANZA": 5, "PISO": null, "actualizad": null }, "geometry": { "type": "Point", "coordinates": [ -63.1643987, 9.9364186 ] } },
{ "type": "Feature", "properties": { "id": null, "CONTROL": "2047", "SERIE": "09", "LINEA": "013", "COD_SEG": "008", "COD_MANZA": 5, "PISO": null, "actualizad": null }, "geometry": { "type": "Point", "coordinates": [ -63.1642834, 9.936453 ] } },
{ "type": "Feature", "properties": { "id": null, "CONTROL": "2047", "SERIE": "10", "LINEA": "014", "COD_SEG": "008", "COD_MANZA": 6, "PISO": null, "actualizad": null }, "geometry": { "type": "Point", "coordinates": [ -63.1641492, 9.9364689 ] } },
{ "type": "Feature", "properties": { "id": null, "CONTROL": "2047", "SERIE": "11", "LINEA": "015", "COD_SEG": "008", "COD_MANZA": 6, "PISO": null, "actualizad": null }, "geometry": { "type": "Point", "coordinates": [ -63.1640635, 9.9364926 ] } },
{ "type": "Feature", "properties": { "id": null, "CONTROL": "2047", "SERIE": "12", "LINEA": "016", "COD_SEG": "008", "COD_MANZA": 6, "PISO": null, "actualizad": null }, "geometry": { "type": "Point", "coordinates": [ -63.1639266, 9.9365323 ] } },
{ "type": "Feature", "properties": { "id": null, "CONTROL": "5007", "SERIE": "01", "LINEA": "160", "COD_SEG": "007", "COD_MANZA": 1, "PISO": null, "actualizad": null }, "geometry": { "type": "Point", "coordinates": [ -63.2074609, 9.7441712 ] } },
{ "type": "Feature", "properties": { "id": null, "CONTROL": "5007", "SERIE": "16", "LINEA": "175", "COD_SEG": "007", "COD_MANZA": 1, "PISO": null, "actualizad": null }, "geometry": { "type": "Point", "coordinates": [ -63.2070238, 9.7443628 ] } },
{ "type": "Feature", "properties": { "id": null, "CONTROL": "5007", "SERIE": "02", "LINEA": "161", "COD_SEG": "007", "COD_MANZA": 1, "PISO": null, "actualizad": null }, "geometry": { "type": "Point", "coordinates": [ -63.2074891, 9.7442702 ] } },
{ "type": "Feature", "properties": { "id": null, "CONTROL": "5007", "SERIE": "03", "LINEA": "162", "COD_SEG": "007", "COD_MANZA": 1, "PISO": null, "actualizad": null }, "geometry": { "type": "Point", "coordinates": [ -63.2075052, 9.7443456 ] } },
{ "type": "Feature", "properties": { "id": null, "CONTROL": "5007", "SERIE": "04", "LINEA": "163", "COD_SEG": "007", "COD_MANZA": 1, "PISO": null, "actualizad": null }, "geometry": { "type": "Point", "coordinates": [ -63.2075374, 9.7444632 ] } },
{ "type": "Feature", "properties": { "id": null, "CONTROL": "5007", "SERIE": "05", "LINEA": "164", "COD_SEG": "007", "COD_MANZA": 1, "PISO": null, "actualizad": null }, "geometry": { "type": "Point", "coordinates": [ -63.2075723, 9.7445544 ] } },
{ "type": "Feature", "properties": { "id": null, "CONTROL": "5007", "SERIE": "06", "LINEA": "165", "COD_SEG": "007", "COD_MANZA": 1, "PISO": null, "actualizad": null }, "geometry": { "type": "Point", "coordinates": [ -63.2076004, 9.7446417 ] } },
{ "type": "Feature", "properties": { "id": null, "CONTROL": "5007", "SERIE": "07", "LINEA": "166", "COD_SEG": "007", "COD_MANZA": 1, "PISO": null, "actualizad": null }, "geometry": { "type": "Point", "coordinates": [ -63.2075025, 9.7447302 ] } },
{ "type": "Feature", "properties": { "id": null, "CONTROL": "5007", "SERIE": "08", "LINEA": "167", "COD_SEG": "007", "COD_MANZA": 1, "PISO": null, "actualizad": null }, "geometry": { "type": "Point", "coordinates": [ -63.2073872, 9.7448082 ] } },
{ "type": "Feature", "properties": { "id": null, "CONTROL": "5007", "SERIE": "09", "LINEA": "168", "COD_SEG": "007", "COD_MANZA": 1, "PISO": null, "actualizad": null }, "geometry": { "type": "Point", "coordinates": [ -63.2073, 9.7449126 ] } },
{ "type": "Feature", "properties": { "id": null, "CONTROL": "5007", "SERIE": "10\n", "LINEA": "169", "COD_SEG": "007", "COD_MANZA": 1, "PISO": null, "actualizad": null }, "geometry": { "type": "Point", "coordinates": [ -63.2072048, 9.7449708 ] } },
{ "type": "Feature", "properties": { "id": null, "CONTROL": "5007", "SERIE": "11", "LINEA": "170", "COD_SEG": "007", "COD_MANZA": 1, "PISO": null, "actualizad": null }, "geometry": { "type": "Point", "coordinates": [ -63.2071337, 9.7450752 ] } },
{ "type": "Feature", "properties": { "id": null, "CONTROL": "5007", "SERIE": "12", "LINEA": "171", "COD_SEG": "007", "COD_MANZA": 1, "PISO": null, "actualizad": null }, "geometry": { "type": "Point", "coordinates": [ -63.2070278, 9.7451281 ] } },
{ "type": "Feature", "properties": { "id": null, "CONTROL": "5007", "SERIE": "13", "LINEA": "172", "COD_SEG": "007", "COD_MANZA": 1, "PISO": null, "actualizad": null }, "geometry": { "type": "Point", "coordinates": [ -63.206942, 9.7451928 ] } },
{ "type": "Feature", "properties": { "id": null, "CONTROL": "5007", "SERIE": "14", "LINEA": "173", "COD_SEG": "007", "COD_MANZA": 1, "PISO": null, "actualizad": null }, "geometry": { "type": "Point", "coordinates": [ -63.2069003, 9.7452841 ] } },
{ "type": "Feature", "properties": { "id": null, "CONTROL": "5007", "SERIE": "15", "LINEA": "174", "COD_SEG": "007", "COD_MANZA": 1, "PISO": null, "actualizad": null }, "geometry": { "type": "Point", "coordinates": [ -63.2068534, 9.7453118 ] } },
{ "type": "Feature", "properties": { "id": null, "CONTROL": "0039", "SERIE": "01", "LINEA": "168", "COD_SEG": "014", "COD_MANZA": 8, "PISO": null, "actualizad": null }, "geometry": { "type": "Point", "coordinates": [ -63.6067372, 9.8137547 ] } },
{ "type": "Feature", "properties": { "id": null, "CONTROL": "0039", "SERIE": "02", "LINEA": "169", "COD_SEG": "014", "COD_MANZA": 8, "PISO": null, "actualizad": null }, "geometry": { "type": "Point", "coordinates": [ -63.6067453, 9.8136781 ] } },
{ "type": "Feature", "properties": { "id": null, "CONTROL": "0039", "SERIE": "03", "LINEA": "170", "COD_SEG": "014", "COD_MANZA": 8, "PISO": null, "actualizad": null }, "geometry": { "type": "Point", "coordinates": [ -63.606748, 9.8135671 ] } },
{ "type": "Feature", "properties": { "id": null, "CONTROL": "0039", "SERIE": "04", "LINEA": "171", "COD_SEG": "014", "COD_MANZA": 8, "PISO": null, "actualizad": null }, "geometry": { "type": "Point", "coordinates": [ -63.6067453, 9.8134719 ] } },
{ "type": "Feature", "properties": { "id": null, "CONTROL": "0039", "SERIE": "05", "LINEA": "172", "COD_SEG": "014", "COD_MANZA": 8, "PISO": null, "actualizad": null }, "geometry": { "type": "Point", "coordinates": [ -63.6068579, 9.8134667 ] } },
{ "type": "Feature", "properties": { "id": null, "CONTROL": "0039", "SERIE": "06", "LINEA": "173", "COD_SEG": "014", "COD_MANZA": 8, "PISO": null, "actualizad": null }, "geometry": { "type": "Point", "coordinates": [ -63.6069545, 9.8134614 ] } },
{ "type": "Feature", "properties": { "id": null, "CONTROL": "0039", "SERIE": "07", "LINEA": "174", "COD_SEG": "014", "COD_MANZA": 8, "PISO": null, "actualizad": null }, "geometry": { "type": "Point", "coordinates": [ -63.6070966, 9.8134614 ] } },
{ "type": "Feature", "properties": { "id": null, "CONTROL": "0039", "SERIE": "08", "LINEA": "175", "COD_SEG": "014", "COD_MANZA": 8, "PISO": null, "actualizad": null }, "geometry": { "type": "Point", "coordinates": [ -63.60722, 9.8134534 ] } },
{ "type": "Feature", "properties": { "id": null, "CONTROL": "0039", "SERIE": "09", "LINEA": "176", "COD_SEG": "014", "COD_MANZA": 8, "PISO": null, "actualizad": null }, "geometry": { "type": "Point", "coordinates": [ -63.6073166, 9.8134587 ] } },
{ "type": "Feature", "properties": { "id": null, "CONTROL": "0039", "SERIE": "10", "LINEA": "177", "COD_SEG": "014", "COD_MANZA": 8, "PISO": null, "actualizad": null }, "geometry": { "type": "Point", "coordinates": [ -63.6073112, 9.8135829 ] } },
{ "type": "Feature", "properties": { "id": null, "CONTROL": "0039", "SERIE": "11", "LINEA": "178", "COD_SEG": "014", "COD_MANZA": 8, "PISO": null, "actualizad": null }, "geometry": { "type": "Point", "coordinates": [ -63.6073139, 9.8136781 ] } },
{ "type": "Feature", "properties": { "id": null, "CONTROL": "0039", "SERIE": "12", "LINEA": "179", "COD_SEG": "014", "COD_MANZA": 8, "PISO": null, "actualizad": null }, "geometry": { "type": "Point", "coordinates": [ -63.6073193, 9.8137759 ] } },
{ "type": "Feature", "properties": { "id": null, "CONTROL": "0039", "SERIE": "14", "LINEA": "181", "COD_SEG": "014", "COD_MANZA": 9, "PISO": null, "actualizad": null }, "geometry": { "type": "Point", "coordinates": [ -63.6071154, 9.8133424 ] } },
{ "type": "Feature", "properties": { "id": null, "CONTROL": "0039", "SERIE": "15", "LINEA": "182", "COD_SEG": "014", "COD_MANZA": 9, "PISO": null, "actualizad": null }, "geometry": { "type": "Point", "coordinates": [ -63.6070055, 9.8133477 ] } },
{ "type": "Feature", "properties": { "id": null, "CONTROL": "0039", "SERIE": "16", "LINEA": "183", "COD_SEG": "014", "COD_MANZA": 9, "PISO": null, "actualizad": null }, "geometry": { "type": "Point", "coordinates": [ -63.6068928, 9.8133372 ] } },
{ "type": "Feature", "properties": { "id": null, "CONTROL": "2030", "SERIE": "01", "LINEA": "001", "COD_SEG": "098", "COD_MANZA": 1, "PISO": null, "actualizad": null }, "geometry": { "type": "Point", "coordinates": [ -63.133182, 9.749449 ] } },
{ "type": "Feature", "properties": { "id": null, "CONTROL": "2030", "SERIE": "02", "LINEA": "002", "COD_SEG": "098", "COD_MANZA": 1, "PISO": null, "actualizad": null }, "geometry": { "type": "Point", "coordinates": [ -63.13309, 9.749457 ] } },
{ "type": "Feature", "properties": { "id": null, "CONTROL": "2030", "SERIE": "03", "LINEA": "003", "COD_SEG": "098", "COD_MANZA": 1, "PISO": null, "actualizad": null }, "geometry": { "type": "Point", "coordinates": [ -63.133002, 9.749499 ] } },
{ "type": "Feature", "properties": { "id": null, "CONTROL": "2030", "SERIE": "04", "LINEA": "004", "COD_SEG": "098", "COD_MANZA": 1, "PISO": null, "actualizad": null }, "geometry": { "type": "Point", "coordinates": [ -63.132905, 9.749523 ] } },
{ "type": "Feature", "properties": { "id": null, "CONTROL": "2030", "SERIE": "05", "LINEA": "005", "COD_SEG": "098", "COD_MANZA": 1, "PISO": null, "actualizad": null }, "geometry": { "type": "Point", "coordinates": [ -63.13283, 9.749531 ] } },
{ "type": "Feature", "properties": { "id": null, "CONTROL": "2030", "SERIE": "06", "LINEA": "006", "COD_SEG": "098", "COD_MANZA": 1, "PISO": null, "actualizad": null }, "geometry": { "type": "Point", "coordinates": [ -63.132752, 9.749566 ] } },
{ "type": "Feature", "properties": { "id": null, "CONTROL": "2030", "SERIE": "07", "LINEA": "007", "COD_SEG": "098", "COD_MANZA": 1, "PISO": null, "actualizad": null }, "geometry": { "type": "Point", "coordinates": [ -63.132661, 9.749592 ] } },
{ "type": "Feature", "properties": { "id": null, "CONTROL": "2030", "SERIE": "08", "LINEA": "008", "COD_SEG": "098", "COD_MANZA": 1, "PISO": null, "actualizad": null }, "geometry": { "type": "Point", "coordinates": [ -63.132554, 9.749655 ] } },
{ "type": "Feature", "properties": { "id": null, "CONTROL": "2030", "SERIE": "09", "LINEA": "009", "COD_SEG": "098", "COD_MANZA": 1, "PISO": null, "actualizad": null }, "geometry": { "type": "Point", "coordinates": [ -63.132468, 9.749629 ] } },
{ "type": "Feature", "properties": { "id": null, "CONTROL": "2030", "SERIE": "10", "LINEA": "010", "COD_SEG": "098", "COD_MANZA": 1, "PISO": null, "actualizad": null }, "geometry": { "type": "Point", "coordinates": [ -63.13239, 9.749666 ] } },
{ "type": "Feature", "properties": { "id": null, "CONTROL": "2030", "SERIE": "11", "LINEA": "011", "COD_SEG": "098", "COD_MANZA": 1, "PISO": null, "actualizad": null }, "geometry": { "type": "Point", "coordinates": [ -63.132286, 9.749714 ] } },
{ "type": "Feature", "properties": { "id": null, "CONTROL": "2030", "SERIE": "12", "LINEA": "012", "COD_SEG": "098", "COD_MANZA": 1, "PISO": null, "actualizad": null }, "geometry": { "type": "Point", "coordinates": [ -63.132192, 9.749703 ] } },
{ "type": "Feature", "properties": { "id": null, "CONTROL": "2030", "SERIE": "13", "LINEA": "014", "COD_SEG": "098", "COD_MANZA": 1, "PISO": null, "actualizad": null }, "geometry": { "type": "Point", "coordinates": [ -63.13209, 9.749769 ] } },
{ "type": "Feature", "properties": { "id": null, "CONTROL": "3014", "SERIE": "15", "LINEA": "075", "COD_SEG": "002", "COD_MANZA": 1, "PISO": null, "actualizad": null }, "geometry": { "type": "Point", "coordinates": [ -63.7279869, 10.1629109 ] } },
{ "type": "Feature", "properties": { "id": null, "CONTROL": "3014", "SERIE": "06", "LINEA": "066", "COD_SEG": "002", "COD_MANZA": 1, "PISO": null, "actualizad": null }, "geometry": { "type": "Point", "coordinates": [ -63.7282337, 10.1626258 ] } },
{ "type": "Feature", "properties": { "id": null, "CONTROL": "3014", "SERIE": "08", "LINEA": "068", "COD_SEG": "002", "COD_MANZA": 1, "PISO": null, "actualizad": null }, "geometry": { "type": "Point", "coordinates": [ -63.7284026, 10.1623697 ] } },
{ "type": "Feature", "properties": { "id": null, "CONTROL": "3014", "SERIE": "12", "LINEA": "072", "COD_SEG": "002", "COD_MANZA": 1, "PISO": null, "actualizad": null }, "geometry": { "type": "Point", "coordinates": [ -63.7286494, 10.1620476 ] } },
{ "type": "Feature", "properties": { "id": null, "CONTROL": "3014", "SERIE": "11", "LINEA": "071", "COD_SEG": "002", "COD_MANZA": 1, "PISO": null, "actualizad": null }, "geometry": { "type": "Point", "coordinates": [ -63.7290678, 10.1613902 ] } },
{ "type": "Feature", "properties": { "id": null, "CONTROL": "3014", "SERIE": "08", "LINEA": "070", "COD_SEG": "002", "COD_MANZA": 1, "PISO": null, "actualizad": null }, "geometry": { "type": "Point", "coordinates": [ -63.7291885, 10.1612899 ] } },
{ "type": "Feature", "properties": { "id": null, "CONTROL": "3014", "SERIE": "09", "LINEA": "069", "COD_SEG": "002", "COD_MANZA": 1, "PISO": null, "actualizad": null }, "geometry": { "type": "Point", "coordinates": [ -63.7293119, 10.1611631 ] } },
{ "type": "Feature", "properties": { "id": null, "CONTROL": "3014", "SERIE": "13", "LINEA": "073", "COD_SEG": "002", "COD_MANZA": 1, "PISO": null, "actualizad": null }, "geometry": { "type": "Point", "coordinates": [ -63.7284599, 10.1617491 ] } },
{ "type": "Feature", "properties": { "id": null, "CONTROL": "3014", "SERIE": "07", "LINEA": "067", "COD_SEG": "002", "COD_MANZA": 1, "PISO": null, "actualizad": null }, "geometry": { "type": "Point", "coordinates": [ -63.728138, 10.1621557 ] } },
{ "type": "Feature", "properties": { "id": null, "CONTROL": "3014", "SERIE": "05", "LINEA": "065", "COD_SEG": "002", "COD_MANZA": 1, "PISO": null, "actualizad": null }, "geometry": { "type": "Point", "coordinates": [ -63.7278966, 10.1622428 ] } },
{ "type": "Feature", "properties": { "id": null, "CONTROL": "3014", "SERIE": "ESCUELA BASICA ALCALDIA", "LINEA": null, "COD_SEG": "002", "COD_MANZA": 1, "PISO": null, "actualizad": null }, "geometry": { "type": "Point", "coordinates": [ -63.7276874, 10.1624065 ] } },
{ "type": "Feature", "properties": { "id": null, "CONTROL": "3014", "SERIE": "04", "LINEA": "064", "COD_SEG": "002", "COD_MANZA": 1, "PISO": null, "actualizad": null }, "geometry": { "type": "Point", "coordinates": [ -63.7274648, 10.162256 ] } },
{ "type": "Feature", "properties": { "id": null, "CONTROL": "3014", "SERIE": "02", "LINEA": "062", "COD_SEG": "002", "COD_MANZA": 1, "PISO": null, "actualizad": null }, "geometry": { "type": "Point", "coordinates": [ -63.7273173, 10.1623035 ] } },
{ "type": "Feature", "properties": { "id": null, "CONTROL": "3014", "SERIE": "03", "LINEA": "063", "COD_SEG": "002", "COD_MANZA": 1, "PISO": null, "actualizad": null }, "geometry": { "type": "Point", "coordinates": [ -63.7274433, 10.1624329 ] } },
{ "type": "Feature", "properties": { "id": null, "CONTROL": "3014", "SERIE": "01", "LINEA": "061", "COD_SEG": "002", "COD_MANZA": 1, "PISO": null, "actualizad": null }, "geometry": { "type": "Point", "coordinates": [ -63.7268769, 10.1621958 ] } },
{ "type": "Feature", "properties": { "id": null, "CONTROL": "3042", "SERIE": "CANCHA DEPORTIVA", "LINEA": null, "COD_SEG": "007", "COD_MANZA": 14, "PISO": null, "actualizad": null }, "geometry": { "type": "Point", "coordinates": [ -63.4701536, 9.7567859 ] } },
{ "type": "Feature", "properties": { "id": null, "CONTROL": "3042", "SERIE": "01", "LINEA": "092", "COD_SEG": "007", "COD_MANZA": 14, "PISO": null, "actualizad": null }, "geometry": { "type": "Point", "coordinates": [ -63.4697744, 9.7565321 ] } },
{ "type": "Feature", "properties": { "id": null, "CONTROL": "3042", "SERIE": "02", "LINEA": "093", "COD_SEG": "007", "COD_MANZA": 14, "PISO": null, "actualizad": null }, "geometry": { "type": "Point", "coordinates": [ -63.4696993, 9.7563233 ] } },
{ "type": "Feature", "properties": { "id": null, "CONTROL": "3042", "SERIE": "03", "LINEA": "094", "COD_SEG": "007", "COD_MANZA": 14, "PISO": null, "actualizad": null }, "geometry": { "type": "Point", "coordinates": [ -63.469651, 9.7562334 ] } },
{ "type": "Feature", "properties": { "id": null, "CONTROL": "3042", "SERIE": "04", "LINEA": "095", "COD_SEG": "007", "COD_MANZA": 14, "PISO": null, "actualizad": null }, "geometry": { "type": "Point", "coordinates": [ -63.4695893, 9.7561039 ] } },
{ "type": "Feature", "properties": { "id": null, "CONTROL": "3042", "SERIE": "05", "LINEA": "096", "COD_SEG": "007", "COD_MANZA": 14, "PISO": null, "actualizad": null }, "geometry": { "type": "Point", "coordinates": [ -63.4695437, 9.7560219 ] } },
{ "type": "Feature", "properties": { "id": null, "CONTROL": "3042", "SERIE": "06", "LINEA": "097", "COD_SEG": "007", "COD_MANZA": 14, "PISO": null, "actualizad": null }, "geometry": { "type": "Point", "coordinates": [ -63.4698442, 9.7559241 ] } },
{ "type": "Feature", "properties": { "id": null, "CONTROL": "3042", "SERIE": "07", "LINEA": "098", "COD_SEG": "007", "COD_MANZA": 14, "PISO": null, "actualizad": null }, "geometry": { "type": "Point", "coordinates": [ -63.4699541, 9.75617 ] } },
{ "type": "Feature", "properties": { "id": null, "CONTROL": "3042", "SERIE": "08", "LINEA": "099", "COD_SEG": "007", "COD_MANZA": 14, "PISO": null, "actualizad": null }, "geometry": { "type": "Point", "coordinates": [ -63.4700748, 9.7563841 ] } },
{ "type": "Feature", "properties": { "id": null, "CONTROL": "3042", "SERIE": "09", "LINEA": "100", "COD_SEG": "007", "COD_MANZA": 14, "PISO": null, "actualizad": null }, "geometry": { "type": "Point", "coordinates": [ -63.470099, 9.7564687 ] } },
{ "type": "Feature", "properties": { "id": null, "CONTROL": "3042", "SERIE": "10", "LINEA": "101", "COD_SEG": "007", "COD_MANZA": 15, "PISO": null, "actualizad": null }, "geometry": { "type": "Point", "coordinates": [ -63.4694123, 9.7557682 ] } },
{ "type": "Feature", "properties": { "id": null, "CONTROL": "3042", "SERIE": "11", "LINEA": "102", "COD_SEG": "007", "COD_MANZA": 15, "PISO": null, "actualizad": null }, "geometry": { "type": "Point", "coordinates": [ -63.4693238, 9.7556466 ] } },
{ "type": "Feature", "properties": { "id": null, "CONTROL": "3042", "SERIE": "12", "LINEA": "103", "COD_SEG": "007", "COD_MANZA": 15, "PISO": null, "actualizad": null }, "geometry": { "type": "Point", "coordinates": [ -63.4692594, 9.755599 ] } },
{ "type": "Feature", "properties": { "id": null, "CONTROL": "3042", "SERIE": "13", "LINEA": "104", "COD_SEG": "007", "COD_MANZA": 15, "PISO": null, "actualizad": null }, "geometry": { "type": "Point", "coordinates": [ -63.4691253, 9.7554245 ] } },
{ "type": "Feature", "properties": { "id": null, "CONTROL": "3042", "SERIE": "14", "LINEA": "105", "COD_SEG": "007", "COD_MANZA": 15, "PISO": null, "actualizad": null }, "geometry": { "type": "Point", "coordinates": [ -63.4690475, 9.7553637 ] } },
{ "type": "Feature", "properties": { "id": null, "CONTROL": "3042", "SERIE": "15", "LINEA": "106", "COD_SEG": "007", "COD_MANZA": 15, "PISO": null, "actualizad": null }, "geometry": { "type": "Point", "coordinates": [ -63.4693345, 9.7551998 ] } },
{ "type": "Feature", "properties": { "id": null, "CONTROL": "3042", "SERIE": "16", "LINEA": "107", "COD_SEG": "007", "COD_MANZA": 15, "PISO": null, "actualizad": null }, "geometry": { "type": "Point", "coordinates": [ -63.4695008, 9.7553928 ] } },
{ "type": "Feature", "properties": { "id": null, "CONTROL": "3042", "SERIE": "FERRETERIA LA PETROLERA", "LINEA": null, "COD_SEG": "007", "COD_MANZA": 15, "PISO": null, "actualizad": null }, "geometry": { "type": "Point", "coordinates": [ -63.4680037, 9.7559747 ] } },
{ "type": "Feature", "properties": { "id": null, "CONTROL": "0021", "SERIE": "01", "LINEA": "106", "COD_SEG": "011", "COD_MANZA": 4, "PISO": null, "actualizad": null }, "geometry": { "type": "Point", "coordinates": [ -63.1507049, 9.7633716 ] } },
{ "type": "Feature", "properties": { "id": null, "CONTROL": "0021", "SERIE": "02", "LINEA": "107", "COD_SEG": "011", "COD_MANZA": 4, "PISO": null, "actualizad": null }, "geometry": { "type": "Point", "coordinates": [ -63.150792, 9.7633227 ] } },
{ "type": "Feature", "properties": { "id": null, "CONTROL": "0021", "SERIE": "03", "LINEA": "108", "COD_SEG": "011", "COD_MANZA": 4, "PISO": null, "actualizad": null }, "geometry": { "type": "Point", "coordinates": [ -63.1508899, 9.7632672 ] } },
{ "type": "Feature", "properties": { "id": null, "CONTROL": "0021", "SERIE": "04", "LINEA": "109", "COD_SEG": "011", "COD_MANZA": 4, "PISO": null, "actualizad": null }, "geometry": { "type": "Point", "coordinates": [ -63.150969, 9.7632104 ] } },
{ "type": "Feature", "properties": { "id": null, "CONTROL": "0021", "SERIE": "05", "LINEA": "110", "COD_SEG": "011", "COD_MANZA": 4, "PISO": null, "actualizad": null }, "geometry": { "type": "Point", "coordinates": [ -63.1510388, 9.763143 ] } },
{ "type": "Feature", "properties": { "id": null, "CONTROL": "0021", "SERIE": "06", "LINEA": "111", "COD_SEG": "011", "COD_MANZA": 4, "PISO": null, "actualizad": null }, "geometry": { "type": "Point", "coordinates": [ -63.1511367, 9.7631892 ] } },
{ "type": "Feature", "properties": { "id": null, "CONTROL": "0021", "SERIE": "07", "LINEA": "112", "COD_SEG": "011", "COD_MANZA": 4, "PISO": null, "actualizad": null }, "geometry": { "type": "Point", "coordinates": [ -63.151197, 9.7633254 ] } },
{ "type": "Feature", "properties": { "id": null, "CONTROL": "0021", "SERIE": "08", "LINEA": "113", "COD_SEG": "011", "COD_MANZA": 4, "PISO": null, "actualizad": null }, "geometry": { "type": "Point", "coordinates": [ -63.1512735, 9.7634324 ] } },
{ "type": "Feature", "properties": { "id": null, "CONTROL": "0021", "SERIE": "09", "LINEA": "114", "COD_SEG": "011", "COD_MANZA": 4, "PISO": null, "actualizad": null }, "geometry": { "type": "Point", "coordinates": [ -63.1511742, 9.7634945 ] } },
{ "type": "Feature", "properties": { "id": null, "CONTROL": "0021", "SERIE": "10", "LINEA": "115", "COD_SEG": "011", "COD_MANZA": 4, "PISO": null, "actualizad": null }, "geometry": { "type": "Point", "coordinates": [ -63.1510897, 9.7635487 ] } },
{ "type": "Feature", "properties": { "id": null, "CONTROL": "0021", "SERIE": "11", "LINEA": "116", "COD_SEG": "011", "COD_MANZA": 4, "PISO": null, "actualizad": null }, "geometry": { "type": "Point", "coordinates": [ -63.1510093, 9.7636095 ] } },
{ "type": "Feature", "properties": { "id": null, "CONTROL": "0021", "SERIE": "12", "LINEA": "117", "COD_SEG": "011", "COD_MANZA": 4, "PISO": null, "actualizad": null }, "geometry": { "type": "Point", "coordinates": [ -63.1509221, 9.7636531 ] } },
{ "type": "Feature", "properties": { "id": null, "CONTROL": "0021", "SERIE": "13", "LINEA": "118", "COD_SEG": "011", "COD_MANZA": 4, "PISO": null, "actualizad": null }, "geometry": { "type": "Point", "coordinates": [ -63.1508457, 9.763702 ] } },
{ "type": "Feature", "properties": { "id": null, "CONTROL": "0021", "SERIE": "14", "LINEA": "119", "COD_SEG": "011", "COD_MANZA": 4, "PISO": null, "actualizad": null }, "geometry": { "type": "Point", "coordinates": [ -63.1507478, 9.7637258 ] } },
{ "type": "Feature", "properties": { "id": null, "CONTROL": "0021", "SERIE": "15", "LINEA": "120", "COD_SEG": "011", "COD_MANZA": 4, "PISO": null, "actualizad": null }, "geometry": { "type": "Point", "coordinates": [ -63.1506753, 9.7638197 ] } },
{ "type": "Feature", "properties": { "id": null, "CONTROL": "0033", "SERIE": "01", "LINEA": "057", "COD_SEG": "022", "COD_MANZA": 2, "PISO": null, "actualizad": null }, "geometry": { "type": "Point", "coordinates": [ -63.253533, 9.7133649 ] } },
{ "type": "Feature", "properties": { "id": null, "CONTROL": "0033", "SERIE": "02", "LINEA": "058", "COD_SEG": "022", "COD_MANZA": 2, "PISO": null, "actualizad": null }, "geometry": { "type": "Point", "coordinates": [ -63.2535572, 9.7134231 ] } },
{ "type": "Feature", "properties": { "id": null, "CONTROL": "0033", "SERIE": "03", "LINEA": "059", "COD_SEG": "022", "COD_MANZA": 2, "PISO": null, "actualizad": null }, "geometry": { "type": "Point", "coordinates": [ -63.2535881, 9.7134984 ] } },
{ "type": "Feature", "properties": { "id": null, "CONTROL": "0033", "SERIE": "04", "LINEA": "060", "COD_SEG": "022", "COD_MANZA": 3, "PISO": null, "actualizad": null }, "geometry": { "type": "Point", "coordinates": [ -63.2530503, 9.7130526 ] } },
{ "type": "Feature", "properties": { "id": null, "CONTROL": "0033", "SERIE": "05", "LINEA": "061", "COD_SEG": "022", "COD_MANZA": 3, "PISO": null, "actualizad": null }, "geometry": { "type": "Point", "coordinates": [ -63.2530073, 9.712972 ] } },
{ "type": "Feature", "properties": { "id": null, "CONTROL": "0033", "SERIE": "06", "LINEA": "072", "COD_SEG": "022", "COD_MANZA": 3, "PISO": null, "actualizad": null }, "geometry": { "type": "Point", "coordinates": [ -63.2529873, 9.7129256 ] } },
{ "type": "Feature", "properties": { "id": null, "CONTROL": "0033", "SERIE": "07", "LINEA": "063", "COD_SEG": "022", "COD_MANZA": 3, "PISO": null, "actualizad": null }, "geometry": { "type": "Point", "coordinates": [ -63.2529684, 9.7128755 ] } },
{ "type": "Feature", "properties": { "id": null, "CONTROL": "0033", "SERIE": "08", "LINEA": "073", "COD_SEG": "022", "COD_MANZA": 3, "PISO": null, "actualizad": null }, "geometry": { "type": "Point", "coordinates": [ -63.2529403, 9.7128239 ] } },
{ "type": "Feature", "properties": { "id": null, "CONTROL": "0033", "SERIE": "09", "LINEA": "065", "COD_SEG": "022", "COD_MANZA": 3, "PISO": null, "actualizad": null }, "geometry": { "type": "Point", "coordinates": [ -63.2529122, 9.7127764 ] } },
{ "type": "Feature", "properties": { "id": null, "CONTROL": "0033", "SERIE": "10", "LINEA": "066", "COD_SEG": "022", "COD_MANZA": 3, "PISO": null, "actualizad": null }, "geometry": { "type": "Point", "coordinates": [ -63.2528799, 9.7127326 ] } },
{ "type": "Feature", "properties": { "id": null, "CONTROL": "0033", "SERIE": "11", "LINEA": "067", "COD_SEG": "022", "COD_MANZA": 3, "PISO": null, "actualizad": null }, "geometry": { "type": "Point", "coordinates": [ -63.2528518, 9.7126771 ] } },
{ "type": "Feature", "properties": { "id": null, "CONTROL": "0033", "SERIE": "14", "LINEA": "070", "COD_SEG": "022", "COD_MANZA": 3, "PISO": null, "actualizad": null }, "geometry": { "type": "Point", "coordinates": [ -63.2527847, 9.7125186 ] } },
{ "type": "Feature", "properties": { "id": null, "CONTROL": "0033", "SERIE": "15", "LINEA": "071", "COD_SEG": "022", "COD_MANZA": 3, "PISO": null, "actualizad": null }, "geometry": { "type": "Point", "coordinates": [ -63.2527512, 9.712467 ] } },
{ "type": "Feature", "properties": { "id": null, "CONTROL": "0033", "SERIE": "12", "LINEA": "068", "COD_SEG": "022", "COD_MANZA": 3, "PISO": null, "actualizad": null }, "geometry": { "type": "Point", "coordinates": [ -63.2528303, 9.7126296 ] } },
{ "type": "Feature", "properties": { "id": null, "CONTROL": "0033", "SERIE": "13", "LINEA": "069", "COD_SEG": "022", "COD_MANZA": 3, "PISO": null, "actualizad": null }, "geometry": { "type": "Point", "coordinates": [ -63.2528088, 9.7125714 ] } },
{ "type": "Feature", "properties": { "id": null, "CONTROL": "2011", "SERIE": "01\n", "LINEA": "046", "COD_SEG": "024", "COD_MANZA": 4, "PISO": null, "actualizad": null }, "geometry": { "type": "Point", "coordinates": [ -62.6359883, 9.0057767 ] } },
{ "type": "Feature", "properties": { "id": null, "CONTROL": "2011", "SERIE": "02", "LINEA": "047", "COD_SEG": "024", "COD_MANZA": 4, "PISO": null, "actualizad": null }, "geometry": { "type": "Point", "coordinates": [ -62.6360767, 9.0057768 ] } },
{ "type": "Feature", "properties": { "id": null, "CONTROL": "2011", "SERIE": "03", "LINEA": "048", "COD_SEG": "024", "COD_MANZA": 4, "PISO": null, "actualizad": null }, "geometry": { "type": "Point", "coordinates": [ -62.6362001, 9.0057873 ] } },
{ "type": "Feature", "properties": { "id": null, "CONTROL": "2011", "SERIE": "LOCAL PRIMERO DE JUSTICIA\n", "LINEA": null, "COD_SEG": "024", "COD_MANZA": 4, "PISO": null, "actualizad": null }, "geometry": { "type": "Point", "coordinates": [ -62.6363048, 9.0057812 ] } },
{ "type": "Feature", "properties": { "id": null, "CONTROL": "2011", "SERIE": "04", "LINEA": "051", "COD_SEG": "024", "COD_MANZA": 4, "PISO": null, "actualizad": null }, "geometry": { "type": "Point", "coordinates": [ -62.6363423, 9.0059231 ] } },
{ "type": "Feature", "properties": { "id": null, "CONTROL": "2011", "SERIE": "SANTIAGO MOTOS\n", "LINEA": null, "COD_SEG": "024", "COD_MANZA": 4, "PISO": null, "actualizad": null }, "geometry": { "type": "Point", "coordinates": [ -62.6363357, 9.0060423 ] } },
{ "type": "Feature", "properties": { "id": null, "CONTROL": "2011", "SERIE": "05", "LINEA": "053", "COD_SEG": "024", "COD_MANZA": 4, "PISO": null, "actualizad": null }, "geometry": { "type": "Point", "coordinates": [ -62.6363302, 9.0061455 ] } },
{ "type": "Feature", "properties": { "id": null, "CONTROL": "2011", "SERIE": "06", "LINEA": "054", "COD_SEG": "024", "COD_MANZA": 4, "PISO": null, "actualizad": null }, "geometry": { "type": "Point", "coordinates": [ -62.636337, 9.0062145 ] } },
{ "type": "Feature", "properties": { "id": null, "CONTROL": "2011", "SERIE": "07", "LINEA": "055", "COD_SEG": "024", "COD_MANZA": 4, "PISO": null, "actualizad": null }, "geometry": { "type": "Point", "coordinates": [ -62.6363356, 9.0063164 ] } },
{ "type": "Feature", "properties": { "id": null, "CONTROL": "2011", "SERIE": "CENTRO HIPICO\n", "LINEA": null, "COD_SEG": "024", "COD_MANZA": 4, "PISO": null, "actualizad": null }, "geometry": { "type": "Point", "coordinates": [ -62.6363262, 9.0064145 ] } },
{ "type": "Feature", "properties": { "id": null, "CONTROL": "2011", "SERIE": "08", "LINEA": "056", "COD_SEG": "024", "COD_MANZA": 5, "PISO": null, "actualizad": null }, "geometry": { "type": "Point", "coordinates": [ -62.6372892, 9.006388 ] } },
{ "type": "Feature", "properties": { "id": null, "CONTROL": "2011", "SERIE": "INVERSIONES MARIBEL\n", "LINEA": null, "COD_SEG": "024", "COD_MANZA": 5, "PISO": null, "actualizad": null }, "geometry": { "type": "Point", "coordinates": [ -62.6371765, 9.0064119 ] } },
{ "type": "Feature", "properties": { "id": null, "CONTROL": "2011", "SERIE": "CONTRALORIA MUNICIPAL\n", "LINEA": null, "COD_SEG": "024", "COD_MANZA": 5, "PISO": null, "actualizad": null }, "geometry": { "type": "Point", "coordinates": [ -62.6370961, 9.0064039 ] } },
{ "type": "Feature", "properties": { "id": null, "CONTROL": "2011", "SERIE": "OFICINA DE CONTADORES\n", "LINEA": null, "COD_SEG": "024", "COD_MANZA": 5, "PISO": null, "actualizad": null }, "geometry": { "type": "Point", "coordinates": [ -62.6370129, 9.0064065 ] } },
{ "type": "Feature", "properties": { "id": null, "CONTROL": "2011", "SERIE": "09", "LINEA": null, "COD_SEG": "024", "COD_MANZA": 5, "PISO": null, "actualizad": null }, "geometry": { "type": "Point", "coordinates": [ -62.6369163, 9.006425 ] } },
{ "type": "Feature", "properties": { "id": null, "CONTROL": "2024", "SERIE": "01", "LINEA": "071", "COD_SEG": "029", "COD_MANZA": 1, "PISO": null, "actualizad": null }, "geometry": { "type": "Point", "coordinates": [ -63.1953802, 9.7950109 ] } },
{ "type": "Feature", "properties": { "id": null, "CONTROL": "2024", "SERIE": "02", "LINEA": "072", "COD_SEG": "029", "COD_MANZA": 1, "PISO": null, "actualizad": null }, "geometry": { "type": "Point", "coordinates": [ -63.1954151, 9.7951105 ] } },
{ "type": "Feature", "properties": { "id": null, "CONTROL": "2024", "SERIE": "03", "LINEA": "073", "COD_SEG": "029", "COD_MANZA": 1, "PISO": null, "actualizad": null }, "geometry": { "type": "Point", "coordinates": [ -63.1957294, 9.7950724 ] } },
{ "type": "Feature", "properties": { "id": null, "CONTROL": "2024", "SERIE": "04", "LINEA": "074", "COD_SEG": "029", "COD_MANZA": 1, "PISO": null, "actualizad": null }, "geometry": { "type": "Point", "coordinates": [ -63.1956919, 9.7949812 ] } },
{ "type": "Feature", "properties": { "id": null, "CONTROL": "2024", "SERIE": "05", "LINEA": "075", "COD_SEG": "029", "COD_MANZA": 1, "PISO": null, "actualizad": null }, "geometry": { "type": "Point", "coordinates": [ -63.1956504, 9.7948927 ] } },
{ "type": "Feature", "properties": { "id": null, "CONTROL": "2024", "SERIE": "06", "LINEA": "076", "COD_SEG": "029", "COD_MANZA": 1, "PISO": null, "actualizad": null }, "geometry": { "type": "Point", "coordinates": [ -63.1956088, 9.7948041 ] } },
{ "type": "Feature", "properties": { "id": null, "CONTROL": "2024", "SERIE": "07", "LINEA": "077", "COD_SEG": "029", "COD_MANZA": 1, "PISO": null, "actualizad": null }, "geometry": { "type": "Point", "coordinates": [ -63.1955753, 9.7947261 ] } },
{ "type": "Feature", "properties": { "id": null, "CONTROL": "2024", "SERIE": "08", "LINEA": "078", "COD_SEG": "029", "COD_MANZA": 1, "PISO": null, "actualizad": null }, "geometry": { "type": "Point", "coordinates": [ -63.195755, 9.7946415 ] } },
{ "type": "Feature", "properties": { "id": null, "CONTROL": "2024", "SERIE": "09", "LINEA": "079", "COD_SEG": "029", "COD_MANZA": 1, "PISO": null, "actualizad": null }, "geometry": { "type": "Point", "coordinates": [ -63.1957858, 9.7947221 ] } },
{ "type": "Feature", "properties": { "id": null, "CONTROL": "2024", "SERIE": "10", "LINEA": "080", "COD_SEG": "029", "COD_MANZA": 1, "PISO": null, "actualizad": null }, "geometry": { "type": "Point", "coordinates": [ -63.1958475, 9.7948146 ] } },
{ "type": "Feature", "properties": { "id": null, "CONTROL": "2024", "SERIE": "11", "LINEA": "081", "COD_SEG": "029", "COD_MANZA": 1, "PISO": null, "actualizad": null }, "geometry": { "type": "Point", "coordinates": [ -63.1958842, 9.7949005 ] } },
{ "type": "Feature", "properties": { "id": null, "CONTROL": "2024", "SERIE": "12", "LINEA": "082", "COD_SEG": "029", "COD_MANZA": 1, "PISO": null, "actualizad": null }, "geometry": { "type": "Point", "coordinates": [ -63.1959125, 9.7949957 ] } },
{ "type": "Feature", "properties": { "id": null, "CONTROL": "2024", "SERIE": "13", "LINEA": "083", "COD_SEG": "029", "COD_MANZA": 1, "PISO": null, "actualizad": null }, "geometry": { "type": "Point", "coordinates": [ -63.1961055, 9.7949032 ] } },
{ "type": "Feature", "properties": { "id": null, "CONTROL": "2024", "SERIE": "14", "LINEA": "084", "COD_SEG": "029", "COD_MANZA": 1, "PISO": null, "actualizad": null }, "geometry": { "type": "Point", "coordinates": [ -63.1960706, 9.7947921 ] } },
{ "type": "Feature", "properties": { "id": null, "CONTROL": "3037", "SERIE": "01", "LINEA": "001", "COD_SEG": "084", "COD_MANZA": 1, "PISO": null, "actualizad": null }, "geometry": { "type": "Point", "coordinates": [ -63.1900778, 9.7309576 ] } },
{ "type": "Feature", "properties": { "id": null, "CONTROL": "3037", "SERIE": "02", "LINEA": "002", "COD_SEG": "084", "COD_MANZA": 1, "PISO": null, "actualizad": null }, "geometry": { "type": "Point", "coordinates": [ -63.190177, 9.7308175 ] } },
{ "type": "Feature", "properties": { "id": null, "CONTROL": "3037", "SERIE": "OE", "LINEA": "LOCAL DESOCUPADO", "COD_SEG": "084", "COD_MANZA": 1, "PISO": null, "actualizad": null }, "geometry": { "type": "Point", "coordinates": [ -63.1902173, 9.7307144 ] } },
{ "type": "Feature", "properties": { "id": null, "CONTROL": "3037", "SERIE": "03", "LINEA": "004", "COD_SEG": "084", "COD_MANZA": 1, "PISO": null, "actualizad": null }, "geometry": { "type": "Point", "coordinates": [ -63.1903102, 9.7307421 ] } },
{ "type": "Feature", "properties": { "id": null, "CONTROL": "3037", "SERIE": "04", "LINEA": "005", "COD_SEG": "084", "COD_MANZA": 1, "PISO": null, "actualizad": null }, "geometry": { "type": "Point", "coordinates": [ -63.1903886, 9.7307746 ] } },
{ "type": "Feature", "properties": { "id": null, "CONTROL": "3037", "SERIE": "05", "LINEA": "005", "COD_SEG": "084", "COD_MANZA": 1, "PISO": null, "actualizad": null }, "geometry": { "type": "Point", "coordinates": [ -63.1904315, 9.7307931 ] } },
{ "type": "Feature", "properties": { "id": null, "CONTROL": "3037", "SERIE": "06", "LINEA": "006", "COD_SEG": "084", "COD_MANZA": 1, "PISO": null, "actualizad": null }, "geometry": { "type": "Point", "coordinates": [ -63.1905629, 9.7308735 ] } },
{ "type": "Feature", "properties": { "id": null, "CONTROL": "3037", "SERIE": "07", "LINEA": "007", "COD_SEG": "084", "COD_MANZA": 1, "PISO": null, "actualizad": null }, "geometry": { "type": "Point", "coordinates": [ -63.1906501, 9.7308827 ] } },
{ "type": "Feature", "properties": { "id": null, "CONTROL": "3037", "SERIE": "08", "LINEA": "008", "COD_SEG": "084", "COD_MANZA": 1, "PISO": null, "actualizad": null }, "geometry": { "type": "Point", "coordinates": [ -63.1907386, 9.7309369 ] } },
{ "type": "Feature", "properties": { "id": null, "CONTROL": "3037", "SERIE": "09", "LINEA": "009", "COD_SEG": "084", "COD_MANZA": 1, "PISO": null, "actualizad": null }, "geometry": { "type": "Point", "coordinates": [ -63.1908191, 9.7309647 ] } },
{ "type": "Feature", "properties": { "id": null, "CONTROL": "3037", "SERIE": "10", "LINEA": "010", "COD_SEG": "084", "COD_MANZA": 1, "PISO": null, "actualizad": null }, "geometry": { "type": "Point", "coordinates": [ -63.1909076, 9.7310083 ] } },
{ "type": "Feature", "properties": { "id": null, "CONTROL": "3037", "SERIE": "11", "LINEA": "011", "COD_SEG": "084", "COD_MANZA": 1, "PISO": null, "actualizad": null }, "geometry": { "type": "Point", "coordinates": [ -63.1910001, 9.7310453 ] } },
{ "type": "Feature", "properties": { "id": null, "CONTROL": "3037", "SERIE": "12", "LINEA": "012", "COD_SEG": "084", "COD_MANZA": 1, "PISO": null, "actualizad": null }, "geometry": { "type": "Point", "coordinates": [ -63.1910685, 9.7310691 ] } },
{ "type": "Feature", "properties": { "id": null, "CONTROL": "3037", "SERIE": "13", "LINEA": "013", "COD_SEG": "084", "COD_MANZA": 1, "PISO": null, "actualizad": null }, "geometry": { "type": "Point", "coordinates": [ -63.1911678, 9.7311008 ] } },
{ "type": "Feature", "properties": { "id": null, "CONTROL": "3037", "SERIE": "14", "LINEA": "014", "COD_SEG": "084", "COD_MANZA": 1, "PISO": null, "actualizad": null }, "geometry": { "type": "Point", "coordinates": [ -63.1912684, 9.731218 ] } },
{ "type": "Feature", "properties": { "id": null, "CONTROL": "3037", "SERIE": "15", "LINEA": "015", "COD_SEG": "084", "COD_MANZA": 1, "PISO": null, "actualizad": null }, "geometry": { "type": "Point", "coordinates": [ -63.1912591, 9.7313726 ] } },
{ "type": "Feature", "properties": { "id": null, "CONTROL": "6006", "SERIE": "01", "LINEA": "046", "COD_SEG": "118", "COD_MANZA": 1, "PISO": null, "actualizad": null }, "geometry": { "type": "Point", "coordinates": [ -63.1548839, 9.7321896 ] } },
{ "type": "Feature", "properties": { "id": null, "CONTROL": "6006", "SERIE": "02", "LINEA": "047", "COD_SEG": "118", "COD_MANZA": 1, "PISO": null, "actualizad": null }, "geometry": { "type": "Point", "coordinates": [ -63.1549484, 9.7322518 ] } },
{ "type": "Feature", "properties": { "id": null, "CONTROL": "6006", "SERIE": "03", "LINEA": "048", "COD_SEG": "118", "COD_MANZA": 1, "PISO": null, "actualizad": null }, "geometry": { "type": "Point", "coordinates": [ -63.1550074, 9.7323151 ] } },
{ "type": "Feature", "properties": { "id": null, "CONTROL": "6006", "SERIE": "04", "LINEA": "049", "COD_SEG": "118", "COD_MANZA": 1, "PISO": null, "actualizad": null }, "geometry": { "type": "Point", "coordinates": [ -63.1550422, 9.7323667 ] } },
{ "type": "Feature", "properties": { "id": null, "CONTROL": "6006", "SERIE": "05", "LINEA": "050", "COD_SEG": "118", "COD_MANZA": 1, "PISO": null, "actualizad": null }, "geometry": { "type": "Point", "coordinates": [ -63.1551093, 9.7324195 ] } },
{ "type": "Feature", "properties": { "id": null, "CONTROL": "6006", "SERIE": "06", "LINEA": "051", "COD_SEG": "118", "COD_MANZA": 1, "PISO": null, "actualizad": null }, "geometry": { "type": "Point", "coordinates": [ -63.1551763, 9.7324671 ] } },
{ "type": "Feature", "properties": { "id": null, "CONTROL": "6006", "SERIE": "07", "LINEA": "053", "COD_SEG": "118", "COD_MANZA": 1, "PISO": null, "actualizad": null }, "geometry": { "type": "Point", "coordinates": [ -63.1552434, 9.7325504 ] } },
{ "type": "Feature", "properties": { "id": null, "CONTROL": "6006", "SERIE": "08", "LINEA": "054", "COD_SEG": "118", "COD_MANZA": 1, "PISO": null, "actualizad": null }, "geometry": { "type": "Point", "coordinates": [ -63.1552032, 9.7326165 ] } },
{ "type": "Feature", "properties": { "id": null, "CONTROL": "6006", "SERIE": "10", "LINEA": "055", "COD_SEG": "118", "COD_MANZA": 1, "PISO": null, "actualizad": null }, "geometry": { "type": "Point", "coordinates": [ -63.1551549, 9.7326562 ] } },
{ "type": "Feature", "properties": { "id": null, "CONTROL": "6006", "SERIE": "11", "LINEA": "056", "COD_SEG": "118", "COD_MANZA": 1, "PISO": null, "actualizad": null }, "geometry": { "type": "Point", "coordinates": [ -63.1550864, 9.7327236 ] } },
{ "type": "Feature", "properties": { "id": null, "CONTROL": "6006", "SERIE": "12", "LINEA": "057", "COD_SEG": "118", "COD_MANZA": 1, "PISO": null, "actualizad": null }, "geometry": { "type": "Point", "coordinates": [ -63.1550972, 9.7328082 ] } },
{ "type": "Feature", "properties": { "id": null, "CONTROL": "6006", "SERIE": "13", "LINEA": "058", "COD_SEG": "118", "COD_MANZA": 1, "PISO": null, "actualizad": null }, "geometry": { "type": "Point", "coordinates": [ -63.1553909, 9.732713 ] } },
{ "type": "Feature", "properties": { "id": null, "CONTROL": "6006", "SERIE": "14", "LINEA": "059", "COD_SEG": "118", "COD_MANZA": 1, "PISO": null, "actualizad": null }, "geometry": { "type": "Point", "coordinates": [ -63.1553507, 9.7327646 ] } },
{ "type": "Feature", "properties": { "id": null, "CONTROL": "0016", "SERIE": "01", "LINEA": "001", "COD_SEG": "SECTOR 009", "COD_MANZA": 0, "PISO": null, "actualizad": null }, "geometry": { "type": "Point", "coordinates": [ -63.8603598, 9.8924199 ] } },
{ "type": "Feature", "properties": { "id": null, "CONTROL": "0016", "SERIE": "02", "LINEA": "002", "COD_SEG": "SECTOR 009", "COD_MANZA": 0, "PISO": null, "actualizad": null }, "geometry": { "type": "Point", "coordinates": [ -63.8600943, 9.892161 ] } },
{ "type": "Feature", "properties": { "id": null, "CONTROL": "0016", "SERIE": "03", "LINEA": "003", "COD_SEG": "SECTOR 009", "COD_MANZA": 0, "PISO": null, "actualizad": null }, "geometry": { "type": "Point", "coordinates": [ -63.8597912, 9.8918122 ] } },
{ "type": "Feature", "properties": { "id": null, "CONTROL": "0016", "SERIE": "04", "LINEA": "004", "COD_SEG": "SECTOR 009", "COD_MANZA": 0, "PISO": null, "actualizad": null }, "geometry": { "type": "Point", "coordinates": [ -63.8596785, 9.891688 ] } },
{ "type": "Feature", "properties": { "id": null, "CONTROL": "0016", "SERIE": "05", "LINEA": "005", "COD_SEG": "SECTOR 009", "COD_MANZA": 0, "PISO": null, "actualizad": null }, "geometry": { "type": "Point", "coordinates": [ -63.859421, 9.8914396 ] } },
{ "type": "Feature", "properties": { "id": null, "CONTROL": "0016", "SERIE": "06", "LINEA": "006", "COD_SEG": "SECTOR 009", "COD_MANZA": 0, "PISO": null, "actualizad": null }, "geometry": { "type": "Point", "coordinates": [ -63.8593271, 9.8911701 ] } },
{ "type": "Feature", "properties": { "id": null, "CONTROL": "0016", "SERIE": "07", "LINEA": "007", "COD_SEG": "SECTOR 009", "COD_MANZA": 0, "PISO": null, "actualizad": null }, "geometry": { "type": "Point", "coordinates": [ -63.8590589, 9.8910855 ] } },
{ "type": "Feature", "properties": { "id": null, "CONTROL": "0016", "SERIE": "08", "LINEA": "008", "COD_SEG": "SECTOR 009", "COD_MANZA": 0, "PISO": null, "actualizad": null }, "geometry": { "type": "Point", "coordinates": [ -63.8588899, 9.890816 ] } },
{ "type": "Feature", "properties": { "id": null, "CONTROL": "0016", "SERIE": "09", "LINEA": "009", "COD_SEG": "SECTOR 009", "COD_MANZA": 0, "PISO": null, "actualizad": null }, "geometry": { "type": "Point", "coordinates": [ -63.8587236, 9.8906971 ] } },
{ "type": "Feature", "properties": { "id": null, "CONTROL": "0016", "SERIE": "10", "LINEA": "010", "COD_SEG": "SECTOR 009", "COD_MANZA": 0, "PISO": null, "actualizad": null }, "geometry": { "type": "Point", "coordinates": [ -63.8584125, 9.8904064 ] } },
{ "type": "Feature", "properties": { "id": null, "CONTROL": "0016", "SERIE": "11", "LINEA": "011", "COD_SEG": "SECTOR 009", "COD_MANZA": 0, "PISO": null, "actualizad": null }, "geometry": { "type": "Point", "coordinates": [ -63.8582435, 9.8902188 ] } },
{ "type": "Feature", "properties": { "id": null, "CONTROL": "0016", "SERIE": "12", "LINEA": "012", "COD_SEG": "SECTOR 009", "COD_MANZA": 0, "PISO": null, "actualizad": null }, "geometry": { "type": "Point", "coordinates": [ -63.8581389, 9.8900867 ] } },
{ "type": "Feature", "properties": { "id": null, "CONTROL": "0016", "SERIE": "13", "LINEA": "103", "COD_SEG": "SECTOR 009", "COD_MANZA": 0, "PISO": null, "actualizad": null }, "geometry": { "type": "Point", "coordinates": [ -63.8578653, 9.8897089 ] } },
{ "type": "Feature", "properties": { "id": null, "CONTROL": "0016", "SERIE": "14", "LINEA": "014", "COD_SEG": "SECTOR 009", "COD_MANZA": 0, "PISO": null, "actualizad": null }, "geometry": { "type": "Point", "coordinates": [ -63.8577259, 9.8895398 ] } },
{ "type": "Feature", "properties": { "id": null, "CONTROL": "0016", "SERIE": "15", "LINEA": "015", "COD_SEG": "SECTOR 009", "COD_MANZA": 0, "PISO": null, "actualizad": null }, "geometry": { "type": "Point", "coordinates": [ -63.857176, 9.8889796 ] } },
{ "type": "Feature", "properties": { "id": null, "CONTROL": "0016", "SERIE": "16", "LINEA": "016", "COD_SEG": "SECTOR 009", "COD_MANZA": 0, "PISO": null, "actualizad": null }, "geometry": { "type": "Point", "coordinates": [ -63.8569856, 9.8886123 ] } },
{ "type": "Feature", "properties": { "id": null, "CONTROL": "0016", "SERIE": "IGLESIA", "LINEA": "017", "COD_SEG": "SECTOR 009", "COD_MANZA": 0, "PISO": null, "actualizad": null }, "geometry": { "type": "Point", "coordinates": [ -63.8563674, 9.8880468 ] } },
{ "type": "Feature", "properties": { "id": null, "CONTROL": "0016", "SERIE": "ESCUELA BASICA SAN JUAN DE AREO", "LINEA": "018", "COD_SEG": "SECTOR 009", "COD_MANZA": 0, "PISO": null, "actualizad": null }, "geometry": { "type": "Point", "coordinates": [ -63.8565603, 9.8873954 ] } },
{ "type": "Feature", "properties": { "id": null, "CONTROL": "0016", "SERIE": "AMBULATORIO RURAL TIPO I SAN JUAN DE AREO", "LINEA": "019", "COD_SEG": "SECTOR 009", "COD_MANZA": 0, "PISO": null, "actualizad": null }, "geometry": { "type": "Point", "coordinates": [ -63.8552085, 9.8843828 ] } },
{ "type": "Feature", "properties": { "id": null, "CONTROL": "2033", "SERIE": "06", "LINEA": "137", "COD_SEG": "028", "COD_MANZA": 3, "PISO": null, "actualizad": null }, "geometry": { "type": "Point", "coordinates": [ -63.1771427, 9.7492106 ] } },
{ "type": "Feature", "properties": { "id": null, "CONTROL": "2033", "SERIE": "07", "LINEA": "138", "COD_SEG": "028", "COD_MANZA": 3, "PISO": null, "actualizad": null }, "geometry": { "type": "Point", "coordinates": [ -63.1770167, 9.7492053 ] } },
{ "type": "Feature", "properties": { "id": null, "CONTROL": "2033", "SERIE": "03", "LINEA": "150", "COD_SEG": "028", "COD_MANZA": 4, "PISO": null, "actualizad": null }, "geometry": { "type": "Point", "coordinates": [ -63.1770796, 9.7475781 ] } },
{ "type": "Feature", "properties": { "id": null, "CONTROL": "2033", "SERIE": "01", "LINEA": "143", "COD_SEG": "028", "COD_MANZA": 3, "PISO": null, "actualizad": null }, "geometry": { "type": "Point", "coordinates": [ -63.176845, 9.7491948 ] } },
{ "type": "Feature", "properties": { "id": null, "CONTROL": "2033", "SERIE": "02", "LINEA": "145", "COD_SEG": "028", "COD_MANZA": 3, "PISO": null, "actualizad": null }, "geometry": { "type": "Point", "coordinates": [ -63.1767431, 9.7491604 ] } },
{ "type": "Feature", "properties": { "id": null, "CONTROL": "2033", "SERIE": "04", "LINEA": "151", "COD_SEG": "028", "COD_MANZA": 4, "PISO": null, "actualizad": null }, "geometry": { "type": "Point", "coordinates": [ -63.1771654, 9.7475965 ] } },
{ "type": "Feature", "properties": { "id": null, "CONTROL": "2033", "SERIE": "05", "LINEA": "152", "COD_SEG": "028", "COD_MANZA": 4, "PISO": null, "actualizad": null }, "geometry": { "type": "Point", "coordinates": [ -63.1772365, 9.7476177 ] } },
{ "type": "Feature", "properties": { "id": null, "CONTROL": "0075", "SERIE": "01", "LINEA": "106", "COD_SEG": "050", "COD_MANZA": 12, "PISO": null, "actualizad": null }, "geometry": { "type": "Point", "coordinates": [ -63.2048662, 9.7196856 ] } },
{ "type": "Feature", "properties": { "id": null, "CONTROL": "0075", "SERIE": "02", "LINEA": "107", "COD_SEG": "050", "COD_MANZA": 12, "PISO": null, "actualizad": null }, "geometry": { "type": "Point", "coordinates": [ -63.2049064, 9.7197372 ] } },
{ "type": "Feature", "properties": { "id": null, "CONTROL": "0075", "SERIE": "04", "LINEA": "109", "COD_SEG": "050", "COD_MANZA": 12, "PISO": null, "actualizad": null }, "geometry": { "type": "Point", "coordinates": [ -63.2049855, 9.7198548 ] } },
{ "type": "Feature", "properties": { "id": null, "CONTROL": "0075", "SERIE": "05", "LINEA": "110", "COD_SEG": "050", "COD_MANZA": 12, "PISO": null, "actualizad": null }, "geometry": { "type": "Point", "coordinates": [ -63.2050391, 9.7199037 ] } },
{ "type": "Feature", "properties": { "id": null, "CONTROL": "0075", "SERIE": "06", "LINEA": "011", "COD_SEG": "050", "COD_MANZA": 12, "PISO": null, "actualizad": null }, "geometry": { "type": "Point", "coordinates": [ -63.2050995, 9.719991 ] } },
{ "type": "Feature", "properties": { "id": null, "CONTROL": "0075", "SERIE": "07\n", "LINEA": "112", "COD_SEG": "050", "COD_MANZA": 12, "PISO": null, "actualizad": null }, "geometry": { "type": "Point", "coordinates": [ -63.2051545, 9.7200412 ] } },
{ "type": "Feature", "properties": { "id": null, "CONTROL": "0075", "SERIE": "16", "LINEA": "121", "COD_SEG": "050", "COD_MANZA": 12, "PISO": null, "actualizad": null }, "geometry": { "type": "Point", "coordinates": [ -63.2051987, 9.7201046 ] } },
{ "type": "Feature", "properties": { "id": null, "CONTROL": "0075", "SERIE": "03", "LINEA": "108", "COD_SEG": "050", "COD_MANZA": 12, "PISO": null, "actualizad": null }, "geometry": { "type": "Point", "coordinates": [ -63.2049399, 9.7198086 ] } },
{ "type": "Feature", "properties": { "id": null, "CONTROL": "0075", "SERIE": "08", "LINEA": "113", "COD_SEG": "050", "COD_MANZA": 13, "PISO": null, "actualizad": null }, "geometry": { "type": "Point", "coordinates": [ -63.2054954, 9.7198078 ] } },
{ "type": "Feature", "properties": { "id": null, "CONTROL": "0075", "SERIE": "09", "LINEA": "114", "COD_SEG": "050", "COD_MANZA": 13, "PISO": null, "actualizad": null }, "geometry": { "type": "Point", "coordinates": [ -63.2053411, 9.7199426 ] } },
{ "type": "Feature", "properties": { "id": null, "CONTROL": "0075", "SERIE": "10", "LINEA": "115", "COD_SEG": "050", "COD_MANZA": 13, "PISO": null, "actualizad": null }, "geometry": { "type": "Point", "coordinates": [ -63.2052754, 9.7198633 ] } },
{ "type": "Feature", "properties": { "id": null, "CONTROL": "0075", "SERIE": "11", "LINEA": "116", "COD_SEG": "050", "COD_MANZA": 13, "PISO": null, "actualizad": null }, "geometry": { "type": "Point", "coordinates": [ -63.2052097, 9.7197774 ] } },
{ "type": "Feature", "properties": { "id": null, "CONTROL": "0075", "SERIE": "12", "LINEA": "117", "COD_SEG": "050", "COD_MANZA": 13, "PISO": null, "actualizad": null }, "geometry": { "type": "Point", "coordinates": [ -63.2051534, 9.7197113 ] } },
{ "type": "Feature", "properties": { "id": null, "CONTROL": "0075", "SERIE": "13", "LINEA": "118", "COD_SEG": "050", "COD_MANZA": 13, "PISO": null, "actualizad": null }, "geometry": { "type": "Point", "coordinates": [ -63.2050931, 9.7196398 ] } },
{ "type": "Feature", "properties": { "id": null, "CONTROL": "0075", "SERIE": "14", "LINEA": "119", "COD_SEG": "050", "COD_MANZA": 13, "PISO": null, "actualizad": null }, "geometry": { "type": "Point", "coordinates": [ -63.2050394, 9.7195659 ] } },
{ "type": "Feature", "properties": { "id": null, "CONTROL": "0075", "SERIE": "15", "LINEA": "120", "COD_SEG": "050", "COD_MANZA": null, "PISO": null, "actualizad": null }, "geometry": { "type": "Point", "coordinates": [ -63.2051775, 9.7194377 ] } },
{ "type": "Feature", "properties": { "id": null, "CONTROL": "2028", "SERIE": "01", "LINEA": "076", "COD_SEG": "027", "COD_MANZA": 3, "PISO": null, "actualizad": null }, "geometry": { "type": "Point", "coordinates": [ -63.1425494, 9.7592628 ] } },
{ "type": "Feature", "properties": { "id": null, "CONTROL": "2028", "SERIE": "02", "LINEA": "077", "COD_SEG": "027", "COD_MANZA": 3, "PISO": null, "actualizad": null }, "geometry": { "type": "Point", "coordinates": [ -63.1426808, 9.7592165 ] } },
{ "type": "Feature", "properties": { "id": null, "CONTROL": "2028", "SERIE": "03", "LINEA": "078", "COD_SEG": "027", "COD_MANZA": 3, "PISO": null, "actualizad": null }, "geometry": { "type": "Point", "coordinates": [ -63.1427719, 9.7591861 ] } },
{ "type": "Feature", "properties": { "id": null, "CONTROL": "2028", "SERIE": "04", "LINEA": "079", "COD_SEG": "027", "COD_MANZA": 3, "PISO": null, "actualizad": null }, "geometry": { "type": "Point", "coordinates": [ -63.1428551, 9.7591491 ] } },
{ "type": "Feature", "properties": { "id": null, "CONTROL": "2028", "SERIE": "05", "LINEA": "080", "COD_SEG": "027", "COD_MANZA": 3, "PISO": null, "actualizad": null }, "geometry": { "type": "Point", "coordinates": [ -63.1430469, 9.7590685 ] } },
{ "type": "Feature", "properties": { "id": null, "CONTROL": "2028", "SERIE": "06", "LINEA": "081", "COD_SEG": "027", "COD_MANZA": 3, "PISO": null, "actualizad": null }, "geometry": { "type": "Point", "coordinates": [ -63.1431502, 9.7590196 ] } },
{ "type": "Feature", "properties": { "id": null, "CONTROL": "2028", "SERIE": "07", "LINEA": "082", "COD_SEG": "027", "COD_MANZA": 3, "PISO": null, "actualizad": null }, "geometry": { "type": "Point", "coordinates": [ -63.1432775, 9.7589575 ] } },
{ "type": "Feature", "properties": { "id": null, "CONTROL": "2028", "SERIE": "08", "LINEA": "083", "COD_SEG": "027", "COD_MANZA": 3, "PISO": null, "actualizad": null }, "geometry": { "type": "Point", "coordinates": [ -63.1433822, 9.758894 ] } },
{ "type": "Feature", "properties": { "id": null, "CONTROL": "2028", "SERIE": "09", "LINEA": "084", "COD_SEG": "027", "COD_MANZA": 3, "PISO": null, "actualizad": null }, "geometry": { "type": "Point", "coordinates": [ -63.1434465, 9.7588596 ] } },
{ "type": "Feature", "properties": { "id": null, "CONTROL": "2028", "SERIE": "10", "LINEA": "085", "COD_SEG": "027", "COD_MANZA": 3, "PISO": null, "actualizad": null }, "geometry": { "type": "Point", "coordinates": [ -63.1435136, 9.758812 ] } },
{ "type": "Feature", "properties": { "id": null, "CONTROL": "2028", "SERIE": "11", "LINEA": "086", "COD_SEG": "027", "COD_MANZA": 3, "PISO": null, "actualizad": null }, "geometry": { "type": "Point", "coordinates": [ -63.1437054, 9.7587182 ] } },
{ "type": "Feature", "properties": { "id": null, "CONTROL": "2028", "SERIE": "12", "LINEA": "091", "COD_SEG": "027", "COD_MANZA": 3, "PISO": null, "actualizad": null }, "geometry": { "type": "Point", "coordinates": [ -63.1437832, 9.7586415 ] } },
{ "type": "Feature", "properties": { "id": null, "CONTROL": "2028", "SERIE": "13", "LINEA": "087", "COD_SEG": "027", "COD_MANZA": 3, "PISO": null, "actualizad": null }, "geometry": { "type": "Point", "coordinates": [ -63.1438542, 9.7586059 ] } },
{ "type": "Feature", "properties": { "id": null, "CONTROL": "2028", "SERIE": "14", "LINEA": "088", "COD_SEG": "027", "COD_MANZA": 3, "PISO": null, "actualizad": null }, "geometry": { "type": "Point", "coordinates": [ -63.143987, 9.7585212 ] } },
{ "type": "Feature", "properties": { "id": null, "CONTROL": "2028", "SERIE": "15", "LINEA": "089", "COD_SEG": "027", "COD_MANZA": 3, "PISO": null, "actualizad": null }, "geometry": { "type": "Point", "coordinates": [ -63.1440943, 9.7584567 ] } },
{ "type": "Feature", "properties": { "id": null, "CONTROL": "2028", "SERIE": "16", "LINEA": "090", "COD_SEG": "027", "COD_MANZA": 3, "PISO": null, "actualizad": null }, "geometry": { "type": "Point", "coordinates": [ -63.1441912, 9.758386 ] } },
{ "type": "Feature", "properties": { "id": null, "CONTROL": "3028", "SERIE": "01", "LINEA": "001", "COD_SEG": "110", "COD_MANZA": 1, "PISO": null, "actualizad": null }, "geometry": { "type": "Point", "coordinates": [ -63.2155667, 9.7101964 ] } },
{ "type": "Feature", "properties": { "id": null, "CONTROL": "3028", "SERIE": "02", "LINEA": "002", "COD_SEG": "110", "COD_MANZA": 1, "PISO": null, "actualizad": null }, "geometry": { "type": "Point", "coordinates": [ -63.2155077, 9.7100191 ] } },
{ "type": "Feature", "properties": { "id": null, "CONTROL": "3028", "SERIE": "03", "LINEA": "003", "COD_SEG": "110", "COD_MANZA": 1, "PISO": null, "actualizad": null }, "geometry": { "type": "Point", "coordinates": [ -63.2156123, 9.7099795 ] } },
{ "type": "Feature", "properties": { "id": null, "CONTROL": "3028", "SERIE": "04", "LINEA": "004", "COD_SEG": "110", "COD_MANZA": 1, "PISO": null, "actualizad": null }, "geometry": { "type": "Point", "coordinates": [ -63.2157142, 9.7099372 ] } },
{ "type": "Feature", "properties": { "id": null, "CONTROL": "3028", "SERIE": "05", "LINEA": "005", "COD_SEG": "110", "COD_MANZA": 1, "PISO": null, "actualizad": null }, "geometry": { "type": "Point", "coordinates": [ -63.2158188, 9.7099056 ] } },
{ "type": "Feature", "properties": { "id": null, "CONTROL": "3028", "SERIE": "06", "LINEA": "006", "COD_SEG": "110", "COD_MANZA": 1, "PISO": null, "actualizad": null }, "geometry": { "type": "Point", "coordinates": [ -63.215918, 9.7098713 ] } },
{ "type": "Feature", "properties": { "id": null, "CONTROL": "3028", "SERIE": "07", "LINEA": "007", "COD_SEG": "110", "COD_MANZA": 1, "PISO": null, "actualizad": null }, "geometry": { "type": "Point", "coordinates": [ -63.216028, 9.7098396 ] } },
{ "type": "Feature", "properties": { "id": null, "CONTROL": "3028", "SERIE": "08", "LINEA": "008", "COD_SEG": "110", "COD_MANZA": 1, "PISO": null, "actualizad": null }, "geometry": { "type": "Point", "coordinates": [ -63.2161165, 9.7098025 ] } },
{ "type": "Feature", "properties": { "id": null, "CONTROL": "3028", "SERIE": "09", "LINEA": "009", "COD_SEG": "110", "COD_MANZA": 1, "PISO": null, "actualizad": null }, "geometry": { "type": "Point", "coordinates": [ -63.2162265, 9.7097576 ] } },
{ "type": "Feature", "properties": { "id": null, "CONTROL": "3028", "SERIE": "10", "LINEA": "010", "COD_SEG": "110", "COD_MANZA": 1, "PISO": null, "actualizad": null }, "geometry": { "type": "Point", "coordinates": [ -63.2163601, 9.7102097 ] } },
{ "type": "Feature", "properties": { "id": null, "CONTROL": "3028", "SERIE": "11", "LINEA": "011", "COD_SEG": "110", "COD_MANZA": 1, "PISO": null, "actualizad": null }, "geometry": { "type": "Point", "coordinates": [ -63.2162023, 9.7102652 ] } },
{ "type": "Feature", "properties": { "id": null, "CONTROL": "3028", "SERIE": "13", "LINEA": "013", "COD_SEG": "110", "COD_MANZA": 1, "PISO": null, "actualizad": null }, "geometry": { "type": "Point", "coordinates": [ -63.2160737, 9.7103048 ] } },
{ "type": "Feature", "properties": { "id": null, "CONTROL": "3028", "SERIE": "14", "LINEA": "014", "COD_SEG": "110", "COD_MANZA": 1, "PISO": null, "actualizad": null }, "geometry": { "type": "Point", "coordinates": [ -63.2159582, 9.7103445 ] } },
{ "type": "Feature", "properties": { "id": null, "CONTROL": "3028", "SERIE": "15", "LINEA": "015", "COD_SEG": "110", "COD_MANZA": 1, "PISO": null, "actualizad": null }, "geometry": { "type": "Point", "coordinates": [ -63.2158644, 9.7103869 ] } },
{ "type": "Feature", "properties": { "id": null, "CONTROL": "0005", "SERIE": "02", "LINEA": "002", "COD_SEG": "008", "COD_MANZA": 1, "PISO": null, "actualizad": null }, "geometry": { "type": "Point", "coordinates": [ -63.1571768, 9.8242704 ] } },
{ "type": "Feature", "properties": { "id": null, "CONTROL": "0005", "SERIE": "03", "LINEA": "003", "COD_SEG": "008", "COD_MANZA": 1, "PISO": null, "actualizad": null }, "geometry": { "type": "Point", "coordinates": [ -63.1572626, 9.8240775 ] } },
{ "type": "Feature", "properties": { "id": null, "CONTROL": "0005", "SERIE": "04", "LINEA": "004", "COD_SEG": "008", "COD_MANZA": 1, "PISO": null, "actualizad": null }, "geometry": { "type": "Point", "coordinates": [ -63.1577481, 9.823689 ] } },
{ "type": "Feature", "properties": { "id": null, "CONTROL": "0005", "SERIE": "06", "LINEA": "006", "COD_SEG": "008", "COD_MANZA": 1, "PISO": null, "actualizad": null }, "geometry": { "type": "Point", "coordinates": [ -63.1582577, 9.8233031 ] } },
{ "type": "Feature", "properties": { "id": null, "CONTROL": "0005", "SERIE": "07", "LINEA": "007", "COD_SEG": "008", "COD_MANZA": 1, "PISO": null, "actualizad": null }, "geometry": { "type": "Point", "coordinates": [ -63.158542, 9.8230626 ] } },
{ "type": "Feature", "properties": { "id": null, "CONTROL": "0005", "SERIE": "08", "LINEA": "008", "COD_SEG": "008", "COD_MANZA": 1, "PISO": null, "actualizad": null }, "geometry": { "type": "Point", "coordinates": [ -63.1589229, 9.8227613 ] } },
{ "type": "Feature", "properties": { "id": null, "CONTROL": "0005", "SERIE": "09", "LINEA": "009", "COD_SEG": "008", "COD_MANZA": 1, "PISO": null, "actualizad": null }, "geometry": { "type": "Point", "coordinates": [ -63.1591804, 9.822534 ] } },
{ "type": "Feature", "properties": { "id": null, "CONTROL": "0005", "SERIE": "10", "LINEA": "010", "COD_SEG": "008", "COD_MANZA": 1, "PISO": null, "actualizad": null }, "geometry": { "type": "Point", "coordinates": [ -63.1596417, 9.8223913 ] } },
{ "type": "Feature", "properties": { "id": null, "CONTROL": "0005", "SERIE": "11", "LINEA": "011", "COD_SEG": "008", "COD_MANZA": 1, "PISO": null, "actualizad": null }, "geometry": { "type": "Point", "coordinates": [ -63.159682, 9.8225314 ] } },
{ "type": "Feature", "properties": { "id": null, "CONTROL": "0005", "SERIE": "12", "LINEA": "012", "COD_SEG": "008", "COD_MANZA": 1, "PISO": null, "actualizad": null }, "geometry": { "type": "Point", "coordinates": [ -63.1597115, 9.8226715 ] } },
{ "type": "Feature", "properties": { "id": null, "CONTROL": "0005", "SERIE": "13", "LINEA": "013", "COD_SEG": "008", "COD_MANZA": 1, "PISO": null, "actualizad": null }, "geometry": { "type": "Point", "coordinates": [ -63.1597383, 9.8227878 ] } },
{ "type": "Feature", "properties": { "id": null, "CONTROL": "0005", "SERIE": "14", "LINEA": "014", "COD_SEG": "008", "COD_MANZA": 1, "PISO": null, "actualizad": null }, "geometry": { "type": "Point", "coordinates": [ -63.1597812, 9.822912 ] } },
{ "type": "Feature", "properties": { "id": null, "CONTROL": "0005", "SERIE": "15", "LINEA": "015", "COD_SEG": "008", "COD_MANZA": 1, "PISO": null, "actualizad": null }, "geometry": { "type": "Point", "coordinates": [ -63.159808, 9.8230705 ] } },
{ "type": "Feature", "properties": { "id": null, "CONTROL": "2021", "SERIE": "01", "LINEA": "044", "COD_SEG": "002", "COD_MANZA": 1, "PISO": null, "actualizad": null }, "geometry": { "type": "Point", "coordinates": [ -63.2137966, 9.8123284 ] } },
{ "type": "Feature", "properties": { "id": null, "CONTROL": "2021", "SERIE": "02", "LINEA": "045", "COD_SEG": "002", "COD_MANZA": 1, "PISO": null, "actualizad": null }, "geometry": { "type": "Point", "coordinates": [ -63.2136571, 9.8124024 ] } },
{ "type": "Feature", "properties": { "id": null, "CONTROL": "2021", "SERIE": "03", "LINEA": "046", "COD_SEG": "002", "COD_MANZA": 1, "PISO": null, "actualizad": null }, "geometry": { "type": "Point", "coordinates": [ -63.2135445, 9.8124606 ] } },
{ "type": "Feature", "properties": { "id": null, "CONTROL": "2021", "SERIE": "04", "LINEA": "047", "COD_SEG": "002", "COD_MANZA": 1, "PISO": null, "actualizad": null }, "geometry": { "type": "Point", "coordinates": [ -63.213397, 9.8125531 ] } },
{ "type": "Feature", "properties": { "id": null, "CONTROL": "2021", "SERIE": "05", "LINEA": "048", "COD_SEG": "002", "COD_MANZA": 1, "PISO": null, "actualizad": null }, "geometry": { "type": "Point", "coordinates": [ -63.2132709, 9.8126191 ] } },
{ "type": "Feature", "properties": { "id": null, "CONTROL": "2021", "SERIE": "06", "LINEA": "049", "COD_SEG": "002", "COD_MANZA": 1, "PISO": null, "actualizad": null }, "geometry": { "type": "Point", "coordinates": [ -63.2131502, 9.8126879 ] } },
{ "type": "Feature", "properties": { "id": null, "CONTROL": "2021", "SERIE": "07", "LINEA": "050", "COD_SEG": "002", "COD_MANZA": 1, "PISO": null, "actualizad": null }, "geometry": { "type": "Point", "coordinates": [ -63.213059, 9.8127407 ] } },
{ "type": "Feature", "properties": { "id": null, "CONTROL": "2021", "SERIE": "08", "LINEA": "051", "COD_SEG": "002", "COD_MANZA": 1, "PISO": null, "actualizad": null }, "geometry": { "type": "Point", "coordinates": [ -63.2131717, 9.8130394 ] } },
{ "type": "Feature", "properties": { "id": null, "CONTROL": "2021", "SERIE": "09", "LINEA": "052", "COD_SEG": "002", "COD_MANZA": 1, "PISO": null, "actualizad": null }, "geometry": { "type": "Point", "coordinates": [ -63.213287, 9.8129733 ] } },
{ "type": "Feature", "properties": { "id": null, "CONTROL": "2021", "SERIE": "10", "LINEA": "053", "COD_SEG": "002", "COD_MANZA": 1, "PISO": null, "actualizad": null }, "geometry": { "type": "Point", "coordinates": [ -63.2134587, 9.8129231 ] } },
{ "type": "Feature", "properties": { "id": null, "CONTROL": "2021", "SERIE": "11", "LINEA": "054", "COD_SEG": "002", "COD_MANZA": 1, "PISO": null, "actualizad": null }, "geometry": { "type": "Point", "coordinates": [ -63.2135713, 9.8128676 ] } },
{ "type": "Feature", "properties": { "id": null, "CONTROL": "2021", "SERIE": "12", "LINEA": "055", "COD_SEG": "002", "COD_MANZA": 1, "PISO": null, "actualizad": null }, "geometry": { "type": "Point", "coordinates": [ -63.2137564, 9.8127936 ] } },
{ "type": "Feature", "properties": { "id": null, "CONTROL": "2021", "SERIE": "13", "LINEA": "056", "COD_SEG": "002", "COD_MANZA": 1, "PISO": null, "actualizad": null }, "geometry": { "type": "Point", "coordinates": [ -63.2138583, 9.8127407 ] } },
{ "type": "Feature", "properties": { "id": null, "CONTROL": "2021", "SERIE": "14", "LINEA": "057", "COD_SEG": "002", "COD_MANZA": 1, "PISO": null, "actualizad": null }, "geometry": { "type": "Point", "coordinates": [ -63.2140166, 9.8126535 ] } },
{ "type": "Feature", "properties": { "id": null, "CONTROL": "2021", "SERIE": "15", "LINEA": "058", "COD_SEG": "002", "COD_MANZA": 1, "PISO": null, "actualizad": null }, "geometry": { "type": "Point", "coordinates": [ -63.2141131, 9.8126006 ] } },
{ "type": "Feature", "properties": { "id": null, "CONTROL": "3019", "SERIE": "01", "LINEA": "013", "COD_SEG": "055", "COD_MANZA": 4, "PISO": null, "actualizad": null }, "geometry": { "type": "Point", "coordinates": [ -63.6197783, 9.677381 ] } },
{ "type": "Feature", "properties": { "id": null, "CONTROL": "3019", "SERIE": "02", "LINEA": "014", "COD_SEG": "055", "COD_MANZA": 4, "PISO": null, "actualizad": null }, "geometry": { "type": "Point", "coordinates": [ -63.6197957, 9.6772488 ] } },
{ "type": "Feature", "properties": { "id": null, "CONTROL": "3019", "SERIE": "03", "LINEA": "015", "COD_SEG": "055", "COD_MANZA": 4, "PISO": null, "actualizad": null }, "geometry": { "type": "Point", "coordinates": [ -63.6200519, 9.6772686 ] } },
{ "type": "Feature", "properties": { "id": null, "CONTROL": "3019", "SERIE": "04", "LINEA": "016", "COD_SEG": "055", "COD_MANZA": 4, "PISO": null, "actualizad": null }, "geometry": { "type": "Point", "coordinates": [ -63.6200962, 9.6774167 ] } },
{ "type": "Feature", "properties": { "id": null, "CONTROL": "3019", "SERIE": "05", "LINEA": "017", "COD_SEG": "055", "COD_MANZA": 4, "PISO": null, "actualizad": null }, "geometry": { "type": "Point", "coordinates": [ -63.6200973, 9.6775832 ] } },
{ "type": "Feature", "properties": { "id": null, "CONTROL": "3019", "SERIE": "07", "LINEA": "018", "COD_SEG": "055", "COD_MANZA": 4, "PISO": null, "actualizad": null }, "geometry": { "type": "Point", "coordinates": [ -63.6201094, 9.6777172 ] } },
{ "type": "Feature", "properties": { "id": null, "CONTROL": "3019", "SERIE": "08", "LINEA": "019", "COD_SEG": "055", "COD_MANZA": 4, "PISO": null, "actualizad": null }, "geometry": { "type": "Point", "coordinates": [ -63.6201214, 9.6778348 ] } },
{ "type": "Feature", "properties": { "id": null, "CONTROL": "3019", "SERIE": "09", "LINEA": "020", "COD_SEG": "055", "COD_MANZA": 4, "PISO": null, "actualizad": null }, "geometry": { "type": "Point", "coordinates": [ -63.6201187, 9.6779326 ] } },
{ "type": "Feature", "properties": { "id": null, "CONTROL": "3019", "SERIE": "10", "LINEA": "021", "COD_SEG": "055", "COD_MANZA": 4, "PISO": null, "actualizad": null }, "geometry": { "type": "Point", "coordinates": [ -63.6200959, 9.6781264 ] } },
{ "type": "Feature", "properties": { "id": null, "CONTROL": "3019", "SERIE": "11", "LINEA": "022", "COD_SEG": "055", "COD_MANZA": 4, "PISO": null, "actualizad": null }, "geometry": { "type": "Point", "coordinates": [ -63.6201, 9.6782493 ] } },
{ "type": "Feature", "properties": { "id": null, "CONTROL": "3019", "SERIE": "12", "LINEA": "023", "COD_SEG": "055", "COD_MANZA": 4, "PISO": null, "actualizad": null }, "geometry": { "type": "Point", "coordinates": [ -63.6201255, 9.6783987 ] } },
{ "type": "Feature", "properties": { "id": null, "CONTROL": "3019", "SERIE": "13", "LINEA": "024", "COD_SEG": "055", "COD_MANZA": 4, "PISO": null, "actualizad": null }, "geometry": { "type": "Point", "coordinates": [ -63.6201053, 9.6785349 ] } },
{ "type": "Feature", "properties": { "id": null, "CONTROL": "3019", "SERIE": "14", "LINEA": "025", "COD_SEG": "055", "COD_MANZA": 4, "PISO": null, "actualizad": null }, "geometry": { "type": "Point", "coordinates": [ -63.6200959, 9.6787001 ] } },
{ "type": "Feature", "properties": { "id": null, "CONTROL": "3019", "SERIE": "15", "LINEA": "026", "COD_SEG": "055", "COD_MANZA": 4, "PISO": null, "actualizad": null }, "geometry": { "type": "Point", "coordinates": [ -63.6200772, 9.6787953 ] } },
{ "type": "Feature", "properties": { "id": null, "CONTROL": "2013", "SERIE": "01", "LINEA": "106", "COD_SEG": "040", "COD_MANZA": 9, "PISO": null, "actualizad": null }, "geometry": { "type": "Point", "coordinates": [ -63.2074828, 9.7248768 ] } },
{ "type": "Feature", "properties": { "id": null, "CONTROL": "2013", "SERIE": "02", "LINEA": "107", "COD_SEG": "040", "COD_MANZA": 9, "PISO": null, "actualizad": null }, "geometry": { "type": "Point", "coordinates": [ -63.2075499, 9.7250222 ] } },
{ "type": "Feature", "properties": { "id": null, "CONTROL": "2013", "SERIE": "03", "LINEA": "108", "COD_SEG": "040", "COD_MANZA": 11, "PISO": null, "actualizad": null }, "geometry": { "type": "Point", "coordinates": [ -63.2072294, 9.7250738 ] } },
{ "type": "Feature", "properties": { "id": null, "CONTROL": "2013", "SERIE": "04", "LINEA": "109", "COD_SEG": "040", "COD_MANZA": 11, "PISO": null, "actualizad": null }, "geometry": { "type": "Point", "coordinates": [ -63.2071369, 9.7251201 ] } },
{ "type": "Feature", "properties": { "id": null, "CONTROL": "2013", "SERIE": "05", "LINEA": "110", "COD_SEG": "040", "COD_MANZA": 11, "PISO": null, "actualizad": null }, "geometry": { "type": "Point", "coordinates": [ -63.2070268, 9.7251703 ] } },
{ "type": "Feature", "properties": { "id": null, "CONTROL": "2013", "SERIE": "06", "LINEA": "111", "COD_SEG": "040", "COD_MANZA": 11, "PISO": null, "actualizad": null }, "geometry": { "type": "Point", "coordinates": [ -63.2069343, 9.7249998 ] } },
{ "type": "Feature", "properties": { "id": null, "CONTROL": "2013", "SERIE": "07", "LINEA": "112", "COD_SEG": "040", "COD_MANZA": 11, "PISO": null, "actualizad": null }, "geometry": { "type": "Point", "coordinates": [ -63.2070564, 9.7249429 ] } },
{ "type": "Feature", "properties": { "id": null, "CONTROL": "2013", "SERIE": "08", "LINEA": "113", "COD_SEG": "040", "COD_MANZA": 11, "PISO": null, "actualizad": null }, "geometry": { "type": "Point", "coordinates": [ -63.2071448, 9.7248954 ] } },
{ "type": "Feature", "properties": { "id": null, "CONTROL": "2013", "SERIE": "09", "LINEA": "114", "COD_SEG": "040", "COD_MANZA": 12, "PISO": null, "actualizad": null }, "geometry": { "type": "Point", "coordinates": [ -63.2068283, 9.72557 ] } },
{ "type": "Feature", "properties": { "id": null, "CONTROL": "2013", "SERIE": "10", "LINEA": "115", "COD_SEG": "040", "COD_MANZA": 12, "PISO": null, "actualizad": null }, "geometry": { "type": "Point", "coordinates": [ -63.20676, 9.7256031 ] } },
{ "type": "Feature", "properties": { "id": null, "CONTROL": "2013", "SERIE": "11", "LINEA": "121", "COD_SEG": "040", "COD_MANZA": 12, "PISO": null, "actualizad": null }, "geometry": { "type": "Point", "coordinates": [ -63.2066781, 9.72564 ] } },
{ "type": "Feature", "properties": { "id": null, "CONTROL": "2013", "SERIE": "12", "LINEA": "116", "COD_SEG": "040", "COD_MANZA": 12, "PISO": null, "actualizad": null }, "geometry": { "type": "Point", "coordinates": [ -63.2066765, 9.7254234 ] } },
{ "type": "Feature", "properties": { "id": null, "CONTROL": "2013", "SERIE": "13", "LINEA": "117", "COD_SEG": "040", "COD_MANZA": 12, "PISO": null, "actualizad": null }, "geometry": { "type": "Point", "coordinates": [ -63.2066563, 9.7253693 ] } },
{ "type": "Feature", "properties": { "id": null, "CONTROL": "2013", "SERIE": "14", "LINEA": "118", "COD_SEG": "040", "COD_MANZA": 12, "PISO": null, "actualizad": null }, "geometry": { "type": "Point", "coordinates": [ -63.2066282, 9.7253111 ] } },
{ "type": "Feature", "properties": { "id": null, "CONTROL": "2013", "SERIE": "15", "LINEA": "119", "COD_SEG": "040", "COD_MANZA": 12, "PISO": null, "actualizad": null }, "geometry": { "type": "Point", "coordinates": [ -63.2066041, 9.7252529 ] } },
{ "type": "Feature", "properties": { "id": null, "CONTROL": "2013", "SERIE": "16", "LINEA": "120", "COD_SEG": "040", "COD_MANZA": 12, "PISO": null, "actualizad": null }, "geometry": { "type": "Point", "coordinates": [ -63.2065718, 9.7251948 ] } },
{ "type": "Feature", "properties": { "id": null, "CONTROL": "0012", "SERIE": "01", "LINEA": "071", "COD_SEG": "SECTOR 010", "COD_MANZA": 0, "PISO": null, "actualizad": null }, "geometry": { "type": "Point", "coordinates": [ -62.4675675, 8.8026861 ] } },
{ "type": "Feature", "properties": { "id": null, "CONTROL": "0012", "SERIE": "02", "LINEA": "072", "COD_SEG": "SECTOR 010", "COD_MANZA": 0, "PISO": null, "actualizad": null }, "geometry": { "type": "Point", "coordinates": [ -62.4672376, 8.8023786 ] } },
{ "type": "Feature", "properties": { "id": null, "CONTROL": "0012", "SERIE": "03", "LINEA": "073", "COD_SEG": "SECTOR 010", "COD_MANZA": 0, "PISO": null, "actualizad": null }, "geometry": { "type": "Point", "coordinates": [ -62.4674065, 8.8021877 ] } },
{ "type": "Feature", "properties": { "id": null, "CONTROL": "0012", "SERIE": "04", "LINEA": "074", "COD_SEG": "SECTOR 010", "COD_MANZA": 0, "PISO": null, "actualizad": null }, "geometry": { "type": "Point", "coordinates": [ -62.4675058, 8.8020791 ] } },
{ "type": "Feature", "properties": { "id": null, "CONTROL": "0012", "SERIE": "05", "LINEA": "075", "COD_SEG": "SECTOR 010", "COD_MANZA": 0, "PISO": null, "actualizad": null }, "geometry": { "type": "Point", "coordinates": [ -62.4676023, 8.8019836 ] } },
{ "type": "Feature", "properties": { "id": null, "CONTROL": "0012", "SERIE": "06", "LINEA": "076", "COD_SEG": "SECTOR 010", "COD_MANZA": 0, "PISO": null, "actualizad": null }, "geometry": { "type": "Point", "coordinates": [ -62.4676989, 8.8018776 ] } },
{ "type": "Feature", "properties": { "id": null, "CONTROL": "0012", "SERIE": "07", "LINEA": "077", "COD_SEG": "SECTOR 010", "COD_MANZA": 0, "PISO": null, "actualizad": null }, "geometry": { "type": "Point", "coordinates": [ -62.4677794, 8.8017689 ] } },
{ "type": "Feature", "properties": { "id": null, "CONTROL": "0012", "SERIE": "08", "LINEA": "078", "COD_SEG": "SECTOR 010", "COD_MANZA": 0, "PISO": null, "actualizad": null }, "geometry": { "type": "Point", "coordinates": [ -62.4678598, 8.8016417 ] } },
{ "type": "Feature", "properties": { "id": null, "CONTROL": "0012", "SERIE": "16", "LINEA": "086", "COD_SEG": "SECTOR 010", "COD_MANZA": 0, "PISO": null, "actualizad": null }, "geometry": { "type": "Point", "coordinates": [ -62.4679376, 8.8015224 ] } },
{ "type": "Feature", "properties": { "id": null, "CONTROL": "0012", "SERIE": "15", "LINEA": "085", "COD_SEG": "SECTOR 010", "COD_MANZA": 0, "PISO": null, "actualizad": null }, "geometry": { "type": "Point", "coordinates": [ -62.4681468, 8.8017848 ] } },
{ "type": "Feature", "properties": { "id": null, "CONTROL": "0012", "SERIE": "09", "LINEA": "079", "COD_SEG": "SECTOR 010", "COD_MANZA": 0, "PISO": null, "actualizad": null }, "geometry": { "type": "Point", "coordinates": [ -62.468356, 8.8020579 ] } },
{ "type": "Feature", "properties": { "id": null, "CONTROL": "0012", "SERIE": "10", "LINEA": "080", "COD_SEG": "SECTOR 010", "COD_MANZA": 0, "PISO": null, "actualizad": null }, "geometry": { "type": "Point", "coordinates": [ -62.4682514, 8.8021453 ] } },
{ "type": "Feature", "properties": { "id": null, "CONTROL": "0012", "SERIE": "11", "LINEA": "081", "COD_SEG": "SECTOR 010", "COD_MANZA": 0, "PISO": null, "actualizad": null }, "geometry": { "type": "Point", "coordinates": [ -62.4681415, 8.802254 ] } },
{ "type": "Feature", "properties": { "id": null, "CONTROL": "0012", "SERIE": "12", "LINEA": "082", "COD_SEG": "SECTOR 010", "COD_MANZA": 0, "PISO": null, "actualizad": null }, "geometry": { "type": "Point", "coordinates": [ -62.4680342, 8.8023653 ] } },
{ "type": "Feature", "properties": { "id": null, "CONTROL": "0012", "SERIE": "13", "LINEA": "083", "COD_SEG": "SECTOR 010", "COD_MANZA": 0, "PISO": null, "actualizad": null }, "geometry": { "type": "Point", "coordinates": [ -62.4679296, 8.8024634 ] } },
{ "type": "Feature", "properties": { "id": null, "CONTROL": "0012", "SERIE": "14", "LINEA": "084", "COD_SEG": "SECTOR 010", "COD_MANZA": 0, "PISO": null, "actualizad": null }, "geometry": { "type": "Point", "coordinates": [ -62.4678437, 8.8025456 ] } },
{ "type": "Feature", "properties": { "id": null, "CONTROL": "0012", "SERIE": "CANCHA DE BOLAS CRIOLLAS", "LINEA": null, "COD_SEG": "SECTOR 010", "COD_MANZA": 0, "PISO": null, "actualizad": null }, "geometry": { "type": "Point", "coordinates": [ -62.4671102, 8.8025248 ] } },
{ "type": "Feature", "properties": { "id": null, "CONTROL": "0012", "SERIE": "CASA DEL PARTIDO PRIMERO JUSTICIA", "LINEA": null, "COD_SEG": "SECTOR 010", "COD_MANZA": 0, "PISO": null, "actualizad": null }, "geometry": { "type": "Point", "coordinates": [ -62.4684648, 8.8023472 ] } },
{ "type": "Feature", "properties": { "id": null, "CONTROL": "0012", "SERIE": "CLUB \"LA AMISTAD\"", "LINEA": null, "COD_SEG": "SECTOR 010", "COD_MANZA": 0, "PISO": null, "actualizad": null }, "geometry": { "type": "Point", "coordinates": [ -62.4683413, 8.8024718 ] } },
{ "type": "Feature", "properties": { "id": null, "CONTROL": "0012", "SERIE": "IGLESIA PENTECOSTAL \"RIOS DE AGUA VIVA\"", "LINEA": null, "COD_SEG": "SECTOR 010", "COD_MANZA": 0, "PISO": null, "actualizad": null }, "geometry": { "type": "Point", "coordinates": [ -62.467787, 8.8012871 ] } },
{ "type": "Feature", "properties": { "id": null, "CONTROL": "0012", "SERIE": "U.E BOLIVARIANA \"PASO NUEVO\"", "LINEA": null, "COD_SEG": "SECTOR 010", "COD_MANZA": 0, "PISO": null, "actualizad": null }, "geometry": { "type": "Point", "coordinates": [ -62.4693621, 8.8017102 ] } },
{ "type": "Feature", "properties": { "id": null, "CONTROL": "0012", "SERIE": "AMBULATORIO PASO NUEVO", "LINEA": null, "COD_SEG": "SECTOR 010", "COD_MANZA": 0, "PISO": null, "actualizad": null }, "geometry": { "type": "Point", "coordinates": [ -62.4701668, 8.8018428 ] } },
{ "type": "Feature", "properties": { "id": null, "CONTROL": "0012", "SERIE": "PLAZA", "LINEA": null, "COD_SEG": "SECTOR 010", "COD_MANZA": 0, "PISO": null, "actualizad": null }, "geometry": { "type": "Point", "coordinates": [ -62.4698449, 8.8022563 ] } },
{ "type": "Feature", "properties": { "id": null, "CONTROL": "0012", "SERIE": "CANCHA", "LINEA": null, "COD_SEG": "SECTOR 010", "COD_MANZA": 0, "PISO": null, "actualizad": null }, "geometry": { "type": "Point", "coordinates": [ -62.4694533, 8.8021184 ] } },
{ "type": "Feature", "properties": { "id": null, "CONTROL": "0042", "SERIE": "01", "LINEA": "046", "COD_SEG": "016", "COD_MANZA": 3, "PISO": null, "actualizad": null }, "geometry": { "type": "Point", "coordinates": [ -63.2132162, 9.7331105 ] } },
{ "type": "Feature", "properties": { "id": null, "CONTROL": "0042", "SERIE": "02", "LINEA": "047", "COD_SEG": "016", "COD_MANZA": 3, "PISO": null, "actualizad": null }, "geometry": { "type": "Point", "coordinates": [ -63.2132578, 9.7331699 ] } },
{ "type": "Feature", "properties": { "id": null, "CONTROL": "0042", "SERIE": "16", "LINEA": "202", "COD_SEG": "016", "COD_MANZA": 4, "PISO": null, "actualizad": null }, "geometry": { "type": "Point", "coordinates": [ -63.2118993, 9.7330347 ] } },
{ "type": "Feature", "properties": { "id": null, "CONTROL": "0042", "SERIE": "05", "LINEA": "050", "COD_SEG": "016", "COD_MANZA": 4, "PISO": null, "actualizad": null }, "geometry": { "type": "Point", "coordinates": [ -63.2118617, 9.7330783 ] } },
{ "type": "Feature", "properties": { "id": null, "CONTROL": "0042", "SERIE": "17", "LINEA": "204", "COD_SEG": "016", "COD_MANZA": 4, "PISO": null, "actualizad": null }, "geometry": { "type": "Point", "coordinates": [ -63.211851, 9.7331364 ] } },
{ "type": "Feature", "properties": { "id": null, "CONTROL": "0042", "SERIE": "06", "LINEA": "051", "COD_SEG": "016", "COD_MANZA": 4, "PISO": null, "actualizad": null }, "geometry": { "type": "Point", "coordinates": [ -63.2120508, 9.7329818 ] } },
{ "type": "Feature", "properties": { "id": null, "CONTROL": "0042", "SERIE": "07", "LINEA": "052", "COD_SEG": "016", "COD_MANZA": 4, "PISO": null, "actualizad": null }, "geometry": { "type": "Point", "coordinates": [ -63.2121487, 9.7329289 ] } },
{ "type": "Feature", "properties": { "id": null, "CONTROL": "0042", "SERIE": "08", "LINEA": "053", "COD_SEG": "016", "COD_MANZA": 4, "PISO": null, "actualizad": null }, "geometry": { "type": "Point", "coordinates": [ -63.2122278, 9.7329064 ] } },
{ "type": "Feature", "properties": { "id": null, "CONTROL": "0042", "SERIE": "09", "LINEA": "054", "COD_SEG": "016", "COD_MANZA": 4, "PISO": null, "actualizad": null }, "geometry": { "type": "Point", "coordinates": [ -63.2123244, 9.7328985 ] } },
{ "type": "Feature", "properties": { "id": null, "CONTROL": "0042", "SERIE": "10", "LINEA": "055", "COD_SEG": "016", "COD_MANZA": 4, "PISO": null, "actualizad": null }, "geometry": { "type": "Point", "coordinates": [ -63.2123928, 9.7328364 ] } },
{ "type": "Feature", "properties": { "id": null, "CONTROL": "0042", "SERIE": "11", "LINEA": "056", "COD_SEG": "016", "COD_MANZA": 4, "PISO": null, "actualizad": null }, "geometry": { "type": "Point", "coordinates": [ -63.2124853, 9.7328192 ] } },
{ "type": "Feature", "properties": { "id": null, "CONTROL": "0042", "SERIE": "12", "LINEA": "057", "COD_SEG": "016", "COD_MANZA": 4, "PISO": null, "actualizad": null }, "geometry": { "type": "Point", "coordinates": [ -63.2125806, 9.7327914 ] } },
{ "type": "Feature", "properties": { "id": null, "CONTROL": "0042", "SERIE": "13", "LINEA": "056", "COD_SEG": "016", "COD_MANZA": 4, "PISO": null, "actualizad": null }, "geometry": { "type": "Point", "coordinates": [ -63.2126946, 9.7327544 ] } },
{ "type": "Feature", "properties": { "id": null, "CONTROL": "0042", "SERIE": "14", "LINEA": "059", "COD_SEG": "016", "COD_MANZA": 4, "PISO": null, "actualizad": null }, "geometry": { "type": "Point", "coordinates": [ -63.2127527, 9.7327162 ] } },
{ "type": "Feature", "properties": { "id": null, "CONTROL": "0042", "SERIE": "15", "LINEA": "060", "COD_SEG": "016", "COD_MANZA": 4, "PISO": null, "actualizad": null }, "geometry": { "type": "Point", "coordinates": [ -63.2128413, 9.7326739 ] } },
{ "type": "Feature", "properties": { "id": null, "CONTROL": "0084", "SERIE": "01", "LINEA": "015", "COD_SEG": "SECTOR 03", "COD_MANZA": 1, "PISO": null, "actualizad": null }, "geometry": { "type": "Point", "coordinates": [ -62.6540944, 8.4967423 ] } },
{ "type": "Feature", "properties": { "id": null, "CONTROL": "0084", "SERIE": "14", "LINEA": "028", "COD_SEG": "SECTOR 003", "COD_MANZA": 1, "PISO": null, "actualizad": null }, "geometry": { "type": "Point", "coordinates": [ -62.6545424, 8.4963086 ] } },
{ "type": "Feature", "properties": { "id": null, "CONTROL": "0084", "SERIE": "15", "LINEA": "029", "COD_SEG": "SECTOR 003", "COD_MANZA": 1, "PISO": null, "actualizad": null }, "geometry": { "type": "Point", "coordinates": [ -62.6546751, 8.4960871 ] } },
{ "type": "Feature", "properties": { "id": null, "CONTROL": "0084", "SERIE": "13", "LINEA": "027", "COD_SEG": "SECTOR 003", "COD_MANZA": 1, "PISO": null, "actualizad": null }, "geometry": { "type": "Point", "coordinates": [ -62.65343, 8.4956281 ] } },
{ "type": "Feature", "properties": { "id": null, "CONTROL": "0084", "SERIE": "02", "LINEA": "016", "COD_SEG": "SECTOR 003", "COD_MANZA": 1, "PISO": null, "actualizad": null }, "geometry": { "type": "Point", "coordinates": [ -62.653025, 8.4958085 ] } },
{ "type": "Feature", "properties": { "id": null, "CONTROL": "0084", "SERIE": "03", "LINEA": "017", "COD_SEG": "SECTOR 003", "COD_MANZA": 1, "PISO": null, "actualizad": null }, "geometry": { "type": "Point", "coordinates": [ -62.6527702, 8.4955737 ] } },
{ "type": "Feature", "properties": { "id": null, "CONTROL": "0084", "SERIE": "04", "LINEA": "018", "COD_SEG": "SECTOR 003", "COD_MANZA": 1, "PISO": null, "actualizad": null }, "geometry": { "type": "Point", "coordinates": [ -62.6526146, 8.4954185 ] } },
{ "type": "Feature", "properties": { "id": null, "CONTROL": "0084", "SERIE": "05", "LINEA": "019", "COD_SEG": "SECTOR 003", "COD_MANZA": 1, "PISO": null, "actualizad": null }, "geometry": { "type": "Point", "coordinates": [ -62.6524832, 8.495254 ] } },
{ "type": "Feature", "properties": { "id": null, "CONTROL": "0084", "SERIE": "06", "LINEA": "020", "COD_SEG": "SECTOR 003", "COD_MANZA": 1, "PISO": null, "actualizad": null }, "geometry": { "type": "Point", "coordinates": [ -62.6522699, 8.4950246 ] } },
{ "type": "Feature", "properties": { "id": null, "CONTROL": "0084", "SERIE": "07", "LINEA": "021", "COD_SEG": "SECTOR 003", "COD_MANZA": 1, "PISO": null, "actualizad": null }, "geometry": { "type": "Point", "coordinates": [ -62.6520648, 8.4948349 ] } },
{ "type": "Feature", "properties": { "id": null, "CONTROL": "0084", "SERIE": "08", "LINEA": "025", "COD_SEG": "SECTOR 003", "COD_MANZA": 1, "PISO": null, "actualizad": null }, "geometry": { "type": "Point", "coordinates": [ -62.6518475, 8.4946638 ] } },
{ "type": "Feature", "properties": { "id": null, "CONTROL": "0084", "SERIE": "09", "LINEA": "023", "COD_SEG": "SECTOR 003", "COD_MANZA": 1, "PISO": null, "actualizad": null }, "geometry": { "type": "Point", "coordinates": [ -62.6515431, 8.4943362 ] } },
{ "type": "Feature", "properties": { "id": null, "CONTROL": "0084", "SERIE": "10", "LINEA": "024", "COD_SEG": "SECTOR 003", "COD_MANZA": 1, "PISO": null, "actualizad": null }, "geometry": { "type": "Point", "coordinates": [ -62.6517845, 8.494185 ] } },
{ "type": "Feature", "properties": { "id": null, "CONTROL": "0084", "SERIE": "11", "LINEA": "025", "COD_SEG": "SECTOR 003", "COD_MANZA": 1, "PISO": null, "actualizad": null }, "geometry": { "type": "Point", "coordinates": [ -62.6519883, 8.4940125 ] } },
{ "type": "Feature", "properties": { "id": null, "CONTROL": "0084", "SERIE": "12", "LINEA": "026", "COD_SEG": "SECTOR 003", "COD_MANZA": 1, "PISO": null, "actualizad": null }, "geometry": { "type": "Point", "coordinates": [ -62.6522458, 8.4938507 ] } },
{ "type": "Feature", "properties": { "id": null, "CONTROL": "0084", "SERIE": "GALLERA", "LINEA": null, "COD_SEG": "SECTOR 003", "COD_MANZA": 1, "PISO": null, "actualizad": null }, "geometry": { "type": "Point", "coordinates": [ -62.6510535, 8.4955574 ] } },
{ "type": "Feature", "properties": { "id": null, "CONTROL": "0084", "SERIE": "CANCHA DE USOS MULTIPLES", "LINEA": null, "COD_SEG": "SECTOR 003", "COD_MANZA": 1, "PISO": null, "actualizad": null }, "geometry": { "type": "Point", "coordinates": [ -62.6507665, 8.4953253 ] } },
{ "type": "Feature", "properties": { "id": null, "CONTROL": "0084", "SERIE": "PREESCOLAR ", "LINEA": null, "COD_SEG": "SECTOR 003", "COD_MANZA": 1, "PISO": null, "actualizad": null }, "geometry": { "type": "Point", "coordinates": [ -62.6505962, 8.4952139 ] } },
{ "type": "Feature", "properties": { "id": null, "CONTROL": "0084", "SERIE": "PARADA", "LINEA": null, "COD_SEG": "SECTOR 003", "COD_MANZA": 1, "PISO": null, "actualizad": null }, "geometry": { "type": "Point", "coordinates": [ -62.6506096, 8.4951184 ] } },
{ "type": "Feature", "properties": { "id": null, "CONTROL": "2015", "SERIE": "01", "LINEA": "075", "COD_SEG": "109", "COD_MANZA": 6, "PISO": null, "actualizad": null }, "geometry": { "type": "Point", "coordinates": [ -63.2133617, 9.7123539 ] } },
{ "type": "Feature", "properties": { "id": null, "CONTROL": "2015", "SERIE": "02", "LINEA": "076", "COD_SEG": "109", "COD_MANZA": 6, "PISO": null, "actualizad": null }, "geometry": { "type": "Point", "coordinates": [ -63.2132879, 9.7123697 ] } },
{ "type": "Feature", "properties": { "id": null, "CONTROL": "2015", "SERIE": "03", "LINEA": "090", "COD_SEG": "109", "COD_MANZA": 6, "PISO": null, "actualizad": null }, "geometry": { "type": "Point", "coordinates": [ -63.213143, 9.7123804 ] } },
{ "type": "Feature", "properties": { "id": null, "CONTROL": "2015", "SERIE": "04", "LINEA": "091", "COD_SEG": "109", "COD_MANZA": 6, "PISO": null, "actualizad": null }, "geometry": { "type": "Point", "coordinates": [ -63.2131135, 9.712297 ] } },
{ "type": "Feature", "properties": { "id": null, "CONTROL": "2015", "SERIE": "05", "LINEA": "092", "COD_SEG": "109", "COD_MANZA": 6, "PISO": null, "actualizad": null }, "geometry": { "type": "Point", "coordinates": [ -63.2131068, 9.7122231 ] } },
{ "type": "Feature", "properties": { "id": null, "CONTROL": "2015", "SERIE": "06", "LINEA": "077", "COD_SEG": "109", "COD_MANZA": 6, "PISO": null, "actualizad": null }, "geometry": { "type": "Point", "coordinates": [ -63.2130908, 9.7121213 ] } },
{ "type": "Feature", "properties": { "id": null, "CONTROL": "2015", "SERIE": "07", "LINEA": "078", "COD_SEG": "109", "COD_MANZA": 6, "PISO": null, "actualizad": null }, "geometry": { "type": "Point", "coordinates": [ -63.213072, 9.7120168 ] } },
{ "type": "Feature", "properties": { "id": null, "CONTROL": "2015", "SERIE": "08", "LINEA": "079", "COD_SEG": "109", "COD_MANZA": 6, "PISO": null, "actualizad": null }, "geometry": { "type": "Point", "coordinates": [ -63.2132101, 9.7119679 ] } },
{ "type": "Feature", "properties": { "id": null, "CONTROL": "2015", "SERIE": "09", "LINEA": "080", "COD_SEG": "109", "COD_MANZA": 6, "PISO": null, "actualizad": null }, "geometry": { "type": "Point", "coordinates": [ -63.2132543, 9.7119547 ] } },
{ "type": "Feature", "properties": { "id": null, "CONTROL": "2015", "SERIE": "10", "LINEA": "093", "COD_SEG": "109", "COD_MANZA": 6, "PISO": null, "actualizad": null }, "geometry": { "type": "Point", "coordinates": [ -63.2133039, 9.7119507 ] } },
{ "type": "Feature", "properties": { "id": null, "CONTROL": "2015", "SERIE": "11", "LINEA": "094", "COD_SEG": "109", "COD_MANZA": 6, "PISO": null, "actualizad": null }, "geometry": { "type": "Point", "coordinates": [ -63.2133456, 9.7119349 ] } },
{ "type": "Feature", "properties": { "id": null, "CONTROL": "2015", "SERIE": "12", "LINEA": "095", "COD_SEG": "109", "COD_MANZA": 6, "PISO": null, "actualizad": null }, "geometry": { "type": "Point", "coordinates": [ -63.2133925, 9.711923 ] } },
{ "type": "Feature", "properties": { "id": null, "CONTROL": "2015", "SERIE": "13", "LINEA": "082", "COD_SEG": "109", "COD_MANZA": 6, "PISO": null, "actualizad": null }, "geometry": { "type": "Point", "coordinates": [ -63.2135843, 9.7119256 ] } },
{ "type": "Feature", "properties": { "id": null, "CONTROL": "2015", "SERIE": "14", "LINEA": "083", "COD_SEG": "109", "COD_MANZA": 6, "PISO": null, "actualizad": null }, "geometry": { "type": "Point", "coordinates": [ -63.2136151, 9.7120565 ] } },
{ "type": "Feature", "properties": { "id": null, "CONTROL": "2015", "SERIE": "15", "LINEA": "084", "COD_SEG": "109", "COD_MANZA": 6, "PISO": null, "actualizad": null }, "geometry": { "type": "Point", "coordinates": [ -63.2136406, 9.7121662 ] } },
{ "type": "Feature", "properties": { "id": null, "CONTROL": "2015", "SERIE": "19", "LINEA": "088", "COD_SEG": "109", "COD_MANZA": 7, "PISO": null, "actualizad": null }, "geometry": { "type": "Point", "coordinates": [ -63.2139075, 9.7122495 ] } },
{ "type": "Feature", "properties": { "id": null, "CONTROL": "2015", "SERIE": "20", "LINEA": "089", "COD_SEG": "109", "COD_MANZA": 7, "PISO": null, "actualizad": null }, "geometry": { "type": "Point", "coordinates": [ -63.2137774, 9.7119441 ] } },
{ "type": "Feature", "properties": { "id": null, "CONTROL": "2015", "SERIE": "18", "LINEA": "087", "COD_SEG": "109", "COD_MANZA": 7, "PISO": null, "actualizad": null }, "geometry": { "type": "Point", "coordinates": [ -63.2140563, 9.7122296 ] } },
{ "type": "Feature", "properties": { "id": null, "CONTROL": "2015", "SERIE": "17", "LINEA": "086", "COD_SEG": "109", "COD_MANZA": 7, "PISO": null, "actualizad": null }, "geometry": { "type": "Point", "coordinates": [ -63.2141582, 9.7122111 ] } },
{ "type": "Feature", "properties": { "id": null, "CONTROL": "2015", "SERIE": "16", "LINEA": "085", "COD_SEG": "109", "COD_MANZA": 7, "PISO": null, "actualizad": null }, "geometry": { "type": "Point", "coordinates": [ -63.2142119, 9.7121952 ] } },
{ "type": "Feature", "properties": { "id": null, "CONTROL": "2034", "SERIE": "01", "LINEA": "090", "COD_SEG": "047", "COD_MANZA": 6, "PISO": null, "actualizad": null }, "geometry": { "type": "Point", "coordinates": [ -63.1833953, 9.7436367 ] } },
{ "type": "Feature", "properties": { "id": null, "CONTROL": "2034", "SERIE": "02", "LINEA": "091", "COD_SEG": "047", "COD_MANZA": 6, "PISO": null, "actualizad": null }, "geometry": { "type": "Point", "coordinates": [ -63.1833363, 9.7436288 ] } },
{ "type": "Feature", "properties": { "id": null, "CONTROL": "2034", "SERIE": "03", "LINEA": "092", "COD_SEG": "047", "COD_MANZA": 6, "PISO": null, "actualizad": null }, "geometry": { "type": "Point", "coordinates": [ -63.1832226, 9.7435993 ] } },
{ "type": "Feature", "properties": { "id": null, "CONTROL": "2034", "SERIE": "04", "LINEA": "105", "COD_SEG": "047", "COD_MANZA": 6, "PISO": null, "actualizad": null }, "geometry": { "type": "Point", "coordinates": [ -63.1832306, 9.7435451 ] } },
{ "type": "Feature", "properties": { "id": null, "CONTROL": "2034", "SERIE": "05", "LINEA": "093", "COD_SEG": "047", "COD_MANZA": 6, "PISO": null, "actualizad": null }, "geometry": { "type": "Point", "coordinates": [ -63.1832574, 9.7434962 ] } },
{ "type": "Feature", "properties": { "id": null, "CONTROL": "2034", "SERIE": "06", "LINEA": "106", "COD_SEG": "047", "COD_MANZA": 6, "PISO": null, "actualizad": null }, "geometry": { "type": "Point", "coordinates": [ -63.1832802, 9.7434606 ] } },
{ "type": "Feature", "properties": { "id": null, "CONTROL": "2034", "SERIE": "07", "LINEA": "094", "COD_SEG": "047", "COD_MANZA": 6, "PISO": null, "actualizad": null }, "geometry": { "type": "Point", "coordinates": [ -63.1832816, 9.7434024 ] } },
{ "type": "Feature", "properties": { "id": null, "CONTROL": "2034", "SERIE": "08", "LINEA": "095", "COD_SEG": "047", "COD_MANZA": 6, "PISO": null, "actualizad": null }, "geometry": { "type": "Point", "coordinates": [ -63.1833151, 9.7433707 ] } },
{ "type": "Feature", "properties": { "id": null, "CONTROL": "2034", "SERIE": "09", "LINEA": "096", "COD_SEG": "047", "COD_MANZA": 6, "PISO": null, "actualizad": null }, "geometry": { "type": "Point", "coordinates": [ -63.183299, 9.7433152 ] } },
{ "type": "Feature", "properties": { "id": null, "CONTROL": "2034", "SERIE": "10", "LINEA": "098", "COD_SEG": "047", "COD_MANZA": 6, "PISO": null, "actualizad": null }, "geometry": { "type": "Point", "coordinates": [ -63.183307, 9.7432729 ] } },
{ "type": "Feature", "properties": { "id": null, "CONTROL": "2034", "SERIE": "11", "LINEA": "099", "COD_SEG": "047", "COD_MANZA": 6, "PISO": null, "actualizad": null }, "geometry": { "type": "Point", "coordinates": [ -63.1833285, 9.7432107 ] } },
{ "type": "Feature", "properties": { "id": null, "CONTROL": "2034", "SERIE": "12", "LINEA": "100", "COD_SEG": "047", "COD_MANZA": 6, "PISO": null, "actualizad": null }, "geometry": { "type": "Point", "coordinates": [ -63.1833433, 9.7431486 ] } },
{ "type": "Feature", "properties": { "id": null, "CONTROL": "2034", "SERIE": "13", "LINEA": "101", "COD_SEG": "047", "COD_MANZA": 6, "PISO": null, "actualizad": null }, "geometry": { "type": "Point", "coordinates": [ -63.183358, 9.7430535 ] } },
{ "type": "Feature", "properties": { "id": null, "CONTROL": "2034", "SERIE": "14", "LINEA": "102", "COD_SEG": "047", "COD_MANZA": 6, "PISO": null, "actualizad": null }, "geometry": { "type": "Point", "coordinates": [ -63.1833714, 9.7429504 ] } },
{ "type": "Feature", "properties": { "id": null, "CONTROL": "2034", "SERIE": "15", "LINEA": "107", "COD_SEG": "047", "COD_MANZA": 6, "PISO": null, "actualizad": null }, "geometry": { "type": "Point", "coordinates": [ -63.1833929, 9.742879 ] } },
{ "type": "Feature", "properties": { "id": null, "CONTROL": "2034", "SERIE": "16", "LINEA": "103", "COD_SEG": "047", "COD_MANZA": 6, "PISO": null, "actualizad": null }, "geometry": { "type": "Point", "coordinates": [ -63.1834076, 9.742805 ] } },
{ "type": "Feature", "properties": { "id": null, "CONTROL": "2034", "SERIE": "17", "LINEA": "104", "COD_SEG": "047", "COD_MANZA": 6, "PISO": null, "actualizad": null }, "geometry": { "type": "Point", "coordinates": [ -63.1834935, 9.7427019 ] } },
{ "type": "Feature", "properties": { "id": null, "CONTROL": "2034", "SERIE": "BANCO MERCANTIL", "LINEA": null, "COD_SEG": "047", "COD_MANZA": 6, "PISO": null, "actualizad": null }, "geometry": { "type": "Point", "coordinates": [ -63.183732, 9.7423673 ] } },
{ "type": "Feature", "properties": { "id": null, "CONTROL": "2044", "SERIE": "01", "LINEA": "058", "COD_SEG": "005", "COD_MANZA": 2, "PISO": null, "actualizad": null }, "geometry": { "type": "Point", "coordinates": [ -63.3083197, 9.7080201 ] } },
{ "type": "Feature", "properties": { "id": null, "CONTROL": "2044", "SERIE": "02", "LINEA": "073", "COD_SEG": "005", "COD_MANZA": 2, "PISO": null, "actualizad": null }, "geometry": { "type": "Point", "coordinates": [ -63.3082808, 9.708258 ] } },
{ "type": "Feature", "properties": { "id": null, "CONTROL": "2044", "SERIE": "03", "LINEA": "059", "COD_SEG": "005", "COD_MANZA": 2, "PISO": null, "actualizad": null }, "geometry": { "type": "Point", "coordinates": [ -63.3082875, 9.7084748 ] } },
{ "type": "Feature", "properties": { "id": null, "CONTROL": "2044", "SERIE": "04", "LINEA": "054", "COD_SEG": "005", "COD_MANZA": 2, "PISO": null, "actualizad": null }, "geometry": { "type": "Point", "coordinates": [ -63.3082633, 9.708644 ] } },
{ "type": "Feature", "properties": { "id": null, "CONTROL": "2044", "SERIE": "05", "LINEA": "060", "COD_SEG": "005", "COD_MANZA": 2, "PISO": null, "actualizad": null }, "geometry": { "type": "Point", "coordinates": [ -63.3082566, 9.7087867 ] } },
{ "type": "Feature", "properties": { "id": null, "CONTROL": "2044", "SERIE": "06", "LINEA": "075", "COD_SEG": "005", "COD_MANZA": 2, "PISO": null, "actualizad": null }, "geometry": { "type": "Point", "coordinates": [ -63.3082352, 9.7089374 ] } },
{ "type": "Feature", "properties": { "id": null, "CONTROL": "2044", "SERIE": "07", "LINEA": "061", "COD_SEG": "005", "COD_MANZA": 2, "PISO": null, "actualizad": null }, "geometry": { "type": "Point", "coordinates": [ -63.3082473, 9.7090525 ] } },
{ "type": "Feature", "properties": { "id": null, "CONTROL": "2044", "SERIE": "08", "LINEA": "062", "COD_SEG": "005", "COD_MANZA": 2, "PISO": null, "actualizad": null }, "geometry": { "type": "Point", "coordinates": [ -63.3082593, 9.709219 ] } },
{ "type": "Feature", "properties": { "id": null, "CONTROL": "2044", "SERIE": "18", "LINEA": "078", "COD_SEG": "005", "COD_MANZA": 2, "PISO": null, "actualizad": null }, "geometry": { "type": "Point", "coordinates": [ -63.308266, 9.7093485 ] } },
{ "type": "Feature", "properties": { "id": null, "CONTROL": "2044", "SERIE": "09", "LINEA": "064", "COD_SEG": "005", "COD_MANZA": 2, "PISO": null, "actualizad": null }, "geometry": { "type": "Point", "coordinates": [ -63.3082727, 9.70949 ] } },
{ "type": "Feature", "properties": { "id": null, "CONTROL": "2044", "SERIE": "10", "LINEA": "065", "COD_SEG": "005", "COD_MANZA": 2, "PISO": null, "actualizad": null }, "geometry": { "type": "Point", "coordinates": [ -63.3082741, 9.709564 ] } },
{ "type": "Feature", "properties": { "id": null, "CONTROL": "2044", "SERIE": "11", "LINEA": "068", "COD_SEG": "005", "COD_MANZA": 3, "PISO": null, "actualizad": null }, "geometry": { "type": "Point", "coordinates": [ -63.3087304, 9.7083428 ] } },
{ "type": "Feature", "properties": { "id": null, "CONTROL": "2044", "SERIE": "12", "LINEA": "069", "COD_SEG": "005", "COD_MANZA": 3, "PISO": null, "actualizad": null }, "geometry": { "type": "Point", "coordinates": [ -63.3086642, 9.7079932 ] } },
{ "type": "Feature", "properties": { "id": null, "CONTROL": "2044", "SERIE": "13", "LINEA": "070", "COD_SEG": "005", "COD_MANZA": 3, "PISO": null, "actualizad": null }, "geometry": { "type": "Point", "coordinates": [ -63.3086481, 9.707734 ] } },
{ "type": "Feature", "properties": { "id": null, "CONTROL": "2044", "SERIE": "14", "LINEA": "076", "COD_SEG": "005", "COD_MANZA": 3, "PISO": null, "actualizad": null }, "geometry": { "type": "Point", "coordinates": [ -63.3086374, 9.7075808 ] } },
{ "type": "Feature", "properties": { "id": null, "CONTROL": "2044", "SERIE": "15", "LINEA": "071", "COD_SEG": "005", "COD_MANZA": 3, "PISO": null, "actualizad": null }, "geometry": { "type": "Point", "coordinates": [ -63.3091443, 9.7075358 ] } },
{ "type": "Feature", "properties": { "id": null, "CONTROL": "2044", "SERIE": "16", "LINEA": "072", "COD_SEG": "005", "COD_MANZA": 3, "PISO": null, "actualizad": null }, "geometry": { "type": "Point", "coordinates": [ -63.3091899, 9.7078584 ] } },
{ "type": "Feature", "properties": { "id": null, "CONTROL": "2044", "SERIE": "17", "LINEA": "077", "COD_SEG": "005", "COD_MANZA": 3, "PISO": null, "actualizad": null }, "geometry": { "type": "Point", "coordinates": [ -63.3092087, 9.7080619 ] } },
{ "type": "Feature", "properties": { "id": null, "CONTROL": "3033", "SERIE": "01", "LINEA": "091", "COD_SEG": "085", "COD_MANZA": 4, "PISO": null, "actualizad": null }, "geometry": { "type": "Point", "coordinates": [ -63.1349979, 9.7515132 ] } },
{ "type": "Feature", "properties": { "id": null, "CONTROL": "3033", "SERIE": "02", "LINEA": "092", "COD_SEG": "085", "COD_MANZA": 4, "PISO": null, "actualizad": null }, "geometry": { "type": "Point", "coordinates": [ -63.1350033, 9.7514101 ] } },
{ "type": "Feature", "properties": { "id": null, "CONTROL": "3033", "SERIE": "03", "LINEA": "093", "COD_SEG": "085", "COD_MANZA": 4, "PISO": null, "actualizad": null }, "geometry": { "type": "Point", "coordinates": [ -63.1350086, 9.7513282 ] } },
{ "type": "Feature", "properties": { "id": null, "CONTROL": "3033", "SERIE": "04", "LINEA": "094", "COD_SEG": "085", "COD_MANZA": 4, "PISO": null, "actualizad": null }, "geometry": { "type": "Point", "coordinates": [ -63.1352983, 9.7513493 ] } },
{ "type": "Feature", "properties": { "id": null, "CONTROL": "3033", "SERIE": "05", "LINEA": "095", "COD_SEG": "085", "COD_MANZA": 4, "PISO": null, "actualizad": null }, "geometry": { "type": "Point", "coordinates": [ -63.1352634, 9.7514234 ] } },
{ "type": "Feature", "properties": { "id": null, "CONTROL": "3033", "SERIE": "06", "LINEA": "096", "COD_SEG": "085", "COD_MANZA": 4, "PISO": null, "actualizad": null }, "geometry": { "type": "Point", "coordinates": [ -63.1352085, 9.7514934 ] } },
{ "type": "Feature", "properties": { "id": null, "CONTROL": "3033", "SERIE": "07", "LINEA": "097", "COD_SEG": "085", "COD_MANZA": 4, "PISO": null, "actualizad": null }, "geometry": { "type": "Point", "coordinates": [ -63.1352554, 9.7515238 ] } },
{ "type": "Feature", "properties": { "id": null, "CONTROL": "3033", "SERIE": "08", "LINEA": "098", "COD_SEG": "085", "COD_MANZA": 4, "PISO": null, "actualizad": null }, "geometry": { "type": "Point", "coordinates": [ -63.1352434, 9.7515793 ] } },
{ "type": "Feature", "properties": { "id": null, "CONTROL": "3033", "SERIE": "10", "LINEA": "100", "COD_SEG": "085", "COD_MANZA": 4, "PISO": null, "actualizad": null }, "geometry": { "type": "Point", "coordinates": [ -63.1352232, 9.7516982 ] } },
{ "type": "Feature", "properties": { "id": null, "CONTROL": "3033", "SERIE": "11", "LINEA": "101", "COD_SEG": "085", "COD_MANZA": 4, "PISO": null, "actualizad": null }, "geometry": { "type": "Point", "coordinates": [ -63.1352259, 9.7517935 ] } },
{ "type": "Feature", "properties": { "id": null, "CONTROL": "3033", "SERIE": "12", "LINEA": "102", "COD_SEG": "085", "COD_MANZA": 4, "PISO": null, "actualizad": null }, "geometry": { "type": "Point", "coordinates": [ -63.1351924, 9.7518819 ] } },
{ "type": "Feature", "properties": { "id": null, "CONTROL": "3033", "SERIE": "13", "LINEA": "103", "COD_SEG": "085", "COD_MANZA": 4, "PISO": null, "actualizad": null }, "geometry": { "type": "Point", "coordinates": [ -63.1351964, 9.7519719 ] } },
{ "type": "Feature", "properties": { "id": null, "CONTROL": "3033", "SERIE": "14", "LINEA": "104", "COD_SEG": "085", "COD_MANZA": 4, "PISO": null, "actualizad": null }, "geometry": { "type": "Point", "coordinates": [ -63.1351736, 9.7520644 ] } },
{ "type": "Feature", "properties": { "id": null, "CONTROL": "3033", "SERIE": "15", "LINEA": "105", "COD_SEG": "085", "COD_MANZA": 4, "PISO": null, "actualizad": null }, "geometry": { "type": "Point", "coordinates": [ -63.1351614, 9.7521582 ] } },
{ "type": "Feature", "properties": { "id": null, "CONTROL": "2045", "SERIE": "01", "LINEA": "106", "COD_SEG": "006", "COD_MANZA": 7, "PISO": null, "actualizad": null }, "geometry": { "type": "Point", "coordinates": [ -63.4884332, 9.9706718 ] } },
{ "type": "Feature", "properties": { "id": null, "CONTROL": "2045", "SERIE": "02", "LINEA": "109", "COD_SEG": "006", "COD_MANZA": 7, "PISO": null, "actualizad": null }, "geometry": { "type": "Point", "coordinates": [ -63.488405, 9.9705794 ] } },
{ "type": "Feature", "properties": { "id": null, "CONTROL": "2045", "SERIE": "03", "LINEA": "110", "COD_SEG": "006", "COD_MANZA": 7, "PISO": null, "actualizad": null }, "geometry": { "type": "Point", "coordinates": [ -63.4883688, 9.9704922 ] } },
{ "type": "Feature", "properties": { "id": null, "CONTROL": "2045", "SERIE": "04", "LINEA": "111", "COD_SEG": "006", "COD_MANZA": 7, "PISO": null, "actualizad": null }, "geometry": { "type": "Point", "coordinates": [ -63.4883634, 9.9703746 ] } },
{ "type": "Feature", "properties": { "id": null, "CONTROL": "2045", "SERIE": "05", "LINEA": "113", "COD_SEG": "006", "COD_MANZA": 7, "PISO": null, "actualizad": null }, "geometry": { "type": "Point", "coordinates": [ -63.4886772, 9.9703997 ] } },
{ "type": "Feature", "properties": { "id": null, "CONTROL": "2045", "SERIE": "06", "LINEA": "121", "COD_SEG": "006", "COD_MANZA": 7, "PISO": null, "actualizad": null }, "geometry": { "type": "Point", "coordinates": [ -63.4887054, 9.9706097 ] } },
{ "type": "Feature", "properties": { "id": null, "CONTROL": "2045", "SERIE": "07", "LINEA": "114", "COD_SEG": "006", "COD_MANZA": 7, "PISO": null, "actualizad": null }, "geometry": { "type": "Point", "coordinates": [ -63.4887644, 9.9707973 ] } },
{ "type": "Feature", "properties": { "id": null, "CONTROL": "2045", "SERIE": "08", "LINEA": "115", "COD_SEG": "006", "COD_MANZA": 7, "PISO": null, "actualizad": null }, "geometry": { "type": "Point", "coordinates": [ -63.4888744, 9.9711711 ] } },
{ "type": "Feature", "properties": { "id": null, "CONTROL": "2045", "SERIE": "09", "LINEA": "116", "COD_SEG": "006", "COD_MANZA": 7, "PISO": null, "actualizad": null }, "geometry": { "type": "Point", "coordinates": [ -63.4889092, 9.971319 ] } },
{ "type": "Feature", "properties": { "id": null, "CONTROL": "2045", "SERIE": "PLAZA ROMULO BETANCOURT", "LINEA": null, "COD_SEG": "006", "COD_MANZA": 7, "PISO": null, "actualizad": null }, "geometry": { "type": "Point", "coordinates": [ -63.4892311, 9.9728792 ] } },
{ "type": "Feature", "properties": { "id": null, "CONTROL": "2045", "SERIE": "PANADERIA Y CHARCUTERIA LO MEJOR DEL PAN ANDINO", "LINEA": null, "COD_SEG": "006", "COD_MANZA": 7, "PISO": null, "actualizad": null }, "geometry": { "type": "Point", "coordinates": [ -63.4886625, 9.970293 ] } },
{ "type": "Feature", "properties": { "id": null, "CONTROL": "2045", "SERIE": "IGLESIA NUEVA VIDA EVANGELICA", "LINEA": null, "COD_SEG": "006", "COD_MANZA": 7, "PISO": null, "actualizad": null }, "geometry": { "type": "Point", "coordinates": [ -63.4886384, 9.9709773 ] } },
{ "type": "Feature", "properties": { "id": null, "CONTROL": "2045", "SERIE": "10", "LINEA": "119", "COD_SEG": "006", "COD_MANZA": 8, "PISO": null, "actualizad": null }, "geometry": { "type": "Point", "coordinates": [ -63.4880885, 9.9718186 ] } },
{ "type": "Feature", "properties": { "id": null, "CONTROL": "2045", "SERIE": "PLAZA AGUSTIN DIAZ", "LINEA": null, "COD_SEG": "006", "COD_MANZA": 8, "PISO": null, "actualizad": null }, "geometry": { "type": "Point", "coordinates": [ -63.4877961, 9.971923 ] } },
{ "type": "Feature", "properties": { "id": null, "CONTROL": "2045", "SERIE": "LICORERIA LOS CUÑADOS", "LINEA": null, "COD_SEG": "006", "COD_MANZA": 8, "PISO": null, "actualizad": null }, "geometry": { "type": "Point", "coordinates": [ -63.4896066, 9.9731303 ] } },
{ "type": "Feature", "properties": { "id": null, "CONTROL": "3018", "SERIE": "02", "LINEA": "047", "COD_SEG": "053", "COD_MANZA": 3, "PISO": null, "actualizad": null }, "geometry": { "type": "Point", "coordinates": [ -63.6148722, 9.6830279 ] } },
{ "type": "Feature", "properties": { "id": null, "CONTROL": "3018", "SERIE": "03", "LINEA": "048", "COD_SEG": "053", "COD_MANZA": 3, "PISO": null, "actualizad": null }, "geometry": { "type": "Point", "coordinates": [ -63.6150278, 9.6830623 ] } },
{ "type": "Feature", "properties": { "id": null, "CONTROL": "3018", "SERIE": "04", "LINEA": "049", "COD_SEG": "053", "COD_MANZA": 3, "PISO": null, "actualizad": null }, "geometry": { "type": "Point", "coordinates": [ -63.6151378, 9.6831178 ] } },
{ "type": "Feature", "properties": { "id": null, "CONTROL": "3018", "SERIE": "05", "LINEA": "050", "COD_SEG": "053", "COD_MANZA": 3, "PISO": null, "actualizad": null }, "geometry": { "type": "Point", "coordinates": [ -63.615222, 9.6831988 ] } },
{ "type": "Feature", "properties": { "id": null, "CONTROL": "3018", "SERIE": "06", "LINEA": "051", "COD_SEG": "053", "COD_MANZA": 3, "PISO": null, "actualizad": null }, "geometry": { "type": "Point", "coordinates": [ -63.6153173, 9.6831512 ] } },
{ "type": "Feature", "properties": { "id": null, "CONTROL": "3018", "SERIE": "07", "LINEA": "053", "COD_SEG": "053", "COD_MANZA": 3, "PISO": null, "actualizad": null }, "geometry": { "type": "Point", "coordinates": [ -63.6154286, 9.6833085 ] } },
{ "type": "Feature", "properties": { "id": null, "CONTROL": "3018", "SERIE": "08", "LINEA": "054", "COD_SEG": "053", "COD_MANZA": 3, "PISO": null, "actualizad": null }, "geometry": { "type": "Point", "coordinates": [ -63.6156794, 9.6832821 ] } },
{ "type": "Feature", "properties": { "id": null, "CONTROL": "3018", "SERIE": "09", "LINEA": "055", "COD_SEG": "053", "COD_MANZA": 3, "PISO": null, "actualizad": null }, "geometry": { "type": "Point", "coordinates": [ -63.6158497, 9.6833577 ] } },
{ "type": "Feature", "properties": { "id": null, "CONTROL": "3018", "SERIE": "11", "LINEA": "057", "COD_SEG": "053", "COD_MANZA": 3, "PISO": null, "actualizad": null }, "geometry": { "type": "Point", "coordinates": [ -63.615957, 9.6833419 ] } },
{ "type": "Feature", "properties": { "id": null, "CONTROL": "3018", "SERIE": "12", "LINEA": "058", "COD_SEG": "053", "COD_MANZA": 3, "PISO": null, "actualizad": null }, "geometry": { "type": "Point", "coordinates": [ -63.616016, 9.6833352 ] } },
{ "type": "Feature", "properties": { "id": null, "CONTROL": "3018", "SERIE": "15", "LINEA": "052", "COD_SEG": "053", "COD_MANZA": 3, "PISO": null, "actualizad": null }, "geometry": { "type": "Point", "coordinates": [ -63.6161112, 9.6833564 ] } },
{ "type": "Feature", "properties": { "id": null, "CONTROL": "3018", "SERIE": "13", "LINEA": "059", "COD_SEG": "053", "COD_MANZA": 3, "PISO": null, "actualizad": null }, "geometry": { "type": "Point", "coordinates": [ -63.616248, 9.6841747 ] } },
{ "type": "Feature", "properties": { "id": null, "CONTROL": "3018", "SERIE": "14", "LINEA": "060", "COD_SEG": "053", "COD_MANZA": 3, "PISO": null, "actualizad": null }, "geometry": { "type": "Point", "coordinates": [ -63.6161715, 9.6843413 ] } },
{ "type": "Feature", "properties": { "id": null, "CONTROL": "0058", "SERIE": "01", "LINEA": "106", "COD_SEG": "031", "COD_MANZA": 6, "PISO": null, "actualizad": null }, "geometry": { "type": "Point", "coordinates": [ -63.2481826, 9.6885657 ] } },
{ "type": "Feature", "properties": { "id": null, "CONTROL": "0058", "SERIE": "02", "LINEA": "107", "COD_SEG": "031", "COD_MANZA": 6, "PISO": null, "actualizad": null }, "geometry": { "type": "Point", "coordinates": [ -63.2480982, 9.6885101 ] } },
{ "type": "Feature", "properties": { "id": null, "CONTROL": "0058", "SERIE": "03", "LINEA": "108", "COD_SEG": "031", "COD_MANZA": 6, "PISO": null, "actualizad": null }, "geometry": { "type": "Point", "coordinates": [ -63.2481557, 9.6884149 ] } },
{ "type": "Feature", "properties": { "id": null, "CONTROL": "0058", "SERIE": "04", "LINEA": "109", "COD_SEG": "031", "COD_MANZA": 6, "PISO": null, "actualizad": null }, "geometry": { "type": "Point", "coordinates": [ -63.2482135, 9.6883277 ] } },
{ "type": "Feature", "properties": { "id": null, "CONTROL": "0058", "SERIE": "05", "LINEA": "110", "COD_SEG": "031", "COD_MANZA": 6, "PISO": null, "actualizad": null }, "geometry": { "type": "Point", "coordinates": [ -63.2482846, 9.6882259 ] } },
{ "type": "Feature", "properties": { "id": null, "CONTROL": "0058", "SERIE": "06", "LINEA": "111", "COD_SEG": "031", "COD_MANZA": 6, "PISO": null, "actualizad": null }, "geometry": { "type": "Point", "coordinates": [ -63.2483395, 9.6881268 ] } },
{ "type": "Feature", "properties": { "id": null, "CONTROL": "0058", "SERIE": "07", "LINEA": "112", "COD_SEG": "031", "COD_MANZA": 6, "PISO": null, "actualizad": null }, "geometry": { "type": "Point", "coordinates": [ -63.2483824, 9.6880302 ] } },
{ "type": "Feature", "properties": { "id": null, "CONTROL": "0058", "SERIE": "08", "LINEA": "113", "COD_SEG": "031", "COD_MANZA": 6, "PISO": null, "actualizad": null }, "geometry": { "type": "Point", "coordinates": [ -63.2484535, 9.6879205 ] } },
{ "type": "Feature", "properties": { "id": null, "CONTROL": "0058", "SERIE": "09", "LINEA": "114", "COD_SEG": "031", "COD_MANZA": 6, "PISO": null, "actualizad": null }, "geometry": { "type": "Point", "coordinates": [ -63.2487137, 9.6880607 ] } },
{ "type": "Feature", "properties": { "id": null, "CONTROL": "0058", "SERIE": "10", "LINEA": "115", "COD_SEG": "031", "COD_MANZA": 6, "PISO": null, "actualizad": null }, "geometry": { "type": "Point", "coordinates": [ -63.2486613, 9.688177 ] } },
{ "type": "Feature", "properties": { "id": null, "CONTROL": "0058", "SERIE": "11", "LINEA": "116", "COD_SEG": "031", "COD_MANZA": 6, "PISO": null, "actualizad": null }, "geometry": { "type": "Point", "coordinates": [ -63.2486265, 9.6882497 ] } },
{ "type": "Feature", "properties": { "id": null, "CONTROL": "0058", "SERIE": "12", "LINEA": "117", "COD_SEG": "031", "COD_MANZA": 6, "PISO": null, "actualizad": null }, "geometry": { "type": "Point", "coordinates": [ -63.2485447, 9.6883449 ] } },
{ "type": "Feature", "properties": { "id": null, "CONTROL": "0058", "SERIE": "14", "LINEA": "119", "COD_SEG": "031", "COD_MANZA": 6, "PISO": null, "actualizad": null }, "geometry": { "type": "Point", "coordinates": [ -63.2484468, 9.6885128 ] } },
{ "type": "Feature", "properties": { "id": null, "CONTROL": "0058", "SERIE": "13", "LINEA": "118", "COD_SEG": "031", "COD_MANZA": 6, "PISO": null, "actualizad": null }, "geometry": { "type": "Point", "coordinates": [ -63.2484964, 9.6884269 ] } },
{ "type": "Feature", "properties": { "id": null, "CONTROL": "0058", "SERIE": "15", "LINEA": "120", "COD_SEG": "031", "COD_MANZA": 7, "PISO": null, "actualizad": null }, "geometry": { "type": "Point", "coordinates": [ -63.2479828, 9.6884559 ] } },
{ "type": "Feature", "properties": { "id": null, "CONTROL": "0009", "SERIE": "01", "LINEA": "074", "COD_SEG": "060", "COD_MANZA": 2, "PISO": null, "actualizad": null }, "geometry": { "type": "Point", "coordinates": [ -63.1967727, 9.7359845 ] } },
{ "type": "Feature", "properties": { "id": null, "CONTROL": "0009", "SERIE": "02", "LINEA": "075", "COD_SEG": "060", "COD_MANZA": 2, "PISO": null, "actualizad": null }, "geometry": { "type": "Point", "coordinates": [ -63.1968693, 9.7359832 ] } },
{ "type": "Feature", "properties": { "id": null, "CONTROL": "0009", "SERIE": "03", "LINEA": "076", "COD_SEG": "060", "COD_MANZA": 2, "PISO": null, "actualizad": null }, "geometry": { "type": "Point", "coordinates": [ -63.1968907, 9.7361339 ] } },
{ "type": "Feature", "properties": { "id": null, "CONTROL": "0009", "SERIE": "04", "LINEA": "077", "COD_SEG": "060", "COD_MANZA": 2, "PISO": null, "actualizad": null }, "geometry": { "type": "Point", "coordinates": [ -63.1969135, 9.7362291 ] } },
{ "type": "Feature", "properties": { "id": null, "CONTROL": "0009", "SERIE": "05", "LINEA": "078", "COD_SEG": "060", "COD_MANZA": 2, "PISO": null, "actualizad": null }, "geometry": { "type": "Point", "coordinates": [ -63.1969645, 9.7362859 ] } },
{ "type": "Feature", "properties": { "id": null, "CONTROL": "0009", "SERIE": "06", "LINEA": "079", "COD_SEG": "060", "COD_MANZA": 2, "PISO": null, "actualizad": null }, "geometry": { "type": "Point", "coordinates": [ -63.1969216, 9.7364128 ] } },
{ "type": "Feature", "properties": { "id": null, "CONTROL": "0009", "SERIE": "07", "LINEA": "080", "COD_SEG": "060", "COD_MANZA": 2, "PISO": null, "actualizad": null }, "geometry": { "type": "Point", "coordinates": [ -63.1967955, 9.7364366 ] } },
{ "type": "Feature", "properties": { "id": null, "CONTROL": "0009", "SERIE": "08", "LINEA": "081", "COD_SEG": "060", "COD_MANZA": 2, "PISO": null, "actualizad": null }, "geometry": { "type": "Point", "coordinates": [ -63.1967231, 9.736467 ] } },
{ "type": "Feature", "properties": { "id": null, "CONTROL": "0009", "SERIE": "09", "LINEA": "082", "COD_SEG": "060", "COD_MANZA": 2, "PISO": null, "actualizad": null }, "geometry": { "type": "Point", "coordinates": [ -63.1966587, 9.7365 ] } },
{ "type": "Feature", "properties": { "id": null, "CONTROL": "0009", "SERIE": "10", "LINEA": "083", "COD_SEG": "060", "COD_MANZA": 2, "PISO": null, "actualizad": null }, "geometry": { "type": "Point", "coordinates": [ -63.1965984, 9.7365463 ] } },
{ "type": "Feature", "properties": { "id": null, "CONTROL": "0009", "SERIE": "11", "LINEA": "084", "COD_SEG": "060", "COD_MANZA": 2, "PISO": null, "actualizad": null }, "geometry": { "type": "Point", "coordinates": [ -63.1965273, 9.7365873 ] } },
{ "type": "Feature", "properties": { "id": null, "CONTROL": "0009", "SERIE": "12", "LINEA": "085", "COD_SEG": "060", "COD_MANZA": 2, "PISO": null, "actualizad": null }, "geometry": { "type": "Point", "coordinates": [ -63.1964643, 9.7366058 ] } },
{ "type": "Feature", "properties": { "id": null, "CONTROL": "0009", "SERIE": "13", "LINEA": "086", "COD_SEG": "060", "COD_MANZA": 2, "PISO": null, "actualizad": null }, "geometry": { "type": "Point", "coordinates": [ -63.1963865, 9.7366203 ] } },
{ "type": "Feature", "properties": { "id": null, "CONTROL": "0009", "SERIE": "14", "LINEA": "087", "COD_SEG": "060", "COD_MANZA": 2, "PISO": null, "actualizad": null }, "geometry": { "type": "Point", "coordinates": [ -63.1963141, 9.7366586 ] } },
{ "type": "Feature", "properties": { "id": null, "CONTROL": "0009", "SERIE": "15", "LINEA": "083", "COD_SEG": "060", "COD_MANZA": 2, "PISO": null, "actualizad": null }, "geometry": { "type": "Point", "coordinates": [ -63.1962524, 9.7366877 ] } },
{ "type": "Feature", "properties": { "id": null, "CONTROL": "0059", "SERIE": "01", "LINEA": "043", "COD_SEG": "001", "COD_MANZA": 6, "PISO": null, "actualizad": null }, "geometry": { "type": "Point", "coordinates": [ -63.2322427, 9.7303451 ] } },
{ "type": "Feature", "properties": { "id": null, "CONTROL": "0059", "SERIE": "02", "LINEA": "044", "COD_SEG": "001", "COD_MANZA": 6, "PISO": null, "actualizad": null }, "geometry": { "type": "Point", "coordinates": [ -63.2321381, 9.7304059 ] } },
{ "type": "Feature", "properties": { "id": null, "CONTROL": "0059", "SERIE": "03", "LINEA": "045", "COD_SEG": "001", "COD_MANZA": 6, "PISO": null, "actualizad": null }, "geometry": { "type": "Point", "coordinates": [ -63.2320335, 9.730464 ] } },
{ "type": "Feature", "properties": { "id": null, "CONTROL": "0059", "SERIE": "04", "LINEA": "046", "COD_SEG": "001", "COD_MANZA": 6, "PISO": null, "actualizad": null }, "geometry": { "type": "Point", "coordinates": [ -63.2319101, 9.7302816 ] } },
{ "type": "Feature", "properties": { "id": null, "CONTROL": "0059", "SERIE": "05", "LINEA": "047", "COD_SEG": "001", "COD_MANZA": 6, "PISO": null, "actualizad": null }, "geometry": { "type": "Point", "coordinates": [ -63.2317988, 9.7303173 ] } },
{ "type": "Feature", "properties": { "id": null, "CONTROL": "0059", "SERIE": "06", "LINEA": "048", "COD_SEG": "001", "COD_MANZA": 6, "PISO": null, "actualizad": null }, "geometry": { "type": "Point", "coordinates": [ -63.2317103, 9.730316 ] } },
{ "type": "Feature", "properties": { "id": null, "CONTROL": "0059", "SERIE": "07", "LINEA": "049", "COD_SEG": "001", "COD_MANZA": 6, "PISO": null, "actualizad": null }, "geometry": { "type": "Point", "coordinates": [ -63.2316338, 9.730316 ] } },
{ "type": "Feature", "properties": { "id": null, "CONTROL": "0059", "SERIE": "CASA COMUNAL\n", "LINEA": null, "COD_SEG": "001", "COD_MANZA": 6, "PISO": null, "actualizad": null }, "geometry": { "type": "Point", "coordinates": [ -63.2315507, 9.7302804 ] } },
{ "type": "Feature", "properties": { "id": null, "CONTROL": "0059", "SERIE": "08", "LINEA": "050", "COD_SEG": "001", "COD_MANZA": 6, "PISO": null, "actualizad": null }, "geometry": { "type": "Point", "coordinates": [ -63.2314501, 9.7302923 ] } },
{ "type": "Feature", "properties": { "id": null, "CONTROL": "0059", "SERIE": "09", "LINEA": "051", "COD_SEG": "001", "COD_MANZA": 6, "PISO": null, "actualizad": null }, "geometry": { "type": "Point", "coordinates": [ -63.2313268, 9.7303028 ] } },
{ "type": "Feature", "properties": { "id": null, "CONTROL": "0059", "SERIE": "10", "LINEA": "052", "COD_SEG": "001", "COD_MANZA": 6, "PISO": null, "actualizad": null }, "geometry": { "type": "Point", "coordinates": [ -63.2312033, 9.7303081 ] } },
{ "type": "Feature", "properties": { "id": null, "CONTROL": "0059", "SERIE": "11", "LINEA": "053", "COD_SEG": "001", "COD_MANZA": 6, "PISO": null, "actualizad": null }, "geometry": { "type": "Point", "coordinates": [ -63.2311121, 9.7303187 ] } },
{ "type": "Feature", "properties": { "id": null, "CONTROL": "0059", "SERIE": "12", "LINEA": "054", "COD_SEG": "001", "COD_MANZA": 6, "PISO": null, "actualizad": null }, "geometry": { "type": "Point", "coordinates": [ -63.2310156, 9.7303451 ] } },
{ "type": "Feature", "properties": { "id": null, "CONTROL": "0059", "SERIE": "13", "LINEA": "055", "COD_SEG": "001", "COD_MANZA": 6, "PISO": null, "actualizad": null }, "geometry": { "type": "Point", "coordinates": [ -63.2309218, 9.7303531 ] } },
{ "type": "Feature", "properties": { "id": null, "CONTROL": "0059", "SERIE": "14", "LINEA": "056", "COD_SEG": "001", "COD_MANZA": 6, "PISO": null, "actualizad": null }, "geometry": { "type": "Point", "coordinates": [ -63.2308117, 9.7303531 ] } },
{ "type": "Feature", "properties": { "id": null, "CONTROL": "0050", "SERIE": "01", "LINEA": "117", "COD_SEG": "002", "COD_MANZA": 7, "PISO": null, "actualizad": null }, "geometry": { "type": "Point", "coordinates": [ -63.7281894, 10.1278834 ] } },
{ "type": "Feature", "properties": { "id": null, "CONTROL": "0050", "SERIE": "02", "LINEA": "118", "COD_SEG": "002", "COD_MANZA": 7, "PISO": null, "actualizad": null }, "geometry": { "type": "Point", "coordinates": [ -63.7282456, 10.1277489 ] } },
{ "type": "Feature", "properties": { "id": null, "CONTROL": "0050", "SERIE": "03", "LINEA": "120", "COD_SEG": "002", "COD_MANZA": 7, "PISO": null, "actualizad": null }, "geometry": { "type": "Point", "coordinates": [ -63.7282952, 10.127634 ] } },
{ "type": "Feature", "properties": { "id": null, "CONTROL": "0050", "SERIE": "04", "LINEA": "121", "COD_SEG": "002", "COD_MANZA": 7, "PISO": null, "actualizad": null }, "geometry": { "type": "Point", "coordinates": [ -63.728365, 10.1275165 ] } },
{ "type": "Feature", "properties": { "id": null, "CONTROL": "0050", "SERIE": "05", "LINEA": "122", "COD_SEG": "002", "COD_MANZA": 7, "PISO": null, "actualizad": null }, "geometry": { "type": "Point", "coordinates": [ -63.7284414, 10.1273871 ] } },
{ "type": "Feature", "properties": { "id": null, "CONTROL": "0050", "SERIE": "06", "LINEA": "132", "COD_SEG": "002", "COD_MANZA": 7, "PISO": null, "actualizad": null }, "geometry": { "type": "Point", "coordinates": [ -63.7285004, 10.1272538 ] } },
{ "type": "Feature", "properties": { "id": null, "CONTROL": "0050", "SERIE": "07", "LINEA": "124", "COD_SEG": "002", "COD_MANZA": 7, "PISO": null, "actualizad": null }, "geometry": { "type": "Point", "coordinates": [ -63.7285541, 10.1271442 ] } },
{ "type": "Feature", "properties": { "id": null, "CONTROL": "0050", "SERIE": "14", "LINEA": "125", "COD_SEG": "002", "COD_MANZA": 7, "PISO": null, "actualizad": null }, "geometry": { "type": "Point", "coordinates": [ -63.7287068, 10.1271477 ] } },
{ "type": "Feature", "properties": { "id": null, "CONTROL": "0050", "SERIE": "15", "LINEA": "126", "COD_SEG": "002", "COD_MANZA": 7, "PISO": null, "actualizad": null }, "geometry": { "type": "Point", "coordinates": [ -63.7288196, 10.1272406 ] } },
{ "type": "Feature", "properties": { "id": null, "CONTROL": "0050", "SERIE": "08", "LINEA": "133", "COD_SEG": "002", "COD_MANZA": 7, "PISO": null, "actualizad": null }, "geometry": { "type": "Point", "coordinates": [ -63.7288947, 10.1273396 ] } },
{ "type": "Feature", "properties": { "id": null, "CONTROL": "0050", "SERIE": "09", "LINEA": "128", "COD_SEG": "002", "COD_MANZA": 7, "PISO": null, "actualizad": null }, "geometry": { "type": "Point", "coordinates": [ -63.7288008, 10.1274307 ] } },
{ "type": "Feature", "properties": { "id": null, "CONTROL": "0050", "SERIE": "10", "LINEA": "129", "COD_SEG": "002", "COD_MANZA": 7, "PISO": null, "actualizad": null }, "geometry": { "type": "Point", "coordinates": [ -63.7287485, 10.1275191 ] } },
{ "type": "Feature", "properties": { "id": null, "CONTROL": "0050", "SERIE": "11", "LINEA": "130", "COD_SEG": "002", "COD_MANZA": 7, "PISO": null, "actualizad": null }, "geometry": { "type": "Point", "coordinates": [ -63.7287016, 10.1276432 ] } },
{ "type": "Feature", "properties": { "id": null, "CONTROL": "0050", "SERIE": "12", "LINEA": "131", "COD_SEG": "002", "COD_MANZA": 7, "PISO": null, "actualizad": null }, "geometry": { "type": "Point", "coordinates": [ -63.7286318, 10.1277766 ] } },
{ "type": "Feature", "properties": { "id": null, "CONTROL": "2018", "SERIE": "01", "LINEA": "133", "COD_SEG": "005", "COD_MANZA": 8, "PISO": null, "actualizad": null }, "geometry": { "type": "Point", "coordinates": [ -63.2010075, 9.7000144 ] } },
{ "type": "Feature", "properties": { "id": null, "CONTROL": "2018", "SERIE": "02", "LINEA": "134", "COD_SEG": "005", "COD_MANZA": 8, "PISO": null, "actualizad": null }, "geometry": { "type": "Point", "coordinates": [ -63.201092, 9.6999761 ] } },
{ "type": "Feature", "properties": { "id": null, "CONTROL": "2018", "SERIE": "03", "LINEA": "135", "COD_SEG": "005", "COD_MANZA": 8, "PISO": null, "actualizad": null }, "geometry": { "type": "Point", "coordinates": [ -63.2013361, 9.6998293 ] } },
{ "type": "Feature", "properties": { "id": null, "CONTROL": "2018", "SERIE": "04", "LINEA": "137", "COD_SEG": "005", "COD_MANZA": 8, "PISO": null, "actualizad": null }, "geometry": { "type": "Point", "coordinates": [ -63.2014876, 9.6997633 ] } },
{ "type": "Feature", "properties": { "id": null, "CONTROL": "2018", "SERIE": "05", "LINEA": "139", "COD_SEG": "005", "COD_MANZA": 8, "PISO": null, "actualizad": null }, "geometry": { "type": "Point", "coordinates": [ -63.2015373, 9.6998426 ] } },
{ "type": "Feature", "properties": { "id": null, "CONTROL": "2018", "SERIE": "06", "LINEA": "140", "COD_SEG": "005", "COD_MANZA": 8, "PISO": null, "actualizad": null }, "geometry": { "type": "Point", "coordinates": [ -63.2015976, 9.6999986 ] } },
{ "type": "Feature", "properties": { "id": null, "CONTROL": "2018", "SERIE": "07", "LINEA": "148", "COD_SEG": "005", "COD_MANZA": 8, "PISO": null, "actualizad": null }, "geometry": { "type": "Point", "coordinates": [ -63.2016432, 9.7000858 ] } },
{ "type": "Feature", "properties": { "id": null, "CONTROL": "2018", "SERIE": "08", "LINEA": "141", "COD_SEG": "005", "COD_MANZA": 8, "PISO": null, "actualizad": null }, "geometry": { "type": "Point", "coordinates": [ -63.2014018, 9.700189 ] } },
{ "type": "Feature", "properties": { "id": null, "CONTROL": "2018", "SERIE": "10", "LINEA": "143", "COD_SEG": "005", "COD_MANZA": 8, "PISO": null, "actualizad": null }, "geometry": { "type": "Point", "coordinates": [ -63.2012369, 9.7002511 ] } },
{ "type": "Feature", "properties": { "id": null, "CONTROL": "2018", "SERIE": "11", "LINEA": "144", "COD_SEG": "005", "COD_MANZA": 8, "PISO": null, "actualizad": null }, "geometry": { "type": "Point", "coordinates": [ -63.2011537, 9.700304 ] } },
{ "type": "Feature", "properties": { "id": null, "CONTROL": "2018", "SERIE": "12", "LINEA": "146", "COD_SEG": "005", "COD_MANZA": 8, "PISO": null, "actualizad": null }, "geometry": { "type": "Point", "coordinates": [ -63.2009928, 9.700378 ] } },
{ "type": "Feature", "properties": { "id": null, "CONTROL": "2018", "SERIE": "AMBULATORIO SAGRADO CORAZON DE JESUS II", "LINEA": null, "COD_SEG": "005", "COD_MANZA": 9, "PISO": null, "actualizad": null }, "geometry": { "type": "Point", "coordinates": [ -63.2001083, 9.7002315 ] } },
{ "type": "Feature", "properties": { "id": null, "CONTROL": "2018", "SERIE": "TALLER DE LATONERIA Y PINTURA", "LINEA": null, "COD_SEG": "005", "COD_MANZA": 8, "PISO": null, "actualizad": null }, "geometry": { "type": "Point", "coordinates": [ -63.2011885, 9.6999539 ] } },
{ "type": "Feature", "properties": { "id": null, "CONTROL": "2018", "SERIE": "VENTA DE CERVEZA AMADO", "LINEA": null, "COD_SEG": "005", "COD_MANZA": 8, "PISO": null, "actualizad": null }, "geometry": { "type": "Point", "coordinates": [ -63.2007862, 9.7001612 ] } },
{ "type": "Feature", "properties": { "id": null, "CONTROL": "2018", "SERIE": "14", "LINEA": "149", "COD_SEG": "005", "COD_MANZA": 9, "PISO": null, "actualizad": null }, "geometry": { "type": "Point", "coordinates": [ -63.1997351, 9.700726 ] } },
{ "type": "Feature", "properties": { "id": null, "CONTROL": "2018", "SERIE": "13", "LINEA": "147", "COD_SEG": "005", "COD_MANZA": 9, "PISO": null, "actualizad": null }, "geometry": { "type": "Point", "coordinates": [ -63.1997834, 9.7006308 ] } },
{ "type": "Feature", "properties": { "id": null, "CONTROL": "2048", "SERIE": "01", "LINEA": "144", "COD_SEG": "006", "COD_MANZA": 8, "PISO": null, "actualizad": null }, "geometry": { "type": "Point", "coordinates": [ -62.2056687, 8.7045071 ] } },
{ "type": "Feature", "properties": { "id": null, "CONTROL": "2048", "SERIE": "02", "LINEA": "145", "COD_SEG": "006", "COD_MANZA": 8, "PISO": null, "actualizad": null }, "geometry": { "type": "Point", "coordinates": [ -62.2056017, 8.7045867 ] } },
{ "type": "Feature", "properties": { "id": null, "CONTROL": "2048", "SERIE": "03", "LINEA": "146", "COD_SEG": "006", "COD_MANZA": 8, "PISO": null, "actualizad": null }, "geometry": { "type": "Point", "coordinates": [ -62.2054997, 8.704698 ] } },
{ "type": "Feature", "properties": { "id": null, "CONTROL": "2048", "SERIE": "04", "LINEA": "147", "COD_SEG": "006", "COD_MANZA": 8, "PISO": null, "actualizad": null }, "geometry": { "type": "Point", "coordinates": [ -62.2054005, 8.7048067 ] } },
{ "type": "Feature", "properties": { "id": null, "CONTROL": "2048", "SERIE": "05", "LINEA": "160", "COD_SEG": "006", "COD_MANZA": 8, "PISO": null, "actualizad": null }, "geometry": { "type": "Point", "coordinates": [ -62.2052905, 8.7048995 ] } },
{ "type": "Feature", "properties": { "id": null, "CONTROL": "2048", "SERIE": "06", "LINEA": "149", "COD_SEG": "006", "COD_MANZA": 8, "PISO": null, "actualizad": null }, "geometry": { "type": "Point", "coordinates": [ -62.2052261, 8.7049844 ] } },
{ "type": "Feature", "properties": { "id": null, "CONTROL": "2048", "SERIE": "07", "LINEA": "150", "COD_SEG": "006", "COD_MANZA": 8, "PISO": null, "actualizad": null }, "geometry": { "type": "Point", "coordinates": [ -62.2051403, 8.7050904 ] } },
{ "type": "Feature", "properties": { "id": null, "CONTROL": "2048", "SERIE": "08", "LINEA": "151", "COD_SEG": "006", "COD_MANZA": 8, "PISO": null, "actualizad": null }, "geometry": { "type": "Point", "coordinates": [ -62.2050491, 8.7051408 ] } },
{ "type": "Feature", "properties": { "id": null, "CONTROL": "2048", "SERIE": "09", "LINEA": "152", "COD_SEG": "006", "COD_MANZA": 8, "PISO": null, "actualizad": null }, "geometry": { "type": "Point", "coordinates": [ -62.2049848, 8.7052389 ] } },
{ "type": "Feature", "properties": { "id": null, "CONTROL": "2048", "SERIE": "10", "LINEA": "153", "COD_SEG": "006", "COD_MANZA": 8, "PISO": null, "actualizad": null }, "geometry": { "type": "Point", "coordinates": [ -62.2049043, 8.7053291 ] } },
{ "type": "Feature", "properties": { "id": null, "CONTROL": "2048", "SERIE": "11", "LINEA": "154", "COD_SEG": "006", "COD_MANZA": 8, "PISO": null, "actualizad": null }, "geometry": { "type": "Point", "coordinates": [ -62.2048345, 8.7054112 ] } },
{ "type": "Feature", "properties": { "id": null, "CONTROL": "2048", "SERIE": "12", "LINEA": "155", "COD_SEG": "006", "COD_MANZA": 8, "PISO": null, "actualizad": null }, "geometry": { "type": "Point", "coordinates": [ -62.2046682, 8.7055173 ] } },
{ "type": "Feature", "properties": { "id": null, "CONTROL": "2048", "SERIE": "13", "LINEA": "156", "COD_SEG": "006", "COD_MANZA": 9, "PISO": null, "actualizad": null }, "geometry": { "type": "Point", "coordinates": [ -62.2049342, 8.7041979 ] } },
{ "type": "Feature", "properties": { "id": null, "CONTROL": "2048", "SERIE": "14", "LINEA": "157", "COD_SEG": "006", "COD_MANZA": 9, "PISO": null, "actualizad": null }, "geometry": { "type": "Point", "coordinates": [ -62.2048752, 8.7041608 ] } },
{ "type": "Feature", "properties": { "id": null, "CONTROL": "2048", "SERIE": "15", "LINEA": "159", "COD_SEG": "006", "COD_MANZA": 9, "PISO": null, "actualizad": null }, "geometry": { "type": "Point", "coordinates": [ -62.2048108, 8.7040971 ] } },
{ "type": "Feature", "properties": { "id": null, "CONTROL": "2048", "SERIE": "16", "LINEA": "158", "COD_SEG": "006", "COD_MANZA": 9, "PISO": null, "actualizad": null }, "geometry": { "type": "Point", "coordinates": [ -62.2047357, 8.7040547 ] } },
{ "type": "Feature", "properties": { "id": null, "CONTROL": "3007", "SERIE": "01", "LINEA": "135", "COD_SEG": "001", "COD_MANZA": 14, "PISO": null, "actualizad": null }, "geometry": { "type": "Point", "coordinates": [ -63.7370042, 10.1237274 ] } },
{ "type": "Feature", "properties": { "id": null, "CONTROL": "3007", "SERIE": "02", "LINEA": "136", "COD_SEG": "001", "COD_MANZA": 14, "PISO": null, "actualizad": null }, "geometry": { "type": "Point", "coordinates": [ -63.7368809, 10.1236693 ] } },
{ "type": "Feature", "properties": { "id": null, "CONTROL": "3007", "SERIE": "03", "LINEA": "137", "COD_SEG": "001", "COD_MANZA": 14, "PISO": null, "actualizad": null }, "geometry": { "type": "Point", "coordinates": [ -63.7367856, 10.1236284 ] } },
{ "type": "Feature", "properties": { "id": null, "CONTROL": "3007", "SERIE": "04", "LINEA": "138", "COD_SEG": "001", "COD_MANZA": 14, "PISO": null, "actualizad": null }, "geometry": { "type": "Point", "coordinates": [ -63.7366676, 10.1235663 ] } },
{ "type": "Feature", "properties": { "id": null, "CONTROL": "3007", "SERIE": "05", "LINEA": "139", "COD_SEG": "001", "COD_MANZA": 14, "PISO": null, "actualizad": null }, "geometry": { "type": "Point", "coordinates": [ -63.7365898, 10.1235399 ] } },
{ "type": "Feature", "properties": { "id": null, "CONTROL": "3007", "SERIE": "06", "LINEA": "140", "COD_SEG": "001", "COD_MANZA": 14, "PISO": null, "actualizad": null }, "geometry": { "type": "Point", "coordinates": [ -63.7364705, 10.1234673 ] } },
{ "type": "Feature", "properties": { "id": null, "CONTROL": "3007", "SERIE": "07", "LINEA": "141", "COD_SEG": "001", "COD_MANZA": 14, "PISO": null, "actualizad": null }, "geometry": { "type": "Point", "coordinates": [ -63.7361707, 10.1230754 ] } },
{ "type": "Feature", "properties": { "id": null, "CONTROL": "3007", "SERIE": "08", "LINEA": "142", "COD_SEG": "001", "COD_MANZA": 14, "PISO": null, "actualizad": null }, "geometry": { "type": "Point", "coordinates": [ -63.7360903, 10.1230331 ] } },
{ "type": "Feature", "properties": { "id": null, "CONTROL": "3007", "SERIE": "09", "LINEA": "143", "COD_SEG": "001", "COD_MANZA": 14, "PISO": null, "actualizad": null }, "geometry": { "type": "Point", "coordinates": [ -63.7359307, 10.1227889 ] } },
{ "type": "Feature", "properties": { "id": null, "CONTROL": "3007", "SERIE": "10", "LINEA": "144", "COD_SEG": "001", "COD_MANZA": 14, "PISO": null, "actualizad": null }, "geometry": { "type": "Point", "coordinates": [ -63.735704, 10.1227612 ] } },
{ "type": "Feature", "properties": { "id": null, "CONTROL": "3007", "SERIE": "11", "LINEA": "145", "COD_SEG": "001", "COD_MANZA": 14, "PISO": null, "actualizad": null }, "geometry": { "type": "Point", "coordinates": [ -63.7356182, 10.1226622 ] } },
{ "type": "Feature", "properties": { "id": null, "CONTROL": "3007", "SERIE": "12", "LINEA": "146", "COD_SEG": "001", "COD_MANZA": 14, "PISO": null, "actualizad": null }, "geometry": { "type": "Point", "coordinates": [ -63.7354224, 10.1225222 ] } },
{ "type": "Feature", "properties": { "id": null, "CONTROL": "3007", "SERIE": "13", "LINEA": "147", "COD_SEG": "001", "COD_MANZA": 14, "PISO": null, "actualizad": null }, "geometry": { "type": "Point", "coordinates": [ -63.7352762, 10.1224549 ] } },
{ "type": "Feature", "properties": { "id": null, "CONTROL": "3007", "SERIE": "14", "LINEA": "148", "COD_SEG": "001", "COD_MANZA": 14, "PISO": null, "actualizad": null }, "geometry": { "type": "Point", "coordinates": [ -63.7352145, 10.1224192 ] } },
{ "type": "Feature", "properties": { "id": null, "CONTROL": "3007", "SERIE": "15", "LINEA": "149", "COD_SEG": "001", "COD_MANZA": 14, "PISO": null, "actualizad": null }, "geometry": { "type": "Point", "coordinates": [ -63.7351716, 10.1223757 ] } },
{ "type": "Feature", "properties": { "id": null, "CONTROL": "3010", "SERIE": "01", "LINEA": "061", "COD_SEG": "096", "COD_MANZA": 4, "PISO": null, "actualizad": null }, "geometry": { "type": "Point", "coordinates": [ -63.1777024, 9.7216268 ] } },
{ "type": "Feature", "properties": { "id": null, "CONTROL": "3010", "SERIE": "03", "LINEA": "063", "COD_SEG": "096", "COD_MANZA": 4, "PISO": null, "actualizad": null }, "geometry": { "type": "Point", "coordinates": [ -63.1777507, 9.7216928 ] } },
{ "type": "Feature", "properties": { "id": null, "CONTROL": "3010", "SERIE": "04", "LINEA": "064", "COD_SEG": "096", "COD_MANZA": 4, "PISO": null, "actualizad": null }, "geometry": { "type": "Point", "coordinates": [ -63.1778071, 9.7217563 ] } },
{ "type": "Feature", "properties": { "id": null, "CONTROL": "3010", "SERIE": "05", "LINEA": "065", "COD_SEG": "096", "COD_MANZA": 4, "PISO": null, "actualizad": null }, "geometry": { "type": "Point", "coordinates": [ -63.1778607, 9.7218118 ] } },
{ "type": "Feature", "properties": { "id": null, "CONTROL": "3010", "SERIE": "06", "LINEA": "066", "COD_SEG": "096", "COD_MANZA": 5, "PISO": null, "actualizad": null }, "geometry": { "type": "Point", "coordinates": [ -63.1766913, 9.7215211 ] } },
{ "type": "Feature", "properties": { "id": null, "CONTROL": "3010", "SERIE": "07", "LINEA": "067", "COD_SEG": "096", "COD_MANZA": 5, "PISO": null, "actualizad": null }, "geometry": { "type": "Point", "coordinates": [ -63.1766443, 9.7214458 ] } },
{ "type": "Feature", "properties": { "id": null, "CONTROL": "3010", "SERIE": "08", "LINEA": "068", "COD_SEG": "096", "COD_MANZA": 5, "PISO": null, "actualizad": null }, "geometry": { "type": "Point", "coordinates": [ -63.176584, 9.7213677 ] } },
{ "type": "Feature", "properties": { "id": null, "CONTROL": "3010", "SERIE": "10\n", "LINEA": "070", "COD_SEG": "096", "COD_MANZA": 5, "PISO": null, "actualizad": null }, "geometry": { "type": "Point", "coordinates": [ -63.1765357, 9.7213135 ] } },
{ "type": "Feature", "properties": { "id": null, "CONTROL": "3010", "SERIE": "11", "LINEA": "071", "COD_SEG": "096", "COD_MANZA": 5, "PISO": null, "actualizad": null }, "geometry": { "type": "Point", "coordinates": [ -63.1764848, 9.7212277 ] } },
{ "type": "Feature", "properties": { "id": null, "CONTROL": "3010", "SERIE": "12", "LINEA": "072", "COD_SEG": "096", "COD_MANZA": 5, "PISO": null, "actualizad": null }, "geometry": { "type": "Point", "coordinates": [ -63.176411, 9.7211325 ] } },
{ "type": "Feature", "properties": { "id": null, "CONTROL": "3010", "SERIE": "13", "LINEA": "073", "COD_SEG": "096", "COD_MANZA": 5, "PISO": null, "actualizad": null }, "geometry": { "type": "Point", "coordinates": [ -63.1763105, 9.7210202 ] } },
{ "type": "Feature", "properties": { "id": null, "CONTROL": "3010", "SERIE": "14", "LINEA": "074", "COD_SEG": "096", "COD_MANZA": 5, "PISO": null, "actualizad": null }, "geometry": { "type": "Point", "coordinates": [ -63.1762608, 9.720954 ] } },
{ "type": "Feature", "properties": { "id": null, "CONTROL": "3010", "SERIE": "15", "LINEA": "075", "COD_SEG": "096", "COD_MANZA": 5, "PISO": null, "actualizad": null }, "geometry": { "type": "Point", "coordinates": [ -63.1762031, 9.7208972 ] } },
{ "type": "Feature", "properties": { "id": null, "CONTROL": "3010", "SERIE": "COMERCIAL LOS HERMNOS LIZCANO\n", "LINEA": null, "COD_SEG": "096", "COD_MANZA": 5, "PISO": null, "actualizad": null }, "geometry": { "type": "Point", "coordinates": [ -63.1763091, 9.7205561 ] } },
{ "type": "Feature", "properties": { "id": null, "CONTROL": "2020", "SERIE": "01", "LINEA": "029", "COD_SEG": "002", "COD_MANZA": 19, "PISO": null, "actualizad": null }, "geometry": { "type": "Point", "coordinates": [ -63.221958, 9.8167581 ] } },
{ "type": "Feature", "properties": { "id": null, "CONTROL": "2020", "SERIE": "02", "LINEA": "030", "COD_SEG": "002", "COD_MANZA": 19, "PISO": null, "actualizad": null }, "geometry": { "type": "Point", "coordinates": [ -63.2217018, 9.8168506 ] } },
{ "type": "Feature", "properties": { "id": null, "CONTROL": "2020", "SERIE": "03", "LINEA": "031", "COD_SEG": "002", "COD_MANZA": 19, "PISO": null, "actualizad": null }, "geometry": { "type": "Point", "coordinates": [ -63.2215303, 9.8165242 ] } },
{ "type": "Feature", "properties": { "id": null, "CONTROL": "2020", "SERIE": "04", "LINEA": "032", "COD_SEG": "002", "COD_MANZA": 19, "PISO": null, "actualizad": null }, "geometry": { "type": "Point", "coordinates": [ -63.2218105, 9.8164079 ] } },
{ "type": "Feature", "properties": { "id": null, "CONTROL": "2020", "SERIE": "05", "LINEA": "033", "COD_SEG": "002", "COD_MANZA": 19, "PISO": null, "actualizad": null }, "geometry": { "type": "Point", "coordinates": [ -63.2220975, 9.8163167 ] } },
{ "type": "Feature", "properties": { "id": null, "CONTROL": "2020", "SERIE": "06", "LINEA": "036", "COD_SEG": "002", "COD_MANZA": 21, "PISO": null, "actualizad": null }, "geometry": { "type": "Point", "coordinates": [ -63.2216564, 9.8155053 ] } },
{ "type": "Feature", "properties": { "id": null, "CONTROL": "2020", "SERIE": "07", "LINEA": "036", "COD_SEG": "002", "COD_MANZA": 21, "PISO": null, "actualizad": null }, "geometry": { "type": "Point", "coordinates": [ -63.2212567, 9.8157193 ] } },
{ "type": "Feature", "properties": { "id": null, "CONTROL": "2020", "SERIE": "08", "LINEA": "037", "COD_SEG": "002", "COD_MANZA": 22, "PISO": null, "actualizad": null }, "geometry": { "type": "Point", "coordinates": [ -63.2208456, 9.8145966 ] } },
{ "type": "Feature", "properties": { "id": null, "CONTROL": "2020", "SERIE": "09", "LINEA": "043", "COD_SEG": "002", "COD_MANZA": 22, "PISO": null, "actualizad": null }, "geometry": { "type": "Point", "coordinates": [ -63.220733, 9.8143852 ] } },
{ "type": "Feature", "properties": { "id": null, "CONTROL": "2020", "SERIE": "10", "LINEA": "038", "COD_SEG": "002", "COD_MANZA": 32, "PISO": null, "actualizad": null }, "geometry": { "type": "Point", "coordinates": [ -63.2207273, 9.8159293 ] } },
{ "type": "Feature", "properties": { "id": null, "CONTROL": "2020", "SERIE": "11", "LINEA": "041", "COD_SEG": "002", "COD_MANZA": 32, "PISO": null, "actualizad": null }, "geometry": { "type": "Point", "coordinates": [ -63.2204165, 9.8152913 ] } },
{ "type": "Feature", "properties": { "id": null, "CONTROL": "2020", "SERIE": "12", "LINEA": "042", "COD_SEG": "002", "COD_MANZA": 32, "PISO": null, "actualizad": null }, "geometry": { "type": "Point", "coordinates": [ -63.2203032, 9.8150604 ] } },
{ "type": "Feature", "properties": { "id": null, "CONTROL": "0022", "SERIE": "01", "LINEA": "016", "COD_SEG": "080", "COD_MANZA": 1, "PISO": null, "actualizad": null }, "geometry": { "type": "Point", "coordinates": [ -63.2091579, 9.7169085 ] } },
{ "type": "Feature", "properties": { "id": null, "CONTROL": "0022", "SERIE": "02", "LINEA": "017", "COD_SEG": "080", "COD_MANZA": 1, "PISO": null, "actualizad": null }, "geometry": { "type": "Point", "coordinates": [ -63.2090613, 9.7169203 ] } },
{ "type": "Feature", "properties": { "id": null, "CONTROL": "0022", "SERIE": "03", "LINEA": "018", "COD_SEG": "080", "COD_MANZA": 1, "PISO": null, "actualizad": null }, "geometry": { "type": "Point", "coordinates": [ -63.208993, 9.7169401 ] } },
{ "type": "Feature", "properties": { "id": null, "CONTROL": "0022", "SERIE": "04", "LINEA": "019", "COD_SEG": "080", "COD_MANZA": 1, "PISO": null, "actualizad": null }, "geometry": { "type": "Point", "coordinates": [ -63.208895, 9.7169547 ] } },
{ "type": "Feature", "properties": { "id": null, "CONTROL": "0022", "SERIE": "05", "LINEA": "020", "COD_SEG": "080", "COD_MANZA": 1, "PISO": null, "actualizad": null }, "geometry": { "type": "Point", "coordinates": [ -63.2088173, 9.7169665 ] } },
{ "type": "Feature", "properties": { "id": null, "CONTROL": "0022", "SERIE": "06", "LINEA": "021", "COD_SEG": "080", "COD_MANZA": 1, "PISO": null, "actualizad": null }, "geometry": { "type": "Point", "coordinates": [ -63.2087288, 9.7169784 ] } },
{ "type": "Feature", "properties": { "id": null, "CONTROL": "0022", "SERIE": "07", "LINEA": "022", "COD_SEG": "080", "COD_MANZA": 1, "PISO": null, "actualizad": null }, "geometry": { "type": "Point", "coordinates": [ -63.2086429, 9.7169851 ] } },
{ "type": "Feature", "properties": { "id": null, "CONTROL": "0022", "SERIE": "08", "LINEA": "023", "COD_SEG": "080", "COD_MANZA": 1, "PISO": null, "actualizad": null }, "geometry": { "type": "Point", "coordinates": [ -63.2083331, 9.7169032 ] } },
{ "type": "Feature", "properties": { "id": null, "CONTROL": "0022", "SERIE": "09", "LINEA": "021", "COD_SEG": "080", "COD_MANZA": 1, "PISO": null, "actualizad": null }, "geometry": { "type": "Point", "coordinates": [ -63.2083324, 9.7168371 ] } },
{ "type": "Feature", "properties": { "id": null, "CONTROL": "0022", "SERIE": "16", "LINEA": "032", "COD_SEG": "080", "COD_MANZA": 1, "PISO": null, "actualizad": null }, "geometry": { "type": "Point", "coordinates": [ -63.2084224, 9.7167512 ] } },
{ "type": "Feature", "properties": { "id": null, "CONTROL": "0022", "SERIE": "10", "LINEA": "025", "COD_SEG": "080", "COD_MANZA": 1, "PISO": null, "actualizad": null }, "geometry": { "type": "Point", "coordinates": [ -63.2084103, 9.7166123 ] } },
{ "type": "Feature", "properties": { "id": null, "CONTROL": "0022", "SERIE": "11", "LINEA": "026", "COD_SEG": "080", "COD_MANZA": 1, "PISO": null, "actualizad": null }, "geometry": { "type": "Point", "coordinates": [ -63.2084398, 9.7164538 ] } },
{ "type": "Feature", "properties": { "id": null, "CONTROL": "0022", "SERIE": "12", "LINEA": "027", "COD_SEG": "080", "COD_MANZA": 1, "PISO": null, "actualizad": null }, "geometry": { "type": "Point", "coordinates": [ -63.2084987, 9.7163004 ] } },
{ "type": "Feature", "properties": { "id": null, "CONTROL": "0022", "SERIE": "13", "LINEA": "028", "COD_SEG": "080", "COD_MANZA": 1, "PISO": null, "actualizad": null }, "geometry": { "type": "Point", "coordinates": [ -63.2085068, 9.7162344 ] } },
{ "type": "Feature", "properties": { "id": null, "CONTROL": "0022", "SERIE": "14", "LINEA": "029", "COD_SEG": "080", "COD_MANZA": 1, "PISO": null, "actualizad": null }, "geometry": { "type": "Point", "coordinates": [ -63.2085188, 9.716184 ] } },
{ "type": "Feature", "properties": { "id": null, "CONTROL": "0022", "SERIE": "15", "LINEA": "030", "COD_SEG": "080", "COD_MANZA": 1, "PISO": null, "actualizad": null }, "geometry": { "type": "Point", "coordinates": [ -63.2085229, 9.7161549 ] } },
{ "type": "Feature", "properties": { "id": null, "CONTROL": "0070", "SERIE": "01", "LINEA": "235", "COD_SEG": "089", "COD_MANZA": 3, "PISO": null, "actualizad": null }, "geometry": { "type": "Point", "coordinates": [ -63.1467535, 9.7498614 ] } },
{ "type": "Feature", "properties": { "id": null, "CONTROL": "0070", "SERIE": "02", "LINEA": "236", "COD_SEG": "089", "COD_MANZA": 3, "PISO": null, "actualizad": null }, "geometry": { "type": "Point", "coordinates": [ -63.1468662, 9.7498429 ] } },
{ "type": "Feature", "properties": { "id": null, "CONTROL": "0070", "SERIE": "03", "LINEA": "237", "COD_SEG": "089", "COD_MANZA": 3, "PISO": null, "actualizad": null }, "geometry": { "type": "Point", "coordinates": [ -63.146948, 9.749782 ] } },
{ "type": "Feature", "properties": { "id": null, "CONTROL": "0070", "SERIE": "04", "LINEA": "238", "COD_SEG": "089", "COD_MANZA": 3, "PISO": null, "actualizad": null }, "geometry": { "type": "Point", "coordinates": [ -63.1470285, 9.7497477 ] } },
{ "type": "Feature", "properties": { "id": null, "CONTROL": "0070", "SERIE": "05", "LINEA": "239", "COD_SEG": "089", "COD_MANZA": 3, "PISO": null, "actualizad": null }, "geometry": { "type": "Point", "coordinates": [ -63.1471612, 9.7497094 ] } },
{ "type": "Feature", "properties": { "id": null, "CONTROL": "0070", "SERIE": "16", "LINEA": "250", "COD_SEG": "089", "COD_MANZA": 3, "PISO": null, "actualizad": null }, "geometry": { "type": "Point", "coordinates": [ -63.1471921, 9.7496155 ] } },
{ "type": "Feature", "properties": { "id": null, "CONTROL": "0070", "SERIE": "06", "LINEA": "240", "COD_SEG": "089", "COD_MANZA": 3, "PISO": null, "actualizad": null }, "geometry": { "type": "Point", "coordinates": [ -63.1471406, 9.7494818 ] } },
{ "type": "Feature", "properties": { "id": null, "CONTROL": "0070", "SERIE": "07", "LINEA": "241", "COD_SEG": "089", "COD_MANZA": 3, "PISO": null, "actualizad": null }, "geometry": { "type": "Point", "coordinates": [ -63.1471473, 9.7493945 ] } },
{ "type": "Feature", "properties": { "id": null, "CONTROL": "0070", "SERIE": "08", "LINEA": "242", "COD_SEG": "089", "COD_MANZA": 3, "PISO": null, "actualizad": null }, "geometry": { "type": "Point", "coordinates": [ -63.1471125, 9.7492875 ] } },
{ "type": "Feature", "properties": { "id": null, "CONTROL": "0070", "SERIE": "09", "LINEA": "243", "COD_SEG": "089", "COD_MANZA": 3, "PISO": null, "actualizad": null }, "geometry": { "type": "Point", "coordinates": [ -63.1470921, 9.7492085 ] } },
{ "type": "Feature", "properties": { "id": null, "CONTROL": "0070", "SERIE": "10", "LINEA": "244", "COD_SEG": "089", "COD_MANZA": 3, "PISO": null, "actualizad": null }, "geometry": { "type": "Point", "coordinates": [ -63.1470732, 9.7491265 ] } },
{ "type": "Feature", "properties": { "id": null, "CONTROL": "0070", "SERIE": "11", "LINEA": "245", "COD_SEG": "089", "COD_MANZA": 3, "PISO": null, "actualizad": null }, "geometry": { "type": "Point", "coordinates": [ -63.1470679, 9.7490366 ] } },
{ "type": "Feature", "properties": { "id": null, "CONTROL": "0070", "SERIE": "12", "LINEA": "246", "COD_SEG": "089", "COD_MANZA": 3, "PISO": null, "actualizad": null }, "geometry": { "type": "Point", "coordinates": [ -63.1470384, 9.7489309 ] } },
{ "type": "Feature", "properties": { "id": null, "CONTROL": "0070", "SERIE": "13", "LINEA": "247", "COD_SEG": "089", "COD_MANZA": 3, "PISO": null, "actualizad": null }, "geometry": { "type": "Point", "coordinates": [ -63.1469579, 9.7490366 ] } },
{ "type": "Feature", "properties": { "id": null, "CONTROL": "0070", "SERIE": "14", "LINEA": "248", "COD_SEG": "089", "COD_MANZA": 3, "PISO": null, "actualizad": null }, "geometry": { "type": "Point", "coordinates": [ -63.1468533, 9.7491239 ] } },
{ "type": "Feature", "properties": { "id": null, "CONTROL": "0070", "SERIE": "15", "LINEA": "249", "COD_SEG": "089", "COD_MANZA": 3, "PISO": null, "actualizad": null }, "geometry": { "type": "Point", "coordinates": [ -63.1467004, 9.7491609 ] } },
{ "type": "Feature", "properties": { "id": null, "CONTROL": "3009", "SERIE": "01", "LINEA": "121", "COD_SEG": "001", "COD_MANZA": 7, "PISO": null, "actualizad": null }, "geometry": { "type": "Point", "coordinates": [ -63.7969706, 9.7484787 ] } },
{ "type": "Feature", "properties": { "id": null, "CONTROL": "3009", "SERIE": "02", "LINEA": "122", "COD_SEG": "001", "COD_MANZA": 7, "PISO": null, "actualizad": null }, "geometry": { "type": "Point", "coordinates": [ -63.796917, 9.7485871 ] } },
{ "type": "Feature", "properties": { "id": null, "CONTROL": "3009", "SERIE": "03", "LINEA": "123", "COD_SEG": "001", "COD_MANZA": 7, "PISO": null, "actualizad": null }, "geometry": { "type": "Point", "coordinates": [ -63.7968392, 9.7487139 ] } },
{ "type": "Feature", "properties": { "id": null, "CONTROL": "3009", "SERIE": "04", "LINEA": "124", "COD_SEG": "001", "COD_MANZA": 7, "PISO": null, "actualizad": null }, "geometry": { "type": "Point", "coordinates": [ -63.7967855, 9.748825 ] } },
{ "type": "Feature", "properties": { "id": null, "CONTROL": "3009", "SERIE": "05", "LINEA": "125", "COD_SEG": "001", "COD_MANZA": 7, "PISO": null, "actualizad": null }, "geometry": { "type": "Point", "coordinates": [ -63.7967453, 9.7489413 ] } },
{ "type": "Feature", "properties": { "id": null, "CONTROL": "3009", "SERIE": "06", "LINEA": "126", "COD_SEG": "001", "COD_MANZA": 8, "PISO": null, "actualizad": null }, "geometry": { "type": "Point", "coordinates": [ -63.7970886, 9.7471239 ] } },
{ "type": "Feature", "properties": { "id": null, "CONTROL": "3009", "SERIE": "07", "LINEA": "127", "COD_SEG": "001", "COD_MANZA": 8, "PISO": null, "actualizad": null }, "geometry": { "type": "Point", "coordinates": [ -63.7969062, 9.7470604 ] } },
{ "type": "Feature", "properties": { "id": null, "CONTROL": "3009", "SERIE": "08", "LINEA": "128", "COD_SEG": "001", "COD_MANZA": 8, "PISO": null, "actualizad": null }, "geometry": { "type": "Point", "coordinates": [ -63.7966219, 9.7469996 ] } },
{ "type": "Feature", "properties": { "id": null, "CONTROL": "3009", "SERIE": "09", "LINEA": "129", "COD_SEG": "001", "COD_MANZA": 8, "PISO": null, "actualizad": null }, "geometry": { "type": "Point", "coordinates": [ -63.7966488, 9.7468992 ] } },
{ "type": "Feature", "properties": { "id": null, "CONTROL": "3009", "SERIE": "CANCHA DEPORTIVA", "LINEA": null, "COD_SEG": "001", "COD_MANZA": 8, "PISO": null, "actualizad": null }, "geometry": { "type": "Point", "coordinates": [ -63.7967587, 9.7466216 ] } },
{ "type": "Feature", "properties": { "id": null, "CONTROL": "3009", "SERIE": "10", "LINEA": "130", "COD_SEG": "001", "COD_MANZA": 8, "PISO": null, "actualizad": null }, "geometry": { "type": "Point", "coordinates": [ -63.796773, 9.7463598 ] } },
{ "type": "Feature", "properties": { "id": null, "CONTROL": "3009", "SERIE": "11", "LINEA": "131", "COD_SEG": "001", "COD_MANZA": 8, "PISO": null, "actualizad": null }, "geometry": { "type": "Point", "coordinates": [ -63.7967757, 9.7463096 ] } },
{ "type": "Feature", "properties": { "id": null, "CONTROL": "3009", "SERIE": "12", "LINEA": "132", "COD_SEG": "001", "COD_MANZA": 8, "PISO": null, "actualizad": null }, "geometry": { "type": "Point", "coordinates": [ -63.7967716, 9.7462594 ] } },
{ "type": "Feature", "properties": { "id": null, "CONTROL": "3009", "SERIE": "13", "LINEA": "133", "COD_SEG": "001", "COD_MANZA": 8, "PISO": null, "actualizad": null }, "geometry": { "type": "Point", "coordinates": [ -63.7967904, 9.7460981 ] } },
{ "type": "Feature", "properties": { "id": null, "CONTROL": "3009", "SERIE": "14", "LINEA": "134", "COD_SEG": "001", "COD_MANZA": 8, "PISO": null, "actualizad": null }, "geometry": { "type": "Point", "coordinates": [ -63.7969697, 9.7455323 ] } },
{ "type": "Feature", "properties": { "id": null, "CONTROL": "3009", "SERIE": "15", "LINEA": "135", "COD_SEG": "001", "COD_MANZA": 8, "PISO": null, "actualizad": null }, "geometry": { "type": "Point", "coordinates": [ -63.7970985, 9.7455482 ] } },
{ "type": "Feature", "properties": { "id": null, "CONTROL": "0010", "SERIE": "M-8 LOS JARDINES\n", "LINEA": null, "COD_SEG": "073", "COD_MANZA": 1, "PISO": null, "actualizad": null }, "geometry": { "type": "Point", "coordinates": [ -63.2505065, 9.7006609 ] } },
{ "type": "Feature", "properties": { "id": null, "CONTROL": "0010", "SERIE": "01", "LINEA": "121", "COD_SEG": "073", "COD_MANZA": 1, "PISO": null, "actualizad": null }, "geometry": { "type": "Point", "coordinates": [ -63.2498494, 9.7000806 ] } },
{ "type": "Feature", "properties": { "id": null, "CONTROL": "0010", "SERIE": "02", "LINEA": "122", "COD_SEG": "073", "COD_MANZA": 1, "PISO": null, "actualizad": null }, "geometry": { "type": "Point", "coordinates": [ -63.2496616, 9.7001916 ] } },
{ "type": "Feature", "properties": { "id": null, "CONTROL": "0010", "SERIE": "03", "LINEA": "123", "COD_SEG": "073", "COD_MANZA": 1, "PISO": null, "actualizad": null }, "geometry": { "type": "Point", "coordinates": [ -63.2496107, 9.7001097 ] } },
{ "type": "Feature", "properties": { "id": null, "CONTROL": "0010", "SERIE": "04", "LINEA": "124", "COD_SEG": "073", "COD_MANZA": 1, "PISO": null, "actualizad": null }, "geometry": { "type": "Point", "coordinates": [ -63.2495597, 9.7000277 ] } },
{ "type": "Feature", "properties": { "id": null, "CONTROL": "0010", "SERIE": "05", "LINEA": "125", "COD_SEG": "073", "COD_MANZA": 1, "PISO": null, "actualizad": null }, "geometry": { "type": "Point", "coordinates": [ -63.2495034, 9.6999272 ] } },
{ "type": "Feature", "properties": { "id": null, "CONTROL": "0010", "SERIE": "06", "LINEA": "126", "COD_SEG": "073", "COD_MANZA": 1, "PISO": null, "actualizad": null }, "geometry": { "type": "Point", "coordinates": [ -63.2494577, 9.6998426 ] } },
{ "type": "Feature", "properties": { "id": null, "CONTROL": "0010", "SERIE": "07", "LINEA": "127", "COD_SEG": "073", "COD_MANZA": 1, "PISO": null, "actualizad": null }, "geometry": { "type": "Point", "coordinates": [ -63.2494042, 9.6997633 ] } },
{ "type": "Feature", "properties": { "id": null, "CONTROL": "0010", "SERIE": "08", "LINEA": "128", "COD_SEG": "073", "COD_MANZA": 1, "PISO": null, "actualizad": null }, "geometry": { "type": "Point", "coordinates": [ -63.2492378, 9.6999301 ] } },
{ "type": "Feature", "properties": { "id": null, "CONTROL": "0010", "SERIE": "09", "LINEA": "129", "COD_SEG": "073", "COD_MANZA": 1, "PISO": null, "actualizad": null }, "geometry": { "type": "Point", "coordinates": [ -63.2492767, 9.7000028 ] } },
{ "type": "Feature", "properties": { "id": null, "CONTROL": "0010", "SERIE": "10", "LINEA": "130", "COD_SEG": "073", "COD_MANZA": 1, "PISO": null, "actualizad": null }, "geometry": { "type": "Point", "coordinates": [ -63.2493317, 9.7000953 ] } },
{ "type": "Feature", "properties": { "id": null, "CONTROL": "0010", "SERIE": "11", "LINEA": "131", "COD_SEG": "073", "COD_MANZA": 1, "PISO": null, "actualizad": null }, "geometry": { "type": "Point", "coordinates": [ -63.2493854, 9.7001747 ] } },
{ "type": "Feature", "properties": { "id": null, "CONTROL": "0010", "SERIE": "12", "LINEA": "132", "COD_SEG": "073", "COD_MANZA": 1, "PISO": null, "actualizad": null }, "geometry": { "type": "Point", "coordinates": [ -63.2494337, 9.70025 ] } },
{ "type": "Feature", "properties": { "id": null, "CONTROL": "0010", "SERIE": "13", "LINEA": "133", "COD_SEG": "073", "COD_MANZA": 1, "PISO": null, "actualizad": null }, "geometry": { "type": "Point", "coordinates": [ -63.2494913, 9.7003254 ] } },
{ "type": "Feature", "properties": { "id": null, "CONTROL": "0010", "SERIE": "14", "LINEA": "134", "COD_SEG": "073", "COD_MANZA": 1, "PISO": null, "actualizad": null }, "geometry": { "type": "Point", "coordinates": [ -63.2492378, 9.7004695 ] } },
{ "type": "Feature", "properties": { "id": null, "CONTROL": "0010", "SERIE": "15", "LINEA": "135", "COD_SEG": "073", "COD_MANZA": 1, "PISO": null, "actualizad": null }, "geometry": { "type": "Point", "coordinates": [ -63.2491936, 9.7003888 ] } },
{ "type": "Feature", "properties": { "id": null, "CONTROL": "0047", "SERIE": "01", "LINEA": "104", "COD_SEG": "058", "COD_MANZA": 3, "PISO": null, "actualizad": null }, "geometry": { "type": "Point", "coordinates": [ -63.1342205, 9.7591409 ] } },
{ "type": "Feature", "properties": { "id": null, "CONTROL": "0047", "SERIE": "02", "LINEA": "105", "COD_SEG": "058", "COD_MANZA": 3, "PISO": null, "actualizad": null }, "geometry": { "type": "Point", "coordinates": [ -63.134006, 9.7592203 ] } },
{ "type": "Feature", "properties": { "id": null, "CONTROL": "0047", "SERIE": "03", "LINEA": "106", "COD_SEG": "058", "COD_MANZA": 3, "PISO": null, "actualizad": null }, "geometry": { "type": "Point", "coordinates": [ -63.133904, 9.7592414 ] } },
{ "type": "Feature", "properties": { "id": null, "CONTROL": "0047", "SERIE": "04", "LINEA": "107", "COD_SEG": "058", "COD_MANZA": 3, "PISO": null, "actualizad": null }, "geometry": { "type": "Point", "coordinates": [ -63.1338182, 9.7592731 ] } },
{ "type": "Feature", "properties": { "id": null, "CONTROL": "0047", "SERIE": "05", "LINEA": "108", "COD_SEG": "058", "COD_MANZA": 3, "PISO": null, "actualizad": null }, "geometry": { "type": "Point", "coordinates": [ -63.1337055, 9.7592837 ] } },
{ "type": "Feature", "properties": { "id": null, "CONTROL": "0047", "SERIE": "06", "LINEA": "109", "COD_SEG": "058", "COD_MANZA": 3, "PISO": null, "actualizad": null }, "geometry": { "type": "Point", "coordinates": [ -63.1335929, 9.7593206 ] } },
{ "type": "Feature", "properties": { "id": null, "CONTROL": "0047", "SERIE": "07", "LINEA": "110", "COD_SEG": "058", "COD_MANZA": 3, "PISO": null, "actualizad": null }, "geometry": { "type": "Point", "coordinates": [ -63.1335043, 9.7593524 ] } },
{ "type": "Feature", "properties": { "id": null, "CONTROL": "0047", "SERIE": "08", "LINEA": "111", "COD_SEG": "058", "COD_MANZA": 3, "PISO": null, "actualizad": null }, "geometry": { "type": "Point", "coordinates": [ -63.1333944, 9.7593735 ] } },
{ "type": "Feature", "properties": { "id": null, "CONTROL": "0047", "SERIE": "09", "LINEA": "112", "COD_SEG": "058", "COD_MANZA": 3, "PISO": null, "actualizad": null }, "geometry": { "type": "Point", "coordinates": [ -63.1333059, 9.7593894 ] } },
{ "type": "Feature", "properties": { "id": null, "CONTROL": "0047", "SERIE": "10", "LINEA": "113", "COD_SEG": "058", "COD_MANZA": 3, "PISO": null, "actualizad": null }, "geometry": { "type": "Point", "coordinates": [ -63.1332026, 9.7594291 ] } },
{ "type": "Feature", "properties": { "id": null, "CONTROL": "0047", "SERIE": "11", "LINEA": "114", "COD_SEG": "058", "COD_MANZA": 4, "PISO": null, "actualizad": null }, "geometry": { "type": "Point", "coordinates": [ -63.133598, 9.7574529 ] } },
{ "type": "Feature", "properties": { "id": null, "CONTROL": "0047", "SERIE": "12", "LINEA": "115", "COD_SEG": "058", "COD_MANZA": 4, "PISO": null, "actualizad": null }, "geometry": { "type": "Point", "coordinates": [ -63.1336989, 9.7576949 ] } },
{ "type": "Feature", "properties": { "id": null, "CONTROL": "0047", "SERIE": "13", "LINEA": "116", "COD_SEG": "058", "COD_MANZA": 4, "PISO": null, "actualizad": null }, "geometry": { "type": "Point", "coordinates": [ -63.1337982, 9.7579434 ] } },
{ "type": "Feature", "properties": { "id": null, "CONTROL": "0047", "SERIE": "14", "LINEA": "117", "COD_SEG": "058", "COD_MANZA": 4, "PISO": null, "actualizad": null }, "geometry": { "type": "Point", "coordinates": [ -63.1338385, 9.7580332 ] } },
{ "type": "Feature", "properties": { "id": null, "CONTROL": "0047", "SERIE": "15", "LINEA": "118", "COD_SEG": "058", "COD_MANZA": 4, "PISO": null, "actualizad": null }, "geometry": { "type": "Point", "coordinates": [ -63.1338491, 9.7581125 ] } },
{ "type": "Feature", "properties": { "id": null, "CONTROL": "0062", "SERIE": "12", "LINEA": "125", "COD_SEG": "059", "COD_MANZA": 6, "PISO": null, "actualizad": null }, "geometry": { "type": "Point", "coordinates": [ -63.1297486, 9.756877 ] } },
{ "type": "Feature", "properties": { "id": null, "CONTROL": "0062", "SERIE": "13", "LINEA": "126", "COD_SEG": "059", "COD_MANZA": 6, "PISO": null, "actualizad": null }, "geometry": { "type": "Point", "coordinates": [ -63.129758, 9.7568228 ] } },
{ "type": "Feature", "properties": { "id": null, "CONTROL": "0062", "SERIE": "17", "LINEA": "130", "COD_SEG": "059", "COD_MANZA": 6, "PISO": null, "actualizad": null }, "geometry": { "type": "Point", "coordinates": [ -63.1297311, 9.7567528 ] } },
{ "type": "Feature", "properties": { "id": null, "CONTROL": "0062", "SERIE": "14", "LINEA": "127", "COD_SEG": "059", "COD_MANZA": 6, "PISO": null, "actualizad": null }, "geometry": { "type": "Point", "coordinates": [ -63.1296762, 9.7566285 ] } },
{ "type": "Feature", "properties": { "id": null, "CONTROL": "0062", "SERIE": "18", "LINEA": "132", "COD_SEG": "059", "COD_MANZA": 6, "PISO": null, "actualizad": null }, "geometry": { "type": "Point", "coordinates": [ -63.1296122, 9.7564947 ] } },
{ "type": "Feature", "properties": { "id": null, "CONTROL": "0062", "SERIE": "11", "LINEA": "124", "COD_SEG": "059", "COD_MANZA": 6, "PISO": null, "actualizad": null }, "geometry": { "type": "Point", "coordinates": [ -63.1294923, 9.7565667 ] } },
{ "type": "Feature", "properties": { "id": null, "CONTROL": "0062", "SERIE": "10", "LINEA": "123", "COD_SEG": "059", "COD_MANZA": 6, "PISO": null, "actualizad": null }, "geometry": { "type": "Point", "coordinates": [ -63.1294011, 9.7566143 ] } },
{ "type": "Feature", "properties": { "id": null, "CONTROL": "0062", "SERIE": "09", "LINEA": "122", "COD_SEG": "059", "COD_MANZA": 6, "PISO": null, "actualizad": null }, "geometry": { "type": "Point", "coordinates": [ -63.1293085, 9.7566645 ] } },
{ "type": "Feature", "properties": { "id": null, "CONTROL": "0062", "SERIE": "PARCELA 06 ANTENA\n", "LINEA": null, "COD_SEG": "059", "COD_MANZA": 6, "PISO": null, "actualizad": null }, "geometry": { "type": "Point", "coordinates": [ -63.1291838, 9.7566989 ] } },
{ "type": "Feature", "properties": { "id": null, "CONTROL": "0062", "SERIE": "08", "LINEA": "121", "COD_SEG": "059", "COD_MANZA": 6, "PISO": null, "actualizad": null }, "geometry": { "type": "Point", "coordinates": [ -63.1290162, 9.7567822 ] } },
{ "type": "Feature", "properties": { "id": null, "CONTROL": "0062", "SERIE": "07", "LINEA": "120", "COD_SEG": "059", "COD_MANZA": 6, "PISO": null, "actualizad": null }, "geometry": { "type": "Point", "coordinates": [ -63.1290819, 9.7568522 ] } },
{ "type": "Feature", "properties": { "id": null, "CONTROL": "0062", "SERIE": "06", "LINEA": "119", "COD_SEG": "059", "COD_MANZA": 6, "PISO": null, "actualizad": null }, "geometry": { "type": "Point", "coordinates": [ -63.1291329, 9.7569434 ] } },
{ "type": "Feature", "properties": { "id": null, "CONTROL": "0062", "SERIE": "05", "LINEA": "118", "COD_SEG": "059", "COD_MANZA": 6, "PISO": null, "actualizad": null }, "geometry": { "type": "Point", "coordinates": [ -63.1291691, 9.7570545 ] } },
{ "type": "Feature", "properties": { "id": null, "CONTROL": "0062", "SERIE": "04", "LINEA": "117", "COD_SEG": "059", "COD_MANZA": 6, "PISO": null, "actualizad": null }, "geometry": { "type": "Point", "coordinates": [ -63.1292254, 9.7571602 ] } },
{ "type": "Feature", "properties": { "id": null, "CONTROL": "0062", "SERIE": "IGLESIA EVANGELICA FUENTE DE LUZ\n", "LINEA": null, "COD_SEG": "059", "COD_MANZA": 6, "PISO": null, "actualizad": null }, "geometry": { "type": "Point", "coordinates": [ -63.1293407, 9.7573452 ] } },
{ "type": "Feature", "properties": { "id": null, "CONTROL": "0062", "SERIE": "01", "LINEA": "114", "COD_SEG": "059", "COD_MANZA": 5, "PISO": null, "actualizad": null }, "geometry": { "type": "Point", "coordinates": [ -63.1290537, 9.7574761 ] } },
{ "type": "Feature", "properties": { "id": null, "CONTROL": "0062", "SERIE": "02", "LINEA": "115", "COD_SEG": "059", "COD_MANZA": 5, "PISO": null, "actualizad": null }, "geometry": { "type": "Point", "coordinates": [ -63.1289008, 9.7574761 ] } },
{ "type": "Feature", "properties": { "id": null, "CONTROL": "0062", "SERIE": "16", "LINEA": "129", "COD_SEG": "059", "COD_MANZA": 5, "PISO": null, "actualizad": null }, "geometry": { "type": "Point", "coordinates": [ -63.1288204, 9.7575104 ] } },
{ "type": "Feature", "properties": { "id": null, "CONTROL": "0062", "SERIE": "03", "LINEA": "116", "COD_SEG": "059", "COD_MANZA": 5, "PISO": null, "actualizad": null }, "geometry": { "type": "Point", "coordinates": [ -63.1286311, 9.7575857 ] } },
{ "type": "Feature", "properties": { "id": null, "CONTROL": "0076", "SERIE": "01", "LINEA": "166", "COD_SEG": "077", "COD_MANZA": 17, "PISO": null, "actualizad": null }, "geometry": { "type": "Point", "coordinates": [ -63.1979094, 9.7189199 ] } },
{ "type": "Feature", "properties": { "id": null, "CONTROL": "0076", "SERIE": "02", "LINEA": "167", "COD_SEG": "077", "COD_MANZA": 17, "PISO": null, "actualizad": null }, "geometry": { "type": "Point", "coordinates": [ -63.1980207, 9.7188379 ] } },
{ "type": "Feature", "properties": { "id": null, "CONTROL": "0076", "SERIE": "03", "LINEA": "168", "COD_SEG": "077", "COD_MANZA": 17, "PISO": null, "actualizad": null }, "geometry": { "type": "Point", "coordinates": [ -63.1980972, 9.7187718 ] } },
{ "type": "Feature", "properties": { "id": null, "CONTROL": "0076", "SERIE": "04", "LINEA": "169", "COD_SEG": "077", "COD_MANZA": 17, "PISO": null, "actualizad": null }, "geometry": { "type": "Point", "coordinates": [ -63.1981548, 9.7188709 ] } },
{ "type": "Feature", "properties": { "id": null, "CONTROL": "0076", "SERIE": "05", "LINEA": "170", "COD_SEG": "077", "COD_MANZA": 17, "PISO": null, "actualizad": null }, "geometry": { "type": "Point", "coordinates": [ -63.1982299, 9.7189437 ] } },
{ "type": "Feature", "properties": { "id": null, "CONTROL": "0076", "SERIE": "06", "LINEA": "171", "COD_SEG": "077", "COD_MANZA": 17, "PISO": null, "actualizad": null }, "geometry": { "type": "Point", "coordinates": [ -63.1982046, 9.7189233 ] } },
{ "type": "Feature", "properties": { "id": null, "CONTROL": "0076", "SERIE": "07", "LINEA": "172", "COD_SEG": "077", "COD_MANZA": 18, "PISO": null, "actualizad": null }, "geometry": { "type": "Point", "coordinates": [ -63.1973529, 9.7194222 ] } },
{ "type": "Feature", "properties": { "id": null, "CONTROL": "0076", "SERIE": "08", "LINEA": "173", "COD_SEG": "077", "COD_MANZA": 18, "PISO": null, "actualizad": null }, "geometry": { "type": "Point", "coordinates": [ -63.1974628, 9.7193521 ] } },
{ "type": "Feature", "properties": { "id": null, "CONTROL": "0076", "SERIE": "09", "LINEA": "174", "COD_SEG": "077", "COD_MANZA": 18, "PISO": null, "actualizad": null }, "geometry": { "type": "Point", "coordinates": [ -63.1975634, 9.7192662 ] } },
{ "type": "Feature", "properties": { "id": null, "CONTROL": "0076", "SERIE": "10", "LINEA": "175", "COD_SEG": "077", "COD_MANZA": 18, "PISO": null, "actualizad": null }, "geometry": { "type": "Point", "coordinates": [ -63.1976479, 9.7191882 ] } },
{ "type": "Feature", "properties": { "id": null, "CONTROL": "0076", "SERIE": "11", "LINEA": "176", "COD_SEG": "077", "COD_MANZA": 18, "PISO": null, "actualizad": null }, "geometry": { "type": "Point", "coordinates": [ -63.197719, 9.7191128 ] } },
{ "type": "Feature", "properties": { "id": null, "CONTROL": "0076", "SERIE": "12", "LINEA": "177", "COD_SEG": "077", "COD_MANZA": 18, "PISO": null, "actualizad": null }, "geometry": { "type": "Point", "coordinates": [ -63.1975728, 9.7194248 ] } },
{ "type": "Feature", "properties": { "id": null, "CONTROL": "0076", "SERIE": "13", "LINEA": "178", "COD_SEG": "077", "COD_MANZA": 18, "PISO": null, "actualizad": null }, "geometry": { "type": "Point", "coordinates": [ -63.1975084, 9.7195768 ] } },
{ "type": "Feature", "properties": { "id": null, "CONTROL": "0076", "SERIE": "14", "LINEA": "179", "COD_SEG": "077", "COD_MANZA": 18, "PISO": null, "actualizad": null }, "geometry": { "type": "Point", "coordinates": [ -63.1974427, 9.7195107 ] } },
{ "type": "Feature", "properties": { "id": null, "CONTROL": "0076", "SERIE": "15", "LINEA": "180", "COD_SEG": "077", "COD_MANZA": 19, "PISO": null, "actualizad": null }, "geometry": { "type": "Point", "coordinates": [ -63.1972174, 9.7197857 ] } },
{ "type": "Feature", "properties": { "id": null, "CONTROL": "2031", "SERIE": "01", "LINEA": "136", "COD_SEG": "129", "COD_MANZA": 7, "PISO": null, "actualizad": null }, "geometry": { "type": "Point", "coordinates": [ -63.140816, 9.7254953 ] } },
{ "type": "Feature", "properties": { "id": null, "CONTROL": "2031", "SERIE": "02", "LINEA": "137", "COD_SEG": "129", "COD_MANZA": 7, "PISO": null, "actualizad": null }, "geometry": { "type": "Point", "coordinates": [ -63.1409287, 9.7254967 ] } },
{ "type": "Feature", "properties": { "id": null, "CONTROL": "2031", "SERIE": "03", "LINEA": "140", "COD_SEG": "129", "COD_MANZA": 7, "PISO": null, "actualizad": null }, "geometry": { "type": "Point", "coordinates": [ -63.1410278, 9.72549 ] } },
{ "type": "Feature", "properties": { "id": null, "CONTROL": "2031", "SERIE": "04", "LINEA": "141", "COD_SEG": "129", "COD_MANZA": 7, "PISO": null, "actualizad": null }, "geometry": { "type": "Point", "coordinates": [ -63.1411673, 9.7254531 ] } },
{ "type": "Feature", "properties": { "id": null, "CONTROL": "2031", "SERIE": "05", "LINEA": "142", "COD_SEG": "129", "COD_MANZA": 7, "PISO": null, "actualizad": null }, "geometry": { "type": "Point", "coordinates": [ -63.1411781, 9.7255654 ] } },
{ "type": "Feature", "properties": { "id": null, "CONTROL": "2031", "SERIE": "13", "LINEA": "150", "COD_SEG": "129", "COD_MANZA": 7, "PISO": null, "actualizad": null }, "geometry": { "type": "Point", "coordinates": [ -63.1411486, 9.7256962 ] } },
{ "type": "Feature", "properties": { "id": null, "CONTROL": "2031", "SERIE": "14", "LINEA": "151", "COD_SEG": "129", "COD_MANZA": 7, "PISO": null, "actualizad": null }, "geometry": { "type": "Point", "coordinates": [ -63.1411419, 9.7258033 ] } },
{ "type": "Feature", "properties": { "id": null, "CONTROL": "2031", "SERIE": "08", "LINEA": "145", "COD_SEG": "129", "COD_MANZA": 7, "PISO": null, "actualizad": null }, "geometry": { "type": "Point", "coordinates": [ -63.1410494, 9.7257981 ] } },
{ "type": "Feature", "properties": { "id": null, "CONTROL": "2031", "SERIE": "09", "LINEA": "146", "COD_SEG": "129", "COD_MANZA": 7, "PISO": null, "actualizad": null }, "geometry": { "type": "Point", "coordinates": [ -63.1409568, 9.7257901 ] } },
{ "type": "Feature", "properties": { "id": null, "CONTROL": "2031", "SERIE": "10", "LINEA": "147", "COD_SEG": "129", "COD_MANZA": 7, "PISO": null, "actualizad": null }, "geometry": { "type": "Point", "coordinates": [ -63.1407583, 9.7257782 ] } },
{ "type": "Feature", "properties": { "id": null, "CONTROL": "2031", "SERIE": "11", "LINEA": "148", "COD_SEG": "129", "COD_MANZA": 7, "PISO": null, "actualizad": null }, "geometry": { "type": "Point", "coordinates": [ -63.1406363, 9.7258192 ] } },
{ "type": "Feature", "properties": { "id": null, "CONTROL": "2031", "SERIE": "12", "LINEA": "149", "COD_SEG": "129", "COD_MANZA": 7, "PISO": null, "actualizad": null }, "geometry": { "type": "Point", "coordinates": [ -63.1405679, 9.7258178 ] } },
{ "type": "Feature", "properties": { "id": null, "CONTROL": "2036", "SERIE": "01", "LINEA": "073", "COD_SEG": "013", "COD_MANZA": 6, "PISO": null, "actualizad": null }, "geometry": { "type": "Point", "coordinates": [ -63.2583215, 9.7267947 ] } },
{ "type": "Feature", "properties": { "id": null, "CONTROL": "2036", "SERIE": "02", "LINEA": "058", "COD_SEG": "013", "COD_MANZA": 6, "PISO": null, "actualizad": null }, "geometry": { "type": "Point", "coordinates": [ -63.2582866, 9.7266836 ] } },
{ "type": "Feature", "properties": { "id": null, "CONTROL": "2036", "SERIE": "03", "LINEA": "059", "COD_SEG": "013", "COD_MANZA": 6, "PISO": null, "actualizad": null }, "geometry": { "type": "Point", "coordinates": [ -63.2582799, 9.726599 ] } },
{ "type": "Feature", "properties": { "id": null, "CONTROL": "2036", "SERIE": "04", "LINEA": "061", "COD_SEG": "013", "COD_MANZA": 6, "PISO": null, "actualizad": null }, "geometry": { "type": "Point", "coordinates": [ -63.2582477, 9.7265025 ] } },
{ "type": "Feature", "properties": { "id": null, "CONTROL": "2036", "SERIE": "05", "LINEA": "063", "COD_SEG": "013", "COD_MANZA": 6, "PISO": null, "actualizad": null }, "geometry": { "type": "Point", "coordinates": [ -63.2582317, 9.7263744 ] } },
{ "type": "Feature", "properties": { "id": null, "CONTROL": "2036", "SERIE": "COMEDOR POPULAR\n", "LINEA": null, "COD_SEG": "013", "COD_MANZA": 6, "PISO": null, "actualizad": null }, "geometry": { "type": "Point", "coordinates": [ -63.258225, 9.7260333 ] } },
{ "type": "Feature", "properties": { "id": null, "CONTROL": "2036", "SERIE": "06", "LINEA": "064", "COD_SEG": "013", "COD_MANZA": 6, "PISO": null, "actualizad": null }, "geometry": { "type": "Point", "coordinates": [ -63.2583965, 9.7260333 ] } },
{ "type": "Feature", "properties": { "id": null, "CONTROL": "2036", "SERIE": "07", "LINEA": "065", "COD_SEG": "013", "COD_MANZA": 6, "PISO": null, "actualizad": null }, "geometry": { "type": "Point", "coordinates": [ -63.2585844, 9.726032 ] } },
{ "type": "Feature", "properties": { "id": null, "CONTROL": "2036", "SERIE": "08", "LINEA": "066", "COD_SEG": "013", "COD_MANZA": 6, "PISO": null, "actualizad": null }, "geometry": { "type": "Point", "coordinates": [ -63.2586017, 9.7261589 ] } },
{ "type": "Feature", "properties": { "id": null, "CONTROL": "2036", "SERIE": "09", "LINEA": "067", "COD_SEG": "013", "COD_MANZA": 6, "PISO": null, "actualizad": null }, "geometry": { "type": "Point", "coordinates": [ -63.2586166, 9.7262897 ] } },
{ "type": "Feature", "properties": { "id": null, "CONTROL": "2036", "SERIE": "10", "LINEA": "068", "COD_SEG": "013", "COD_MANZA": 6, "PISO": null, "actualizad": null }, "geometry": { "type": "Point", "coordinates": [ -63.2586621, 9.7264391 ] } },
{ "type": "Feature", "properties": { "id": null, "CONTROL": "2036", "SERIE": "11", "LINEA": "069", "COD_SEG": "013", "COD_MANZA": 6, "PISO": null, "actualizad": null }, "geometry": { "type": "Point", "coordinates": [ -63.2587023, 9.7266717 ] } },
{ "type": "Feature", "properties": { "id": null, "CONTROL": "2036", "SERIE": "14", "LINEA": "072", "COD_SEG": "013", "COD_MANZA": 6, "PISO": null, "actualizad": null }, "geometry": { "type": "Point", "coordinates": [ -63.2586862, 9.726558 ] } },
{ "type": "Feature", "properties": { "id": null, "CONTROL": "2036", "SERIE": "12", "LINEA": "070", "COD_SEG": "013", "COD_MANZA": 7, "PISO": null, "actualizad": null }, "geometry": { "type": "Point", "coordinates": [ -63.258351, 9.725823 ] } },
{ "type": "Feature", "properties": { "id": null, "CONTROL": "2036", "SERIE": "13", "LINEA": "071", "COD_SEG": "013", "COD_MANZA": 7, "PISO": null, "actualizad": null }, "geometry": { "type": "Point", "coordinates": [ -63.2582517, 9.7258046 ] } },
{ "type": "Feature", "properties": { "id": null, "CONTROL": "3012", "SERIE": "01", "LINEA": "001", "COD_SEG": "034", "COD_MANZA": 1, "PISO": null, "actualizad": null }, "geometry": { "type": "Point", "coordinates": [ -63.1697086, 9.7490734 ] } },
{ "type": "Feature", "properties": { "id": null, "CONTROL": "3012", "SERIE": "02", "LINEA": "002", "COD_SEG": "034", "COD_MANZA": 1, "PISO": null, "actualizad": null }, "geometry": { "type": "Point", "coordinates": [ -63.1697878, 9.7489664 ] } },
{ "type": "Feature", "properties": { "id": null, "CONTROL": "3020", "SERIE": "ESTACIONAMIENTO\n", "LINEA": "003", "COD_SEG": "034", "COD_MANZA": 1, "PISO": null, "actualizad": null }, "geometry": { "type": "Point", "coordinates": [ -63.169789, 9.7489029 ] } },
{ "type": "Feature", "properties": { "id": null, "CONTROL": "3012", "SERIE": "04", "LINEA": "004", "COD_SEG": "034", "COD_MANZA": 1, "PISO": null, "actualizad": null }, "geometry": { "type": "Point", "coordinates": [ -63.1698508, 9.7487628 ] } },
{ "type": "Feature", "properties": { "id": null, "CONTROL": "3012", "SERIE": "05 TALLER MECÁNICO\n", "LINEA": "005", "COD_SEG": "034", "COD_MANZA": 1, "PISO": null, "actualizad": null }, "geometry": { "type": "Point", "coordinates": [ -63.1697837, 9.7487747 ] } },
{ "type": "Feature", "properties": { "id": null, "CONTROL": "3012", "SERIE": "06 FREONCA C.A\n", "LINEA": "006", "COD_SEG": "034", "COD_MANZA": 1, "PISO": null, "actualizad": null }, "geometry": { "type": "Point", "coordinates": [ -63.1699393, 9.7487641 ] } },
{ "type": "Feature", "properties": { "id": null, "CONTROL": "3012", "SERIE": "07 LEGUMBRES HORTALIZAS\n", "LINEA": "007", "COD_SEG": "034", "COD_MANZA": 1, "PISO": null, "actualizad": null }, "geometry": { "type": "Point", "coordinates": [ -63.1700479, 9.7486941 ] } },
{ "type": "Feature", "properties": { "id": null, "CONTROL": "3012", "SERIE": "08", "LINEA": "008", "COD_SEG": "034", "COD_MANZA": 1, "PISO": null, "actualizad": null }, "geometry": { "type": "Point", "coordinates": [ -63.1701445, 9.7486742 ] } },
{ "type": "Feature", "properties": { "id": null, "CONTROL": "3012", "SERIE": "09", "LINEA": "009", "COD_SEG": "034", "COD_MANZA": 1, "PISO": null, "actualizad": null }, "geometry": { "type": "Point", "coordinates": [ -63.1702196, 9.7486834 ] } },
{ "type": "Feature", "properties": { "id": null, "CONTROL": "3012", "SERIE": "10", "LINEA": "010", "COD_SEG": "034", "COD_MANZA": 1, "PISO": null, "actualizad": null }, "geometry": { "type": "Point", "coordinates": [ -63.1702867, 9.7486887 ] } },
{ "type": "Feature", "properties": { "id": null, "CONTROL": "3012", "SERIE": "11", "LINEA": "011", "COD_SEG": "034", "COD_MANZA": 1, "PISO": null, "actualizad": null }, "geometry": { "type": "Point", "coordinates": [ -63.1703644, 9.7486848 ] } },
{ "type": "Feature", "properties": { "id": null, "CONTROL": "3012", "SERIE": "12", "LINEA": "012", "COD_SEG": "034", "COD_MANZA": 1, "PISO": null, "actualizad": null }, "geometry": { "type": "Point", "coordinates": [ -63.1704247, 9.7486915 ] } },
{ "type": "Feature", "properties": { "id": null, "CONTROL": "3012", "SERIE": "13", "LINEA": "013", "COD_SEG": "034", "COD_MANZA": 1, "PISO": null, "actualizad": null }, "geometry": { "type": "Point", "coordinates": [ -63.1704784, 9.7486967 ] } },
{ "type": "Feature", "properties": { "id": null, "CONTROL": "3012", "SERIE": "MOTO RESPUESTO EL GAVILAN\n", "LINEA": null, "COD_SEG": "03.4", "COD_MANZA": 1, "PISO": null, "actualizad": null }, "geometry": { "type": "Point", "coordinates": [ -63.1705777, 9.7486967 ] } },
{ "type": "Feature", "properties": { "id": null, "CONTROL": "3012", "SERIE": "14", "LINEA": "014", "COD_SEG": "034", "COD_MANZA": 1, "PISO": null, "actualizad": null }, "geometry": { "type": "Point", "coordinates": [ -63.1706889, 9.7487046 ] } },
{ "type": "Feature", "properties": { "id": null, "CONTROL": "2003", "SERIE": "01", "LINEA": "153", "COD_SEG": "035", "COD_MANZA": 3, "PISO": null, "actualizad": null }, "geometry": { "type": "Point", "coordinates": [ -63.1085682, 10.1049178 ] } },
{ "type": "Feature", "properties": { "id": null, "CONTROL": "2003", "SERIE": "02", "LINEA": "154", "COD_SEG": "035", "COD_MANZA": 3, "PISO": null, "actualizad": null }, "geometry": { "type": "Point", "coordinates": [ -63.10852, 10.1049984 ] } },
{ "type": "Feature", "properties": { "id": null, "CONTROL": "2003", "SERIE": "03", "LINEA": "155", "COD_SEG": "035", "COD_MANZA": 3, "PISO": null, "actualizad": null }, "geometry": { "type": "Point", "coordinates": [ -63.1084904, 10.1050749 ] } },
{ "type": "Feature", "properties": { "id": null, "CONTROL": "2003", "SERIE": "04", "LINEA": "156", "COD_SEG": "035", "COD_MANZA": 3, "PISO": null, "actualizad": null }, "geometry": { "type": "Point", "coordinates": [ -63.1084435, 10.1051436 ] } },
{ "type": "Feature", "properties": { "id": null, "CONTROL": "2003", "SERIE": "05", "LINEA": "157", "COD_SEG": "035", "COD_MANZA": 4, "PISO": null, "actualizad": null }, "geometry": { "type": "Point", "coordinates": [ -63.1084224, 10.1046164 ] } },
{ "type": "Feature", "properties": { "id": null, "CONTROL": "2003", "SERIE": "06", "LINEA": "158", "COD_SEG": "035", "COD_MANZA": 4, "PISO": null, "actualizad": null }, "geometry": { "type": "Point", "coordinates": [ -63.1083499, 10.104557 ] } },
{ "type": "Feature", "properties": { "id": null, "CONTROL": "2003", "SERIE": "07", "LINEA": "159", "COD_SEG": "035", "COD_MANZA": 4, "PISO": null, "actualizad": null }, "geometry": { "type": "Point", "coordinates": [ -63.1082587, 10.1045346 ] } },
{ "type": "Feature", "properties": { "id": null, "CONTROL": "2003", "SERIE": "08", "LINEA": "160", "COD_SEG": "035", "COD_MANZA": 4, "PISO": null, "actualizad": null }, "geometry": { "type": "Point", "coordinates": [ -63.108185, 10.1044831 ] } },
{ "type": "Feature", "properties": { "id": null, "CONTROL": "2003", "SERIE": "09", "LINEA": "161", "COD_SEG": "035", "COD_MANZA": 4, "PISO": null, "actualizad": null }, "geometry": { "type": "Point", "coordinates": [ -63.1081112, 10.1044487 ] } },
{ "type": "Feature", "properties": { "id": null, "CONTROL": "2003", "SERIE": "10", "LINEA": "162", "COD_SEG": "035", "COD_MANZA": 4, "PISO": null, "actualizad": null }, "geometry": { "type": "Point", "coordinates": [ -63.1079798, 10.1044118 ] } },
{ "type": "Feature", "properties": { "id": null, "CONTROL": "2003", "SERIE": "11", "LINEA": "163", "COD_SEG": "035", "COD_MANZA": 4, "PISO": null, "actualizad": null }, "geometry": { "type": "Point", "coordinates": [ -63.1079999, 10.1042956 ] } },
{ "type": "Feature", "properties": { "id": null, "CONTROL": "2003", "SERIE": "12", "LINEA": "164", "COD_SEG": "035", "COD_MANZA": 4, "PISO": null, "actualizad": null }, "geometry": { "type": "Point", "coordinates": [ -63.1080764, 10.1042441 ] } },
{ "type": "Feature", "properties": { "id": null, "CONTROL": "2003", "SERIE": "13", "LINEA": "165", "COD_SEG": "035", "COD_MANZA": 4, "PISO": null, "actualizad": null }, "geometry": { "type": "Point", "coordinates": [ -63.1081139, 10.1041741 ] } },
{ "type": "Feature", "properties": { "id": null, "CONTROL": "2003", "SERIE": "14", "LINEA": "166", "COD_SEG": "035", "COD_MANZA": 4, "PISO": null, "actualizad": null }, "geometry": { "type": "Point", "coordinates": [ -63.1082252, 10.1042771 ] } },
{ "type": "Feature", "properties": { "id": null, "CONTROL": "2003", "SERIE": "15", "LINEA": "167", "COD_SEG": "035", "COD_MANZA": 4, "PISO": null, "actualizad": null }, "geometry": { "type": "Point", "coordinates": [ -63.1082829, 10.1043048 ] } },
{ "type": "Feature", "properties": { "id": null, "CONTROL": "2003", "SERIE": "16", "LINEA": "168", "COD_SEG": "035", "COD_MANZA": 4, "PISO": null, "actualizad": null }, "geometry": { "type": "Point", "coordinates": [ -63.1083764, 10.1043448 ] } },
{ "type": "Feature", "properties": { "id": null, "CONTROL": "2022", "SERIE": "11", "LINEA": "172", "COD_SEG": "011", "COD_MANZA": 1, "PISO": null, "actualizad": null }, "geometry": { "type": "Point", "coordinates": [ -63.2124882, 9.7966332 ] } },
{ "type": "Feature", "properties": { "id": null, "CONTROL": "2022", "SERIE": "12", "LINEA": "173", "COD_SEG": "011", "COD_MANZA": 1, "PISO": null, "actualizad": null }, "geometry": { "type": "Point", "coordinates": [ -63.2125686, 9.7965989 ] } },
{ "type": "Feature", "properties": { "id": null, "CONTROL": "2022", "SERIE": "13", "LINEA": "174", "COD_SEG": "011", "COD_MANZA": 1, "PISO": null, "actualizad": null }, "geometry": { "type": "Point", "coordinates": [ -63.212637, 9.7966266 ] } },
{ "type": "Feature", "properties": { "id": null, "CONTROL": "2022", "SERIE": "14", "LINEA": "175", "COD_SEG": "011", "COD_MANZA": 1, "PISO": null, "actualizad": null }, "geometry": { "type": "Point", "coordinates": [ -63.2127147, 9.7965553 ] } },
{ "type": "Feature", "properties": { "id": null, "CONTROL": "2022", "SERIE": "15", "LINEA": "176", "COD_SEG": "011", "COD_MANZA": 1, "PISO": null, "actualizad": null }, "geometry": { "type": "Point", "coordinates": [ -63.2127777, 9.7965408 ] } },
{ "type": "Feature", "properties": { "id": null, "CONTROL": "2022", "SERIE": "10", "LINEA": "171", "COD_SEG": "011", "COD_MANZA": 1, "PISO": null, "actualizad": null }, "geometry": { "type": "Point", "coordinates": [ -63.212337, 9.7964205 ] } },
{ "type": "Feature", "properties": { "id": null, "CONTROL": "2022", "SERIE": "09", "LINEA": "170", "COD_SEG": "011", "COD_MANZA": 1, "PISO": null, "actualizad": null }, "geometry": { "type": "Point", "coordinates": [ -63.2123946, 9.7964059 ] } },
{ "type": "Feature", "properties": { "id": null, "CONTROL": "2022", "SERIE": "08", "LINEA": "169", "COD_SEG": "011", "COD_MANZA": 1, "PISO": null, "actualizad": null }, "geometry": { "type": "Point", "coordinates": [ -63.2124791, 9.7963742 ] } },
{ "type": "Feature", "properties": { "id": null, "CONTROL": "2022", "SERIE": "07", "LINEA": "168", "COD_SEG": "011", "COD_MANZA": 1, "PISO": null, "actualizad": null }, "geometry": { "type": "Point", "coordinates": [ -63.2125355, 9.7963636 ] } },
{ "type": "Feature", "properties": { "id": null, "CONTROL": "2022", "SERIE": "06", "LINEA": "167", "COD_SEG": "011", "COD_MANZA": 1, "PISO": null, "actualizad": null }, "geometry": { "type": "Point", "coordinates": [ -63.2126316, 9.7963345 ] } },
{ "type": "Feature", "properties": { "id": null, "CONTROL": "2022", "SERIE": "05", "LINEA": "166", "COD_SEG": "011", "COD_MANZA": 1, "PISO": null, "actualizad": null }, "geometry": { "type": "Point", "coordinates": [ -63.212696, 9.7963213 ] } },
{ "type": "Feature", "properties": { "id": null, "CONTROL": "2022", "SERIE": "04", "LINEA": "165", "COD_SEG": "011", "COD_MANZA": 1, "PISO": null, "actualizad": null }, "geometry": { "type": "Point", "coordinates": [ -63.2127711, 9.7963002 ] } },
{ "type": "Feature", "properties": { "id": null, "CONTROL": "2022", "SERIE": "03", "LINEA": "164", "COD_SEG": "011", "COD_MANZA": 1, "PISO": null, "actualizad": null }, "geometry": { "type": "Point", "coordinates": [ -63.2128194, 9.7962658 ] } },
{ "type": "Feature", "properties": { "id": null, "CONTROL": "2022", "SERIE": "02", "LINEA": "163", "COD_SEG": "011", "COD_MANZA": 1, "PISO": null, "actualizad": null }, "geometry": { "type": "Point", "coordinates": [ -63.2128731, 9.7961866 ] } },
{ "type": "Feature", "properties": { "id": null, "CONTROL": "2022", "SERIE": "01", "LINEA": "162", "COD_SEG": "011", "COD_MANZA": 1, "PISO": null, "actualizad": null }, "geometry": { "type": "Point", "coordinates": [ -63.2129481, 9.7961416 ] } },
{ "type": "Feature", "properties": { "id": null, "CONTROL": "0030", "SERIE": "11", "LINEA": "161", "COD_SEG": "033", "COD_MANZA": 5, "PISO": null, "actualizad": null }, "geometry": { "type": "Point", "coordinates": [ -63.1892952, 9.7842227 ] } },
{ "type": "Feature", "properties": { "id": null, "CONTROL": "0030", "SERIE": "12", "LINEA": "162", "COD_SEG": "033", "COD_MANZA": 5, "PISO": null, "actualizad": null }, "geometry": { "type": "Point", "coordinates": [ -63.189334, 9.7845082 ] } },
{ "type": "Feature", "properties": { "id": null, "CONTROL": "0030", "SERIE": "13", "LINEA": "163", "COD_SEG": "033", "COD_MANZA": 5, "PISO": null, "actualizad": null }, "geometry": { "type": "Point", "coordinates": [ -63.1893515, 9.7846324 ] } },
{ "type": "Feature", "properties": { "id": null, "CONTROL": "0030", "SERIE": "14", "LINEA": "164", "COD_SEG": "033", "COD_MANZA": 5, "PISO": null, "actualizad": null }, "geometry": { "type": "Point", "coordinates": [ -63.1893542, 9.7847368 ] } },
{ "type": "Feature", "properties": { "id": null, "CONTROL": "0030", "SERIE": "15", "LINEA": "165", "COD_SEG": "033", "COD_MANZA": 5, "PISO": null, "actualizad": null }, "geometry": { "type": "Point", "coordinates": [ -63.1893716, 9.7848676 ] } },
{ "type": "Feature", "properties": { "id": null, "CONTROL": "0030", "SERIE": "10", "LINEA": "160", "COD_SEG": "033", "COD_MANZA": 5, "PISO": null, "actualizad": null }, "geometry": { "type": "Point", "coordinates": [ -63.1879981, 9.7849502 ] } },
{ "type": "Feature", "properties": { "id": null, "CONTROL": "0030", "SERIE": "09", "LINEA": "159", "COD_SEG": "033", "COD_MANZA": 5, "PISO": null, "actualizad": null }, "geometry": { "type": "Point", "coordinates": [ -63.1880293, 9.7850116 ] } },
{ "type": "Feature", "properties": { "id": null, "CONTROL": "0030", "SERIE": "08", "LINEA": "158", "COD_SEG": "033", "COD_MANZA": 5, "PISO": null, "actualizad": null }, "geometry": { "type": "Point", "coordinates": [ -63.1880574, 9.7850842 ] } },
{ "type": "Feature", "properties": { "id": null, "CONTROL": "0030", "SERIE": "07", "LINEA": "157", "COD_SEG": "033", "COD_MANZA": 5, "PISO": null, "actualizad": null }, "geometry": { "type": "Point", "coordinates": [ -63.1880736, 9.7851397 ] } },
{ "type": "Feature", "properties": { "id": null, "CONTROL": "0030", "SERIE": "06", "LINEA": "156", "COD_SEG": "033", "COD_MANZA": 5, "PISO": null, "actualizad": null }, "geometry": { "type": "Point", "coordinates": [ -63.1881205, 9.7852177 ] } },
{ "type": "Feature", "properties": { "id": null, "CONTROL": "0030", "SERIE": "05", "LINEA": "155", "COD_SEG": "033", "COD_MANZA": 5, "PISO": null, "actualizad": null }, "geometry": { "type": "Point", "coordinates": [ -63.1881594, 9.7852812 ] } },
{ "type": "Feature", "properties": { "id": null, "CONTROL": "0030", "SERIE": "04", "LINEA": "154", "COD_SEG": "033", "COD_MANZA": 5, "PISO": null, "actualizad": null }, "geometry": { "type": "Point", "coordinates": [ -63.1882117, 9.7854186 ] } },
{ "type": "Feature", "properties": { "id": null, "CONTROL": "0030", "SERIE": "03", "LINEA": "153", "COD_SEG": "033", "COD_MANZA": 5, "PISO": null, "actualizad": null }, "geometry": { "type": "Point", "coordinates": [ -63.1882532, 9.7855389 ] } },
{ "type": "Feature", "properties": { "id": null, "CONTROL": "0030", "SERIE": "02", "LINEA": "152", "COD_SEG": "033", "COD_MANZA": 5, "PISO": null, "actualizad": null }, "geometry": { "type": "Point", "coordinates": [ -63.1883429, 9.7857345 ] } },
{ "type": "Feature", "properties": { "id": null, "CONTROL": "0030", "SERIE": "01", "LINEA": "151", "COD_SEG": "033", "COD_MANZA": 5, "PISO": null, "actualizad": null }, "geometry": { "type": "Point", "coordinates": [ -63.1884233, 9.7859605 ] } },
{ "type": "Feature", "properties": { "id": null, "CONTROL": "2023", "SERIE": "01", "LINEA": "077", "COD_SEG": "022", "COD_MANZA": 1, "PISO": null, "actualizad": null }, "geometry": { "type": "Point", "coordinates": [ -63.2024205, 9.7711602 ] } },
{ "type": "Feature", "properties": { "id": null, "CONTROL": "2023", "SERIE": "02", "LINEA": "077", "COD_SEG": "022", "COD_MANZA": 1, "PISO": null, "actualizad": null }, "geometry": { "type": "Point", "coordinates": [ -63.202442, 9.7708351 ] } },
{ "type": "Feature", "properties": { "id": null, "CONTROL": "2023", "SERIE": "13", "LINEA": "100", "COD_SEG": "022", "COD_MANZA": 1, "PISO": null, "actualizad": null }, "geometry": { "type": "Point", "coordinates": [ -63.2025574, 9.771488 ] } },
{ "type": "Feature", "properties": { "id": null, "CONTROL": "2023", "SERIE": "03", "LINEA": "078", "COD_SEG": "022", "COD_MANZA": 1, "PISO": null, "actualizad": null }, "geometry": { "type": "Point", "coordinates": [ -63.2025627, 9.7708245 ] } },
{ "type": "Feature", "properties": { "id": null, "CONTROL": "2023", "SERIE": "04", "LINEA": "091", "COD_SEG": "022", "COD_MANZA": 1, "PISO": null, "actualizad": null }, "geometry": { "type": "Point", "coordinates": [ -63.2025466, 9.7712845 ] } },
{ "type": "Feature", "properties": { "id": null, "CONTROL": "2023", "SERIE": "05", "LINEA": "092", "COD_SEG": "022", "COD_MANZA": 1, "PISO": null, "actualizad": null }, "geometry": { "type": "Point", "coordinates": [ -63.2025587, 9.7713757 ] } },
{ "type": "Feature", "properties": { "id": null, "CONTROL": "2023", "SERIE": "06", "LINEA": "093", "COD_SEG": "022", "COD_MANZA": 1, "PISO": null, "actualizad": null }, "geometry": { "type": "Point", "coordinates": [ -63.202552, 9.7716294 ] } },
{ "type": "Feature", "properties": { "id": null, "CONTROL": "2023", "SERIE": "09", "LINEA": "080", "COD_SEG": "022", "COD_MANZA": 1, "PISO": null, "actualizad": null }, "geometry": { "type": "Point", "coordinates": [ -63.2029449, 9.7719466 ] } },
{ "type": "Feature", "properties": { "id": null, "CONTROL": "2023", "SERIE": "08", "LINEA": "079", "COD_SEG": "022", "COD_MANZA": 1, "PISO": null, "actualizad": null }, "geometry": { "type": "Point", "coordinates": [ -63.2028028, 9.7719665 ] } },
{ "type": "Feature", "properties": { "id": null, "CONTROL": "2023", "SERIE": "07", "LINEA": "094", "COD_SEG": "022", "COD_MANZA": 1, "PISO": null, "actualizad": null }, "geometry": { "type": "Point", "coordinates": [ -63.2027062, 9.7719916 ] } },
{ "type": "Feature", "properties": { "id": null, "CONTROL": "2023", "SERIE": "10", "LINEA": "081", "COD_SEG": "022", "COD_MANZA": 1, "PISO": null, "actualizad": null }, "geometry": { "type": "Point", "coordinates": [ -63.2028551, 9.7717801 ] } },
{ "type": "Feature", "properties": { "id": null, "CONTROL": "2023", "SERIE": "11", "LINEA": "082", "COD_SEG": "022", "COD_MANZA": 1, "PISO": null, "actualizad": null }, "geometry": { "type": "Point", "coordinates": [ -63.2028363, 9.7716889 ] } },
{ "type": "Feature", "properties": { "id": null, "CONTROL": "2023", "SERIE": "12", "LINEA": "083", "COD_SEG": "022", "COD_MANZA": 1, "PISO": null, "actualizad": null }, "geometry": { "type": "Point", "coordinates": [ -63.2028001, 9.7715686 ] } },
{ "type": "Feature", "properties": { "id": null, "CONTROL": "0069", "SERIE": "01", "LINEA": "071", "COD_SEG": "SECTOR 3", "COD_MANZA": 1, "PISO": null, "actualizad": null }, "geometry": { "type": "Point", "coordinates": [ -62.6507476, 8.493984 ] } },
{ "type": "Feature", "properties": { "id": null, "CONTROL": "0069", "SERIE": "02", "LINEA": "072", "COD_SEG": "SECTOR 3", "COD_MANZA": 1, "PISO": null, "actualizad": null }, "geometry": { "type": "Point", "coordinates": [ -62.6507825, 8.494122 ] } },
{ "type": "Feature", "properties": { "id": null, "CONTROL": "0069", "SERIE": "03", "LINEA": "073", "COD_SEG": "SECTOR 3", "COD_MANZA": 1, "PISO": null, "actualizad": null }, "geometry": { "type": "Point", "coordinates": [ -62.6509729, 8.4941909 ] } },
{ "type": "Feature", "properties": { "id": null, "CONTROL": "0069", "SERIE": "04", "LINEA": "074", "COD_SEG": "SECTOR 3", "COD_MANZA": 1, "PISO": null, "actualizad": null }, "geometry": { "type": "Point", "coordinates": [ -62.651056, 8.4942864 ] } },
{ "type": "Feature", "properties": { "id": null, "CONTROL": "0069", "SERIE": "05", "LINEA": "075", "COD_SEG": "SECTOR 3", "COD_MANZA": 1, "PISO": null, "actualizad": null }, "geometry": { "type": "Point", "coordinates": [ -62.6509783, 8.4937373 ] } },
{ "type": "Feature", "properties": { "id": null, "CONTROL": "0069", "SERIE": "06", "LINEA": "076", "COD_SEG": "SECTOR 3", "COD_MANZA": 1, "PISO": null, "actualizad": null }, "geometry": { "type": "Point", "coordinates": [ -62.6506323, 8.4934429 ] } },
{ "type": "Feature", "properties": { "id": null, "CONTROL": "0069", "SERIE": "07", "LINEA": "077", "COD_SEG": "SECTOR 3", "COD_MANZA": 1, "PISO": null, "actualizad": null }, "geometry": { "type": "Point", "coordinates": [ -62.6503104, 8.4931484 ] } },
{ "type": "Feature", "properties": { "id": null, "CONTROL": "0069", "SERIE": "08", "LINEA": "078", "COD_SEG": "SECTOR 3", "COD_MANZA": 1, "PISO": null, "actualizad": null }, "geometry": { "type": "Point", "coordinates": [ -62.6499671, 8.4928433 ] } },
{ "type": "Feature", "properties": { "id": null, "CONTROL": "0069", "SERIE": "09", "LINEA": "079", "COD_SEG": "SECTOR 3", "COD_MANZA": 1, "PISO": null, "actualizad": null }, "geometry": { "type": "Point", "coordinates": [ -62.6502353, 8.4924109 ] } },
{ "type": "Feature", "properties": { "id": null, "CONTROL": "0069", "SERIE": "10", "LINEA": "080", "COD_SEG": "SECTOR 3", "COD_MANZA": 1, "PISO": null, "actualizad": null }, "geometry": { "type": "Point", "coordinates": [ -62.6505196, 8.4923791 ] } },
{ "type": "Feature", "properties": { "id": null, "CONTROL": "0069", "SERIE": "11", "LINEA": "081", "COD_SEG": "SECTOR 3", "COD_MANZA": 1, "PISO": null, "actualizad": null }, "geometry": { "type": "Point", "coordinates": [ -62.6507932, 8.4925966 ] } },
{ "type": "Feature", "properties": { "id": null, "CONTROL": "0069", "SERIE": "12", "LINEA": "082", "COD_SEG": "SECTOR 3", "COD_MANZA": 1, "PISO": null, "actualizad": null }, "geometry": { "type": "Point", "coordinates": [ -62.6511472, 8.4929096 ] } },
{ "type": "Feature", "properties": { "id": null, "CONTROL": "0069", "SERIE": "13", "LINEA": "083", "COD_SEG": "SECTOR 3", "COD_MANZA": 1, "PISO": null, "actualizad": null }, "geometry": { "type": "Point", "coordinates": [ -62.6514745, 8.4932121 ] } },
{ "type": "Feature", "properties": { "id": null, "CONTROL": "0069", "SERIE": "14", "LINEA": "084", "COD_SEG": "SECTOR 3", "COD_MANZA": 1, "PISO": null, "actualizad": null }, "geometry": { "type": "Point", "coordinates": [ -62.6517856, 8.4935039 ] } },
{ "type": "Feature", "properties": { "id": null, "CONTROL": "0081", "SERIE": "01", "LINEA": "090", "COD_SEG": "001", "COD_MANZA": 13, "PISO": null, "actualizad": null }, "geometry": { "type": "Point", "coordinates": [ -62.7257774, 8.4523144 ] } },
{ "type": "Feature", "properties": { "id": null, "CONTROL": "0081", "SERIE": "02", "LINEA": "091", "COD_SEG": "001", "COD_MANZA": 13, "PISO": null, "actualizad": null }, "geometry": { "type": "Point", "coordinates": [ -62.7260671, 8.4522905 ] } },
{ "type": "Feature", "properties": { "id": null, "CONTROL": "0081", "SERIE": "03", "LINEA": "092", "COD_SEG": "001", "COD_MANZA": 13, "PISO": null, "actualizad": null }, "geometry": { "type": "Point", "coordinates": [ -62.72611, 8.4525001 ] } },
{ "type": "Feature", "properties": { "id": null, "CONTROL": "0081", "SERIE": "04", "LINEA": "093", "COD_SEG": "001", "COD_MANZA": 14, "PISO": null, "actualizad": null }, "geometry": { "type": "Point", "coordinates": [ -62.7262863, 8.4541694 ] } },
{ "type": "Feature", "properties": { "id": null, "CONTROL": "0081", "SERIE": "05", "LINEA": "094", "COD_SEG": "001", "COD_MANZA": 14, "PISO": null, "actualizad": null }, "geometry": { "type": "Point", "coordinates": [ -62.7259766, 8.4542026 ] } },
{ "type": "Feature", "properties": { "id": null, "CONTROL": "0081", "SERIE": "06", "LINEA": "105", "COD_SEG": "001", "COD_MANZA": 14, "PISO": null, "actualizad": null }, "geometry": { "type": "Point", "coordinates": [ -62.7258585, 8.4542039 ] } },
{ "type": "Feature", "properties": { "id": null, "CONTROL": "0081", "SERIE": "07", "LINEA": "095", "COD_SEG": "001", "COD_MANZA": 14, "PISO": null, "actualizad": null }, "geometry": { "type": "Point", "coordinates": [ -62.725589, 8.4541203 ] } },
{ "type": "Feature", "properties": { "id": null, "CONTROL": "0081", "SERIE": "08", "LINEA": "096", "COD_SEG": "001", "COD_MANZA": 14, "PISO": null, "actualizad": null }, "geometry": { "type": "Point", "coordinates": [ -62.7254575, 8.4538126 ] } },
{ "type": "Feature", "properties": { "id": null, "CONTROL": "0081", "SERIE": "09", "LINEA": "097", "COD_SEG": "001", "COD_MANZA": 15, "PISO": null, "actualizad": null }, "geometry": { "type": "Point", "coordinates": [ -62.7265774, 8.4536362 ] } },
{ "type": "Feature", "properties": { "id": null, "CONTROL": "0081", "SERIE": "10", "LINEA": "098", "COD_SEG": "001", "COD_MANZA": 15, "PISO": null, "actualizad": null }, "geometry": { "type": "Point", "coordinates": [ -62.7265224, 8.4533788 ] } },
{ "type": "Feature", "properties": { "id": null, "CONTROL": "0081", "SERIE": "11", "LINEA": "099", "COD_SEG": "001", "COD_MANZA": 15, "PISO": null, "actualizad": null }, "geometry": { "type": "Point", "coordinates": [ -62.7264057, 8.453221 ] } },
{ "type": "Feature", "properties": { "id": null, "CONTROL": "0081", "SERIE": "12", "LINEA": "100", "COD_SEG": "001", "COD_MANZA": 15, "PISO": null, "actualizad": null }, "geometry": { "type": "Point", "coordinates": [ -62.7264996, 8.453087 ] } },
{ "type": "Feature", "properties": { "id": null, "CONTROL": "0081", "SERIE": "13", "LINEA": "101", "COD_SEG": "001", "COD_MANZA": 15, "PISO": null, "actualizad": null }, "geometry": { "type": "Point", "coordinates": [ -62.726521, 8.4527646 ] } },
{ "type": "Feature", "properties": { "id": null, "CONTROL": "0081", "SERIE": "14", "LINEA": "102", "COD_SEG": "001", "COD_MANZA": 15, "PISO": null, "actualizad": null }, "geometry": { "type": "Point", "coordinates": [ -62.7268724, 8.4527806 ] } },
{ "type": "Feature", "properties": { "id": null, "CONTROL": "0081", "SERIE": "15", "LINEA": "103", "COD_SEG": "001", "COD_MANZA": 15, "PISO": null, "actualizad": null }, "geometry": { "type": "Point", "coordinates": [ -62.7264835, 8.4522393 ] } },
{ "type": "Feature", "properties": { "id": null, "CONTROL": "0081", "SERIE": "16", "LINEA": "104", "COD_SEG": "001", "COD_MANZA": 15, "PISO": null, "actualizad": null }, "geometry": { "type": "Point", "coordinates": [ -62.7268697, 8.4521518 ] } },
{ "type": "Feature", "properties": { "id": null, "CONTROL": "0007", "SERIE": "01\n", "LINEA": "288", "COD_SEG": "109", "COD_MANZA": 2, "PISO": null, "actualizad": null }, "geometry": { "type": "Point", "coordinates": [ -63.1395558, 9.7418011 ] } },
{ "type": "Feature", "properties": { "id": null, "CONTROL": "0007", "SERIE": "02\n", "LINEA": "289", "COD_SEG": "109", "COD_MANZA": 2, "PISO": null, "actualizad": null }, "geometry": { "type": "Point", "coordinates": [ -63.1395317, 9.7417377 ] } },
{ "type": "Feature", "properties": { "id": null, "CONTROL": "0007", "SERIE": "18\n", "LINEA": "322", "COD_SEG": "109", "COD_MANZA": 2, "PISO": null, "actualizad": null }, "geometry": { "type": "Point", "coordinates": [ -63.1394633, 9.7418421 ] } },
{ "type": "Feature", "properties": { "id": null, "CONTROL": "0007", "SERIE": "03\n", "LINEA": "290", "COD_SEG": "109", "COD_MANZA": 2, "PISO": null, "actualizad": null }, "geometry": { "type": "Point", "coordinates": [ -63.1393641, 9.7418724 ] } },
{ "type": "Feature", "properties": { "id": null, "CONTROL": "0007", "SERIE": "04\n", "LINEA": "291", "COD_SEG": "109", "COD_MANZA": 2, "PISO": null, "actualizad": null }, "geometry": { "type": "Point", "coordinates": [ -63.1392675, 9.7419068 ] } },
{ "type": "Feature", "properties": { "id": null, "CONTROL": "0007", "SERIE": "05\n", "LINEA": "292", "COD_SEG": "109", "COD_MANZA": 2, "PISO": null, "actualizad": null }, "geometry": { "type": "Point", "coordinates": [ -63.139344, 9.7420523 ] } },
{ "type": "Feature", "properties": { "id": null, "CONTROL": "0007", "SERIE": "06\n", "LINEA": "293", "COD_SEG": "109", "COD_MANZA": 2, "PISO": null, "actualizad": null }, "geometry": { "type": "Point", "coordinates": [ -63.1394298, 9.7420443 ] } },
{ "type": "Feature", "properties": { "id": null, "CONTROL": "0007", "SERIE": "07\n", "LINEA": "294", "COD_SEG": "109", "COD_MANZA": 2, "PISO": null, "actualizad": null }, "geometry": { "type": "Point", "coordinates": [ -63.1395102, 9.7420073 ] } },
{ "type": "Feature", "properties": { "id": null, "CONTROL": "0007", "SERIE": "08\n", "LINEA": "295", "COD_SEG": "109", "COD_MANZA": 2, "PISO": null, "actualizad": null }, "geometry": { "type": "Point", "coordinates": [ -63.1395773, 9.7419941 ] } },
{ "type": "Feature", "properties": { "id": null, "CONTROL": "0007", "SERIE": "09\n", "LINEA": "296", "COD_SEG": "109", "COD_MANZA": 2, "PISO": null, "actualizad": null }, "geometry": { "type": "Point", "coordinates": [ -63.1396604, 9.7419756 ] } },
{ "type": "Feature", "properties": { "id": null, "CONTROL": "0007", "SERIE": "10\n", "LINEA": "297", "COD_SEG": "109", "COD_MANZA": 2, "PISO": null, "actualizad": null }, "geometry": { "type": "Point", "coordinates": [ -63.1397248, 9.7419465 ] } },
{ "type": "Feature", "properties": { "id": null, "CONTROL": "0007", "SERIE": "12\n", "LINEA": "302", "COD_SEG": "109", "COD_MANZA": 2, "PISO": null, "actualizad": null }, "geometry": { "type": "Point", "coordinates": [ -63.139816, 9.7419069 ] } },
{ "type": "Feature", "properties": { "id": null, "CONTROL": "0007", "SERIE": "11\n", "LINEA": "301", "COD_SEG": "109", "COD_MANZA": 2, "PISO": null, "actualizad": null }, "geometry": { "type": "Point", "coordinates": [ -63.1398482, 9.7420046 ] } },
{ "type": "Feature", "properties": { "id": null, "CONTROL": "0007", "SERIE": "14\n", "LINEA": "298", "COD_SEG": "109", "COD_MANZA": 2, "PISO": null, "actualizad": null }, "geometry": { "type": "Point", "coordinates": [ -63.1399099, 9.7418963 ] } },
{ "type": "Feature", "properties": { "id": null, "CONTROL": "0007", "SERIE": "15\n", "LINEA": "320", "COD_SEG": "109", "COD_MANZA": 2, "PISO": null, "actualizad": null }, "geometry": { "type": "Point", "coordinates": [ -63.1400118, 9.7418883 ] } },
{ "type": "Feature", "properties": { "id": null, "CONTROL": "0007", "SERIE": "16\n", "LINEA": "299", "COD_SEG": "109", "COD_MANZA": 2, "PISO": null, "actualizad": null }, "geometry": { "type": "Point", "coordinates": [ -63.1401192, 9.7418593 ] } },
{ "type": "Feature", "properties": { "id": null, "CONTROL": "0007", "SERIE": "17\n", "LINEA": "300", "COD_SEG": "109", "COD_MANZA": 2, "PISO": null, "actualizad": null }, "geometry": { "type": "Point", "coordinates": [ -63.1402371, 9.7418144 ] } },
{ "type": "Feature", "properties": { "id": null, "CONTROL": "0067", "SERIE": "01", "LINEA": "015", "COD_SEG": "002", "COD_MANZA": 4, "PISO": null, "actualizad": null }, "geometry": { "type": "Point", "coordinates": [ -62.6826149, 8.3965829 ] } },
{ "type": "Feature", "properties": { "id": null, "CONTROL": "0067", "SERIE": "02", "LINEA": "016", "COD_SEG": "002", "COD_MANZA": 4, "PISO": null, "actualizad": null }, "geometry": { "type": "Point", "coordinates": [ -62.6825854, 8.3965046 ] } },
{ "type": "Feature", "properties": { "id": null, "CONTROL": "0067", "SERIE": "03", "LINEA": "029", "COD_SEG": "002", "COD_MANZA": 4, "PISO": null, "actualizad": null }, "geometry": { "type": "Point", "coordinates": [ -62.6829904, 8.3964807 ] } },
{ "type": "Feature", "properties": { "id": null, "CONTROL": "0067", "SERIE": "04\n", "LINEA": "017", "COD_SEG": "002", "COD_MANZA": 4, "PISO": null, "actualizad": null }, "geometry": { "type": "Point", "coordinates": [ -62.6825666, 8.3964197 ] } },
{ "type": "Feature", "properties": { "id": null, "CONTROL": "0067", "SERIE": "05", "LINEA": "018", "COD_SEG": "002", "COD_MANZA": 4, "PISO": null, "actualizad": null }, "geometry": { "type": "Point", "coordinates": [ -62.6825465, 8.3963362 ] } },
{ "type": "Feature", "properties": { "id": null, "CONTROL": "0067", "SERIE": "06", "LINEA": "019", "COD_SEG": "002", "COD_MANZA": 4, "PISO": null, "actualizad": null }, "geometry": { "type": "Point", "coordinates": [ -62.6825666, 8.3962366 ] } },
{ "type": "Feature", "properties": { "id": null, "CONTROL": "0067", "SERIE": "07", "LINEA": "020", "COD_SEG": "002", "COD_MANZA": 4, "PISO": null, "actualizad": null }, "geometry": { "type": "Point", "coordinates": [ -62.6825452, 8.3961331 ] } },
{ "type": "Feature", "properties": { "id": null, "CONTROL": "0067", "SERIE": "08", "LINEA": "021", "COD_SEG": "002", "COD_MANZA": 4, "PISO": null, "actualizad": null }, "geometry": { "type": "Point", "coordinates": [ -62.6825478, 8.3960482 ] } },
{ "type": "Feature", "properties": { "id": null, "CONTROL": "0067", "SERIE": "09", "LINEA": "022", "COD_SEG": "002", "COD_MANZA": 4, "PISO": null, "actualizad": null }, "geometry": { "type": "Point", "coordinates": [ -62.6825803, 8.3958451 ] } },
{ "type": "Feature", "properties": { "id": null, "CONTROL": "0067", "SERIE": "10", "LINEA": "030", "COD_SEG": "002", "COD_MANZA": 4, "PISO": null, "actualizad": null }, "geometry": { "type": "Point", "coordinates": [ -62.682587, 8.3955824 ] } },
{ "type": "Feature", "properties": { "id": null, "CONTROL": "0067", "SERIE": "11", "LINEA": "023", "COD_SEG": "002", "COD_MANZA": 4, "PISO": null, "actualizad": null }, "geometry": { "type": "Point", "coordinates": [ -62.6825575, 8.395463 ] } },
{ "type": "Feature", "properties": { "id": null, "CONTROL": "0067", "SERIE": "12", "LINEA": "031", "COD_SEG": "002", "COD_MANZA": 4, "PISO": null, "actualizad": null }, "geometry": { "type": "Point", "coordinates": [ -62.6824865, 8.3952467 ] } },
{ "type": "Feature", "properties": { "id": null, "CONTROL": "0067", "SERIE": "13", "LINEA": "024", "COD_SEG": "002", "COD_MANZA": 4, "PISO": null, "actualizad": null }, "geometry": { "type": "Point", "coordinates": [ -62.68243, 8.395073 ] } },
{ "type": "Feature", "properties": { "id": null, "CONTROL": "0067", "SERIE": "14", "LINEA": "032", "COD_SEG": "002", "COD_MANZA": 4, "PISO": null, "actualizad": null }, "geometry": { "type": "Point", "coordinates": [ -62.6824422, 8.3949283 ] } },
{ "type": "Feature", "properties": { "id": null, "CONTROL": "0067", "SERIE": "15", "LINEA": "033", "COD_SEG": "002", "COD_MANZA": 4, "PISO": null, "actualizad": null }, "geometry": { "type": "Point", "coordinates": [ -62.6824368, 8.3947824 ] } },
{ "type": "Feature", "properties": { "id": null, "CONTROL": "0067", "SERIE": "16", "LINEA": "025", "COD_SEG": "002", "COD_MANZA": 4, "PISO": null, "actualizad": null }, "geometry": { "type": "Point", "coordinates": [ -62.6824314, 8.3946656 ] } },
{ "type": "Feature", "properties": { "id": null, "CONTROL": "0067", "SERIE": "17", "LINEA": "026", "COD_SEG": "002", "COD_MANZA": 4, "PISO": null, "actualizad": null }, "geometry": { "type": "Point", "coordinates": [ -62.6824287, 8.3945502 ] } },
{ "type": "Feature", "properties": { "id": null, "CONTROL": "0067", "SERIE": "18", "LINEA": "027", "COD_SEG": "002", "COD_MANZA": 4, "PISO": null, "actualizad": null }, "geometry": { "type": "Point", "coordinates": [ -62.6824448, 8.3944308 ] } },
{ "type": "Feature", "properties": { "id": null, "CONTROL": "0067", "SERIE": "19", "LINEA": "028", "COD_SEG": "002", "COD_MANZA": 4, "PISO": null, "actualizad": null }, "geometry": { "type": "Point", "coordinates": [ -62.6824395, 8.3943167 ] } },
{ "type": "Feature", "properties": { "id": null, "CONTROL": "0036", "SERIE": "15", "LINEA": "225", "COD_SEG": "082", "COD_MANZA": 1, "PISO": null, "actualizad": null }, "geometry": { "type": "Point", "coordinates": [ -63.2152387, 9.7060277 ] } },
{ "type": "Feature", "properties": { "id": null, "CONTROL": "0036", "SERIE": "14", "LINEA": "224", "COD_SEG": "082", "COD_MANZA": 1, "PISO": null, "actualizad": null }, "geometry": { "type": "Point", "coordinates": [ -63.2151502, 9.706066 ] } },
{ "type": "Feature", "properties": { "id": null, "CONTROL": "0036", "SERIE": "13", "LINEA": "223", "COD_SEG": "082", "COD_MANZA": 1, "PISO": null, "actualizad": null }, "geometry": { "type": "Point", "coordinates": [ -63.2152387, 9.706374 ] } },
{ "type": "Feature", "properties": { "id": null, "CONTROL": "0036", "SERIE": "12", "LINEA": "222", "COD_SEG": "082", "COD_MANZA": 1, "PISO": null, "actualizad": null }, "geometry": { "type": "Point", "coordinates": [ -63.2153313, 9.7063251 ] } },
{ "type": "Feature", "properties": { "id": null, "CONTROL": "0036", "SERIE": "11", "LINEA": "221", "COD_SEG": "082", "COD_MANZA": 1, "PISO": null, "actualizad": null }, "geometry": { "type": "Point", "coordinates": [ -63.2154413, 9.7062894 ] } },
{ "type": "Feature", "properties": { "id": null, "CONTROL": "0036", "SERIE": "10", "LINEA": "220", "COD_SEG": "082", "COD_MANZA": 1, "PISO": null, "actualizad": null }, "geometry": { "type": "Point", "coordinates": [ -63.2155485, 9.7062524 ] } },
{ "type": "Feature", "properties": { "id": null, "CONTROL": "0036", "SERIE": "09", "LINEA": "219", "COD_SEG": "082", "COD_MANZA": 1, "PISO": null, "actualizad": null }, "geometry": { "type": "Point", "coordinates": [ -63.2156545, 9.7062088 ] } },
{ "type": "Feature", "properties": { "id": null, "CONTROL": "0036", "SERIE": "08", "LINEA": "218", "COD_SEG": "082", "COD_MANZA": 1, "PISO": null, "actualizad": null }, "geometry": { "type": "Point", "coordinates": [ -63.2157564, 9.7061771 ] } },
{ "type": "Feature", "properties": { "id": null, "CONTROL": "0036", "SERIE": "07", "LINEA": "217", "COD_SEG": "082", "COD_MANZA": 1, "PISO": null, "actualizad": null }, "geometry": { "type": "Point", "coordinates": [ -63.2158677, 9.7061374 ] } },
{ "type": "Feature", "properties": { "id": null, "CONTROL": "0036", "SERIE": "06", "LINEA": "216", "COD_SEG": "082", "COD_MANZA": 1, "PISO": null, "actualizad": null }, "geometry": { "type": "Point", "coordinates": [ -63.2159442, 9.706066 ] } },
{ "type": "Feature", "properties": { "id": null, "CONTROL": "0036", "SERIE": "05", "LINEA": "215", "COD_SEG": "082", "COD_MANZA": 1, "PISO": null, "actualizad": null }, "geometry": { "type": "Point", "coordinates": [ -63.2160984, 9.7062339 ] } },
{ "type": "Feature", "properties": { "id": null, "CONTROL": "0036", "SERIE": "04", "LINEA": "214", "COD_SEG": "082", "COD_MANZA": 1, "PISO": null, "actualizad": null }, "geometry": { "type": "Point", "coordinates": [ -63.2161359, 9.7062987 ] } },
{ "type": "Feature", "properties": { "id": null, "CONTROL": "0036", "SERIE": "03", "LINEA": "213", "COD_SEG": "082", "COD_MANZA": 1, "PISO": null, "actualizad": null }, "geometry": { "type": "Point", "coordinates": [ -63.2161574, 9.7063648 ] } },
{ "type": "Feature", "properties": { "id": null, "CONTROL": "0036", "SERIE": "02", "LINEA": "212", "COD_SEG": "082", "COD_MANZA": 1, "PISO": null, "actualizad": null }, "geometry": { "type": "Point", "coordinates": [ -63.2161828, 9.7064454 ] } },
{ "type": "Feature", "properties": { "id": null, "CONTROL": "0036", "SERIE": "01", "LINEA": "211", "COD_SEG": "082", "COD_MANZA": 1, "PISO": null, "actualizad": null }, "geometry": { "type": "Point", "coordinates": [ -63.2162111, 9.7065168 ] } },
{ "type": "Feature", "properties": { "id": null, "CONTROL": "2086", "SERIE": "01", "LINEA": "175", "COD_SEG": "001", "COD_MANZA": 6, "PISO": null, "actualizad": null }, "geometry": { "type": "Point", "coordinates": [ -62.657852709756476, 9.010918835111612 ] } },
{ "type": "Feature", "properties": { "id": null, "CONTROL": "2086", "SERIE": "02", "LINEA": "176", "COD_SEG": "001", "COD_MANZA": 6, "PISO": null, "actualizad": null }, "geometry": { "type": "Point", "coordinates": [ -62.657451871653969, 9.011079777683072 ] } },
{ "type": "Feature", "properties": { "id": null, "CONTROL": "2086", "SERIE": "03", "LINEA": "177", "COD_SEG": "001", "COD_MANZA": 6, "PISO": null, "actualizad": null }, "geometry": { "type": "Point", "coordinates": [ -62.657175536295426, 9.011277160082031 ] } },
{ "type": "Feature", "properties": { "id": null, "CONTROL": "2086", "SERIE": "04", "LINEA": "178", "COD_SEG": "001", "COD_MANZA": 6, "PISO": null, "actualizad": null }, "geometry": { "type": "Point", "coordinates": [ -62.656888572653862, 9.011304489952657 ] } },
{ "type": "Feature", "properties": { "id": null, "CONTROL": "2086", "SERIE": "05", "LINEA": "179", "COD_SEG": "001", "COD_MANZA": 6, "PISO": null, "actualizad": null }, "geometry": { "type": "Point", "coordinates": [ -62.65666993368886, 9.011568678702034 ] } },
{ "type": "Feature", "properties": { "id": null, "CONTROL": "2086", "SERIE": "06", "LINEA": "180", "COD_SEG": "001", "COD_MANZA": 6, "PISO": null, "actualizad": null }, "geometry": { "type": "Point", "coordinates": [ -62.656305535413857, 9.011714438012035 ] } },
{ "type": "Feature", "properties": { "id": null, "CONTROL": "2086", "SERIE": "07", "LINEA": "181", "COD_SEG": "001", "COD_MANZA": 6, "PISO": null, "actualizad": null }, "geometry": { "type": "Point", "coordinates": [ -62.656102079710315, 9.011872343931202 ] } },
{ "type": "Feature", "properties": { "id": null, "CONTROL": "2086", "SERIE": "08", "LINEA": "182", "COD_SEG": "001", "COD_MANZA": 6, "PISO": null, "actualizad": null }, "geometry": { "type": "Point", "coordinates": [ -62.655749828044485, 9.012005956632034 ] } },
{ "type": "Feature", "properties": { "id": null, "CONTROL": "2086", "SERIE": "09", "LINEA": "183", "COD_SEG": "001", "COD_MANZA": 7, "PISO": null, "actualizad": null }, "geometry": { "type": "Point", "coordinates": [ -62.654762156886626, 9.011354974297006 ] } },
{ "type": "Feature", "properties": { "id": null, "CONTROL": "2086", "SERIE": "10", "LINEA": "184", "COD_SEG": "001", "COD_MANZA": 7, "PISO": null, "actualizad": null }, "geometry": { "type": "Point", "coordinates": [ -62.654631580838078, 9.011435445582737 ] } },
{ "type": "Feature", "properties": { "id": null, "CONTROL": "2086", "SERIE": "11", "LINEA": "185", "COD_SEG": "001", "COD_MANZA": 7, "PISO": null, "actualizad": null }, "geometry": { "type": "Point", "coordinates": [ -62.654561737835373, 9.011455183822633 ] } },
{ "type": "Feature", "properties": { "id": null, "CONTROL": "2086", "SERIE": "12", "LINEA": "186", "COD_SEG": "001", "COD_MANZA": 7, "PISO": null, "actualizad": null }, "geometry": { "type": "Point", "coordinates": [ -62.654381057024018, 9.011494660302425 ] } },
{ "type": "Feature", "properties": { "id": null, "CONTROL": "2086", "SERIE": "13", "LINEA": "187", "COD_SEG": "001", "COD_MANZA": 7, "PISO": null, "actualizad": null }, "geometry": { "type": "Point", "coordinates": [ -62.654191266255786, 9.011597906480342 ] } },
{ "type": "Feature", "properties": { "id": null, "CONTROL": "2086", "SERIE": "14", "LINEA": "188", "COD_SEG": "001", "COD_MANZA": 7, "PISO": null, "actualizad": null }, "geometry": { "type": "Point", "coordinates": [ -62.654186711277347, 9.011497696954716 ] } },
{ "type": "Feature", "properties": { "id": null, "CONTROL": "2086", "SERIE": "15", "LINEA": "189", "COD_SEG": "001", "COD_MANZA": 7, "PISO": null, "actualizad": null }, "geometry": { "type": "Point", "coordinates": [ -62.654189747929642, 9.011365602580028 ] } },
{ "type": "Feature", "properties": { "id": null, "CONTROL": "2086", "SERIE": "IGLESIA", "LINEA": null, "COD_SEG": "001", "COD_MANZA": null, "PISO": null, "actualizad": null }, "geometry": { "type": "Point", "coordinates": [ -62.656633983688685, 9.011029382636758 ] } },
{ "type": "Feature", "properties": { "id": null, "CONTROL": "3046", "SERIE": "01", "LINEA": "029", "COD_SEG": "009", "COD_MANZA": 2, "PISO": null, "actualizad": null }, "geometry": { "type": "Point", "coordinates": [ -63.606210283659557, 9.607291086123352 ] } },
{ "type": "Feature", "properties": { "id": null, "CONTROL": "3046", "SERIE": "02", "LINEA": "030", "COD_SEG": "009", "COD_MANZA": 2, "PISO": null, "actualizad": null }, "geometry": { "type": "Point", "coordinates": [ -63.606212434196642, 9.607134096916269 ] } },
{ "type": "Feature", "properties": { "id": null, "CONTROL": "3046", "SERIE": "03", "LINEA": "031", "COD_SEG": "009", "COD_MANZA": 2, "PISO": null, "actualizad": null }, "geometry": { "type": "Point", "coordinates": [ -63.606182326677477, 9.607035172210436 ] } },
{ "type": "Feature", "properties": { "id": null, "CONTROL": "3046", "SERIE": "04", "LINEA": "032", "COD_SEG": "009", "COD_MANZA": 2, "PISO": null, "actualizad": null }, "geometry": { "type": "Point", "coordinates": [ -63.606190928825811, 9.606886785151685 ] } },
{ "type": "Feature", "properties": { "id": null, "CONTROL": "3046", "SERIE": "05", "LINEA": "033", "COD_SEG": "009", "COD_MANZA": 2, "PISO": null, "actualizad": null }, "geometry": { "type": "Point", "coordinates": [ -63.606188778288725, 9.606691086277102 ] } },
{ "type": "Feature", "properties": { "id": null, "CONTROL": "3046", "SERIE": "06", "LINEA": "034", "COD_SEG": "009", "COD_MANZA": 2, "PISO": null, "actualizad": null }, "geometry": { "type": "Point", "coordinates": [ -63.606578025500809, 9.606624419627519 ] } },
{ "type": "Feature", "properties": { "id": null, "CONTROL": "3046", "SERIE": "07", "LINEA": "035", "COD_SEG": "009", "COD_MANZA": 2, "PISO": null, "actualizad": null }, "geometry": { "type": "Point", "coordinates": [ -63.606599530871641, 9.606848075484185 ] } },
{ "type": "Feature", "properties": { "id": null, "CONTROL": "3046", "SERIE": "08", "LINEA": "036", "COD_SEG": "009", "COD_MANZA": 2, "PISO": null, "actualizad": null }, "geometry": { "type": "Point", "coordinates": [ -63.606618885705387, 9.606955602338353 ] } },
{ "type": "Feature", "properties": { "id": null, "CONTROL": "3046", "SERIE": "09", "LINEA": "037", "COD_SEG": "009", "COD_MANZA": 2, "PISO": null, "actualizad": null }, "geometry": { "type": "Point", "coordinates": [ -63.606638240539141, 9.607037322747518 ] } },
{ "type": "Feature", "properties": { "id": null, "CONTROL": "3046", "SERIE": "10", "LINEA": "038", "COD_SEG": "009", "COD_MANZA": 2, "PISO": null, "actualizad": null }, "geometry": { "type": "Point", "coordinates": [ -63.606646842687475, 9.607101838860018 ] } },
{ "type": "Feature", "properties": { "id": null, "CONTROL": "3046", "SERIE": "11", "LINEA": "039", "COD_SEG": "009", "COD_MANZA": 2, "PISO": null, "actualizad": null }, "geometry": { "type": "Point", "coordinates": [ -63.606664046984143, 9.607192161417519 ] } },
{ "type": "Feature", "properties": { "id": null, "CONTROL": "3046", "SERIE": "12", "LINEA": "040", "COD_SEG": "009", "COD_MANZA": 2, "PISO": null, "actualizad": null }, "geometry": { "type": "Point", "coordinates": [ -63.60668770289206, 9.607293236660436 ] } },
{ "type": "Feature", "properties": { "id": null, "CONTROL": "3046", "SERIE": "13", "LINEA": "041", "COD_SEG": "009", "COD_MANZA": 2, "PISO": null, "actualizad": null }, "geometry": { "type": "Point", "coordinates": [ -63.606694154503309, 9.607390010829185 ] } },
{ "type": "Feature", "properties": { "id": null, "CONTROL": "3046", "SERIE": "14", "LINEA": "042", "COD_SEG": "009", "COD_MANZA": 2, "PISO": null, "actualizad": null }, "geometry": { "type": "Point", "coordinates": [ -63.606700606114558, 9.607478182849601 ] } },
{ "type": "Feature", "properties": { "id": null, "CONTROL": "0077", "SERIE": "13", "LINEA": "043", "COD_SEG": "016", "COD_MANZA": 1, "PISO": null, "actualizad": null }, "geometry": { "type": "Point", "coordinates": [ -63.609544703183992, 9.807287120675269 ] } },
{ "type": "Feature", "properties": { "id": null, "CONTROL": "0077", "SERIE": "01", "LINEA": "044", "COD_SEG": "016", "COD_MANZA": 1, "PISO": null, "actualizad": null }, "geometry": { "type": "Point", "coordinates": [ -63.609638451777329, 9.807354502476727 ] } },
{ "type": "Feature", "properties": { "id": null, "CONTROL": "0077", "SERIE": "02", "LINEA": "045", "COD_SEG": "016", "COD_MANZA": 1, "PISO": null, "actualizad": null }, "geometry": { "type": "Point", "coordinates": [ -63.609705833578786, 9.807436532495894 ] } },
{ "type": "Feature", "properties": { "id": null, "CONTROL": "0077", "SERIE": "03", "LINEA": "046", "COD_SEG": "016", "COD_MANZA": 1, "PISO": null, "actualizad": null }, "geometry": { "type": "Point", "coordinates": [ -63.609784933954408, 9.807515632871517 ] } },
{ "type": "Feature", "properties": { "id": null, "CONTROL": "0077", "SERIE": "04", "LINEA": "047", "COD_SEG": "016", "COD_MANZA": 1, "PISO": null, "actualizad": null }, "geometry": { "type": "Point", "coordinates": [ -63.60986403433003, 9.807588873960059 ] } },
{ "type": "Feature", "properties": { "id": null, "CONTROL": "0077", "SERIE": "05", "LINEA": "048", "COD_SEG": "016", "COD_MANZA": 1, "PISO": null, "actualizad": null }, "geometry": { "type": "Point", "coordinates": [ -63.609934345775031, 9.807665044692142 ] } },
{ "type": "Feature", "properties": { "id": null, "CONTROL": "0077", "SERIE": "06", "LINEA": "049", "COD_SEG": "016", "COD_MANZA": 1, "PISO": null, "actualizad": null }, "geometry": { "type": "Point", "coordinates": [ -63.61001344615066, 9.807741215424224 ] } },
{ "type": "Feature", "properties": { "id": null, "CONTROL": "0077", "SERIE": "07", "LINEA": "050", "COD_SEG": "016", "COD_MANZA": 1, "PISO": null, "actualizad": null }, "geometry": { "type": "Point", "coordinates": [ -63.610104265100446, 9.807826175086934 ] } },
{ "type": "Feature", "properties": { "id": null, "CONTROL": "0077", "SERIE": "14", "LINEA": "051", "COD_SEG": "016", "COD_MANZA": 1, "PISO": null, "actualizad": null }, "geometry": { "type": "Point", "coordinates": [ -63.61019508405024, 9.807937501541517 ] } },
{ "type": "Feature", "properties": { "id": null, "CONTROL": "0077", "SERIE": "08", "LINEA": "052", "COD_SEG": "016", "COD_MANZA": 1, "PISO": null, "actualizad": null }, "geometry": { "type": "Point", "coordinates": [ -63.610215591555033, 9.808075194787973 ] } },
{ "type": "Feature", "properties": { "id": null, "CONTROL": "0077", "SERIE": "09", "LINEA": "053", "COD_SEG": "016", "COD_MANZA": 1, "PISO": null, "actualizad": null }, "geometry": { "type": "Point", "coordinates": [ -63.610203872980868, 9.80817480266839 ] } },
{ "type": "Feature", "properties": { "id": null, "CONTROL": "0077", "SERIE": "10", "LINEA": "054", "COD_SEG": "016", "COD_MANZA": 1, "PISO": null, "actualizad": null }, "geometry": { "type": "Point", "coordinates": [ -63.610215591555033, 9.808297847697139 ] } },
{ "type": "Feature", "properties": { "id": null, "CONTROL": "0077", "SERIE": "11", "LINEA": "055", "COD_SEG": "016", "COD_MANZA": 1, "PISO": null, "actualizad": null }, "geometry": { "type": "Point", "coordinates": [ -63.610221450842118, 9.808412103795265 ] } },
{ "type": "Feature", "properties": { "id": null, "CONTROL": "0077", "SERIE": "12", "LINEA": "056", "COD_SEG": "016", "COD_MANZA": 1, "PISO": null, "actualizad": null }, "geometry": { "type": "Point", "coordinates": [ -63.610215591555033, 9.808526359893389 ] } },
{ "type": "Feature", "properties": { "id": null, "CONTROL": "0077", "SERIE": "CANCHA DEPORTIVA", "LINEA": null, "COD_SEG": "016", "COD_MANZA": 1, "PISO": null, "actualizad": null }, "geometry": { "type": "Point", "coordinates": [ -63.611044680677324, 9.808344721993809 ] } },
{ "type": "Feature", "properties": { "id": null, "CONTROL": "0077", "SERIE": "MODULO", "LINEA": null, "COD_SEG": "016", "COD_MANZA": 1, "PISO": null, "actualizad": null }, "geometry": { "type": "Point", "coordinates": [ -63.610549570918778, 9.808057616926726 ] } },
{ "type": "Feature", "properties": { "id": null, "CONTROL": "0077", "SERIE": "IGLESIA", "LINEA": null, "COD_SEG": "017", "COD_MANZA": 1, "PISO": null, "actualizad": null }, "geometry": { "type": "Point", "coordinates": [ -63.611662835464607, 9.80749512536673 ] } },
{ "type": "Feature", "properties": { "id": null, "CONTROL": "0051", "SERIE": "01", "LINEA": "136", "COD_SEG": "026", "COD_MANZA": 13, "PISO": null, "actualizad": null }, "geometry": { "type": "Point", "coordinates": [ -63.119621079150768, 10.114347224339124 ] } },
{ "type": "Feature", "properties": { "id": null, "CONTROL": "0051", "SERIE": "02", "LINEA": "137", "COD_SEG": "026", "COD_MANZA": 13, "PISO": null, "actualizad": null }, "geometry": { "type": "Point", "coordinates": [ -63.119626468493117, 10.114266384203887 ] } },
{ "type": "Feature", "properties": { "id": null, "CONTROL": "0051", "SERIE": "03", "LINEA": "138", "COD_SEG": "026", "COD_MANZA": 13, "PISO": null, "actualizad": null }, "geometry": { "type": "Point", "coordinates": [ -63.119639941848988, 10.114163986699253 ] } },
{ "type": "Feature", "properties": { "id": null, "CONTROL": "0051", "SERIE": "04", "LINEA": "139", "COD_SEG": "026", "COD_MANZA": 13, "PISO": null, "actualizad": null }, "geometry": { "type": "Point", "coordinates": [ -63.119642636520162, 10.114077757221667 ] } },
{ "type": "Feature", "properties": { "id": null, "CONTROL": "0051", "SERIE": "05", "LINEA": "140", "COD_SEG": "026", "COD_MANZA": 13, "PISO": null, "actualizad": null }, "geometry": { "type": "Point", "coordinates": [ -63.119645331191343, 10.11398613840173 ] } },
{ "type": "Feature", "properties": { "id": null, "CONTROL": "0051", "SERIE": "06", "LINEA": "141", "COD_SEG": "026", "COD_MANZA": 13, "PISO": null, "actualizad": null }, "geometry": { "type": "Point", "coordinates": [ -63.119639941848988, 10.113905298266493 ] } },
{ "type": "Feature", "properties": { "id": null, "CONTROL": "0051", "SERIE": "07", "LINEA": "142", "COD_SEG": "026", "COD_MANZA": 13, "PISO": null, "actualizad": null }, "geometry": { "type": "Point", "coordinates": [ -63.119634552506639, 10.11380290076186 ] } },
{ "type": "Feature", "properties": { "id": null, "CONTROL": "0051", "SERIE": "08", "LINEA": "143", "COD_SEG": "026", "COD_MANZA": 13, "PISO": null, "actualizad": null }, "geometry": { "type": "Point", "coordinates": [ -63.119645331191343, 10.113716671284273 ] } },
{ "type": "Feature", "properties": { "id": null, "CONTROL": "0051", "SERIE": "09", "LINEA": "144", "COD_SEG": "026", "COD_MANZA": 13, "PISO": null, "actualizad": null }, "geometry": { "type": "Point", "coordinates": [ -63.119847431529436, 10.113719365955447 ] } },
{ "type": "Feature", "properties": { "id": null, "CONTROL": "0051", "SERIE": "10", "LINEA": "145", "COD_SEG": "026", "COD_MANZA": 13, "PISO": null, "actualizad": null }, "geometry": { "type": "Point", "coordinates": [ -63.119823179488861, 10.113813679446558 ] } },
{ "type": "Feature", "properties": { "id": null, "CONTROL": "0051", "SERIE": "11", "LINEA": "146", "COD_SEG": "026", "COD_MANZA": 13, "PISO": null, "actualizad": null }, "geometry": { "type": "Point", "coordinates": [ -63.119833958173558, 10.113910687608842 ] } },
{ "type": "Feature", "properties": { "id": null, "CONTROL": "0051", "SERIE": "12", "LINEA": "147", "COD_SEG": "026", "COD_MANZA": 13, "PISO": null, "actualizad": null }, "geometry": { "type": "Point", "coordinates": [ -63.119825874160036, 10.113988833072906 ] } },
{ "type": "Feature", "properties": { "id": null, "CONTROL": "0051", "SERIE": "13", "LINEA": "148", "COD_SEG": "026", "COD_MANZA": 13, "PISO": null, "actualizad": null }, "geometry": { "type": "Point", "coordinates": [ -63.119825874160036, 10.114080451892841 ] } },
{ "type": "Feature", "properties": { "id": null, "CONTROL": "0051", "SERIE": "14", "LINEA": "149", "COD_SEG": "026", "COD_MANZA": 13, "PISO": null, "actualizad": null }, "geometry": { "type": "Point", "coordinates": [ -63.119823179488861, 10.114163986699253 ] } },
{ "type": "Feature", "properties": { "id": null, "CONTROL": "0051", "SERIE": "15", "LINEA": "150", "COD_SEG": "026", "COD_MANZA": 13, "PISO": null, "actualizad": null }, "geometry": { "type": "Point", "coordinates": [ -63.119820484817687, 10.114271773546236 ] } },
{ "type": "Feature", "properties": { "id": null, "CONTROL": "2054", "SERIE": "01", "LINEA": "147", "COD_SEG": "031", "COD_MANZA": 1, "PISO": null, "actualizad": null }, "geometry": { "type": "Point", "coordinates": [ -63.17769857010677, 9.786142534143536 ] } },
{ "type": "Feature", "properties": { "id": null, "CONTROL": "2054", "SERIE": "02", "LINEA": "148", "COD_SEG": "031", "COD_MANZA": 1, "PISO": null, "actualizad": null }, "geometry": { "type": "Point", "coordinates": [ -63.177598168909164, 9.786217835041741 ] } },
{ "type": "Feature", "properties": { "id": null, "CONTROL": "2054", "SERIE": "03", "LINEA": "149", "COD_SEG": "031", "COD_MANZA": 1, "PISO": null, "actualizad": null }, "geometry": { "type": "Point", "coordinates": [ -63.17751784795108, 9.786276402407012 ] } },
{ "type": "Feature", "properties": { "id": null, "CONTROL": "2054", "SERIE": "04", "LINEA": "150", "COD_SEG": "031", "COD_MANZA": 1, "PISO": null, "actualizad": null }, "geometry": { "type": "Point", "coordinates": [ -63.177434180286411, 9.786341663185457 ] } },
{ "type": "Feature", "properties": { "id": null, "CONTROL": "2054", "SERIE": "05", "LINEA": "151", "COD_SEG": "031", "COD_MANZA": 1, "PISO": null, "actualizad": null }, "geometry": { "type": "Point", "coordinates": [ -63.177357206034912, 9.786400230550727 ] } },
{ "type": "Feature", "properties": { "id": null, "CONTROL": "2054", "SERIE": "06", "LINEA": "152", "COD_SEG": "031", "COD_MANZA": 1, "PISO": null, "actualizad": null }, "geometry": { "type": "Point", "coordinates": [ -63.177235051244487, 9.786477204802225 ] } },
{ "type": "Feature", "properties": { "id": null, "CONTROL": "2054", "SERIE": "07", "LINEA": "153", "COD_SEG": "031", "COD_MANZA": 1, "PISO": null, "actualizad": null }, "geometry": { "type": "Point", "coordinates": [ -63.177134650046881, 9.786550832347137 ] } },
{ "type": "Feature", "properties": { "id": null, "CONTROL": "2054", "SERIE": "08", "LINEA": "154", "COD_SEG": "031", "COD_MANZA": 1, "PISO": null, "actualizad": null }, "geometry": { "type": "Point", "coordinates": [ -63.177208277591781, 9.786763766553731 ] } },
{ "type": "Feature", "properties": { "id": null, "CONTROL": "2054", "SERIE": "09", "LINEA": "155", "COD_SEG": "031", "COD_MANZA": 1, "PISO": null, "actualizad": null }, "geometry": { "type": "Point", "coordinates": [ -63.177318718909149, 9.786683445595646 ] } },
{ "type": "Feature", "properties": { "id": null, "CONTROL": "2054", "SERIE": "10", "LINEA": "156", "COD_SEG": "031", "COD_MANZA": 1, "PISO": null, "actualizad": null }, "geometry": { "type": "Point", "coordinates": [ -63.17740405992712, 9.786621531523789 ] } },
{ "type": "Feature", "properties": { "id": null, "CONTROL": "2054", "SERIE": "11", "LINEA": "157", "COD_SEG": "031", "COD_MANZA": 1, "PISO": null, "actualizad": null }, "geometry": { "type": "Point", "coordinates": [ -63.177502787771431, 9.786557944098638 ] } },
{ "type": "Feature", "properties": { "id": null, "CONTROL": "2054", "SERIE": "12", "LINEA": "158", "COD_SEG": "031", "COD_MANZA": 1, "PISO": null, "actualizad": null }, "geometry": { "type": "Point", "coordinates": [ -63.177574741963049, 9.786509416853129 ] } },
{ "type": "Feature", "properties": { "id": null, "CONTROL": "2054", "SERIE": "13", "LINEA": "159", "COD_SEG": "031", "COD_MANZA": 1, "PISO": null, "actualizad": null }, "geometry": { "type": "Point", "coordinates": [ -63.17765338956783, 9.786445829427976 ] } },
{ "type": "Feature", "properties": { "id": null, "CONTROL": "2054", "SERIE": "14", "LINEA": "160", "COD_SEG": "031", "COD_MANZA": 1, "PISO": null, "actualizad": null }, "geometry": { "type": "Point", "coordinates": [ -63.177716976992983, 9.786398975535759 ] } },
{ "type": "Feature", "properties": { "id": null, "CONTROL": "2054", "SERIE": "15", "LINEA": "161", "COD_SEG": "031", "COD_MANZA": 1, "PISO": null, "actualizad": null }, "geometry": { "type": "Point", "coordinates": [ -63.177815704837293, 9.786333714757314 ] } },
{ "type": "Feature", "properties": { "id": null, "CONTROL": "0015", "SERIE": "01", "LINEA": "001", "COD_SEG": "SECTOR 016", "COD_MANZA": null, "PISO": null, "actualizad": null }, "geometry": { "type": "Point", "coordinates": [ -63.918620991374809, 9.287727404787271 ] } },
{ "type": "Feature", "properties": { "id": null, "CONTROL": "0015", "SERIE": "02", "LINEA": "002", "COD_SEG": "SECTOR 016", "COD_MANZA": null, "PISO": null, "actualizad": null }, "geometry": { "type": "Point", "coordinates": [ -63.919365926073155, 9.287847351899716 ] } },
{ "type": "Feature", "properties": { "id": null, "CONTROL": "0015", "SERIE": "03", "LINEA": "003", "COD_SEG": "SECTOR 016", "COD_MANZA": null, "PISO": null, "actualizad": null }, "geometry": { "type": "Point", "coordinates": [ -63.92079582191365, 9.287313902899628 ] } },
{ "type": "Feature", "properties": { "id": null, "CONTROL": "0015", "SERIE": "04", "LINEA": "004", "COD_SEG": "SECTOR 016", "COD_MANZA": null, "PISO": null, "actualizad": null }, "geometry": { "type": "Point", "coordinates": [ -63.921180915274661, 9.287222364313815 ] } },
{ "type": "Feature", "properties": { "id": null, "CONTROL": "0015", "SERIE": "05", "LINEA": "005", "COD_SEG": "SECTOR 016", "COD_MANZA": null, "PISO": null, "actualizad": null }, "geometry": { "type": "Point", "coordinates": [ -63.922588715594429, 9.287389658970646 ] } },
{ "type": "Feature", "properties": { "id": null, "CONTROL": "0015", "SERIE": "06", "LINEA": "006", "COD_SEG": "SECTOR 016", "COD_MANZA": null, "PISO": null, "actualizad": null }, "geometry": { "type": "Point", "coordinates": [ -63.925718388278362, 9.289798070728438 ] } },
{ "type": "Feature", "properties": { "id": null, "CONTROL": "0015", "SERIE": "07", "LINEA": "007", "COD_SEG": "SECTOR 016", "COD_MANZA": null, "PISO": null, "actualizad": null }, "geometry": { "type": "Point", "coordinates": [ -63.925647366961798, 9.291837171640019 ] } },
{ "type": "Feature", "properties": { "id": null, "CONTROL": "0015", "SERIE": "08", "LINEA": "008", "COD_SEG": "SECTOR 016", "COD_MANZA": null, "PISO": null, "actualizad": null }, "geometry": { "type": "Point", "coordinates": [ -63.924719355091817, 9.293655317344461 ] } },
{ "type": "Feature", "properties": { "id": null, "CONTROL": "0015", "SERIE": "09", "LINEA": "009", "COD_SEG": "SECTOR 016", "COD_MANZA": null, "PISO": null, "actualizad": null }, "geometry": { "type": "Point", "coordinates": [ -63.928944334302585, 9.297735097419103 ] } },
{ "type": "Feature", "properties": { "id": null, "CONTROL": "0015", "SERIE": "10", "LINEA": "010", "COD_SEG": "SECTOR 016", "COD_MANZA": null, "PISO": null, "actualizad": null }, "geometry": { "type": "Point", "coordinates": [ -63.928852795716772, 9.297763505945735 ] } },
{ "type": "Feature", "properties": { "id": null, "CONTROL": "0015", "SERIE": "11", "LINEA": "011", "COD_SEG": "SECTOR 016", "COD_MANZA": null, "PISO": null, "actualizad": null }, "geometry": { "type": "Point", "coordinates": [ -63.928603431983007, 9.297807696987162 ] } },
{ "type": "Feature", "properties": { "id": null, "CONTROL": "0015", "SERIE": "12", "LINEA": "012", "COD_SEG": "SECTOR 016", "COD_MANZA": null, "PISO": null, "actualizad": null }, "geometry": { "type": "Point", "coordinates": [ -63.928515049900149, 9.297832949010836 ] } },
{ "type": "Feature", "properties": { "id": null, "CONTROL": "0015", "SERIE": "13", "LINEA": "013", "COD_SEG": "SECTOR 016", "COD_MANZA": null, "PISO": null, "actualizad": null }, "geometry": { "type": "Point", "coordinates": [ -63.928388789781785, 9.297870827046344 ] } },
{ "type": "Feature", "properties": { "id": null, "CONTROL": "0015", "SERIE": "14", "LINEA": "014", "COD_SEG": "SECTOR 016", "COD_MANZA": null, "PISO": null, "actualizad": null }, "geometry": { "type": "Point", "coordinates": [ -63.928297251195971, 9.297915018087773 ] } },
{ "type": "Feature", "properties": { "id": null, "CONTROL": "0015", "SERIE": "15", "LINEA": "015", "COD_SEG": "SECTOR 016", "COD_MANZA": null, "PISO": null, "actualizad": null }, "geometry": { "type": "Point", "coordinates": [ -63.928107861018425, 9.297965522135117 ] } },
{ "type": "Feature", "properties": { "id": null, "CONTROL": "0015", "SERIE": "16", "LINEA": null, "COD_SEG": "SECTOR 016", "COD_MANZA": null, "PISO": null, "actualizad": null }, "geometry": { "type": "Point", "coordinates": [ -63.927924783846798, 9.298025495691341 ] } },
{ "type": "Feature", "properties": { "id": null, "CONTROL": "0015", "SERIE": "MEDICATURA", "LINEA": null, "COD_SEG": "SECTOR 016", "COD_MANZA": null, "PISO": null, "actualizad": null }, "geometry": { "type": "Point", "coordinates": [ -63.927715823191711, 9.298010899700108 ] } },
{ "type": "Feature", "properties": { "id": null, "CONTROL": "0015", "SERIE": "ESCUELA", "LINEA": null, "COD_SEG": "SECTOR 016", "COD_MANZA": null, "PISO": null, "actualizad": null }, "geometry": { "type": "Point", "coordinates": [ -63.927880138806863, 9.298493888023428 ] } },
{ "type": "Feature", "properties": { "id": null, "CONTROL": "0015", "SERIE": "CANCHA", "LINEA": null, "COD_SEG": "SECTOR 016", "COD_MANZA": null, "PISO": null, "actualizad": null }, "geometry": { "type": "Point", "coordinates": [ -63.927536569793368, 9.297174383841162 ] } },
{ "type": "Feature", "properties": { "id": null, "CONTROL": "2001", "SERIE": "01", "LINEA": "046", "COD_SEG": "006", "COD_MANZA": 3, "PISO": null, "actualizad": null }, "geometry": { "type": "Point", "coordinates": [ -63.727852397579881, 9.424498854715216 ] } },
{ "type": "Feature", "properties": { "id": null, "CONTROL": "2001", "SERIE": "02", "LINEA": "048", "COD_SEG": "006", "COD_MANZA": 3, "PISO": null, "actualizad": null }, "geometry": { "type": "Point", "coordinates": [ -63.727597716388388, 9.424512437712096 ] } },
{ "type": "Feature", "properties": { "id": null, "CONTROL": "2001", "SERIE": "03", "LINEA": "049", "COD_SEG": "006", "COD_MANZA": 3, "PISO": null, "actualizad": null }, "geometry": { "type": "Point", "coordinates": [ -63.727472073667258, 9.424522624959756 ] } },
{ "type": "Feature", "properties": { "id": null, "CONTROL": "2001", "SERIE": "04", "LINEA": "050", "COD_SEG": "006", "COD_MANZA": 3, "PISO": null, "actualizad": null }, "geometry": { "type": "Point", "coordinates": [ -63.727139290243706, 9.424614310188693 ] } },
{ "type": "Feature", "properties": { "id": null, "CONTROL": "2001", "SERIE": "05", "LINEA": "052", "COD_SEG": "006", "COD_MANZA": 3, "PISO": null, "actualizad": null }, "geometry": { "type": "Point", "coordinates": [ -63.726969502782715, 9.424631288934791 ] } },
{ "type": "Feature", "properties": { "id": null, "CONTROL": "2001", "SERIE": "06", "LINEA": "053", "COD_SEG": "006", "COD_MANZA": 3, "PISO": null, "actualizad": null }, "geometry": { "type": "Point", "coordinates": [ -63.726823485566264, 9.42464826768089 ] } },
{ "type": "Feature", "properties": { "id": null, "CONTROL": "2001", "SERIE": "07", "LINEA": "054", "COD_SEG": "006", "COD_MANZA": 3, "PISO": null, "actualizad": null }, "geometry": { "type": "Point", "coordinates": [ -63.726697842845127, 9.424675433674649 ] } },
{ "type": "Feature", "properties": { "id": null, "CONTROL": "2001", "SERIE": "08", "LINEA": "055", "COD_SEG": "006", "COD_MANZA": 3, "PISO": null, "actualizad": null }, "geometry": { "type": "Point", "coordinates": [ -63.726562012876336, 9.424702599668407 ] } },
{ "type": "Feature", "properties": { "id": null, "CONTROL": "2001", "SERIE": "09", "LINEA": "056", "COD_SEG": "006", "COD_MANZA": 3, "PISO": null, "actualizad": null }, "geometry": { "type": "Point", "coordinates": [ -63.726405808412224, 9.424699203919189 ] } },
{ "type": "Feature", "properties": { "id": null, "CONTROL": "2001", "SERIE": "10", "LINEA": "058", "COD_SEG": "006", "COD_MANZA": 3, "PISO": null, "actualizad": null }, "geometry": { "type": "Point", "coordinates": [ -63.726242812449669, 9.424750140157487 ] } },
{ "type": "Feature", "properties": { "id": null, "CONTROL": "2001", "SERIE": "11", "LINEA": "059", "COD_SEG": "006", "COD_MANZA": 3, "PISO": null, "actualizad": null }, "geometry": { "type": "Point", "coordinates": [ -63.726113773979314, 9.424767118903587 ] } },
{ "type": "Feature", "properties": { "id": null, "CONTROL": "2001", "SERIE": "12", "LINEA": "060", "COD_SEG": "006", "COD_MANZA": 3, "PISO": null, "actualizad": null }, "geometry": { "type": "Point", "coordinates": [ -63.725923612023003, 9.424797680646565 ] } },
{ "type": "Feature", "properties": { "id": null, "CONTROL": "0054", "SERIE": "01", "LINEA": "001", "COD_SEG": "SECTOR 005", "COD_MANZA": null, "PISO": null, "actualizad": null }, "geometry": { "type": "Point", "coordinates": [ -62.875738140804586, 9.692115231999841 ] } },
{ "type": "Feature", "properties": { "id": null, "CONTROL": "0054", "SERIE": "02", "LINEA": "002", "COD_SEG": "SECTOR 005", "COD_MANZA": null, "PISO": null, "actualizad": null }, "geometry": { "type": "Point", "coordinates": [ -62.875348708003628, 9.692162340806409 ] } },
{ "type": "Feature", "properties": { "id": null, "CONTROL": "0054", "SERIE": "03", "LINEA": "003", "COD_SEG": "SECTOR 005", "COD_MANZA": null, "PISO": null, "actualizad": null }, "geometry": { "type": "Point", "coordinates": [ -62.87523250628076, 9.692237714896917 ] } },
{ "type": "Feature", "properties": { "id": null, "CONTROL": "0054", "SERIE": "04", "LINEA": "004", "COD_SEG": "SECTOR 005", "COD_MANZA": null, "PISO": null, "actualizad": null }, "geometry": { "type": "Point", "coordinates": [ -62.875078617512642, 9.692240855484021 ] } },
{ "type": "Feature", "properties": { "id": null, "CONTROL": "0054", "SERIE": "05", "LINEA": "005", "COD_SEG": "SECTOR 005", "COD_MANZA": null, "PISO": null, "actualizad": null }, "geometry": { "type": "Point", "coordinates": [ -62.874893322873476, 9.69225341783244 ] } },
{ "type": "Feature", "properties": { "id": null, "CONTROL": "0054", "SERIE": "06", "LINEA": "006", "COD_SEG": "SECTOR 005", "COD_MANZA": null, "PISO": null, "actualizad": null }, "geometry": { "type": "Point", "coordinates": [ -62.874654638253539, 9.69230994840032 ] } },
{ "type": "Feature", "properties": { "id": null, "CONTROL": "0054", "SERIE": "07", "LINEA": "007", "COD_SEG": "SECTOR 005", "COD_MANZA": null, "PISO": null, "actualizad": null }, "geometry": { "type": "Point", "coordinates": [ -62.874500749485414, 9.692341354271365 ] } },
{ "type": "Feature", "properties": { "id": null, "CONTROL": "0054", "SERIE": "08", "LINEA": "008", "COD_SEG": "SECTOR 005", "COD_MANZA": null, "PISO": null, "actualizad": null }, "geometry": { "type": "Point", "coordinates": [ -62.874284048975206, 9.692366478968202 ] } },
{ "type": "Feature", "properties": { "id": null, "CONTROL": "0054", "SERIE": "09", "LINEA": "009", "COD_SEG": "SECTOR 005", "COD_MANZA": null, "PISO": null, "actualizad": null }, "geometry": { "type": "Point", "coordinates": [ -62.87458554533724, 9.692529789497634 ] } },
{ "type": "Feature", "properties": { "id": null, "CONTROL": "0054", "SERIE": "10", "LINEA": "010", "COD_SEG": "SECTOR 005", "COD_MANZA": null, "PISO": null, "actualizad": null }, "geometry": { "type": "Point", "coordinates": [ -62.875125726319212, 9.692426150123186 ] } },
{ "type": "Feature", "properties": { "id": null, "CONTROL": "0054", "SERIE": "11", "LINEA": "011", "COD_SEG": "SECTOR 005", "COD_MANZA": null, "PISO": null, "actualizad": null }, "geometry": { "type": "Point", "coordinates": [ -62.875540283817003, 9.692382181903723 ] } },
{ "type": "Feature", "properties": { "id": null, "CONTROL": "0054", "SERIE": "12", "LINEA": "012", "COD_SEG": "SECTOR 005", "COD_MANZA": null, "PISO": null, "actualizad": null }, "geometry": { "type": "Point", "coordinates": [ -62.876001950121363, 9.692448134232917 ] } },
{ "type": "Feature", "properties": { "id": null, "CONTROL": "0054", "SERIE": "15", "LINEA": "015", "COD_SEG": "SECTOR 005", "COD_MANZA": null, "PISO": null, "actualizad": null }, "geometry": { "type": "Point", "coordinates": [ -62.877010078581904, 9.692121513174049 ] } },
{ "type": "Feature", "properties": { "id": null, "CONTROL": "0054", "SERIE": "14", "LINEA": "014", "COD_SEG": "SECTOR 005", "COD_MANZA": null, "PISO": null, "actualizad": null }, "geometry": { "type": "Point", "coordinates": [ -62.876642629890682, 9.692589460652618 ] } },
{ "type": "Feature", "properties": { "id": null, "CONTROL": "0054", "SERIE": "13", "LINEA": "013", "COD_SEG": "SECTOR 005", "COD_MANZA": null, "PISO": null, "actualizad": null }, "geometry": { "type": "Point", "coordinates": [ -62.876532709342023, 9.692884675840441 ] } },
{ "type": "Feature", "properties": { "id": null, "CONTROL": "0054", "SERIE": "ESCUELA", "LINEA": null, "COD_SEG": "SECTOR 005", "COD_MANZA": null, "PISO": null, "actualizad": null }, "geometry": { "type": "Point", "coordinates": [ -62.87484621406692, 9.692507805387903 ] } },
{ "type": "Feature", "properties": { "id": null, "CONTROL": "2008", "SERIE": "01", "LINEA": "129", "COD_SEG": "027", "COD_MANZA": 6, "PISO": null, "actualizad": null }, "geometry": { "type": "Point", "coordinates": [ -63.59944254429594, 9.692512260542692 ] } },
{ "type": "Feature", "properties": { "id": null, "CONTROL": "2008", "SERIE": "02", "LINEA": "130", "COD_SEG": "027", "COD_MANZA": 6, "PISO": null, "actualizad": null }, "geometry": { "type": "Point", "coordinates": [ -63.599498664122187, 9.692512260542692 ] } },
{ "type": "Feature", "properties": { "id": null, "CONTROL": "2008", "SERIE": "03", "LINEA": "131", "COD_SEG": "027", "COD_MANZA": 6, "PISO": null, "actualizad": null }, "geometry": { "type": "Point", "coordinates": [ -63.599551362007816, 9.692520473200192 ] } },
{ "type": "Feature", "properties": { "id": null, "CONTROL": "2008", "SERIE": "04", "LINEA": "132", "COD_SEG": "027", "COD_MANZA": 6, "PISO": null, "actualizad": null }, "geometry": { "type": "Point", "coordinates": [ -63.59960542866969, 9.692526632693317 ] } },
{ "type": "Feature", "properties": { "id": null, "CONTROL": "2008", "SERIE": "05", "LINEA": "132", "COD_SEG": "027", "COD_MANZA": 6, "PISO": null, "actualizad": null }, "geometry": { "type": "Point", "coordinates": [ -63.599662917272191, 9.692533476574567 ] } },
{ "type": "Feature", "properties": { "id": null, "CONTROL": "2008", "SERIE": "06", "LINEA": "134", "COD_SEG": "027", "COD_MANZA": 6, "PISO": null, "actualizad": null }, "geometry": { "type": "Point", "coordinates": [ -63.599719037098446, 9.692540320455818 ] } },
{ "type": "Feature", "properties": { "id": null, "CONTROL": "2008", "SERIE": "07", "LINEA": "135", "COD_SEG": "027", "COD_MANZA": 6, "PISO": null, "actualizad": null }, "geometry": { "type": "Point", "coordinates": [ -63.599770366207821, 9.692548533113319 ] } },
{ "type": "Feature", "properties": { "id": null, "CONTROL": "2008", "SERIE": "08", "LINEA": "136", "COD_SEG": "027", "COD_MANZA": 6, "PISO": null, "actualizad": null }, "geometry": { "type": "Point", "coordinates": [ -63.599838120632199, 9.692545111172693 ] } },
{ "type": "Feature", "properties": { "id": null, "CONTROL": "2008", "SERIE": "09", "LINEA": "137", "COD_SEG": "027", "COD_MANZA": 6, "PISO": null, "actualizad": null }, "geometry": { "type": "Point", "coordinates": [ -63.599889449741575, 9.692553323830193 ] } },
{ "type": "Feature", "properties": { "id": null, "CONTROL": "2008", "SERIE": "10", "LINEA": "138", "COD_SEG": "027", "COD_MANZA": 6, "PISO": null, "actualizad": null }, "geometry": { "type": "Point", "coordinates": [ -63.599940778850957, 9.692557430158942 ] } },
{ "type": "Feature", "properties": { "id": null, "CONTROL": "2008", "SERIE": "11", "LINEA": "139", "COD_SEG": "027", "COD_MANZA": 6, "PISO": null, "actualizad": null }, "geometry": { "type": "Point", "coordinates": [ -63.599997583065338, 9.692564274040192 ] } },
{ "type": "Feature", "properties": { "id": null, "CONTROL": "2008", "SERIE": "12", "LINEA": "140", "COD_SEG": "027", "COD_MANZA": 6, "PISO": null, "actualizad": null }, "geometry": { "type": "Point", "coordinates": [ -63.60005028095096, 9.692571802309567 ] } },
{ "type": "Feature", "properties": { "id": null, "CONTROL": "2008", "SERIE": "13", "LINEA": "141", "COD_SEG": "027", "COD_MANZA": 6, "PISO": null, "actualizad": null }, "geometry": { "type": "Point", "coordinates": [ -63.600105716389088, 9.692581383743317 ] } },
{ "type": "Feature", "properties": { "id": null, "CONTROL": "2008", "SERIE": "14", "LINEA": "142", "COD_SEG": "027", "COD_MANZA": 6, "PISO": null, "actualizad": null }, "geometry": { "type": "Point", "coordinates": [ -63.600157045498463, 9.692587543236442 ] } },
{ "type": "Feature", "properties": { "id": null, "CONTROL": "2008", "SERIE": "15", "LINEA": "143", "COD_SEG": "027", "COD_MANZA": 6, "PISO": null, "actualizad": null }, "geometry": { "type": "Point", "coordinates": [ -63.600213165324725, 9.692593702729567 ] } },
{ "type": "Feature", "properties": { "id": null, "CONTROL": "2009", "SERIE": "01", "LINEA": "062", "COD_SEG": "062", "COD_MANZA": null, "PISO": null, "actualizad": null }, "geometry": { "type": "Point", "coordinates": [ -63.60502791457855, 9.679066816000883 ] } },
{ "type": "Feature", "properties": { "id": null, "CONTROL": "2009", "SERIE": "02", "LINEA": "63", "COD_SEG": "062", "COD_MANZA": null, "PISO": null, "actualizad": null }, "geometry": { "type": "Point", "coordinates": [ -63.604908866271465, 9.679068833768801 ] } },
{ "type": "Feature", "properties": { "id": null, "CONTROL": "2009", "SERIE": "03", "LINEA": "064", "COD_SEG": "062", "COD_MANZA": null, "PISO": null, "actualizad": null }, "geometry": { "type": "Point", "coordinates": [ -63.604935097254383, 9.678776257420887 ] } },
{ "type": "Feature", "properties": { "id": null, "CONTROL": "2009", "SERIE": "04", "LINEA": "065", "COD_SEG": "062", "COD_MANZA": null, "PISO": null, "actualizad": null }, "geometry": { "type": "Point", "coordinates": [ -63.605231709138131, 9.678766168581303 ] } },
{ "type": "Feature", "properties": { "id": null, "CONTROL": "2009", "SERIE": "05", "LINEA": "066", "COD_SEG": "062", "COD_MANZA": null, "PISO": null, "actualizad": null }, "geometry": { "type": "Point", "coordinates": [ -63.605344704141466, 9.678760115277553 ] } },
{ "type": "Feature", "properties": { "id": null, "CONTROL": "2009", "SERIE": "06", "LINEA": "067", "COD_SEG": "062", "COD_MANZA": null, "PISO": null, "actualizad": null }, "geometry": { "type": "Point", "coordinates": [ -63.605457699144793, 9.678766168581303 ] } },
{ "type": "Feature", "properties": { "id": null, "CONTROL": "2009", "SERIE": "10", "LINEA": "072", "COD_SEG": "062", "COD_MANZA": null, "PISO": null, "actualizad": null }, "geometry": { "type": "Point", "coordinates": [ -63.605629713859699, 9.678751035321927 ] } },
{ "type": "Feature", "properties": { "id": null, "CONTROL": "2009", "SERIE": "11", "LINEA": "074", "COD_SEG": "062", "COD_MANZA": null, "PISO": null, "actualizad": null }, "geometry": { "type": "Point", "coordinates": [ -63.605738673327195, 9.67873691094651 ] } },
{ "type": "Feature", "properties": { "id": null, "CONTROL": "2009", "SERIE": "12", "LINEA": "075", "COD_SEG": "062", "COD_MANZA": null, "PISO": null, "actualizad": null }, "geometry": { "type": "Point", "coordinates": [ -63.60585772163428, 9.678718751035261 ] } },
{ "type": "Feature", "properties": { "id": null, "CONTROL": "2009", "SERIE": "09", "LINEA": "071", "COD_SEG": "062", "COD_MANZA": null, "PISO": null, "actualizad": null }, "geometry": { "type": "Point", "coordinates": [ -63.605653927074698, 9.679001238543592 ] } },
{ "type": "Feature", "properties": { "id": null, "CONTROL": "2009", "SERIE": "13", "LINEA": "076", "COD_SEG": "062", "COD_MANZA": null, "PISO": null, "actualizad": null }, "geometry": { "type": "Point", "coordinates": [ -63.60576339098418, 9.679003760753488 ] } },
{ "type": "Feature", "properties": { "id": null, "CONTROL": "2009", "SERIE": "08", "LINEA": "070", "COD_SEG": "062", "COD_MANZA": null, "PISO": null, "actualizad": null }, "geometry": { "type": "Point", "coordinates": [ -63.605868314915845, 9.678993671913906 ] } },
{ "type": "Feature", "properties": { "id": null, "CONTROL": "2009", "SERIE": "07", "LINEA": "068", "COD_SEG": "062", "COD_MANZA": null, "PISO": null, "actualizad": null }, "geometry": { "type": "Point", "coordinates": [ -63.606117509253551, 9.678978538654532 ] } },
{ "type": "Feature", "properties": { "id": null, "CONTROL": "2019", "SERIE": "01", "LINEA": "137", "COD_SEG": "163", "COD_MANZA": 12, "PISO": null, "actualizad": null }, "geometry": { "type": "Point", "coordinates": [ -63.198853106882716, 9.691818745828165 ] } },
{ "type": "Feature", "properties": { "id": null, "CONTROL": "2019", "SERIE": "02", "LINEA": "138", "COD_SEG": "163", "COD_MANZA": 12, "PISO": null, "actualizad": null }, "geometry": { "type": "Point", "coordinates": [ -63.198593686091051, 9.691968063609414 ] } },
{ "type": "Feature", "properties": { "id": null, "CONTROL": "2019", "SERIE": "03", "LINEA": "139", "COD_SEG": "163", "COD_MANZA": 12, "PISO": null, "actualizad": null }, "geometry": { "type": "Point", "coordinates": [ -63.198396103976471, 9.69204196836983 ] } },
{ "type": "Feature", "properties": { "id": null, "CONTROL": "2019", "SERIE": "04", "LINEA": "140", "COD_SEG": "163", "COD_MANZA": 12, "PISO": null, "actualizad": null }, "geometry": { "type": "Point", "coordinates": [ -63.198213604466055, 9.692174695286496 ] } },
{ "type": "Feature", "properties": { "id": null, "CONTROL": "2019", "SERIE": "08", "LINEA": "145", "COD_SEG": "163", "COD_MANZA": 13, "PISO": null, "actualizad": null }, "geometry": { "type": "Point", "coordinates": [ -63.197614825080649, 9.692509906164098 ] } },
{ "type": "Feature", "properties": { "id": null, "CONTROL": "2019", "SERIE": "09", "LINEA": "147", "COD_SEG": "163", "COD_MANZA": 13, "PISO": null, "actualizad": null }, "geometry": { "type": "Point", "coordinates": [ -63.197509246851482, 9.69256722005993 ] } },
{ "type": "Feature", "properties": { "id": null, "CONTROL": "2019", "SERIE": "10", "LINEA": "148", "COD_SEG": "163", "COD_MANZA": 13, "PISO": null, "actualizad": null }, "geometry": { "type": "Point", "coordinates": [ -63.197313172997319, 9.692648666122428 ] } },
{ "type": "Feature", "properties": { "id": null, "CONTROL": "2019", "SERIE": "11", "LINEA": "149", "COD_SEG": "163", "COD_MANZA": 13, "PISO": null, "actualizad": null }, "geometry": { "type": "Point", "coordinates": [ -63.197111066101485, 9.692760277393262 ] } },
{ "type": "Feature", "properties": { "id": null, "CONTROL": "2019", "SERIE": "12", "LINEA": "151", "COD_SEG": "163", "COD_MANZA": 14, "PISO": null, "actualizad": null }, "geometry": { "type": "Point", "coordinates": [ -63.196893876601493, 9.692793459122427 ] } },
{ "type": "Feature", "properties": { "id": null, "CONTROL": "2019", "SERIE": "07", "LINEA": "143", "COD_SEG": "163", "COD_MANZA": 13, "PISO": null, "actualizad": null }, "geometry": { "type": "Point", "coordinates": [ -63.197467015559816, 9.692277634059932 ] } },
{ "type": "Feature", "properties": { "id": null, "CONTROL": "2019", "SERIE": "06", "LINEA": "142", "COD_SEG": "163", "COD_MANZA": 13, "PISO": null, "actualizad": null }, "geometry": { "type": "Point", "coordinates": [ -63.197328255601484, 9.692368129684931 ] } },
{ "type": "Feature", "properties": { "id": null, "CONTROL": "2019", "SERIE": "13", "LINEA": "150", "COD_SEG": "163", "COD_MANZA": 12, "PISO": null, "actualizad": null }, "geometry": { "type": "Point", "coordinates": [ -63.195723466518153, 9.693138850757839 ] } },
{ "type": "Feature", "properties": { "id": null, "CONTROL": "2025", "SERIE": "13", "LINEA": "190", "COD_SEG": "031", "COD_MANZA": 1, "PISO": null, "actualizad": null }, "geometry": { "type": "Point", "coordinates": [ -63.175798139632526, 9.788109238456308 ] } },
{ "type": "Feature", "properties": { "id": null, "CONTROL": "2025", "SERIE": "12", "LINEA": "189", "COD_SEG": "031", "COD_MANZA": 1, "PISO": null, "actualizad": null }, "geometry": { "type": "Point", "coordinates": [ -63.175876107645031, 9.788200572413809 ] } },
{ "type": "Feature", "properties": { "id": null, "CONTROL": "2025", "SERIE": "11", "LINEA": "188", "COD_SEG": "031", "COD_MANZA": 1, "PISO": null, "actualizad": null }, "geometry": { "type": "Point", "coordinates": [ -63.175942937370031, 9.788285223398807 ] } },
{ "type": "Feature", "properties": { "id": null, "CONTROL": "2025", "SERIE": "10", "LINEA": "187", "COD_SEG": "031", "COD_MANZA": 1, "PISO": null, "actualizad": null }, "geometry": { "type": "Point", "coordinates": [ -63.176007539437528, 9.788369874383807 ] } },
{ "type": "Feature", "properties": { "id": null, "CONTROL": "2025", "SERIE": "09", "LINEA": "186", "COD_SEG": "031", "COD_MANZA": 1, "PISO": null, "actualizad": null }, "geometry": { "type": "Point", "coordinates": [ -63.176052092587533, 9.788496850861309 ] } },
{ "type": "Feature", "properties": { "id": null, "CONTROL": "2025", "SERIE": "08", "LINEA": "185", "COD_SEG": "031", "COD_MANZA": 1, "PISO": null, "actualizad": null }, "geometry": { "type": "Point", "coordinates": [ -63.176174613750028, 9.788614916708809 ] } },
{ "type": "Feature", "properties": { "id": null, "CONTROL": "2025", "SERIE": "07", "LINEA": "184", "COD_SEG": "031", "COD_MANZA": 1, "PISO": null, "actualizad": null }, "geometry": { "type": "Point", "coordinates": [ -63.176257037077526, 9.78875525913131 ] } },
{ "type": "Feature", "properties": { "id": null, "CONTROL": "2025", "SERIE": "06", "LINEA": "183", "COD_SEG": "031", "COD_MANZA": 1, "PISO": null, "actualizad": null }, "geometry": { "type": "Point", "coordinates": [ -63.176379558240029, 9.788893373896311 ] } },
{ "type": "Feature", "properties": { "id": null, "CONTROL": "2025", "SERIE": "05", "LINEA": "182", "COD_SEG": "031", "COD_MANZA": 1, "PISO": null, "actualizad": null }, "geometry": { "type": "Point", "coordinates": [ -63.176463095396272, 9.78899807379881 ] } },
{ "type": "Feature", "properties": { "id": null, "CONTROL": "2025", "SERIE": "04", "LINEA": "181", "COD_SEG": "031", "COD_MANZA": 1, "PISO": null, "actualizad": null }, "geometry": { "type": "Point", "coordinates": [ -63.176538835751288, 9.789072700325061 ] } },
{ "type": "Feature", "properties": { "id": null, "CONTROL": "2025", "SERIE": "03", "LINEA": "180", "COD_SEG": "031", "COD_MANZA": 1, "PISO": null, "actualizad": null }, "geometry": { "type": "Point", "coordinates": [ -63.176604551647536, 9.789172944912561 ] } },
{ "type": "Feature", "properties": { "id": null, "CONTROL": "2025", "SERIE": "02", "LINEA": "179", "COD_SEG": "031", "COD_MANZA": 1, "PISO": null, "actualizad": null }, "geometry": { "type": "Point", "coordinates": [ -63.176625714393786, 9.789255368240061 ] } },
{ "type": "Feature", "properties": { "id": null, "CONTROL": "2025", "SERIE": "01", "LINEA": "178", "COD_SEG": "031", "COD_MANZA": 1, "PISO": null, "actualizad": null }, "geometry": { "type": "Point", "coordinates": [ -63.176696999433773, 9.789353942084432 ] } },
{ "type": "Feature", "properties": { "id": null, "CONTROL": "2025", "SERIE": "14", "LINEA": "191", "COD_SEG": "031", "COD_MANZA": 1, "PISO": null, "actualizad": null }, "geometry": { "type": "Point", "coordinates": [ -63.175603219601271, 9.788249580878801 ] } },
{ "type": "Feature", "properties": { "id": null, "CONTROL": "2025", "SERIE": "15", "LINEA": "192", "COD_SEG": "031", "COD_MANZA": 1, "PISO": null, "actualizad": null }, "geometry": { "type": "Point", "coordinates": [ -63.175707919503765, 9.788358736096303 ] } },
{ "type": "Feature", "properties": { "id": null, "CONTROL": "0035", "SERIE": "01", "LINEA": "190", "COD_SEG": "007", "COD_MANZA": 2, "PISO": null, "actualizad": null }, "geometry": { "type": "Point", "coordinates": [ -63.300208334383278, 9.708090575691736 ] } },
{ "type": "Feature", "properties": { "id": null, "CONTROL": "0035", "SERIE": "02", "LINEA": "191", "COD_SEG": "007", "COD_MANZA": 2, "PISO": null, "actualizad": null }, "geometry": { "type": "Point", "coordinates": [ -63.300223157638484, 9.708220427407365 ] } },
{ "type": "Feature", "properties": { "id": null, "CONTROL": "0035", "SERIE": "03", "LINEA": "192", "COD_SEG": "007", "COD_MANZA": 2, "PISO": null, "actualizad": null }, "geometry": { "type": "Point", "coordinates": [ -63.30033581437808, 9.708579743113612 ] } },
{ "type": "Feature", "properties": { "id": null, "CONTROL": "0035", "SERIE": "04", "LINEA": "193", "COD_SEG": "007", "COD_MANZA": 2, "PISO": null, "actualizad": null }, "geometry": { "type": "Point", "coordinates": [ -63.300366646748913, 9.708693585713611 ] } },
{ "type": "Feature", "properties": { "id": null, "CONTROL": "0035", "SERIE": "05", "LINEA": "194", "COD_SEG": "007", "COD_MANZA": 3, "PISO": null, "actualizad": null }, "geometry": { "type": "Point", "coordinates": [ -63.300402222561409, 9.708788454546944 ] } },
{ "type": "Feature", "properties": { "id": null, "CONTROL": "0035", "SERIE": "06", "LINEA": "195", "COD_SEG": "007", "COD_MANZA": 3, "PISO": null, "actualizad": null }, "geometry": { "type": "Point", "coordinates": [ -63.300513693440578, 9.708639036134445 ] } },
{ "type": "Feature", "properties": { "id": null, "CONTROL": "0035", "SERIE": "07", "LINEA": "196", "COD_SEG": "007", "COD_MANZA": 3, "PISO": null, "actualizad": null }, "geometry": { "type": "Point", "coordinates": [ -63.300492347953075, 9.708527565255277 ] } },
{ "type": "Feature", "properties": { "id": null, "CONTROL": "0035", "SERIE": "08", "LINEA": "197", "COD_SEG": "007", "COD_MANZA": 3, "PISO": null, "actualizad": null }, "geometry": { "type": "Point", "coordinates": [ -63.300447285257242, 9.708427952980278 ] } },
{ "type": "Feature", "properties": { "id": null, "CONTROL": "0035", "SERIE": "09", "LINEA": "198", "COD_SEG": "007", "COD_MANZA": 3, "PISO": null, "actualizad": null }, "geometry": { "type": "Point", "coordinates": [ -63.300418824607242, 9.708323597263613 ] } },
{ "type": "Feature", "properties": { "id": null, "CONTROL": "0035", "SERIE": "10", "LINEA": "199", "COD_SEG": "007", "COD_MANZA": 3, "PISO": null, "actualizad": null }, "geometry": { "type": "Point", "coordinates": [ -63.300414081165577, 9.708195524338613 ] } },
{ "type": "Feature", "properties": { "id": null, "CONTROL": "0035", "SERIE": "11", "LINEA": "200", "COD_SEG": "007", "COD_MANZA": 3, "PISO": null, "actualizad": null }, "geometry": { "type": "Point", "coordinates": [ -63.300373761911409, 9.70805084936778 ] } },
{ "type": "Feature", "properties": { "id": null, "CONTROL": "0035", "SERIE": "12", "LINEA": "201", "COD_SEG": "007", "COD_MANZA": 3, "PISO": null, "actualizad": null }, "geometry": { "type": "Point", "coordinates": [ -63.300551640973907, 9.708003414951113 ] } },
{ "type": "Feature", "properties": { "id": null, "CONTROL": "0035", "SERIE": "13", "LINEA": "202", "COD_SEG": "007", "COD_MANZA": 3, "PISO": null, "actualizad": null }, "geometry": { "type": "Point", "coordinates": [ -63.300619235017656, 9.708272012335486 ] } },
{ "type": "Feature", "properties": { "id": null, "CONTROL": "0035", "SERIE": "15", "LINEA": "203", "COD_SEG": "007", "COD_MANZA": 3, "PISO": null, "actualizad": null }, "geometry": { "type": "Point", "coordinates": [ -63.300642952225978, 9.708368659959444 ] } },
{ "type": "Feature", "properties": { "id": null, "CONTROL": "2039", "SERIE": "01", "LINEA": "018", "COD_SEG": "062", "COD_MANZA": 1, "PISO": null, "actualizad": null }, "geometry": { "type": "Point", "coordinates": [ -63.252323656441092, 9.717099410344588 ] } },
{ "type": "Feature", "properties": { "id": null, "CONTROL": "2039", "SERIE": "02", "LINEA": "016", "COD_SEG": "062", "COD_MANZA": 1, "PISO": null, "actualizad": null }, "geometry": { "type": "Point", "coordinates": [ -63.252219533474914, 9.717146659421676 ] } },
{ "type": "Feature", "properties": { "id": null, "CONTROL": "2039", "SERIE": "03", "LINEA": "003", "COD_SEG": "062", "COD_MANZA": 1, "PISO": null, "actualizad": null }, "geometry": { "type": "Point", "coordinates": [ -63.252151284808008, 9.717184283686766 ] } },
{ "type": "Feature", "properties": { "id": null, "CONTROL": "2039", "SERIE": "04", "LINEA": "004", "COD_SEG": "062", "COD_MANZA": 1, "PISO": null, "actualizad": null }, "geometry": { "type": "Point", "coordinates": [ -63.251960538533822, 9.716991787446771 ] } },
{ "type": "Feature", "properties": { "id": null, "CONTROL": "2039", "SERIE": "05", "LINEA": "005", "COD_SEG": "062", "COD_MANZA": 1, "PISO": null, "actualizad": null }, "geometry": { "type": "Point", "coordinates": [ -63.252042786927277, 9.716937538506409 ] } },
{ "type": "Feature", "properties": { "id": null, "CONTROL": "2039", "SERIE": "06", "LINEA": "006", "COD_SEG": "062", "COD_MANZA": 1, "PISO": null, "actualizad": null }, "geometry": { "type": "Point", "coordinates": [ -63.25211453552582, 9.716869289839503 ] } },
{ "type": "Feature", "properties": { "id": null, "CONTROL": "2039", "SERIE": "07", "LINEA": "007", "COD_SEG": "062", "COD_MANZA": 1, "PISO": null, "actualizad": null }, "geometry": { "type": "Point", "coordinates": [ -63.252212533611633, 9.716820290796594 ] } },
{ "type": "Feature", "properties": { "id": null, "CONTROL": "2039", "SERIE": "08", "LINEA": "008", "COD_SEG": "062", "COD_MANZA": 1, "PISO": null, "actualizad": null }, "geometry": { "type": "Point", "coordinates": [ -63.252154784739638, 9.716675043633689 ] } },
{ "type": "Feature", "properties": { "id": null, "CONTROL": "2039", "SERIE": "09", "LINEA": "009", "COD_SEG": "062", "COD_MANZA": 1, "PISO": null, "actualizad": null }, "geometry": { "type": "Point", "coordinates": [ -63.252055036688006, 9.716720542744961 ] } },
{ "type": "Feature", "properties": { "id": null, "CONTROL": "2039", "SERIE": "10", "LINEA": "010", "COD_SEG": "062", "COD_MANZA": 1, "PISO": null, "actualizad": null }, "geometry": { "type": "Point", "coordinates": [ -63.251948288773093, 9.716799291206776 ] } },
{ "type": "Feature", "properties": { "id": null, "CONTROL": "2039", "SERIE": "11", "LINEA": "011", "COD_SEG": "062", "COD_MANZA": 1, "PISO": null, "actualizad": null }, "geometry": { "type": "Point", "coordinates": [ -63.251867790345464, 9.716888539463502 ] } },
{ "type": "Feature", "properties": { "id": null, "CONTROL": "2039", "SERIE": "12", "LINEA": "012", "COD_SEG": "062", "COD_MANZA": 1, "PISO": null, "actualizad": null }, "geometry": { "type": "Point", "coordinates": [ -63.251687543866197, 9.716648794146417 ] } },
{ "type": "Feature", "properties": { "id": null, "CONTROL": "2039", "SERIE": "13", "LINEA": "013", "COD_SEG": "062", "COD_MANZA": 1, "PISO": null, "actualizad": null }, "geometry": { "type": "Point", "coordinates": [ -63.251768042293826, 9.716582295445328 ] } },
{ "type": "Feature", "properties": { "id": null, "CONTROL": "2039", "SERIE": "14", "LINEA": "014", "COD_SEG": "062", "COD_MANZA": 1, "PISO": null, "actualizad": null }, "geometry": { "type": "Point", "coordinates": [ -63.251941288909826, 9.716563045821328 ] } },
{ "type": "Feature", "properties": { "id": null, "CONTROL": "2039", "SERIE": "15", "LINEA": "015", "COD_SEG": "062", "COD_MANZA": 1, "PISO": null, "actualizad": null }, "geometry": { "type": "Point", "coordinates": [ -63.251421549061838, 9.716526296539147 ] } },
{ "type": "Feature", "properties": { "id": null, "CONTROL": "2088", "SERIE": "001", "LINEA": "015", "COD_SEG": "001", "COD_MANZA": 1, "PISO": null, "actualizad": null }, "geometry": { "type": "Point", "coordinates": [ -62.332350465774468, 9.130773886043274 ] } },
{ "type": "Feature", "properties": { "id": null, "CONTROL": "2088", "SERIE": "003", "LINEA": "017", "COD_SEG": "001", "COD_MANZA": 1, "PISO": null, "actualizad": null }, "geometry": { "type": "Point", "coordinates": [ -62.332377019691862, 9.130503036085853 ] } },
{ "type": "Feature", "properties": { "id": null, "CONTROL": "2088", "SERIE": "004", "LINEA": "018", "COD_SEG": "001", "COD_MANZA": 1, "PISO": null, "actualizad": null }, "geometry": { "type": "Point", "coordinates": [ -62.332353121166207, 9.130335746406271 ] } },
{ "type": "Feature", "properties": { "id": null, "CONTROL": "2088", "SERIE": "005", "LINEA": "019", "COD_SEG": "001", "COD_MANZA": 1, "PISO": null, "actualizad": null }, "geometry": { "type": "Point", "coordinates": [ -62.332310634898377, 9.130205632211041 ] } },
{ "type": "Feature", "properties": { "id": null, "CONTROL": "2088", "SERIE": "006", "LINEA": "020", "COD_SEG": "001", "COD_MANZA": 1, "PISO": null, "actualizad": null }, "geometry": { "type": "Point", "coordinates": [ -62.33210085895098, 9.129693141605333 ] } },
{ "type": "Feature", "properties": { "id": null, "CONTROL": "2088", "SERIE": "007", "LINEA": "021", "COD_SEG": "001", "COD_MANZA": 1, "PISO": null, "actualizad": null }, "geometry": { "type": "Point", "coordinates": [ -62.332092892775762, 9.129520541142272 ] } },
{ "type": "Feature", "properties": { "id": null, "CONTROL": "2088", "SERIE": "008", "LINEA": "022", "COD_SEG": "001", "COD_MANZA": 1, "PISO": null, "actualizad": null }, "geometry": { "type": "Point", "coordinates": [ -62.332244250104907, 9.129289522060944 ] } },
{ "type": "Feature", "properties": { "id": null, "CONTROL": "2088", "SERIE": "009", "LINEA": "023", "COD_SEG": "001", "COD_MANZA": 1, "PISO": null, "actualizad": null }, "geometry": { "type": "Point", "coordinates": [ -62.332934651957153, 9.129247035793114 ] } },
{ "type": "Feature", "properties": { "id": null, "CONTROL": "2088", "SERIE": "010", "LINEA": "024", "COD_SEG": "001", "COD_MANZA": 1, "PISO": null, "actualizad": null }, "geometry": { "type": "Point", "coordinates": [ -62.333439176387635, 9.129446190173569 ] } },
{ "type": "Feature", "properties": { "id": null, "CONTROL": "2088", "SERIE": "011", "LINEA": "025", "COD_SEG": "001", "COD_MANZA": 1, "PISO": null, "actualizad": null }, "geometry": { "type": "Point", "coordinates": [ -62.333455108738072, 9.128949631918298 ] } },
{ "type": "Feature", "properties": { "id": null, "CONTROL": "2088", "SERIE": "012", "LINEA": "026", "COD_SEG": "001", "COD_MANZA": 1, "PISO": null, "actualizad": null }, "geometry": { "type": "Point", "coordinates": [ -62.332961205874547, 9.128928388784383 ] } },
{ "type": "Feature", "properties": { "id": null, "CONTROL": "2088", "SERIE": "013", "LINEA": "027", "COD_SEG": "001", "COD_MANZA": 1, "PISO": null, "actualizad": null }, "geometry": { "type": "Point", "coordinates": [ -62.333093975461516, 9.128819517723068 ] } },
{ "type": "Feature", "properties": { "id": null, "CONTROL": "2088", "SERIE": "014", "LINEA": "028", "COD_SEG": "001", "COD_MANZA": 1, "PISO": null, "actualizad": null }, "geometry": { "type": "Point", "coordinates": [ -62.333840140540289, 9.129501953400096 ] } },
{ "type": "Feature", "properties": { "id": null, "CONTROL": "2088", "SERIE": "002", "LINEA": "016", "COD_SEG": "001", "COD_MANZA": 1, "PISO": null, "actualizad": null }, "geometry": { "type": "Point", "coordinates": [ -62.332350465774489, 9.130630494889346 ] } },
{ "type": "Feature", "properties": { "id": null, "CONTROL": "0056", "SERIE": "001", "LINEA": "124", "COD_SEG": "036", "COD_MANZA": 16, "PISO": null, "actualizad": null }, "geometry": { "type": "Point", "coordinates": [ -63.621128914145665, 9.697630982221613 ] } },
{ "type": "Feature", "properties": { "id": null, "CONTROL": "0056", "SERIE": "002", "LINEA": "125", "COD_SEG": "036", "COD_MANZA": 16, "PISO": null, "actualizad": null }, "geometry": { "type": "Point", "coordinates": [ -63.62135196705178, 9.697333578346798 ] } },
{ "type": "Feature", "properties": { "id": null, "CONTROL": "0056", "SERIE": "003", "LINEA": "126", "COD_SEG": "036", "COD_MANZA": 16, "PISO": null, "actualizad": null }, "geometry": { "type": "Point", "coordinates": [ -63.621681235627463, 9.697317645996362 ] } },
{ "type": "Feature", "properties": { "id": null, "CONTROL": "0056", "SERIE": "004", "LINEA": "127", "COD_SEG": "036", "COD_MANZA": 16, "PISO": null, "actualizad": null }, "geometry": { "type": "Point", "coordinates": [ -63.62198395028576, 9.697296402862447 ] } },
{ "type": "Feature", "properties": { "id": null, "CONTROL": "0056", "SERIE": "005", "LINEA": "128", "COD_SEG": "036", "COD_MANZA": 17, "PISO": null, "actualizad": null }, "geometry": { "type": "Point", "coordinates": [ -63.621288237650035, 9.697981493931215 ] } },
{ "type": "Feature", "properties": { "id": null, "CONTROL": "0056", "SERIE": "006", "LINEA": "129", "COD_SEG": "036", "COD_MANZA": 17, "PISO": null, "actualizad": null }, "geometry": { "type": "Point", "coordinates": [ -63.622015814986632, 9.697949629230342 ] } },
{ "type": "Feature", "properties": { "id": null, "CONTROL": "0056", "SERIE": "007", "LINEA": "130", "COD_SEG": "036", "COD_MANZA": 17, "PISO": null, "actualizad": null }, "geometry": { "type": "Point", "coordinates": [ -63.622387569830146, 9.697986804714693 ] } },
{ "type": "Feature", "properties": { "id": null, "CONTROL": "0056", "SERIE": "012", "LINEA": "135", "COD_SEG": "036", "COD_MANZA": 18, "PISO": null, "actualizad": null }, "geometry": { "type": "Point", "coordinates": [ -63.625717431071365, 9.698029290982525 ] } },
{ "type": "Feature", "properties": { "id": null, "CONTROL": "0056", "SERIE": "017", "LINEA": "140", "COD_SEG": "036", "COD_MANZA": 18, "PISO": null, "actualizad": null }, "geometry": { "type": "Point", "coordinates": [ -63.625388162495675, 9.69805053411644 ] } },
{ "type": "Feature", "properties": { "id": null, "CONTROL": "0056", "SERIE": "008", "LINEA": "131", "COD_SEG": "036", "COD_MANZA": 18, "PISO": null, "actualizad": null }, "geometry": { "type": "Point", "coordinates": [ -63.625058893919991, 9.698055844899919 ] } },
{ "type": "Feature", "properties": { "id": null, "CONTROL": "0056", "SERIE": "009", "LINEA": "132", "COD_SEG": "036", "COD_MANZA": 18, "PISO": null, "actualizad": null }, "geometry": { "type": "Point", "coordinates": [ -63.624788043962575, 9.697954940013821 ] } },
{ "type": "Feature", "properties": { "id": null, "CONTROL": "0056", "SERIE": "010", "LINEA": "133", "COD_SEG": "036", "COD_MANZA": 18, "PISO": null, "actualizad": null }, "geometry": { "type": "Point", "coordinates": [ -63.624501261654714, 9.697970872364257 ] } },
{ "type": "Feature", "properties": { "id": null, "CONTROL": "0056", "SERIE": "011", "LINEA": "134", "COD_SEG": "036", "COD_MANZA": 18, "PISO": null, "actualizad": null }, "geometry": { "type": "Point", "coordinates": [ -63.624241033264255, 9.697970872364257 ] } },
{ "type": "Feature", "properties": { "id": null, "CONTROL": "0056", "SERIE": "014", "LINEA": "137", "COD_SEG": "036", "COD_MANZA": 19, "PISO": null, "actualizad": null }, "geometry": { "type": "Point", "coordinates": [ -63.623030174631076, 9.697689400839879 ] } },
{ "type": "Feature", "properties": { "id": null, "CONTROL": "0056", "SERIE": "013", "LINEA": "136", "COD_SEG": "036", "COD_MANZA": 19, "PISO": null, "actualizad": null }, "geometry": { "type": "Point", "coordinates": [ -63.623404584866329, 9.69763629300509 ] } },
{ "type": "Feature", "properties": { "id": null, "CONTROL": "0056", "SERIE": "015", "LINEA": "138", "COD_SEG": "036", "COD_MANZA": 19, "PISO": null, "actualizad": null }, "geometry": { "type": "Point", "coordinates": [ -63.623747130400716, 9.697599117520738 ] } },
{ "type": "Feature", "properties": { "id": null, "CONTROL": "0056", "SERIE": "016", "LINEA": "139", "COD_SEG": "036", "COD_MANZA": 19, "PISO": null, "actualizad": null }, "geometry": { "type": "Point", "coordinates": [ -63.624039223492048, 9.697543354294211 ] } },
{ "type": "Feature", "properties": { "id": null, "CONTROL": "2007", "SERIE": "001", "LINEA": "057", "COD_SEG": "008", "COD_MANZA": 4, "PISO": null, "actualizad": null }, "geometry": { "type": "Point", "coordinates": [ -63.601802973066285, 9.706385808786452 ] } },
{ "type": "Feature", "properties": { "id": null, "CONTROL": "2007", "SERIE": "002", "LINEA": "058", "COD_SEG": "008", "COD_MANZA": 4, "PISO": null, "actualizad": null }, "geometry": { "type": "Point", "coordinates": [ -63.602108343116321, 9.706250383807742 ] } },
{ "type": "Feature", "properties": { "id": null, "CONTROL": "2007", "SERIE": "003", "LINEA": "059", "COD_SEG": "008", "COD_MANZA": 4, "PISO": null, "actualizad": null }, "geometry": { "type": "Point", "coordinates": [ -63.602214558785896, 9.706295525467313 ] } },
{ "type": "Feature", "properties": { "id": null, "CONTROL": "2007", "SERIE": "004", "LINEA": "060", "COD_SEG": "008", "COD_MANZA": 4, "PISO": null, "actualizad": null }, "geometry": { "type": "Point", "coordinates": [ -63.602298203625679, 9.706336684039272 ] } },
{ "type": "Feature", "properties": { "id": null, "CONTROL": "2007", "SERIE": "005", "LINEA": "061", "COD_SEG": "008", "COD_MANZA": 4, "PISO": null, "actualizad": null }, "geometry": { "type": "Point", "coordinates": [ -63.602392470032434, 9.706391119569931 ] } },
{ "type": "Feature", "properties": { "id": null, "CONTROL": "2007", "SERIE": "006", "LINEA": "062", "COD_SEG": "008", "COD_MANZA": 4, "PISO": null, "actualizad": null }, "geometry": { "type": "Point", "coordinates": [ -63.602481425655704, 9.706440244317113 ] } },
{ "type": "Feature", "properties": { "id": null, "CONTROL": "2007", "SERIE": "007", "LINEA": "063", "COD_SEG": "008", "COD_MANZA": 4, "PISO": null, "actualizad": null }, "geometry": { "type": "Point", "coordinates": [ -63.602600918283976, 9.706484058280813 ] } },
{ "type": "Feature", "properties": { "id": null, "CONTROL": "2007", "SERIE": "008", "LINEA": "064", "COD_SEG": "008", "COD_MANZA": 4, "PISO": null, "actualizad": null }, "geometry": { "type": "Point", "coordinates": [ -63.602704478561812, 9.706535838419732 ] } },
{ "type": "Feature", "properties": { "id": null, "CONTROL": "2007", "SERIE": "009", "LINEA": "065", "COD_SEG": "008", "COD_MANZA": 4, "PISO": null, "actualizad": null }, "geometry": { "type": "Point", "coordinates": [ -63.602793434185081, 9.706578324687563 ] } },
{ "type": "Feature", "properties": { "id": null, "CONTROL": "2007", "SERIE": "010", "LINEA": "066", "COD_SEG": "008", "COD_MANZA": 4, "PISO": null, "actualizad": null }, "geometry": { "type": "Point", "coordinates": [ -63.602891683679445, 9.706639398697568 ] } },
{ "type": "Feature", "properties": { "id": null, "CONTROL": "2007", "SERIE": "011", "LINEA": "067", "COD_SEG": "008", "COD_MANZA": 4, "PISO": null, "actualizad": null }, "geometry": { "type": "Point", "coordinates": [ -63.602988605477933, 9.70667391879018 ] } },
{ "type": "Feature", "properties": { "id": null, "CONTROL": "2007", "SERIE": "012", "LINEA": "068", "COD_SEG": "008", "COD_MANZA": 4, "PISO": null, "actualizad": null }, "geometry": { "type": "Point", "coordinates": [ -63.60308419958055, 9.706740303583665 ] } },
{ "type": "Feature", "properties": { "id": null, "CONTROL": "2007", "SERIE": "013", "LINEA": "069", "COD_SEG": "008", "COD_MANZA": 4, "PISO": null, "actualizad": null }, "geometry": { "type": "Point", "coordinates": [ -63.603186432162516, 9.706786772939106 ] } },
{ "type": "Feature", "properties": { "id": null, "CONTROL": "2007", "SERIE": "014", "LINEA": "071", "COD_SEG": "008", "COD_MANZA": 5, "PISO": null, "actualizad": null }, "geometry": { "type": "Point", "coordinates": [ -63.603263438522958, 9.706635415609959 ] } },
{ "type": "Feature", "properties": { "id": null, "CONTROL": "0049", "SERIE": "001", "LINEA": "047", "COD_SEG": null, "COD_MANZA": 5, "PISO": null, "actualizad": null }, "geometry": { "type": "Point", "coordinates": [ -62.352133352285939, 8.996681433412174 ] } },
{ "type": "Feature", "properties": { "id": null, "CONTROL": "0049", "SERIE": "002", "LINEA": "048", "COD_SEG": null, "COD_MANZA": 5, "PISO": null, "actualizad": null }, "geometry": { "type": "Point", "coordinates": [ -62.352058599326305, 8.996559692877916 ] } },
{ "type": "Feature", "properties": { "id": null, "CONTROL": "0049", "SERIE": "017", "LINEA": "143", "COD_SEG": "004", "COD_MANZA": 5, "PISO": null, "actualizad": null }, "geometry": { "type": "Point", "coordinates": [ -62.35214616707902, 8.996465717728663 ] } },
{ "type": "Feature", "properties": { "id": null, "CONTROL": "0049", "SERIE": "003", "LINEA": "049", "COD_SEG": null, "COD_MANZA": 5, "PISO": null, "actualizad": null }, "geometry": { "type": "Point", "coordinates": [ -62.352118401694014, 8.996403779562112 ] } },
{ "type": "Feature", "properties": { "id": null, "CONTROL": "0049", "SERIE": "004", "LINEA": "050", "COD_SEG": "004", "COD_MANZA": 5, "PISO": null, "actualizad": null }, "geometry": { "type": "Point", "coordinates": [ -62.352076753616508, 8.996323687105363 ] } },
{ "type": "Feature", "properties": { "id": null, "CONTROL": "0049", "SERIE": "005", "LINEA": "051", "COD_SEG": "004", "COD_MANZA": 5, "PISO": null, "actualizad": null }, "geometry": { "type": "Point", "coordinates": [ -62.352248685423653, 8.996032150562796 ] } },
{ "type": "Feature", "properties": { "id": null, "CONTROL": "0049", "SERIE": "006", "LINEA": "052", "COD_SEG": "004", "COD_MANZA": 5, "PISO": null, "actualizad": null }, "geometry": { "type": "Point", "coordinates": [ -62.352669437796443, 8.996027878965101 ] } },
{ "type": "Feature", "properties": { "id": null, "CONTROL": "0049", "SERIE": "007", "LINEA": "053", "COD_SEG": "004", "COD_MANZA": 5, "PISO": null, "actualizad": null }, "geometry": { "type": "Point", "coordinates": [ -62.352784770934164, 8.996115446717814 ] } },
{ "type": "Feature", "properties": { "id": null, "CONTROL": "0049", "SERIE": "018", "LINEA": "144", "COD_SEG": "004", "COD_MANZA": 5, "PISO": null, "actualizad": null }, "geometry": { "type": "Point", "coordinates": [ -62.352774091939928, 8.99620728606822 ] } },
{ "type": "Feature", "properties": { "id": null, "CONTROL": "0049", "SERIE": "008", "LINEA": "054", "COD_SEG": "004", "COD_MANZA": 5, "PISO": null, "actualizad": null }, "geometry": { "type": "Point", "coordinates": [ -62.352750598152618, 8.996292718022087 ] } },
{ "type": "Feature", "properties": { "id": null, "CONTROL": "0049", "SERIE": "009", "LINEA": "055", "COD_SEG": "004", "COD_MANZA": 5, "PISO": null, "actualizad": null }, "geometry": { "type": "Point", "coordinates": [ -62.352761277146847, 8.996416594355193 ] } },
{ "type": "Feature", "properties": { "id": null, "CONTROL": "0049", "SERIE": "011", "LINEA": "057", "COD_SEG": "004", "COD_MANZA": 6, "PISO": null, "actualizad": null }, "geometry": { "type": "Point", "coordinates": [ -62.352750598152618, 8.996610952050236 ] } },
{ "type": "Feature", "properties": { "id": null, "CONTROL": "0049", "SERIE": "012", "LINEA": "058", "COD_SEG": "004", "COD_MANZA": 6, "PISO": null, "actualizad": null }, "geometry": { "type": "Point", "coordinates": [ -62.352938548451121, 8.996337569797866 ] } },
{ "type": "Feature", "properties": { "id": null, "CONTROL": "0049", "SERIE": "013", "LINEA": "059", "COD_SEG": "004", "COD_MANZA": 6, "PISO": null, "actualizad": null }, "geometry": { "type": "Point", "coordinates": [ -62.352938548451121, 8.99620728606822 ] } },
{ "type": "Feature", "properties": { "id": null, "CONTROL": "0049", "SERIE": "014", "LINEA": "060", "COD_SEG": "004", "COD_MANZA": 6, "PISO": null, "actualizad": null }, "geometry": { "type": "Point", "coordinates": [ -62.353026116203836, 8.996023607367409 ] } },
{ "type": "Feature", "properties": { "id": null, "CONTROL": "0049", "SERIE": "015", "LINEA": "061", "COD_SEG": "004", "COD_MANZA": 5, "PISO": null, "actualizad": null }, "geometry": { "type": "Point", "coordinates": [ -62.353128634548476, 8.996040693758182 ] } },
{ "type": "Feature", "properties": { "id": null, "CONTROL": "0049", "SERIE": "016", "LINEA": "062", "COD_SEG": "004", "COD_MANZA": 6, "PISO": null, "actualizad": null }, "geometry": { "type": "Point", "coordinates": [ -62.353342214433141, 8.996156026895902 ] } },
{ "type": "Feature", "properties": { "id": null, "CONTROL": "0049", "SERIE": "010", "LINEA": "056", "COD_SEG": "004", "COD_MANZA": 6, "PISO": null, "actualizad": null }, "geometry": { "type": "Point", "coordinates": [ -62.352769820342239, 8.996506297906752 ] } },
{ "type": "Feature", "properties": { "id": null, "CONTROL": "2043", "SERIE": "001", "LINEA": "205", "COD_SEG": "001", "COD_MANZA": 5, "PISO": null, "actualizad": null }, "geometry": { "type": "Point", "coordinates": [ -62.950711798804498, 9.828166814558896 ] } },
{ "type": "Feature", "properties": { "id": null, "CONTROL": "2043", "SERIE": "002", "LINEA": "221", "COD_SEG": "001", "COD_MANZA": 5, "PISO": null, "actualizad": null }, "geometry": { "type": "Point", "coordinates": [ -62.949657453439855, 9.827567155632753 ] } },
{ "type": "Feature", "properties": { "id": null, "CONTROL": "2043", "SERIE": "003", "LINEA": "207", "COD_SEG": "001", "COD_MANZA": 5, "PISO": null, "actualizad": null }, "geometry": { "type": "Point", "coordinates": [ -62.949123691099004, 9.827171776121011 ] } },
{ "type": "Feature", "properties": { "id": null, "CONTROL": "2043", "SERIE": "004", "LINEA": "222", "COD_SEG": "001", "COD_MANZA": 5, "PISO": null, "actualizad": null }, "geometry": { "type": "Point", "coordinates": [ -62.948405418319339, 9.826255813585474 ] } },
{ "type": "Feature", "properties": { "id": null, "CONTROL": "2043", "SERIE": "005", "LINEA": "223", "COD_SEG": "001", "COD_MANZA": 5, "PISO": null, "actualizad": null }, "geometry": { "type": "Point", "coordinates": [ -62.947542173052028, 9.825834075439614 ] } },
{ "type": "Feature", "properties": { "id": null, "CONTROL": "2043", "SERIE": "006", "LINEA": "224", "COD_SEG": "001", "COD_MANZA": 5, "PISO": null, "actualizad": null }, "geometry": { "type": "Point", "coordinates": [ -62.947021590028235, 9.825880203049318 ] } },
{ "type": "Feature", "properties": { "id": null, "CONTROL": "2043", "SERIE": "007", "LINEA": "225", "COD_SEG": "001", "COD_MANZA": 5, "PISO": null, "actualizad": null }, "geometry": { "type": "Point", "coordinates": [ -62.946566903589733, 9.82593292031755 ] } },
{ "type": "Feature", "properties": { "id": null, "CONTROL": "2043", "SERIE": "008", "LINEA": "212", "COD_SEG": "001", "COD_MANZA": 5, "PISO": null, "actualizad": null }, "geometry": { "type": "Point", "coordinates": [ -62.946316496565629, 9.826018585878428 ] } },
{ "type": "Feature", "properties": { "id": null, "CONTROL": "2043", "SERIE": "009", "LINEA": "213", "COD_SEG": "001", "COD_MANZA": 5, "PISO": null, "actualizad": null }, "geometry": { "type": "Point", "coordinates": [ -62.945874989444185, 9.826499630951048 ] } },
{ "type": "Feature", "properties": { "id": null, "CONTROL": "2043", "SERIE": "010", "LINEA": "214", "COD_SEG": "001", "COD_MANZA": 5, "PISO": null, "actualizad": null }, "geometry": { "type": "Point", "coordinates": [ -62.945439248273964, 9.82639584382922 ] } },
{ "type": "Feature", "properties": { "id": null, "CONTROL": "2043", "SERIE": "011", "LINEA": "215", "COD_SEG": "001", "COD_MANZA": 5, "PISO": null, "actualizad": null }, "geometry": { "type": "Point", "coordinates": [ -62.945762141541884, 9.8261701480246 ] } },
{ "type": "Feature", "properties": { "id": null, "CONTROL": "2043", "SERIE": "015", "LINEA": "226", "COD_SEG": "001", "COD_MANZA": 5, "PISO": null, "actualizad": null }, "geometry": { "type": "Point", "coordinates": [ -62.945618816468865, 9.82552436148875 ] } },
{ "type": "Feature", "properties": { "id": null, "CONTROL": "2043", "SERIE": "012", "LINEA": "216", "COD_SEG": "001", "COD_MANZA": 5, "PISO": null, "actualizad": null }, "geometry": { "type": "Point", "coordinates": [ -62.945569394029896, 9.825369504513317 ] } },
{ "type": "Feature", "properties": { "id": null, "CONTROL": "2043", "SERIE": "013", "LINEA": "217", "COD_SEG": "001", "COD_MANZA": 5, "PISO": null, "actualizad": null }, "geometry": { "type": "Point", "coordinates": [ -62.945276154225354, 9.82531349241582 ] } },
{ "type": "Feature", "properties": { "id": null, "CONTROL": "2043", "SERIE": "014", "LINEA": "218", "COD_SEG": "001", "COD_MANZA": 5, "PISO": null, "actualizad": null }, "geometry": { "type": "Point", "coordinates": [ -62.944953260957433, 9.825303607928026 ] } },
{ "type": "Feature", "properties": { "id": null, "CONTROL": "3008", "SERIE": "001", "LINEA": "076", "COD_SEG": "016", "COD_MANZA": 2, "PISO": null, "actualizad": null }, "geometry": { "type": "Point", "coordinates": [ -63.095057734957336, 10.110690846367142 ] } },
{ "type": "Feature", "properties": { "id": null, "CONTROL": "3008", "SERIE": "002", "LINEA": "077", "COD_SEG": "016", "COD_MANZA": 2, "PISO": null, "actualizad": null }, "geometry": { "type": "Point", "coordinates": [ -63.095281478497576, 10.110714295440628 ] } },
{ "type": "Feature", "properties": { "id": null, "CONTROL": "3008", "SERIE": "003", "LINEA": "078", "COD_SEG": "016", "COD_MANZA": 2, "PISO": null, "actualizad": null }, "geometry": { "type": "Point", "coordinates": [ -63.095427258194491, 10.110754562474625 ] } },
{ "type": "Feature", "properties": { "id": null, "CONTROL": "3008", "SERIE": "004", "LINEA": "079", "COD_SEG": "016", "COD_MANZA": 2, "PISO": null, "actualizad": null }, "geometry": { "type": "Point", "coordinates": [ -63.097162994955887, 10.111029501456345 ] } },
{ "type": "Feature", "properties": { "id": null, "CONTROL": "3008", "SERIE": "005", "LINEA": "080", "COD_SEG": "016", "COD_MANZA": 2, "PISO": null, "actualizad": null }, "geometry": { "type": "Point", "coordinates": [ -63.101984293536582, 10.113523856800514 ] } },
{ "type": "Feature", "properties": { "id": null, "CONTROL": "3008", "SERIE": "006", "LINEA": "081", "COD_SEG": "016", "COD_MANZA": 2, "PISO": null, "actualizad": null }, "geometry": { "type": "Point", "coordinates": [ -63.102876670482623, 10.114746292235907 ] } },
{ "type": "Feature", "properties": { "id": null, "CONTROL": "3008", "SERIE": "007", "LINEA": "082", "COD_SEG": "016", "COD_MANZA": 2, "PISO": null, "actualizad": null }, "geometry": { "type": "Point", "coordinates": [ -63.10296650629806, 10.114749623255189 ] } },
{ "type": "Feature", "properties": { "id": null, "CONTROL": "3008", "SERIE": "008", "LINEA": "083", "COD_SEG": "016", "COD_MANZA": 2, "PISO": null, "actualizad": null }, "geometry": { "type": "Point", "coordinates": [ -63.103053803905532, 10.114766391450697 ] } },
{ "type": "Feature", "properties": { "id": null, "CONTROL": "3008", "SERIE": "009", "LINEA": "084", "COD_SEG": "016", "COD_MANZA": 2, "PISO": null, "actualizad": null }, "geometry": { "type": "Point", "coordinates": [ -63.103129238429467, 10.11478904176675 ] } },
{ "type": "Feature", "properties": { "id": null, "CONTROL": "3008", "SERIE": "010", "LINEA": "085", "COD_SEG": "016", "COD_MANZA": 2, "PISO": null, "actualizad": null }, "geometry": { "type": "Point", "coordinates": [ -63.103212298298764, 10.11480497147198 ] } },
{ "type": "Feature", "properties": { "id": null, "CONTROL": "3008", "SERIE": "011", "LINEA": "086", "COD_SEG": "016", "COD_MANZA": 2, "PISO": null, "actualizad": null }, "geometry": { "type": "Point", "coordinates": [ -63.103310614478012, 10.114825095246314 ] } },
{ "type": "Feature", "properties": { "id": null, "CONTROL": "3008", "SERIE": "012", "LINEA": "087", "COD_SEG": "016", "COD_MANZA": 2, "PISO": null, "actualizad": null }, "geometry": { "type": "Point", "coordinates": [ -63.103411475580486, 10.114852776170247 ] } },
{ "type": "Feature", "properties": { "id": null, "CONTROL": "3008", "SERIE": "013", "LINEA": "088", "COD_SEG": "016", "COD_MANZA": 2, "PISO": null, "actualizad": null }, "geometry": { "type": "Point", "coordinates": [ -63.103552173406911, 10.114893880942226 ] } },
{ "type": "Feature", "properties": { "id": null, "CONTROL": "3008", "SERIE": "014", "LINEA": "091", "COD_SEG": "016", "COD_MANZA": 2, "PISO": null, "actualizad": null }, "geometry": { "type": "Point", "coordinates": [ -63.103361536842961, 10.115051818615658 ] } },
{ "type": "Feature", "properties": { "id": null, "CONTROL": "3008", "SERIE": "015", "LINEA": "090", "COD_SEG": "016", "COD_MANZA": 2, "PISO": null, "actualizad": null }, "geometry": { "type": "Point", "coordinates": [ -63.103245428758868, 10.115049335720169 ] } },
{ "type": "Feature", "properties": { "id": null, "CONTROL": "3011", "SERIE": "001", "LINEA": "116", "COD_SEG": "010", "COD_MANZA": 3, "PISO": null, "actualizad": null }, "geometry": { "type": "Point", "coordinates": [ -63.192815688144158, 9.79681444056769 ] } },
{ "type": "Feature", "properties": { "id": null, "CONTROL": "3011", "SERIE": "002", "LINEA": "117", "COD_SEG": "010", "COD_MANZA": 3, "PISO": null, "actualizad": null }, "geometry": { "type": "Point", "coordinates": [ -63.192888398710082, 9.796810603402205 ] } },
{ "type": "Feature", "properties": { "id": null, "CONTROL": "3011", "SERIE": "003", "LINEA": "118", "COD_SEG": "010", "COD_MANZA": 3, "PISO": null, "actualizad": null }, "geometry": { "type": "Point", "coordinates": [ -63.192990441466463, 9.796792831391146 ] } },
{ "type": "Feature", "properties": { "id": null, "CONTROL": "3011", "SERIE": "004", "LINEA": "119", "COD_SEG": "010", "COD_MANZA": 0, "PISO": null, "actualizad": null }, "geometry": { "type": "Point", "coordinates": [ -63.19306187416845, 9.796785199054158 ] } },
{ "type": "Feature", "properties": { "id": null, "CONTROL": "3011", "SERIE": "005", "LINEA": "120", "COD_SEG": "010", "COD_MANZA": 3, "PISO": null, "actualizad": null }, "geometry": { "type": "Point", "coordinates": [ -63.193140963767227, 9.796782623493989 ] } },
{ "type": "Feature", "properties": { "id": null, "CONTROL": "3011", "SERIE": "006", "LINEA": "120", "COD_SEG": "010", "COD_MANZA": 3, "PISO": null, "actualizad": null }, "geometry": { "type": "Point", "coordinates": [ -63.193206019615616, 9.796777525328528 ] } },
{ "type": "Feature", "properties": { "id": null, "CONTROL": "3011", "SERIE": "007", "LINEA": "122", "COD_SEG": "010", "COD_MANZA": 3, "PISO": null, "actualizad": null }, "geometry": { "type": "Point", "coordinates": [ -63.193285106281849, 9.796769888588694 ] } },
{ "type": "Feature", "properties": { "id": null, "CONTROL": "3011", "SERIE": "008", "LINEA": "123", "COD_SEG": "010", "COD_MANZA": 3, "PISO": null, "actualizad": null }, "geometry": { "type": "Point", "coordinates": [ -63.193523013252019, 9.796762793976939 ] } },
{ "type": "Feature", "properties": { "id": null, "CONTROL": "3011", "SERIE": "009", "LINEA": "124", "COD_SEG": "010", "COD_MANZA": 3, "PISO": null, "actualizad": null }, "geometry": { "type": "Point", "coordinates": [ -63.193633990725992, 9.796753873688521 ] } },
{ "type": "Feature", "properties": { "id": null, "CONTROL": "3011", "SERIE": "010", "LINEA": "125", "COD_SEG": "010", "COD_MANZA": 3, "PISO": null, "actualizad": null }, "geometry": { "type": "Point", "coordinates": [ -63.193706700532076, 9.796748771061692 ] } },
{ "type": "Feature", "properties": { "id": null, "CONTROL": "2097", "SERIE": null, "LINEA": null, "COD_SEG": null, "COD_MANZA": null, "PISO": null, "actualizad": null }, "geometry": { "type": "Point", "coordinates": [ -63.193706700532076, 9.796748771061692 ] } },
{ "type": "Feature", "properties": { "id": null, "CONTROL": "3011", "SERIE": "011", "LINEA": "126", "COD_SEG": "010", "COD_MANZA": 3, "PISO": null, "actualizad": null }, "geometry": { "type": "Point", "coordinates": [ -63.193784514452226, 9.79674619607972 ] } },
{ "type": "Feature", "properties": { "id": null, "CONTROL": "3011", "SERIE": "012", "LINEA": "127", "COD_SEG": "010", "COD_MANZA": 3, "PISO": null, "actualizad": null }, "geometry": { "type": "Point", "coordinates": [ -63.193854669257583, 9.796734768445109 ] } },
{ "type": "Feature", "properties": { "id": null, "CONTROL": "3011", "SERIE": "013", "LINEA": "128", "COD_SEG": "010", "COD_MANZA": 3, "PISO": null, "actualizad": null }, "geometry": { "type": "Point", "coordinates": [ -63.193926103393203, 9.796729666499852 ] } },
{ "type": "Feature", "properties": { "id": null, "CONTROL": "3011", "SERIE": "014", "LINEA": "129", "COD_SEG": "010", "COD_MANZA": 3, "PISO": null, "actualizad": null }, "geometry": { "type": "Point", "coordinates": [ -63.1939975367914, 9.796723299253118 ] } },
{ "type": "Feature", "properties": { "id": null, "CONTROL": "3011", "SERIE": "015", "LINEA": "130", "COD_SEG": "010", "COD_MANZA": 3, "PISO": null, "actualizad": null }, "geometry": { "type": "Point", "coordinates": [ -63.194058761950231, 9.796711876679153 ] } },
{ "type": "Feature", "properties": { "id": null, "CONTROL": "3024", "SERIE": "001", "LINEA": "0024", "COD_SEG": "001", "COD_MANZA": 2, "PISO": null, "actualizad": null }, "geometry": { "type": "Point", "coordinates": [ -63.271139509049995, 8.974442981264335 ] } },
{ "type": "Feature", "properties": { "id": null, "CONTROL": "3024", "SERIE": "002", "LINEA": "0025", "COD_SEG": "001", "COD_MANZA": 2, "PISO": null, "actualizad": null }, "geometry": { "type": "Point", "coordinates": [ -63.271116652942197, 8.974553003293796 ] } },
{ "type": "Feature", "properties": { "id": null, "CONTROL": "3024", "SERIE": "003", "LINEA": "0026", "COD_SEG": "001", "COD_MANZA": 2, "PISO": null, "actualizad": null }, "geometry": { "type": "Point", "coordinates": [ -63.27112080038723, 8.974687152998337 ] } },
{ "type": "Feature", "properties": { "id": null, "CONTROL": "3024", "SERIE": "004", "LINEA": "0027", "COD_SEG": "001", "COD_MANZA": 2, "PISO": null, "actualizad": null }, "geometry": { "type": "Point", "coordinates": [ -63.271130342974473, 8.974818615686978 ] } },
{ "type": "Feature", "properties": { "id": null, "CONTROL": "3024", "SERIE": "005", "LINEA": "0028", "COD_SEG": "001", "COD_MANZA": 2, "PISO": null, "actualizad": null }, "geometry": { "type": "Point", "coordinates": [ -63.271147976286848, 8.97494336479819 ] } },
{ "type": "Feature", "properties": { "id": null, "CONTROL": "3024", "SERIE": "006", "LINEA": "0029", "COD_SEG": "001", "COD_MANZA": 2, "PISO": null, "actualizad": null }, "geometry": { "type": "Point", "coordinates": [ -63.271210114042916, 8.975038567630683 ] } },
{ "type": "Feature", "properties": { "id": null, "CONTROL": "3024", "SERIE": "007", "LINEA": "0030", "COD_SEG": "001", "COD_MANZA": 2, "PISO": null, "actualizad": null }, "geometry": { "type": "Point", "coordinates": [ -63.270932273172093, 8.975189022595584 ] } },
{ "type": "Feature", "properties": { "id": null, "CONTROL": "3024", "SERIE": "008", "LINEA": "0031", "COD_SEG": "001", "COD_MANZA": 2, "PISO": null, "actualizad": null }, "geometry": { "type": "Point", "coordinates": [ -63.27067869929823, 8.9753126290254 ] } },
{ "type": "Feature", "properties": { "id": null, "CONTROL": "3024", "SERIE": "009", "LINEA": "0032", "COD_SEG": "001", "COD_MANZA": 2, "PISO": null, "actualizad": null }, "geometry": { "type": "Point", "coordinates": [ -63.270371084322683, 8.97534236791997 ] } },
{ "type": "Feature", "properties": { "id": null, "CONTROL": "3024", "SERIE": "010", "LINEA": "0034", "COD_SEG": "001", "COD_MANZA": 1, "PISO": null, "actualizad": null }, "geometry": { "type": "Point", "coordinates": [ -63.27023361616105, 8.975557112918558 ] } },
{ "type": "Feature", "properties": { "id": null, "CONTROL": "3024", "SERIE": "011", "LINEA": "0035", "COD_SEG": "001", "COD_MANZA": 2, "PISO": null, "actualizad": null }, "geometry": { "type": "Point", "coordinates": [ -63.268249458061682, 8.974594000753836 ] } },
{ "type": "Feature", "properties": { "id": null, "CONTROL": "3024", "SERIE": "012", "LINEA": "0036", "COD_SEG": "001", "COD_MANZA": 2, "PISO": null, "actualizad": null }, "geometry": { "type": "Point", "coordinates": [ -63.268422438314751, 8.97496413676353 ] } },
{ "type": "Feature", "properties": { "id": null, "CONTROL": "3024", "SERIE": "013", "LINEA": "0037", "COD_SEG": "001", "COD_MANZA": 2, "PISO": null, "actualizad": null }, "geometry": { "type": "Point", "coordinates": [ -63.26867099465975, 8.975355682154801 ] } },
{ "type": "Feature", "properties": { "id": null, "CONTROL": "3024", "SERIE": "014", "LINEA": "0038", "COD_SEG": "001", "COD_MANZA": 2, "PISO": null, "actualizad": null }, "geometry": { "type": "Point", "coordinates": [ -63.268730556701684, 8.975618578251185 ] } },
{ "type": "Feature", "properties": { "id": null, "CONTROL": "3024", "SERIE": "015", "LINEA": "0039", "COD_SEG": "001", "COD_MANZA": 2, "PISO": null, "actualizad": null }, "geometry": { "type": "Point", "coordinates": [ -63.269103430181289, 8.976256873921182 ] } },
{ "type": "Feature", "properties": { "id": null, "CONTROL": "2035", "SERIE": "001", "LINEA": "175", "COD_SEG": "058", "COD_MANZA": 1, "PISO": "11", "actualizad": null }, "geometry": { "type": "Point", "coordinates": [ -63.197373255586406, 9.738308313376312 ] } },
{ "type": "Feature", "properties": { "id": null, "CONTROL": "2035", "SERIE": "002", "LINEA": "175", "COD_SEG": "058", "COD_MANZA": 1, "PISO": "11", "actualizad": null }, "geometry": { "type": "Point", "coordinates": [ -63.197389493451261, 9.738327084663407 ] } },
{ "type": "Feature", "properties": { "id": null, "CONTROL": "2035", "SERIE": "003", "LINEA": "177", "COD_SEG": "058", "COD_MANZA": 1, "PISO": "10", "actualizad": null }, "geometry": { "type": "Point", "coordinates": [ -63.197407087494518, 9.738352562549075 ] } },
{ "type": "Feature", "properties": { "id": null, "CONTROL": "2035", "SERIE": "004", "LINEA": "178", "COD_SEG": "058", "COD_MANZA": 1, "PISO": "10", "actualizad": null }, "geometry": { "type": "Point", "coordinates": [ -63.197381401309428, 9.7383633092122 ] } },
{ "type": "Feature", "properties": { "id": null, "CONTROL": "2035", "SERIE": "005", "LINEA": "179", "COD_SEG": "058", "COD_MANZA": 1, "PISO": "11", "actualizad": null }, "geometry": { "type": "Point", "coordinates": [ -63.197351651323004, 9.738361984932002 ] } },
{ "type": "Feature", "properties": { "id": null, "CONTROL": "2035", "SERIE": "006", "LINEA": "180", "COD_SEG": "058", "COD_MANZA": 1, "PISO": "11", "actualizad": null }, "geometry": { "type": "Point", "coordinates": [ -63.197327989551084, 9.738366023037555 ] } },
{ "type": "Feature", "properties": { "id": null, "CONTROL": "2035", "SERIE": "007", "LINEA": "181", "COD_SEG": "058", "COD_MANZA": 1, "PISO": "10", "actualizad": null }, "geometry": { "type": "Point", "coordinates": [ -63.197302980268155, 9.738378110780346 ] } },
{ "type": "Feature", "properties": { "id": null, "CONTROL": "2035", "SERIE": "008", "LINEA": "182", "COD_SEG": "058", "COD_MANZA": 1, "PISO": "10", "actualizad": null }, "geometry": { "type": "Point", "coordinates": [ -63.197275261785308, 9.738382151226418 ] } },
{ "type": "Feature", "properties": { "id": null, "CONTROL": "2035", "SERIE": "009", "LINEA": "183", "COD_SEG": "058", "COD_MANZA": 1, "PISO": "10", "actualizad": null }, "geometry": { "type": "Point", "coordinates": [ -63.197271195232062, 9.738365385117122 ] } },
{ "type": "Feature", "properties": { "id": null, "CONTROL": "2035", "SERIE": "010", "LINEA": "184", "COD_SEG": "058", "COD_MANZA": 1, "PISO": "10", "actualizad": null }, "geometry": { "type": "Point", "coordinates": [ -63.197284704993912, 9.738343913684258 ] } },
{ "type": "Feature", "properties": { "id": null, "CONTROL": "2035", "SERIE": "011", "LINEA": "185", "COD_SEG": "058", "COD_MANZA": 1, "PISO": "09", "actualizad": null }, "geometry": { "type": "Point", "coordinates": [ -63.197295519733245, 9.738338541528586 ] } },
{ "type": "Feature", "properties": { "id": null, "CONTROL": "2035", "SERIE": "012", "LINEA": "186", "COD_SEG": "058", "COD_MANZA": 1, "PISO": "09", "actualizad": null }, "geometry": { "type": "Point", "coordinates": [ -63.197306336441386, 9.7383365230632 ] } },
{ "type": "Feature", "properties": { "id": null, "CONTROL": "2035", "SERIE": "013", "LINEA": "187", "COD_SEG": "058", "COD_MANZA": 1, "PISO": "09", "actualizad": null }, "geometry": { "type": "Point", "coordinates": [ -63.197320529407385, 9.73832712452449 ] } },
{ "type": "Feature", "properties": { "id": null, "CONTROL": "2035", "SERIE": "014", "LINEA": "188", "COD_SEG": "058", "COD_MANZA": 1, "PISO": "09", "actualizad": null }, "geometry": { "type": "Point", "coordinates": [ -63.197334723948138, 9.738320408937698 ] } },
{ "type": "Feature", "properties": { "id": null, "CONTROL": "2035", "SERIE": "015", "LINEA": "189", "COD_SEG": "058", "COD_MANZA": 1, "PISO": "08", "actualizad": null }, "geometry": { "type": "Point", "coordinates": [ -63.197355004732565, 9.738315702047597 ] } },
{ "type": "Feature", "properties": { "id": null, "CONTROL": "2042", "SERIE": "001", "LINEA": "029", "COD_SEG": "004", "COD_MANZA": 10, "PISO": null, "actualizad": null }, "geometry": { "type": "Point", "coordinates": [ -63.458231953062011, 9.760791090355463 ] } },
{ "type": "Feature", "properties": { "id": null, "CONTROL": "2042", "SERIE": "002", "LINEA": "031", "COD_SEG": "004", "COD_MANZA": 10, "PISO": null, "actualizad": null }, "geometry": { "type": "Point", "coordinates": [ -63.45822130331382, 9.760898199823517 ] } },
{ "type": "Feature", "properties": { "id": null, "CONTROL": "2042", "SERIE": "003", "LINEA": "032", "COD_SEG": "004", "COD_MANZA": 10, "PISO": null, "actualizad": null }, "geometry": { "type": "Point", "coordinates": [ -63.458225774010018, 9.761009572759287 ] } },
{ "type": "Feature", "properties": { "id": null, "CONTROL": "2042", "SERIE": "004", "LINEA": "033", "COD_SEG": "004", "COD_MANZA": 10, "PISO": null, "actualizad": null }, "geometry": { "type": "Point", "coordinates": [ -63.458230233731619, 9.761112913573241 ] } },
{ "type": "Feature", "properties": { "id": null, "CONTROL": "2042", "SERIE": "005", "LINEA": "034", "COD_SEG": "004", "COD_MANZA": 10, "PISO": null, "actualizad": null }, "geometry": { "type": "Point", "coordinates": [ -63.458222850635188, 9.761240366722772 ] } },
{ "type": "Feature", "properties": { "id": null, "CONTROL": "2042", "SERIE": "006", "LINEA": "036", "COD_SEG": "004", "COD_MANZA": 10, "PISO": null, "actualizad": null }, "geometry": { "type": "Point", "coordinates": [ -63.45821773363091, 9.761445996275985 ] } },
{ "type": "Feature", "properties": { "id": null, "CONTROL": "2042", "SERIE": "007", "LINEA": "036", "COD_SEG": "004", "COD_MANZA": 10, "PISO": null, "actualizad": null }, "geometry": { "type": "Point", "coordinates": [ -63.458217903446332, 9.761570226409832 ] } },
{ "type": "Feature", "properties": { "id": null, "CONTROL": "2042", "SERIE": "008", "LINEA": "038", "COD_SEG": "004", "COD_MANZA": 10, "PISO": null, "actualizad": null }, "geometry": { "type": "Point", "coordinates": [ -63.458239671441817, 9.761698711295676 ] } },
{ "type": "Feature", "properties": { "id": null, "CONTROL": "2042", "SERIE": "009", "LINEA": "039", "COD_SEG": "004", "COD_MANZA": 11, "PISO": null, "actualizad": null }, "geometry": { "type": "Point", "coordinates": [ -63.458777267470268, 9.761659433463667 ] } },
{ "type": "Feature", "properties": { "id": null, "CONTROL": "2042", "SERIE": "010", "LINEA": "040", "COD_SEG": "004", "COD_MANZA": 11, "PISO": null, "actualizad": null }, "geometry": { "type": "Point", "coordinates": [ -63.458662845769638, 9.761672438957547 ] } },
{ "type": "Feature", "properties": { "id": null, "CONTROL": "2042", "SERIE": "011", "LINEA": "041", "COD_SEG": "004", "COD_MANZA": 11, "PISO": null, "actualizad": null }, "geometry": { "type": "Point", "coordinates": [ -63.458423150520645, 9.761657768283163 ] } },
{ "type": "Feature", "properties": { "id": null, "CONTROL": "2042", "SERIE": "012", "LINEA": "042", "COD_SEG": "010", "COD_MANZA": 11, "PISO": null, "actualizad": null }, "geometry": { "type": "Point", "coordinates": [ -63.458401294588121, 9.761465026447667 ] } },
{ "type": "Feature", "properties": { "id": null, "CONTROL": "2097", "SERIE": "001", "LINEA": "100", "COD_SEG": "001", "COD_MANZA": 6, "PISO": null, "actualizad": null }, "geometry": { "type": "Point", "coordinates": [ -63.6313638, 10.0811277 ] } },
{ "type": "Feature", "properties": { "id": null, "CONTROL": "2097", "SERIE": "002", "LINEA": "101", "COD_SEG": "001", "COD_MANZA": 6, "PISO": null, "actualizad": null }, "geometry": { "type": "Point", "coordinates": [ -63.6312431, 10.0810657 ] } },
{ "type": "Feature", "properties": { "id": null, "CONTROL": "2097", "SERIE": "003", "LINEA": "102", "COD_SEG": "001", "COD_MANZA": 6, "PISO": null, "actualizad": null }, "geometry": { "type": "Point", "coordinates": [ -63.6310366, 10.0810433 ] } },
{ "type": "Feature", "properties": { "id": null, "CONTROL": "2097", "SERIE": "004", "LINEA": "103", "COD_SEG": "001", "COD_MANZA": 6, "PISO": null, "actualizad": null }, "geometry": { "type": "Point", "coordinates": [ -63.6309557, 10.0808546 ] } },
{ "type": "Feature", "properties": { "id": null, "CONTROL": "2097", "SERIE": "005", "LINEA": "104", "COD_SEG": "001", "COD_MANZA": 6, "PISO": null, "actualizad": null }, "geometry": { "type": "Point", "coordinates": [ -63.6307952, 10.0810552 ] } },
{ "type": "Feature", "properties": { "id": null, "CONTROL": "2097", "SERIE": "006", "LINEA": "105", "COD_SEG": "001", "COD_MANZA": 6, "PISO": null, "actualizad": null }, "geometry": { "type": "Point", "coordinates": [ -63.6305632, 10.0810446 ] } },
{ "type": "Feature", "properties": { "id": null, "CONTROL": "2097", "SERIE": "007", "LINEA": "106", "COD_SEG": "001", "COD_MANZA": 6, "PISO": null, "actualizad": null }, "geometry": { "type": "Point", "coordinates": [ -63.6304089, 10.081005 ] } },
{ "type": "Feature", "properties": { "id": null, "CONTROL": "2097", "SERIE": "008", "LINEA": "107", "COD_SEG": "001", "COD_MANZA": 6, "PISO": null, "actualizad": null }, "geometry": { "type": "Point", "coordinates": [ -63.6303097, 10.0810116 ] } },
{ "type": "Feature", "properties": { "id": null, "CONTROL": "2097", "SERIE": "016", "LINEA": "115", "COD_SEG": "001", "COD_MANZA": 6, "PISO": null, "actualizad": null }, "geometry": { "type": "Point", "coordinates": [ -63.6304344, 10.0807634 ] } },
{ "type": "Feature", "properties": { "id": null, "CONTROL": "2097", "SERIE": "009", "LINEA": "017", "COD_SEG": "001", "COD_MANZA": 6, "PISO": null, "actualizad": null }, "geometry": { "type": "Point", "coordinates": [ -63.6299369, 10.0808096 ] } },
{ "type": "Feature", "properties": { "id": null, "CONTROL": "2097", "SERIE": "010", "LINEA": "109", "COD_SEG": "001", "COD_MANZA": 6, "PISO": null, "actualizad": null }, "geometry": { "type": "Point", "coordinates": [ -63.6297035, 10.0808096 ] } },
{ "type": "Feature", "properties": { "id": null, "CONTROL": "2097", "SERIE": "011", "LINEA": "110", "COD_SEG": "001", "COD_MANZA": 6, "PISO": null, "actualizad": null }, "geometry": { "type": "Point", "coordinates": [ -63.6295265, 10.0806115 ] } },
{ "type": "Feature", "properties": { "id": null, "CONTROL": "2097", "SERIE": "012", "LINEA": "111", "COD_SEG": "001", "COD_MANZA": 6, "PISO": null, "actualizad": null }, "geometry": { "type": "Point", "coordinates": [ -63.629218, 10.0806009 ] } },
{ "type": "Feature", "properties": { "id": null, "CONTROL": "2097", "SERIE": "013", "LINEA": "112", "COD_SEG": "001", "COD_MANZA": 6, "PISO": null, "actualizad": null }, "geometry": { "type": "Point", "coordinates": [ -63.6288586, 10.0805772 ] } },
{ "type": "Feature", "properties": { "id": null, "CONTROL": "2097", "SERIE": "014", "LINEA": "113", "COD_SEG": "001", "COD_MANZA": 6, "PISO": null, "actualizad": null }, "geometry": { "type": "Point", "coordinates": [ -63.6283797, 10.0809152 ] } },
{ "type": "Feature", "properties": { "id": null, "CONTROL": "2097", "SERIE": "015", "LINEA": "114", "COD_SEG": "001", "COD_MANZA": 6, "PISO": null, "actualizad": null }, "geometry": { "type": "Point", "coordinates": [ -63.6277171, 10.0806115 ] } },
{ "type": "Feature", "properties": { "id": null, "CONTROL": "2072", "SERIE": "001", "LINEA": "031", "COD_SEG": "044", "COD_MANZA": 3, "PISO": null, "actualizad": null }, "geometry": { "type": "Point", "coordinates": [ -63.60963248505972, 9.688892132833574 ] } },
{ "type": "Feature", "properties": { "id": null, "CONTROL": "2072", "SERIE": "002", "LINEA": "032", "COD_SEG": "044", "COD_MANZA": 3, "PISO": null, "actualizad": null }, "geometry": { "type": "Point", "coordinates": [ -63.609642402651119, 9.68903585667706 ] } },
{ "type": "Feature", "properties": { "id": null, "CONTROL": "2072", "SERIE": "003", "LINEA": "033", "COD_SEG": "044", "COD_MANZA": 6, "PISO": null, "actualizad": null }, "geometry": { "type": "Point", "coordinates": [ -63.609259391388662, 9.688494578412483 ] } },
{ "type": "Feature", "properties": { "id": null, "CONTROL": "2072", "SERIE": "004", "LINEA": "034", "COD_SEG": "044", "COD_MANZA": 6, "PISO": null, "actualizad": null }, "geometry": { "type": "Point", "coordinates": [ -63.60912843152613, 9.68847351589031 ] } },
{ "type": "Feature", "properties": { "id": null, "CONTROL": "2072", "SERIE": "016", "LINEA": "046", "COD_SEG": "044", "COD_MANZA": 6, "PISO": null, "actualizad": null }, "geometry": { "type": "Point", "coordinates": [ -63.608904238255569, 9.688523957149345 ] } },
{ "type": "Feature", "properties": { "id": null, "CONTROL": "2072", "SERIE": "035", "LINEA": "035", "COD_SEG": "044", "COD_MANZA": 6, "PISO": null, "actualizad": null }, "geometry": { "type": "Point", "coordinates": [ -63.608741086508715, 9.688504016356816 ] } },
{ "type": "Feature", "properties": { "id": null, "CONTROL": "2072", "SERIE": "006", "LINEA": "036", "COD_SEG": "044", "COD_MANZA": 6, "PISO": null, "actualizad": null }, "geometry": { "type": "Point", "coordinates": [ -63.608734181479456, 9.688245293919694 ] } },
{ "type": "Feature", "properties": { "id": null, "CONTROL": "2072", "SERIE": "007", "LINEA": "037", "COD_SEG": "044", "COD_MANZA": 6, "PISO": null, "actualizad": null }, "geometry": { "type": "Point", "coordinates": [ -63.608732916477656, 9.68813882098272 ] } },
{ "type": "Feature", "properties": { "id": null, "CONTROL": "2072", "SERIE": "008", "LINEA": "038", "COD_SEG": "044", "COD_MANZA": 6, "PISO": null, "actualizad": null }, "geometry": { "type": "Point", "coordinates": [ -63.608684900829338, 9.687695969396657 ] } },
{ "type": "Feature", "properties": { "id": null, "CONTROL": "2072", "SERIE": "009", "LINEA": "039", "COD_SEG": "044", "COD_MANZA": 6, "PISO": null, "actualizad": null }, "geometry": { "type": "Point", "coordinates": [ -63.608802906123103, 9.687674465019356 ] } },
{ "type": "Feature", "properties": { "id": null, "CONTROL": "2072", "SERIE": "010", "LINEA": "040", "COD_SEG": "044", "COD_MANZA": 6, "PISO": null, "actualizad": null }, "geometry": { "type": "Point", "coordinates": [ -63.608917753442554, 9.687687038264041 ] } },
{ "type": "Feature", "properties": { "id": null, "CONTROL": "2072", "SERIE": "011", "LINEA": "041", "COD_SEG": "044", "COD_MANZA": 6, "PISO": null, "actualizad": null }, "geometry": { "type": "Point", "coordinates": [ -63.609114119812517, 9.687678171741698 ] } },
{ "type": "Feature", "properties": { "id": null, "CONTROL": "2072", "SERIE": "012", "LINEA": "042", "COD_SEG": "044", "COD_MANZA": 6, "PISO": null, "actualizad": null }, "geometry": { "type": "Point", "coordinates": [ -63.60929116609077, 9.687667209909092 ] } },
{ "type": "Feature", "properties": { "id": null, "CONTROL": "2072", "SERIE": "013", "LINEA": "043", "COD_SEG": "044", "COD_MANZA": 6, "PISO": null, "actualizad": null }, "geometry": { "type": "Point", "coordinates": [ -63.609521857025456, 9.687649764193251 ] } },
{ "type": "Feature", "properties": { "id": null, "CONTROL": "2072", "SERIE": "014", "LINEA": "044", "COD_SEG": "044", "COD_MANZA": 6, "PISO": null, "actualizad": null }, "geometry": { "type": "Point", "coordinates": [ -63.60959644633563, 9.687950956419256 ] } },
{ "type": "Feature", "properties": { "id": null, "CONTROL": "2072", "SERIE": "016", "LINEA": "045", "COD_SEG": "044", "COD_MANZA": 6, "PISO": null, "actualizad": null }, "geometry": { "type": "Point", "coordinates": [ -63.609624998991016, 9.688311856502265 ] } },
{ "type": "Feature", "properties": { "id": null, "CONTROL": "2071", "SERIE": "001", "LINEA": "238", "COD_SEG": "015", "COD_MANZA": 7, "PISO": null, "actualizad": null }, "geometry": { "type": "Point", "coordinates": [ -63.095064759666151, 10.12339537367361 ] } },
{ "type": "Feature", "properties": { "id": null, "CONTROL": "2071", "SERIE": "002", "LINEA": "240", "COD_SEG": "015", "COD_MANZA": 7, "PISO": null, "actualizad": null }, "geometry": { "type": "Point", "coordinates": [ -63.094941194216744, 10.123441727285828 ] } },
{ "type": "Feature", "properties": { "id": null, "CONTROL": "2071", "SERIE": "003", "LINEA": "241", "COD_SEG": "015", "COD_MANZA": 7, "PISO": null, "actualizad": null }, "geometry": { "type": "Point", "coordinates": [ -63.094831064056002, 10.123497659998957 ] } },
{ "type": "Feature", "properties": { "id": null, "CONTROL": "2071", "SERIE": "004", "LINEA": "242", "COD_SEG": "015", "COD_MANZA": 7, "PISO": null, "actualizad": null }, "geometry": { "type": "Point", "coordinates": [ -63.094746721471978, 10.123544002229652 ] } },
{ "type": "Feature", "properties": { "id": null, "CONTROL": "2071", "SERIE": "005", "LINEA": "243", "COD_SEG": "015", "COD_MANZA": 7, "PISO": null, "actualizad": null }, "geometry": { "type": "Point", "coordinates": [ -63.094648404991474, 10.123576506319893 ] } },
{ "type": "Feature", "properties": { "id": null, "CONTROL": "2071", "SERIE": "006", "LINEA": "244", "COD_SEG": "015", "COD_MANZA": 7, "PISO": null, "actualizad": null }, "geometry": { "type": "Point", "coordinates": [ -63.094539349802254, 10.123634035796432 ] } },
{ "type": "Feature", "properties": { "id": null, "CONTROL": "2071", "SERIE": "007", "LINEA": "245", "COD_SEG": "015", "COD_MANZA": 8, "PISO": null, "actualizad": null }, "geometry": { "type": "Point", "coordinates": [ -63.097571384475138, 10.116672150539475 ] } },
{ "type": "Feature", "properties": { "id": null, "CONTROL": "2071", "SERIE": "008", "LINEA": "246", "COD_SEG": "015", "COD_MANZA": 8, "PISO": null, "actualizad": null }, "geometry": { "type": "Point", "coordinates": [ -63.097560775613793, 10.117125750098483 ] } },
{ "type": "Feature", "properties": { "id": null, "CONTROL": "2071", "SERIE": "009", "LINEA": "248", "COD_SEG": "016", "COD_MANZA": 11, "PISO": null, "actualizad": null }, "geometry": { "type": "Point", "coordinates": [ -63.098613035644924, 10.117933604752318 ] } },
{ "type": "Feature", "properties": { "id": null, "CONTROL": "2071", "SERIE": "010", "LINEA": "249", "COD_SEG": "015", "COD_MANZA": 10, "PISO": null, "actualizad": null }, "geometry": { "type": "Point", "coordinates": [ -63.098226099290173, 10.117648359347108 ] } },
{ "type": "Feature", "properties": { "id": null, "CONTROL": "2071", "SERIE": "011", "LINEA": "250", "COD_SEG": "015", "COD_MANZA": 9, "PISO": null, "actualizad": null }, "geometry": { "type": "Point", "coordinates": [ -63.098060448351262, 10.117103241239924 ] } },
{ "type": "Feature", "properties": { "id": null, "CONTROL": "2071", "SERIE": "012", "LINEA": "251", "COD_SEG": "015", "COD_MANZA": 9, "PISO": null, "actualizad": null }, "geometry": { "type": "Point", "coordinates": [ -63.09869434817486, 10.116768710784298 ] } },
{ "type": "Feature", "properties": { "id": null, "CONTROL": "2071", "SERIE": "013", "LINEA": "252", "COD_SEG": "015", "COD_MANZA": 9, "PISO": null, "actualizad": null }, "geometry": { "type": "Point", "coordinates": [ -63.098756805814617, 10.117200992844218 ] } },
{ "type": "Feature", "properties": { "id": null, "CONTROL": "2012", "SERIE": "003", "LINEA": "162", "COD_SEG": "020", "COD_MANZA": 4, "PISO": null, "actualizad": null }, "geometry": { "type": "Point", "coordinates": [ -63.198170133933836, 9.732967050710291 ] } },
{ "type": "Feature", "properties": { "id": null, "CONTROL": "2012", "SERIE": "004", "LINEA": "163", "COD_SEG": "020", "COD_MANZA": 4, "PISO": null, "actualizad": null }, "geometry": { "type": "Point", "coordinates": [ -63.198146443682717, 9.732982738651016 ] } },
{ "type": "Feature", "properties": { "id": null, "CONTROL": "2012", "SERIE": "005", "LINEA": "164", "COD_SEG": "020", "COD_MANZA": 4, "PISO": null, "actualizad": null }, "geometry": { "type": "Point", "coordinates": [ -63.198115981486609, 9.732997310931722 ] } },
{ "type": "Feature", "properties": { "id": null, "CONTROL": "2012", "SERIE": "006", "LINEA": "165", "COD_SEG": "020", "COD_MANZA": 4, "PISO": null, "actualizad": null }, "geometry": { "type": "Point", "coordinates": [ -63.19808326549137, 9.733017482444918 ] } },
{ "type": "Feature", "properties": { "id": null, "CONTROL": "2012", "SERIE": "007", "LINEA": "166", "COD_SEG": "020", "COD_MANZA": 4, "PISO": null, "actualizad": null }, "geometry": { "type": "Point", "coordinates": [ -63.19807424634741, 9.733033161873701 ] } },
{ "type": "Feature", "properties": { "id": null, "CONTROL": "2012", "SERIE": "008", "LINEA": "167", "COD_SEG": "020", "COD_MANZA": 4, "PISO": null, "actualizad": null }, "geometry": { "type": "Point", "coordinates": [ -63.198042655596176, 9.733047734802312 ] } },
{ "type": "Feature", "properties": { "id": null, "CONTROL": "2012", "SERIE": "009", "LINEA": "168", "COD_SEG": "020", "COD_MANZA": 4, "PISO": null, "actualizad": null }, "geometry": { "type": "Point", "coordinates": [ -63.198016704282225, 9.733056706530924 ] } },
{ "type": "Feature", "properties": { "id": null, "CONTROL": "2012", "SERIE": "010", "LINEA": "169", "COD_SEG": "020", "COD_MANZA": 4, "PISO": null, "actualizad": null }, "geometry": { "type": "Point", "coordinates": [ -63.198005402984215, 9.733029843025236 ] } },
{ "type": "Feature", "properties": { "id": null, "CONTROL": "2012", "SERIE": "011", "LINEA": "170", "COD_SEG": "020", "COD_MANZA": 4, "PISO": null, "actualizad": null }, "geometry": { "type": "Point", "coordinates": [ -63.19801554672231, 9.733007445432323 ] } },
{ "type": "Feature", "properties": { "id": null, "CONTROL": "2012", "SERIE": "012", "LINEA": "171", "COD_SEG": "020", "COD_MANZA": 4, "PISO": null, "actualizad": null }, "geometry": { "type": "Point", "coordinates": [ -63.198052773611884, 9.732981673382081 ] } },
{ "type": "Feature", "properties": { "id": null, "CONTROL": "0014", "SERIE": "001", "LINEA": "061", "COD_SEG": null, "COD_MANZA": null, "PISO": null, "actualizad": null }, "geometry": { "type": "Point", "coordinates": [ -63.799231459214489, 9.308028841907401 ] } },
{ "type": "Feature", "properties": { "id": null, "CONTROL": "0014", "SERIE": "002", "LINEA": "062", "COD_SEG": null, "COD_MANZA": null, "PISO": null, "actualizad": null }, "geometry": { "type": "Point", "coordinates": [ -63.799402618378089, 9.307820681065007 ] } },
{ "type": "Feature", "properties": { "id": null, "CONTROL": "0014", "SERIE": "003", "LINEA": "063", "COD_SEG": null, "COD_MANZA": null, "PISO": null, "actualizad": null }, "geometry": { "type": "Point", "coordinates": [ -63.799504028032018, 9.307602021292068 ] } },
{ "type": "Feature", "properties": { "id": null, "CONTROL": "0014", "SERIE": "004", "LINEA": "064", "COD_SEG": null, "COD_MANZA": null, "PISO": null, "actualizad": null }, "geometry": { "type": "Point", "coordinates": [ -63.799627720092275, 9.307286611240523 ] } },
{ "type": "Feature", "properties": { "id": null, "CONTROL": "0014", "SERIE": "005", "LINEA": "065", "COD_SEG": null, "COD_MANZA": null, "PISO": null, "actualizad": null }, "geometry": { "type": "Point", "coordinates": [ -63.799785237777826, 9.307018526005944 ] } },
{ "type": "Feature", "properties": { "id": null, "CONTROL": "0014", "SERIE": "006", "LINEA": "066", "COD_SEG": null, "COD_MANZA": null, "PISO": null, "actualizad": null }, "geometry": { "type": "Point", "coordinates": [ -63.800269268891711, 9.306521243585308 ] } },
{ "type": "Feature", "properties": { "id": null, "CONTROL": "0014", "SERIE": "007", "LINEA": "067", "COD_SEG": null, "COD_MANZA": null, "PISO": null, "actualizad": null }, "geometry": { "type": "Point", "coordinates": [ -63.802329427725688, 9.303771470765016 ] } },
{ "type": "Feature", "properties": { "id": null, "CONTROL": "0014", "SERIE": "008", "LINEA": "068", "COD_SEG": null, "COD_MANZA": null, "PISO": null, "actualizad": null }, "geometry": { "type": "Point", "coordinates": [ -63.802677119068896, 9.302587313680645 ] } },
{ "type": "Feature", "properties": { "id": null, "CONTROL": "0014", "SERIE": "009", "LINEA": "069", "COD_SEG": null, "COD_MANZA": null, "PISO": null, "actualizad": null }, "geometry": { "type": "Point", "coordinates": [ -63.802447543651745, 9.302773457528698 ] } },
{ "type": "Feature", "properties": { "id": null, "CONTROL": "0014", "SERIE": "010", "LINEA": "070", "COD_SEG": null, "COD_MANZA": null, "PISO": null, "actualizad": null }, "geometry": { "type": "Point", "coordinates": [ -63.802329709981073, 9.302909819581062 ] } },
{ "type": "Feature", "properties": { "id": null, "CONTROL": "0014", "SERIE": "011", "LINEA": "070", "COD_SEG": null, "COD_MANZA": null, "PISO": null, "actualizad": null }, "geometry": { "type": "Point", "coordinates": [ -63.802202409119474, 9.303031477631096 ] } },
{ "type": "Feature", "properties": { "id": null, "CONTROL": "0014", "SERIE": "012", "LINEA": "072", "COD_SEG": null, "COD_MANZA": null, "PISO": null, "actualizad": null }, "geometry": { "type": "Point", "coordinates": [ -63.802128896225788, 9.303101253212198 ] } },
{ "type": "Feature", "properties": { "id": null, "CONTROL": "0014", "SERIE": "013", "LINEA": "073", "COD_SEG": null, "COD_MANZA": null, "PISO": null, "actualizad": null }, "geometry": { "type": "Point", "coordinates": [ -63.801853465502639, 9.303272328338293 ] } },
{ "type": "Feature", "properties": { "id": null, "CONTROL": "0014", "SERIE": "014", "LINEA": "074", "COD_SEG": null, "COD_MANZA": null, "PISO": null, "actualizad": null }, "geometry": { "type": "Point", "coordinates": [ -63.801661867304695, 9.30356547917151 ] } },
{ "type": "Feature", "properties": { "id": null, "CONTROL": "0014", "SERIE": "015", "LINEA": "075", "COD_SEG": null, "COD_MANZA": null, "PISO": null, "actualizad": null }, "geometry": { "type": "Point", "coordinates": [ -63.801479143426107, 9.303810418233549 ] } },
{ "type": "Feature", "properties": { "id": null, "CONTROL": "0014", "SERIE": "016", "LINEA": "076", "COD_SEG": null, "COD_MANZA": null, "PISO": null, "actualizad": null }, "geometry": { "type": "Point", "coordinates": [ -63.801314237677779, 9.30398927664544 ] } },
{ "type": "Feature", "properties": { "id": null, "CONTROL": "0041", "SERIE": "001", "LINEA": "091", "COD_SEG": null, "COD_MANZA": null, "PISO": null, "actualizad": null }, "geometry": { "type": "Point", "coordinates": [ -63.127077910628643, 10.022314467646003 ] } },
{ "type": "Feature", "properties": { "id": null, "CONTROL": "0041", "SERIE": "002", "LINEA": "092", "COD_SEG": null, "COD_MANZA": null, "PISO": null, "actualizad": null }, "geometry": { "type": "Point", "coordinates": [ -63.127189501192007, 10.022216074831009 ] } },
{ "type": "Feature", "properties": { "id": null, "CONTROL": "0041", "SERIE": "003", "LINEA": "093", "COD_SEG": null, "COD_MANZA": null, "PISO": null, "actualizad": null }, "geometry": { "type": "Point", "coordinates": [ -63.127266976885942, 10.022102327847726 ] } },
{ "type": "Feature", "properties": { "id": null, "CONTROL": "0041", "SERIE": "004", "LINEA": "0094", "COD_SEG": null, "COD_MANZA": null, "PISO": null, "actualizad": null }, "geometry": { "type": "Point", "coordinates": [ -63.127316548927226, 10.021997811864933 ] } },
{ "type": "Feature", "properties": { "id": null, "CONTROL": "0041", "SERIE": "005", "LINEA": "0095", "COD_SEG": null, "COD_MANZA": null, "PISO": null, "actualizad": null }, "geometry": { "type": "Point", "coordinates": [ -63.127350626538963, 10.021917889341486 ] } },
{ "type": "Feature", "properties": { "id": null, "CONTROL": "0041", "SERIE": "006", "LINEA": "0096", "COD_SEG": null, "COD_MANZA": null, "PISO": null, "actualizad": null }, "geometry": { "type": "Point", "coordinates": [ -63.127440524501779, 10.021853312606996 ] } },
{ "type": "Feature", "properties": { "id": null, "CONTROL": "0041", "SERIE": "007", "LINEA": "0097", "COD_SEG": null, "COD_MANZA": null, "PISO": null, "actualizad": null }, "geometry": { "type": "Point", "coordinates": [ -63.127511804433063, 10.021754935147152 ] } },
{ "type": "Feature", "properties": { "id": null, "CONTROL": "0041", "SERIE": "008", "LINEA": "0098", "COD_SEG": null, "COD_MANZA": null, "PISO": null, "actualizad": null }, "geometry": { "type": "Point", "coordinates": [ -63.127583091530894, 10.021674998313982 ] } },
{ "type": "Feature", "properties": { "id": null, "CONTROL": "0041", "SERIE": "009", "LINEA": "0099", "COD_SEG": null, "COD_MANZA": null, "PISO": null, "actualizad": null }, "geometry": { "type": "Point", "coordinates": [ -63.12762956501556, 10.021576630355476 ] } },
{ "type": "Feature", "properties": { "id": null, "CONTROL": "0041", "SERIE": "010", "LINEA": "0100", "COD_SEG": null, "COD_MANZA": null, "PISO": null, "actualizad": null }, "geometry": { "type": "Point", "coordinates": [ -63.127688448866408, 10.021496698264938 ] } },
{ "type": "Feature", "properties": { "id": null, "CONTROL": "0041", "SERIE": "011", "LINEA": "101", "COD_SEG": null, "COD_MANZA": null, "PISO": null, "actualizad": null }, "geometry": { "type": "Point", "coordinates": [ -63.127765926623823, 10.021389098045358 ] } },
{ "type": "Feature", "properties": { "id": null, "CONTROL": "0041", "SERIE": "012", "LINEA": "0102", "COD_SEG": null, "COD_MANZA": null, "PISO": null, "actualizad": null }, "geometry": { "type": "Point", "coordinates": [ -63.128200154868829, 10.021687054500973 ] } },
{ "type": "Feature", "properties": { "id": null, "CONTROL": "0041", "SERIE": "013", "LINEA": "103", "COD_SEG": null, "COD_MANZA": null, "PISO": null, "actualizad": null }, "geometry": { "type": "Point", "coordinates": [ -63.128097859947481, 10.02176700342387 ] } },
{ "type": "Feature", "properties": { "id": null, "CONTROL": "0041", "SERIE": "014", "LINEA": "0104", "COD_SEG": null, "COD_MANZA": null, "PISO": null, "actualizad": null }, "geometry": { "type": "Point", "coordinates": [ -63.12804518015804, 10.021853080075012 ] } },
{ "type": "Feature", "properties": { "id": null, "CONTROL": "0041", "SERIE": "015", "LINEA": "0105", "COD_SEG": null, "COD_MANZA": null, "PISO": null, "actualizad": null }, "geometry": { "type": "Point", "coordinates": [ -63.12799250757368, 10.021957597359121 ] } },
{ "type": "Feature", "properties": { "id": null, "CONTROL": "0041", "SERIE": "016", "LINEA": "106", "COD_SEG": null, "COD_MANZA": null, "PISO": null, "actualizad": null }, "geometry": { "type": "Point", "coordinates": [ -63.127902631376593, 10.022077496165698 ] } },
{ "type": "Feature", "properties": { "id": null, "CONTROL": "0068", "SERIE": "001\n", "LINEA": "016", "COD_SEG": null, "COD_MANZA": null, "PISO": null, "actualizad": null }, "geometry": { "type": "Point", "coordinates": [ -63.1387645, 9.5893428 ] } },
{ "type": "Feature", "properties": { "id": null, "CONTROL": "0068", "SERIE": "002\n", "LINEA": "017", "COD_SEG": null, "COD_MANZA": null, "PISO": null, "actualizad": null }, "geometry": { "type": "Point", "coordinates": [ -63.1378875, 9.5901494 ] } },
{ "type": "Feature", "properties": { "id": null, "CONTROL": "0068", "SERIE": "003\n", "LINEA": "018", "COD_SEG": null, "COD_MANZA": null, "PISO": null, "actualizad": null }, "geometry": { "type": "Point", "coordinates": [ -63.1395477, 9.5900119 ] } },
{ "type": "Feature", "properties": { "id": null, "CONTROL": "0068", "SERIE": "004\n", "LINEA": "019", "COD_SEG": null, "COD_MANZA": null, "PISO": null, "actualizad": null }, "geometry": { "type": "Point", "coordinates": [ -63.138955, 9.5876924 ] } },
{ "type": "Feature", "properties": { "id": null, "CONTROL": "0068", "SERIE": "005\n", "LINEA": "020", "COD_SEG": null, "COD_MANZA": null, "PISO": null, "actualizad": null }, "geometry": { "type": "Point", "coordinates": [ -63.1389013, 9.5874465 ] } },
{ "type": "Feature", "properties": { "id": null, "CONTROL": "0068", "SERIE": "006\n", "LINEA": "021", "COD_SEG": null, "COD_MANZA": null, "PISO": null, "actualizad": null }, "geometry": { "type": "Point", "coordinates": [ -63.1425947, 9.5852672 ] } },
{ "type": "Feature", "properties": { "id": null, "CONTROL": "0068", "SERIE": "008\n", "LINEA": "022", "COD_SEG": null, "COD_MANZA": null, "PISO": null, "actualizad": null }, "geometry": { "type": "Point", "coordinates": [ -63.1434852, 9.5854788 ] } },
{ "type": "Feature", "properties": { "id": null, "CONTROL": "0068", "SERIE": "007\n", "LINEA": "023", "COD_SEG": null, "COD_MANZA": null, "PISO": null, "actualizad": null }, "geometry": { "type": "Point", "coordinates": [ -63.1422809, 9.5861003 ] } },
{ "type": "Feature", "properties": { "id": null, "CONTROL": "0068", "SERIE": "ESCUELA\n", "LINEA": null, "COD_SEG": null, "COD_MANZA": null, "PISO": null, "actualizad": null }, "geometry": { "type": "Point", "coordinates": [ -63.1429139, 9.5844923 ] } },
{ "type": "Feature", "properties": { "id": null, "CONTROL": "0068", "SERIE": "009\n", "LINEA": "024", "COD_SEG": null, "COD_MANZA": null, "PISO": null, "actualizad": null }, "geometry": { "type": "Point", "coordinates": [ -63.1430695, 9.584487 ] } },
{ "type": "Feature", "properties": { "id": null, "CONTROL": "0068", "SERIE": "010\n", "LINEA": "025", "COD_SEG": null, "COD_MANZA": null, "PISO": null, "actualizad": null }, "geometry": { "type": "Point", "coordinates": [ -63.1466422, 9.5835243 ] } },
{ "type": "Feature", "properties": { "id": null, "CONTROL": "0068", "SERIE": "011\n", "LINEA": "026", "COD_SEG": null, "COD_MANZA": null, "PISO": null, "actualizad": null }, "geometry": { "type": "Point", "coordinates": [ -63.147522, 9.583035 ] } },
{ "type": "Feature", "properties": { "id": null, "CONTROL": "0068", "SERIE": "012\n", "LINEA": "027", "COD_SEG": null, "COD_MANZA": null, "PISO": null, "actualizad": null }, "geometry": { "type": "Point", "coordinates": [ -63.1462104, 9.5822839 ] } },
{ "type": "Feature", "properties": { "id": null, "CONTROL": "0068", "SERIE": "013\n", "LINEA": "028", "COD_SEG": null, "COD_MANZA": null, "PISO": null, "actualizad": null }, "geometry": { "type": "Point", "coordinates": [ -63.1462774, 9.5820855 ] } },
{ "type": "Feature", "properties": { "id": null, "CONTROL": "0068", "SERIE": "014\n", "LINEA": "029", "COD_SEG": null, "COD_MANZA": null, "PISO": null, "actualizad": null }, "geometry": { "type": "Point", "coordinates": [ -63.1463498, 9.5822151 ] } },
{ "type": "Feature", "properties": { "id": null, "CONTROL": "0068", "SERIE": "015", "LINEA": "030", "COD_SEG": null, "COD_MANZA": null, "PISO": null, "actualizad": null }, "geometry": { "type": "Point", "coordinates": [ -63.1465027, 9.5818713 ] } },
{ "type": "Feature", "properties": { "id": null, "CONTROL": "3013", "SERIE": "14", "LINEA": "134", "COD_SEG": "001", "COD_MANZA": 1, "PISO": null, "actualizad": null }, "geometry": { "type": "Point", "coordinates": [ -63.501892369461956, 10.096844091090825 ] } },
{ "type": "Feature", "properties": { "id": null, "CONTROL": "3013", "SERIE": "15", "LINEA": "135", "COD_SEG": "001", "COD_MANZA": 1, "PISO": null, "actualizad": null }, "geometry": { "type": "Point", "coordinates": [ -63.501977916456283, 10.096807949192744 ] } },
{ "type": "Feature", "properties": { "id": null, "CONTROL": "3013", "SERIE": "13", "LINEA": "133", "COD_SEG": "001", "COD_MANZA": 1, "PISO": null, "actualizad": null }, "geometry": { "type": "Point", "coordinates": [ -63.50181736563647, 10.096973589022257 ] } },
{ "type": "Feature", "properties": { "id": null, "CONTROL": "3013", "SERIE": "12", "LINEA": "132", "COD_SEG": "001", "COD_MANZA": 1, "PISO": null, "actualizad": null }, "geometry": { "type": "Point", "coordinates": [ -63.501694502065597, 10.096974540096577 ] } },
{ "type": "Feature", "properties": { "id": null, "CONTROL": "3013", "SERIE": "11", "LINEA": "131", "COD_SEG": "001", "COD_MANZA": 1, "PISO": null, "actualizad": null }, "geometry": { "type": "Point", "coordinates": [ -63.501602851832459, 10.097012834157514 ] } },
{ "type": "Feature", "properties": { "id": null, "CONTROL": "3013", "SERIE": "10", "LINEA": "130", "COD_SEG": "001", "COD_MANZA": 1, "PISO": null, "actualizad": null }, "geometry": { "type": "Point", "coordinates": [ -63.501414107075497, 10.097141932550885 ] } },
{ "type": "Feature", "properties": { "id": null, "CONTROL": "3013", "SERIE": "09", "LINEA": "129", "COD_SEG": "001", "COD_MANZA": 1, "PISO": null, "actualizad": null }, "geometry": { "type": "Point", "coordinates": [ -63.501444414968425, 10.097544089014546 ] } },
{ "type": "Feature", "properties": { "id": null, "CONTROL": "3013", "SERIE": "08", "LINEA": "128", "COD_SEG": "001", "COD_MANZA": 1, "PISO": null, "actualizad": null }, "geometry": { "type": "Point", "coordinates": [ -63.501145870100331, 10.097441407231141 ] } },
{ "type": "Feature", "properties": { "id": null, "CONTROL": "3013", "SERIE": "07", "LINEA": "127", "COD_SEG": "001", "COD_MANZA": 1, "PISO": null, "actualizad": null }, "geometry": { "type": "Point", "coordinates": [ -63.501002588066811, 10.097472450095296 ] } },
{ "type": "Feature", "properties": { "id": null, "CONTROL": "3013", "SERIE": "06", "LINEA": "126", "COD_SEG": "01", "COD_MANZA": 1, "PISO": null, "actualizad": null }, "geometry": { "type": "Point", "coordinates": [ -63.500972438317653, 10.097483968964891 ] } },
{ "type": "Feature", "properties": { "id": null, "CONTROL": "3013", "SERIE": "05", "LINEA": "125", "COD_SEG": "001", "COD_MANZA": 1, "PISO": null, "actualizad": null }, "geometry": { "type": "Point", "coordinates": [ -63.500939564831278, 10.097499575237757 ] } },
{ "type": "Feature", "properties": { "id": null, "CONTROL": "3013", "SERIE": "04", "LINEA": "124", "COD_SEG": "001", "COD_MANZA": 1, "PISO": null, "actualizad": null }, "geometry": { "type": "Point", "coordinates": [ -63.500898307439307, 10.097517671337023 ] } },
{ "type": "Feature", "properties": { "id": null, "CONTROL": "3013", "SERIE": "01", "LINEA": "121", "COD_SEG": "001", "COD_MANZA": 1, "PISO": null, "actualizad": null }, "geometry": { "type": "Point", "coordinates": [ -63.500800489853866, 10.097561873468104 ] } },
{ "type": "Feature", "properties": { "id": null, "CONTROL": "3013", "SERIE": "02", "LINEA": "122", "COD_SEG": "001", "COD_MANZA": 1, "PISO": null, "actualizad": null }, "geometry": { "type": "Point", "coordinates": [ -63.50083491154259, 10.097544414492333 ] } },
{ "type": "Feature", "properties": { "id": null, "CONTROL": "3013", "SERIE": "03", "LINEA": "123", "COD_SEG": "001", "COD_MANZA": 1, "PISO": null, "actualizad": null }, "geometry": { "type": "Point", "coordinates": [ -63.500861681832745, 10.097530960490813 ] } },
{ "type": "Feature", "properties": { "id": null, "CONTROL": "2073", "SERIE": "18", "LINEA": null, "COD_SEG": "001", "COD_MANZA": 2, "PISO": null, "actualizad": "2026" }, "geometry": { "type": "Point", "coordinates": [ -63.261927344993154, 9.609569546003495 ] } },
{ "type": "Feature", "properties": { "id": null, "CONTROL": "2073", "SERIE": "19", "LINEA": null, "COD_SEG": "001", "COD_MANZA": 2, "PISO": null, "actualizad": "2026" }, "geometry": { "type": "Point", "coordinates": [ -63.261534568048404, 9.609611136429129 ] } },
{ "type": "Feature", "properties": { "id": null, "CONTROL": "2073", "SERIE": "20", "LINEA": null, "COD_SEG": "001", "COD_MANZA": 2, "PISO": null, "actualizad": "2026" }, "geometry": { "type": "Point", "coordinates": [ -63.26229047833754, 9.608857034288379 ] } },
{ "type": "Feature", "properties": { "id": null, "CONTROL": "2073", "SERIE": "21", "LINEA": null, "COD_SEG": "001", "COD_MANZA": 2, "PISO": null, "actualizad": "2026" }, "geometry": { "type": "Point", "coordinates": [ -63.262252576151823, 9.608674730458672 ] } },
{ "type": "Feature", "properties": { "id": null, "CONTROL": "2073", "SERIE": "22", "LINEA": null, "COD_SEG": "001", "COD_MANZA": 2, "PISO": null, "actualizad": "2026" }, "geometry": { "type": "Point", "coordinates": [ -63.262088909586538, 9.608739794434069 ] } },
{ "type": "Feature", "properties": { "id": null, "CONTROL": "2073", "SERIE": "23", "LINEA": null, "COD_SEG": "001", "COD_MANZA": 2, "PISO": null, "actualizad": "2026" }, "geometry": { "type": "Point", "coordinates": [ -63.262167563081917, 9.608854988216576 ] } },
{ "type": "Feature", "properties": { "id": null, "CONTROL": "2073", "SERIE": "24", "LINEA": null, "COD_SEG": "001", "COD_MANZA": 2, "PISO": null, "actualizad": "2026" }, "geometry": { "type": "Point", "coordinates": [ -63.26203888714727, 9.608870471181779 ] } }
]
}
