{"type":"FeatureCollection", "features": [
{"type":"Feature","geometry":{"type":"Point","coordinates":[-63.20386,9.72789]},"properties":{"id":null,"CONTROL":"0004","SERIE":"01","LINEA":"015","COD_SEG":"038","COD_MANZA":2,"PISO":null,"actualizad":null}},
{"type":"Feature","geometry":{"type":"Point","coordinates":[-63.20382,9.72783]},"properties":{"id":null,"CONTROL":"0004","SERIE":"02","LINEA":"016","COD_SEG":"038","COD_MANZA":2,"PISO":null,"actualizad":null}},
{"type":"Feature","geometry":{"type":"Point","coordinates":[-63.20376,9.72776]},"properties":{"id":null,"CONTROL":"0004","SERIE":"03","LINEA":"017","COD_SEG":"038","COD_MANZA":2,"PISO":null,"actualizad":null}},
{"type":"Feature","geometry":{"type":"Point","coordinates":[-63.20371,9.72769]},"properties":{"id":null,"CONTROL":"0004","SERIE":"04","LINEA":"018","COD_SEG":"038","COD_MANZA":2,"PISO":null,"actualizad":null}},
{"type":"Feature","geometry":{"type":"Point","coordinates":[-63.20364,9.72761]},"properties":{"id":null,"CONTROL":"0004","SERIE":"05","LINEA":"019","COD_SEG":"038","COD_MANZA":2,"PISO":null,"actualizad":null}},
{"type":"Feature","geometry":{"type":"Point","coordinates":[-63.20376,9.72748]},"properties":{"id":null,"CONTROL":"0004","SERIE":"06","LINEA":"020","COD_SEG":"038","COD_MANZA":2,"PISO":null,"actualizad":null}},
{"type":"Feature","geometry":{"type":"Point","coordinates":[-63.20382,9.72744]},"properties":{"id":null,"CONTROL":"0004","SERIE":"08","LINEA":"022","COD_SEG":"038","COD_MANZA":2,"PISO":null,"actualizad":null}},
{"type":"Feature","geometry":{"type":"Point","coordinates":[-63.20388,9.72753]},"properties":{"id":null,"CONTROL":"0004","SERIE":"09","LINEA":"023","COD_SEG":"038","COD_MANZA":2,"PISO":null,"actualizad":null}},
{"type":"Feature","geometry":{"type":"Point","coordinates":[-63.20393,9.72761]},"properties":{"id":null,"CONTROL":"0004","SERIE":"10","LINEA":"024","COD_SEG":"038","COD_MANZA":2,"PISO":null,"actualizad":null}},
{"type":"Feature","geometry":{"type":"Point","coordinates":[-63.20399,9.72767]},"properties":{"id":null,"CONTROL":"0004","SERIE":"11","LINEA":"025","COD_SEG":"038","COD_MANZA":2,"PISO":null,"actualizad":null}},
{"type":"Feature","geometry":{"type":"Point","coordinates":[-63.20368,9.72798]},"properties":{"id":null,"CONTROL":"0004","SERIE":"12","LINEA":"026","COD_SEG":"038","COD_MANZA":3,"PISO":null,"actualizad":null}},
{"type":"Feature","geometry":{"type":"Point","coordinates":[-63.20358,9.72806]},"properties":{"id":null,"CONTROL":"0004","SERIE":"13","LINEA":"027","COD_SEG":"038","COD_MANZA":3,"PISO":null,"actualizad":null}},
{"type":"Feature","geometry":{"type":"Point","coordinates":[-63.20355,9.72803]},"properties":{"id":null,"CONTROL":"0004","SERIE":"14","LINEA":"028","COD_SEG":"038","COD_MANZA":3,"PISO":null,"actualizad":null}},
{"type":"Feature","geometry":{"type":"Point","coordinates":[-63.37312,9.69284]},"properties":{"id":null,"CONTROL":"0071","SERIE":"01","LINEA":"213","COD_SEG":"001","COD_MANZA":8,"PISO":null,"actualizad":null}},
{"type":"Feature","geometry":{"type":"Point","coordinates":[-63.37323,9.6932]},"properties":{"id":null,"CONTROL":"0071","SERIE":"02","LINEA":"214","COD_SEG":"001","COD_MANZA":8,"PISO":null,"actualizad":null}},
{"type":"Feature","geometry":{"type":"Point","coordinates":[-63.37327,9.69328]},"properties":{"id":null,"CONTROL":"0071","SERIE":"03","LINEA":"215","COD_SEG":"001","COD_MANZA":8,"PISO":null,"actualizad":null}},
{"type":"Feature","geometry":{"type":"Point","coordinates":[-63.37331,9.69335]},"properties":{"id":null,"CONTROL":"0071","SERIE":"04","LINEA":"216","COD_SEG":"001","COD_MANZA":8,"PISO":null,"actualizad":null}},
{"type":"Feature","geometry":{"type":"Point","coordinates":[-63.37334,9.69347]},"properties":{"id":null,"CONTROL":"0071","SERIE":"05","LINEA":"217","COD_SEG":"001","COD_MANZA":8,"PISO":null,"actualizad":null}},
{"type":"Feature","geometry":{"type":"Point","coordinates":[-63.3732,9.69354]},"properties":{"id":null,"CONTROL":"0071","SERIE":"06","LINEA":"218","COD_SEG":"001","COD_MANZA":8,"PISO":null,"actualizad":null}},
{"type":"Feature","geometry":{"type":"Point","coordinates":[-63.37314,9.69356]},"properties":{"id":null,"CONTROL":"0071","SERIE":"07","LINEA":"219","COD_SEG":"001","COD_MANZA":8,"PISO":null,"actualizad":null}},
{"type":"Feature","geometry":{"type":"Point","coordinates":[-63.37305,9.69358]},"properties":{"id":null,"CONTROL":"0071","SERIE":"08","LINEA":"220","COD_SEG":"001","COD_MANZA":8,"PISO":null,"actualizad":null}},
{"type":"Feature","geometry":{"type":"Point","coordinates":[-63.37294,9.69358]},"properties":{"id":null,"CONTROL":"0071","SERIE":"09","LINEA":"221","COD_SEG":"001","COD_MANZA":8,"PISO":null,"actualizad":null}},
{"type":"Feature","geometry":{"type":"Point","coordinates":[-63.37282,9.69361]},"properties":{"id":null,"CONTROL":"0071","SERIE":"10","LINEA":"222","COD_SEG":"001","COD_MANZA":8,"PISO":null,"actualizad":null}},
{"type":"Feature","geometry":{"type":"Point","coordinates":[-63.37502,9.69313]},"properties":{"id":null,"CONTROL":"0071","SERIE":"11","LINEA":"223","COD_SEG":"001","COD_MANZA":9,"PISO":null,"actualizad":null}},
{"type":"Feature","geometry":{"type":"Point","coordinates":[-63.37476,9.6932]},"properties":{"id":null,"CONTROL":"0071","SERIE":"12","LINEA":"224","COD_SEG":"001","COD_MANZA":9,"PISO":null,"actualizad":null}},
{"type":"Feature","geometry":{"type":"Point","coordinates":[-63.37464,9.69326]},"properties":{"id":null,"CONTROL":"0071","SERIE":"13","LINEA":"225","COD_SEG":"001","COD_MANZA":9,"PISO":null,"actualizad":null}},
{"type":"Feature","geometry":{"type":"Point","coordinates":[-63.37446,9.69323]},"properties":{"id":null,"CONTROL":"0071","SERIE":"14","LINEA":"226","COD_SEG":"001","COD_MANZA":9,"PISO":null,"actualizad":null}},
{"type":"Feature","geometry":{"type":"Point","coordinates":[-63.37432,9.69327]},"properties":{"id":null,"CONTROL":"0071","SERIE":"15","LINEA":"227","COD_SEG":"001","COD_MANZA":9,"PISO":null,"actualizad":null}},
{"type":"Feature","geometry":{"type":"Point","coordinates":[-63.37411,9.69335]},"properties":{"id":null,"CONTROL":"0071","SERIE":"16","LINEA":"228","COD_SEG":"001","COD_MANZA":9,"PISO":null,"actualizad":null}},
{"type":"Feature","geometry":{"type":"Point","coordinates":[-63.20173,9.73058]},"properties":{"id":null,"CONTROL":"2062","SERIE":"01","LINEA":"001","COD_SEG":"031","COD_MANZA":1,"PISO":null,"actualizad":null}},
{"type":"Feature","geometry":{"type":"Point","coordinates":[-63.2017,9.73052]},"properties":{"id":null,"CONTROL":"2062","SERIE":"02","LINEA":"002","COD_SEG":"031","COD_MANZA":1,"PISO":null,"actualizad":null}},
{"type":"Feature","geometry":{"type":"Point","coordinates":[-63.20165,9.73042]},"properties":{"id":null,"CONTROL":"2062","SERIE":"03","LINEA":"003","COD_SEG":"031","COD_MANZA":1,"PISO":null,"actualizad":null}},
{"type":"Feature","geometry":{"type":"Point","coordinates":[-63.2016,9.73032]},"properties":{"id":null,"CONTROL":"2062","SERIE":"04","LINEA":"004","COD_SEG":"031","COD_MANZA":1,"PISO":null,"actualizad":null}},
{"type":"Feature","geometry":{"type":"Point","coordinates":[-63.20155,9.73022]},"properties":{"id":null,"CONTROL":"2062","SERIE":"05","LINEA":"005","COD_SEG":"031","COD_MANZA":1,"PISO":null,"actualizad":null}},
{"type":"Feature","geometry":{"type":"Point","coordinates":[-63.20149,9.73004]},"properties":{"id":null,"CONTROL":"2062","SERIE":"06","LINEA":"006","COD_SEG":"031","COD_MANZA":1,"PISO":null,"actualizad":null}},
{"type":"Feature","geometry":{"type":"Point","coordinates":[-63.20159,9.73001]},"properties":{"id":null,"CONTROL":"2062","SERIE":"07","LINEA":"007","COD_SEG":"031","COD_MANZA":1,"PISO":null,"actualizad":null}},
{"type":"Feature","geometry":{"type":"Point","coordinates":[-63.20168,9.72997]},"properties":{"id":null,"CONTROL":"2062","SERIE":"08","LINEA":"008","COD_SEG":"031","COD_MANZA":1,"PISO":null,"actualizad":null}},
{"type":"Feature","geometry":{"type":"Point","coordinates":[-63.20177,9.72992]},"properties":{"id":null,"CONTROL":"2062","SERIE":"09","LINEA":"009","COD_SEG":"031","COD_MANZA":1,"PISO":null,"actualizad":null}},
{"type":"Feature","geometry":{"type":"Point","coordinates":[-63.20183,9.73008]},"properties":{"id":null,"CONTROL":"2062","SERIE":"10","LINEA":"010","COD_SEG":"031","COD_MANZA":1,"PISO":null,"actualizad":null}},
{"type":"Feature","geometry":{"type":"Point","coordinates":[-63.20187,9.73018]},"properties":{"id":null,"CONTROL":"2062","SERIE":"11","LINEA":"011","COD_SEG":"031","COD_MANZA":1,"PISO":null,"actualizad":null}},
{"type":"Feature","geometry":{"type":"Point","coordinates":[-63.20193,9.73028]},"properties":{"id":null,"CONTROL":"2062","SERIE":"12","LINEA":"012","COD_SEG":"031","COD_MANZA":1,"PISO":null,"actualizad":null}},
{"type":"Feature","geometry":{"type":"Point","coordinates":[-63.20198,9.73039]},"properties":{"id":null,"CONTROL":"2062","SERIE":"13","LINEA":"013","COD_SEG":"031","COD_MANZA":1,"PISO":null,"actualizad":null}},
{"type":"Feature","geometry":{"type":"Point","coordinates":[-63.20201,9.73048]},"properties":{"id":null,"CONTROL":"2062","SERIE":"14","LINEA":"014","COD_SEG":"031","COD_MANZA":1,"PISO":null,"actualizad":null}},
{"type":"Feature","geometry":{"type":"Point","coordinates":[-63.20125,9.73096]},"properties":{"id":null,"CONTROL":"2062","SERIE":"15","LINEA":"015","COD_SEG":"031","COD_MANZA":2,"PISO":null,"actualizad":null}},
{"type":"Feature","geometry":{"type":"Point","coordinates":[-63.21088,9.71466]},"properties":{"id":null,"CONTROL":"2074","SERIE":"01","LINEA":"015","COD_SEG":"086","COD_MANZA":1,"PISO":null,"actualizad":null}},
{"type":"Feature","geometry":{"type":"Point","coordinates":[-63.21079,9.71466]},"properties":{"id":null,"CONTROL":"2074","SERIE":"02","LINEA":"016","COD_SEG":"086","COD_MANZA":1,"PISO":null,"actualizad":null}},
{"type":"Feature","geometry":{"type":"Point","coordinates":[-63.21084,9.71454]},"properties":{"id":null,"CONTROL":"2074","SERIE":"03","LINEA":"017","COD_SEG":"086","COD_MANZA":1,"PISO":null,"actualizad":null}},
{"type":"Feature","geometry":{"type":"Point","coordinates":[-63.2108,9.71445]},"properties":{"id":null,"CONTROL":"2074","SERIE":"04","LINEA":"018","COD_SEG":"086","COD_MANZA":1,"PISO":null,"actualizad":null}},
{"type":"Feature","geometry":{"type":"Point","coordinates":[-63.21079,9.71432]},"properties":{"id":null,"CONTROL":"2074","SERIE":"05","LINEA":"019","COD_SEG":"086","COD_MANZA":1,"PISO":null,"actualizad":null}},
{"type":"Feature","geometry":{"type":"Point","coordinates":[-63.21077,9.71419]},"properties":{"id":null,"CONTROL":"2074","SERIE":"06","LINEA":"029","COD_SEG":"086","COD_MANZA":1,"PISO":null,"actualizad":null}},
{"type":"Feature","geometry":{"type":"Point","coordinates":[-63.2105,9.71413]},"properties":{"id":null,"CONTROL":"2074","SERIE":"07","LINEA":"020","COD_SEG":"086","COD_MANZA":1,"PISO":null,"actualizad":null}},
{"type":"Feature","geometry":{"type":"Point","coordinates":[-63.21041,9.71419]},"properties":{"id":null,"CONTROL":"2074","SERIE":"08","LINEA":"031","COD_SEG":"086","COD_MANZA":1,"PISO":null,"actualizad":null}},
{"type":"Feature","geometry":{"type":"Point","coordinates":[-63.21032,9.71423]},"properties":{"id":null,"CONTROL":"2074","SERIE":"09","LINEA":"021","COD_SEG":"086","COD_MANZA":1,"PISO":null,"actualizad":null}},
{"type":"Feature","geometry":{"type":"Point","coordinates":[-63.21022,9.71423]},"properties":{"id":null,"CONTROL":"2074","SERIE":"10","LINEA":"022","COD_SEG":"086","COD_MANZA":1,"PISO":null,"actualizad":null}},
{"type":"Feature","geometry":{"type":"Point","coordinates":[-63.21014,9.71428]},"properties":{"id":null,"CONTROL":"2074","SERIE":"11","LINEA":"023","COD_SEG":"086","COD_MANZA":1,"PISO":null,"actualizad":null}},
{"type":"Feature","geometry":{"type":"Point","coordinates":[-63.21004,9.71433]},"properties":{"id":null,"CONTROL":"2074","SERIE":"12","LINEA":"024","COD_SEG":"086","COD_MANZA":1,"PISO":null,"actualizad":null}},
{"type":"Feature","geometry":{"type":"Point","coordinates":[-63.20997,9.71437]},"properties":{"id":null,"CONTROL":"2074","SERIE":"13","LINEA":"025","COD_SEG":"086","COD_MANZA":1,"PISO":null,"actualizad":null}},
{"type":"Feature","geometry":{"type":"Point","coordinates":[-63.20995,9.71444]},"properties":{"id":null,"CONTROL":"2074","SERIE":"14","LINEA":"026","COD_SEG":"086","COD_MANZA":1,"PISO":null,"actualizad":null}},
{"type":"Feature","geometry":{"type":"Point","coordinates":[-63.20987,9.71452]},"properties":{"id":null,"CONTROL":"2074","SERIE":"15","LINEA":"027","COD_SEG":"086","COD_MANZA":1,"PISO":null,"actualizad":null}},
{"type":"Feature","geometry":{"type":"Point","coordinates":[-63.20977,9.71457]},"properties":{"id":null,"CONTROL":"2074","SERIE":"16","LINEA":"028","COD_SEG":"086","COD_MANZA":1,"PISO":null,"actualizad":null}},
{"type":"Feature","geometry":{"type":"Point","coordinates":[-63.6127,9.70589]},"properties":{"id":null,"CONTROL":"2084","SERIE":"01","LINEA":"137","COD_SEG":"002","COD_MANZA":29,"PISO":null,"actualizad":null}},
{"type":"Feature","geometry":{"type":"Point","coordinates":[-63.61288,9.70591]},"properties":{"id":null,"CONTROL":"2084","SERIE":"02","LINEA":"138","COD_SEG":"002","COD_MANZA":29,"PISO":null,"actualizad":null}},
{"type":"Feature","geometry":{"type":"Point","coordinates":[-63.61285,9.70622]},"properties":{"id":null,"CONTROL":"2084","SERIE":"17","LINEA":"153","COD_SEG":"002","COD_MANZA":29,"PISO":null,"actualizad":null}},
{"type":"Feature","geometry":{"type":"Point","coordinates":[-63.61283,9.70649]},"properties":{"id":null,"CONTROL":"2084","SERIE":"03","LINEA":"139","COD_SEG":"002","COD_MANZA":29,"PISO":null,"actualizad":null}},
{"type":"Feature","geometry":{"type":"Point","coordinates":[-63.61279,9.70661]},"properties":{"id":null,"CONTROL":"2084","SERIE":"04","LINEA":"140","COD_SEG":"002","COD_MANZA":29,"PISO":null,"actualizad":null}},
{"type":"Feature","geometry":{"type":"Point","coordinates":[-63.61275,9.70675]},"properties":{"id":null,"CONTROL":"2084","SERIE":"05","LINEA":"141","COD_SEG":"002","COD_MANZA":29,"PISO":null,"actualizad":null}},
{"type":"Feature","geometry":{"type":"Point","coordinates":[-63.61272,9.70686]},"properties":{"id":null,"CONTROL":"2084","SERIE":"06","LINEA":"142","COD_SEG":"002","COD_MANZA":29,"PISO":null,"actualizad":null}},
{"type":"Feature","geometry":{"type":"Point","coordinates":[-63.61273,9.70714]},"properties":{"id":null,"CONTROL":"2084","SERIE":"07","LINEA":"143","COD_SEG":"002","COD_MANZA":29,"PISO":null,"actualizad":null}},
{"type":"Feature","geometry":{"type":"Point","coordinates":[-63.61131,9.70692]},"properties":{"id":null,"CONTROL":"2084","SERIE":"08","LINEA":"144","COD_SEG":"002","COD_MANZA":30,"PISO":null,"actualizad":null}},
{"type":"Feature","geometry":{"type":"Point","coordinates":[-63.61075,9.70673]},"properties":{"id":null,"CONTROL":"2084","SERIE":"09","LINEA":"145","COD_SEG":"002","COD_MANZA":30,"PISO":null,"actualizad":null}},
{"type":"Feature","geometry":{"type":"Point","coordinates":[-63.61076,9.7065]},"properties":{"id":null,"CONTROL":"2084","SERIE":"10","LINEA":"146","COD_SEG":"002","COD_MANZA":30,"PISO":null,"actualizad":null}},
{"type":"Feature","geometry":{"type":"Point","coordinates":[-63.61078,9.70629]},"properties":{"id":null,"CONTROL":"2084","SERIE":"11","LINEA":"147","COD_SEG":"002","COD_MANZA":30,"PISO":null,"actualizad":null}},
{"type":"Feature","geometry":{"type":"Point","coordinates":[-63.61078,9.70617]},"properties":{"id":null,"CONTROL":"2084","SERIE":"12","LINEA":"148","COD_SEG":"002","COD_MANZA":30,"PISO":null,"actualizad":null}},
{"type":"Feature","geometry":{"type":"Point","coordinates":[-63.61078,9.70601]},"properties":{"id":null,"CONTROL":"2084","SERIE":"13","LINEA":"149","COD_SEG":"002","COD_MANZA":30,"PISO":null,"actualizad":null}},
{"type":"Feature","geometry":{"type":"Point","coordinates":[-63.61078,9.70591]},"properties":{"id":null,"CONTROL":"2084","SERIE":"14","LINEA":"150","COD_SEG":"002","COD_MANZA":30,"PISO":null,"actualizad":null}},
{"type":"Feature","geometry":{"type":"Point","coordinates":[-63.61079,9.70585]},"properties":{"id":null,"CONTROL":"2084","SERIE":"15","LINEA":"151","COD_SEG":"002","COD_MANZA":30,"PISO":null,"actualizad":null}},
{"type":"Feature","geometry":{"type":"Point","coordinates":[-63.61077,9.70577]},"properties":{"id":null,"CONTROL":"2084","SERIE":"16","LINEA":"152","COD_SEG":"002","COD_MANZA":30,"PISO":null,"actualizad":null}},
{"type":"Feature","geometry":{"type":"Point","coordinates":[-63.26161,9.72211]},"properties":{"id":null,"CONTROL":"3038","SERIE":"01\n","LINEA":"163","COD_SEG":"002","COD_MANZA":5,"PISO":null,"actualizad":null}},
{"type":"Feature","geometry":{"type":"Point","coordinates":[-63.26174,9.72212]},"properties":{"id":null,"CONTROL":"3038","SERIE":"02\n","LINEA":"164","COD_SEG":"002","COD_MANZA":5,"PISO":null,"actualizad":null}},
{"type":"Feature","geometry":{"type":"Point","coordinates":[-63.26184,9.72212]},"properties":{"id":null,"CONTROL":"3038","SERIE":"03\n","LINEA":"165","COD_SEG":"002","COD_MANZA":5,"PISO":null,"actualizad":null}},
{"type":"Feature","geometry":{"type":"Point","coordinates":[-63.26186,9.72232]},"properties":{"id":null,"CONTROL":"3038","SERIE":"04\n","LINEA":"166","COD_SEG":"002","COD_MANZA":5,"PISO":null,"actualizad":null}},
{"type":"Feature","geometry":{"type":"Point","coordinates":[-63.26172,9.72234]},"properties":{"id":null,"CONTROL":"3038","SERIE":"05\n","LINEA":"167","COD_SEG":"002","COD_MANZA":5,"PISO":null,"actualizad":null}},
{"type":"Feature","geometry":{"type":"Point","coordinates":[-63.26162,9.72235]},"properties":{"id":null,"CONTROL":"3038","SERIE":"06\n","LINEA":"168","COD_SEG":"002","COD_MANZA":5,"PISO":null,"actualizad":null}},
{"type":"Feature","geometry":{"type":"Point","coordinates":[-63.26152,9.72235]},"properties":{"id":null,"CONTROL":"3038","SERIE":"07\n","LINEA":"169","COD_SEG":"002","COD_MANZA":5,"PISO":null,"actualizad":null}},
{"type":"Feature","geometry":{"type":"Point","coordinates":[-63.26141,9.72236]},"properties":{"id":null,"CONTROL":"3038","SERIE":"08\n","LINEA":"170","COD_SEG":"002","COD_MANZA":5,"PISO":null,"actualizad":null}},
{"type":"Feature","geometry":{"type":"Point","coordinates":[-63.26128,9.72235]},"properties":{"id":null,"CONTROL":"3038","SERIE":"09\n","LINEA":"171","COD_SEG":"002","COD_MANZA":5,"PISO":null,"actualizad":null}},
{"type":"Feature","geometry":{"type":"Point","coordinates":[-63.26117,9.72236]},"properties":{"id":null,"CONTROL":"3038","SERIE":"10\n","LINEA":"172","COD_SEG":"002","COD_MANZA":5,"PISO":null,"actualizad":null}},
{"type":"Feature","geometry":{"type":"Point","coordinates":[-63.26105,9.72237]},"properties":{"id":null,"CONTROL":"3038","SERIE":"11\n","LINEA":"173","COD_SEG":"002","COD_MANZA":5,"PISO":null,"actualizad":null}},
{"type":"Feature","geometry":{"type":"Point","coordinates":[-63.26094,9.72236]},"properties":{"id":null,"CONTROL":"3038","SERIE":"12\n","LINEA":"174","COD_SEG":"002","COD_MANZA":5,"PISO":null,"actualizad":null}},
{"type":"Feature","geometry":{"type":"Point","coordinates":[-63.26073,9.72227]},"properties":{"id":null,"CONTROL":"3038","SERIE":"13\n","LINEA":"175","COD_SEG":"002","COD_MANZA":5,"PISO":null,"actualizad":null}},
{"type":"Feature","geometry":{"type":"Point","coordinates":[-63.26301,9.72162]},"properties":{"id":null,"CONTROL":"3038","SERIE":"14\n","LINEA":"176","COD_SEG":"002","COD_MANZA":6,"PISO":null,"actualizad":null}},
{"type":"Feature","geometry":{"type":"Point","coordinates":[-63.26314,9.72162]},"properties":{"id":null,"CONTROL":"3038","SERIE":"15\n","LINEA":"177","COD_SEG":"002","COD_MANZA":6,"PISO":null,"actualizad":null}},
{"type":"Feature","geometry":{"type":"Point","coordinates":[-63.7694,10.09358]},"properties":{"id":null,"CONTROL":"0017","SERIE":"IGLESIA","LINEA":null,"COD_SEG":"001","COD_MANZA":1,"PISO":null,"actualizad":null}},
{"type":"Feature","geometry":{"type":"Point","coordinates":[-63.76923,10.09318]},"properties":{"id":null,"CONTROL":"0017","SERIE":"01","LINEA":"016","COD_SEG":"001","COD_MANZA":1,"PISO":null,"actualizad":null}},
{"type":"Feature","geometry":{"type":"Point","coordinates":[-63.76919,10.09305]},"properties":{"id":null,"CONTROL":"0017","SERIE":"02","LINEA":"017","COD_SEG":"001","COD_MANZA":1,"PISO":null,"actualizad":null}},
{"type":"Feature","geometry":{"type":"Point","coordinates":[-63.7686,10.09185]},"properties":{"id":null,"CONTROL":"0017","SERIE":"03","LINEA":"018","COD_SEG":"001","COD_MANZA":1,"PISO":null,"actualizad":null}},
{"type":"Feature","geometry":{"type":"Point","coordinates":[-63.76888,10.09066]},"properties":{"id":null,"CONTROL":"0017","SERIE":"04","LINEA":"019","COD_SEG":"001","COD_MANZA":1,"PISO":null,"actualizad":null}},
{"type":"Feature","geometry":{"type":"Point","coordinates":[-63.76841,10.08863]},"properties":{"id":null,"CONTROL":"0017","SERIE":"05","LINEA":"020","COD_SEG":"001","COD_MANZA":1,"PISO":null,"actualizad":null}},
{"type":"Feature","geometry":{"type":"Point","coordinates":[-63.76918,10.08893]},"properties":{"id":null,"CONTROL":"0017","SERIE":"06","LINEA":"022","COD_SEG":"001","COD_MANZA":1,"PISO":null,"actualizad":null}},
{"type":"Feature","geometry":{"type":"Point","coordinates":[-63.76935,10.08916]},"properties":{"id":null,"CONTROL":"0017","SERIE":"16","LINEA":"031","COD_SEG":"001","COD_MANZA":1,"PISO":null,"actualizad":null}},
{"type":"Feature","geometry":{"type":"Point","coordinates":[-63.76979,10.08906]},"properties":{"id":null,"CONTROL":"0017","SERIE":"07","LINEA":"023","COD_SEG":"001","COD_MANZA":1,"PISO":null,"actualizad":null}},
{"type":"Feature","geometry":{"type":"Point","coordinates":[-63.77046,10.08911]},"properties":{"id":null,"CONTROL":"0017","SERIE":"09","LINEA":"025","COD_SEG":"001","COD_MANZA":1,"PISO":null,"actualizad":null}},
{"type":"Feature","geometry":{"type":"Point","coordinates":[-63.77047,10.08931]},"properties":{"id":null,"CONTROL":"0017","SERIE":"10","LINEA":"026","COD_SEG":"001","COD_MANZA":1,"PISO":null,"actualizad":null}},
{"type":"Feature","geometry":{"type":"Point","coordinates":[-63.7705,10.08951]},"properties":{"id":null,"CONTROL":"0017","SERIE":"17","LINEA":"032","COD_SEG":"001","COD_MANZA":1,"PISO":null,"actualizad":null}},
{"type":"Feature","geometry":{"type":"Point","coordinates":[-63.77061,10.08971]},"properties":{"id":null,"CONTROL":"0017","SERIE":"18","LINEA":"033","COD_SEG":"001","COD_MANZA":1,"PISO":null,"actualizad":null}},
{"type":"Feature","geometry":{"type":"Point","coordinates":[-63.77067,10.08981]},"properties":{"id":null,"CONTROL":"0017","SERIE":"19","LINEA":"034","COD_SEG":"001","COD_MANZA":1,"PISO":null,"actualizad":null}},
{"type":"Feature","geometry":{"type":"Point","coordinates":[-63.77075,10.08994]},"properties":{"id":null,"CONTROL":"0017","SERIE":"20","LINEA":"035","COD_SEG":"001","COD_MANZA":1,"PISO":null,"actualizad":null}},
{"type":"Feature","geometry":{"type":"Point","coordinates":[-63.77086,10.09035]},"properties":{"id":null,"CONTROL":"0017","SERIE":"21","LINEA":"036","COD_SEG":"001","COD_MANZA":1,"PISO":null,"actualizad":null}},
{"type":"Feature","geometry":{"type":"Point","coordinates":[-63.77059,10.08918]},"properties":{"id":null,"CONTROL":"0017","SERIE":"11","LINEA":"027","COD_SEG":"001","COD_MANZA":1,"PISO":null,"actualizad":null}},
{"type":"Feature","geometry":{"type":"Point","coordinates":[-63.77145,10.0896]},"properties":{"id":null,"CONTROL":"0017","SERIE":"13","LINEA":"028","COD_SEG":"001","COD_MANZA":1,"PISO":null,"actualizad":null}},
{"type":"Feature","geometry":{"type":"Point","coordinates":[-63.77181,10.08975]},"properties":{"id":null,"CONTROL":"0017","SERIE":"22","LINEA":"037","COD_SEG":"001","COD_MANZA":1,"PISO":null,"actualizad":null}},
{"type":"Feature","geometry":{"type":"Point","coordinates":[-63.77204,10.08986]},"properties":{"id":null,"CONTROL":"0017","SERIE":"14","LINEA":"029","COD_SEG":"001","COD_MANZA":1,"PISO":null,"actualizad":null}},
{"type":"Feature","geometry":{"type":"Point","coordinates":[-63.77314,10.08896]},"properties":{"id":null,"CONTROL":"0017","SERIE":"15","LINEA":"030","COD_SEG":"001","COD_MANZA":1,"PISO":null,"actualizad":null}},
{"type":"Feature","geometry":{"type":"Point","coordinates":[-63.30331,9.7113]},"properties":{"id":null,"CONTROL":"0048","SERIE":"01","LINEA":"210","COD_SEG":"002","COD_MANZA":10,"PISO":null,"actualizad":null}},
{"type":"Feature","geometry":{"type":"Point","coordinates":[-63.30319,9.71139]},"properties":{"id":null,"CONTROL":"0048","SERIE":"02","LINEA":"211","COD_SEG":"002","COD_MANZA":10,"PISO":null,"actualizad":null}},
{"type":"Feature","geometry":{"type":"Point","coordinates":[-63.30312,9.71139]},"properties":{"id":null,"CONTROL":"0048","SERIE":"16","LINEA":"225","COD_SEG":"002","COD_MANZA":10,"PISO":null,"actualizad":null}},
{"type":"Feature","geometry":{"type":"Point","coordinates":[-63.30305,9.71135]},"properties":{"id":null,"CONTROL":"0048","SERIE":"03","LINEA":"212","COD_SEG":"002","COD_MANZA":10,"PISO":null,"actualizad":null}},
{"type":"Feature","geometry":{"type":"Point","coordinates":[-63.30294,9.71139]},"properties":{"id":null,"CONTROL":"0048","SERIE":"04","LINEA":"213","COD_SEG":"002","COD_MANZA":10,"PISO":null,"actualizad":null}},
{"type":"Feature","geometry":{"type":"Point","coordinates":[-63.30281,9.71135]},"properties":{"id":null,"CONTROL":"0048","SERIE":"05","LINEA":"214","COD_SEG":"002","COD_MANZA":10,"PISO":null,"actualizad":null}},
{"type":"Feature","geometry":{"type":"Point","coordinates":[-63.30269,9.71136]},"properties":{"id":null,"CONTROL":"0048","SERIE":"06","LINEA":"215","COD_SEG":"002","COD_MANZA":10,"PISO":null,"actualizad":null}},
{"type":"Feature","geometry":{"type":"Point","coordinates":[-63.30249,9.71137]},"properties":{"id":null,"CONTROL":"0048","SERIE":"07","LINEA":"216","COD_SEG":"002","COD_MANZA":10,"PISO":null,"actualizad":null}},
{"type":"Feature","geometry":{"type":"Point","coordinates":[-63.30225,9.71137]},"properties":{"id":null,"CONTROL":"0048","SERIE":"08","LINEA":"217","COD_SEG":"002","COD_MANZA":10,"PISO":null,"actualizad":null}},
{"type":"Feature","geometry":{"type":"Point","coordinates":[-63.30196,9.71141]},"properties":{"id":null,"CONTROL":"0048","SERIE":"09","LINEA":"218","COD_SEG":"002","COD_MANZA":10,"PISO":null,"actualizad":null}},
{"type":"Feature","geometry":{"type":"Point","coordinates":[-63.30174,9.71143]},"properties":{"id":null,"CONTROL":"0048","SERIE":"10","LINEA":"219","COD_SEG":"002","COD_MANZA":10,"PISO":null,"actualizad":null}},
{"type":"Feature","geometry":{"type":"Point","coordinates":[-63.30162,9.71142]},"properties":{"id":null,"CONTROL":"0048","SERIE":"11","LINEA":"220","COD_SEG":"002","COD_MANZA":10,"PISO":null,"actualizad":null}},
{"type":"Feature","geometry":{"type":"Point","coordinates":[-63.30147,9.71142]},"properties":{"id":null,"CONTROL":"0048","SERIE":"12","LINEA":"221","COD_SEG":"002","COD_MANZA":10,"PISO":null,"actualizad":null}},
{"type":"Feature","geometry":{"type":"Point","coordinates":[-63.30032,9.71146]},"properties":{"id":null,"CONTROL":"0048","SERIE":"13","LINEA":"222","COD_SEG":"002","COD_MANZA":11,"PISO":null,"actualizad":null}},
{"type":"Feature","geometry":{"type":"Point","coordinates":[-63.30017,9.7115]},"properties":{"id":null,"CONTROL":"0048","SERIE":"14","LINEA":"223","COD_SEG":"002","COD_MANZA":11,"PISO":null,"actualizad":null}},
{"type":"Feature","geometry":{"type":"Point","coordinates":[-63.30006,9.71148]},"properties":{"id":null,"CONTROL":"0048","SERIE":"15","LINEA":"224","COD_SEG":"002","COD_MANZA":11,"PISO":null,"actualizad":null}},
{"type":"Feature","geometry":{"type":"Point","coordinates":[-63.09585,10.08351]},"properties":{"id":null,"CONTROL":"0074","SERIE":"01","LINEA":"001","COD_SEG":"001","COD_MANZA":1,"PISO":null,"actualizad":null}},
{"type":"Feature","geometry":{"type":"Point","coordinates":[-63.09621,10.08327]},"properties":{"id":null,"CONTROL":"0074","SERIE":"02","LINEA":"002","COD_SEG":"001","COD_MANZA":1,"PISO":null,"actualizad":null}},
{"type":"Feature","geometry":{"type":"Point","coordinates":[-63.09635,10.08326]},"properties":{"id":null,"CONTROL":"0074","SERIE":"03","LINEA":"003","COD_SEG":"001","COD_MANZA":1,"PISO":null,"actualizad":null}},
{"type":"Feature","geometry":{"type":"Point","coordinates":[-63.09653,10.08324]},"properties":{"id":null,"CONTROL":"0074","SERIE":"IGLESIA EVANGELICA PENTECOSTE A UN MILAGRO DE DIOS\n","LINEA":null,"COD_SEG":"001","COD_MANZA":1,"PISO":null,"actualizad":null}},
{"type":"Feature","geometry":{"type":"Point","coordinates":[-63.09664,10.0833]},"properties":{"id":null,"CONTROL":"0074","SERIE":"CANCHA DEPORTIVA","LINEA":null,"COD_SEG":"001","COD_MANZA":1,"PISO":null,"actualizad":null}},
{"type":"Feature","geometry":{"type":"Point","coordinates":[-63.09694,10.08316]},"properties":{"id":null,"CONTROL":"0074","SERIE":"08 CONSTRUCCION\n","LINEA":"004","COD_SEG":"001","COD_MANZA":1,"PISO":null,"actualizad":null}},
{"type":"Feature","geometry":{"type":"Point","coordinates":[-63.09711,10.08315]},"properties":{"id":null,"CONTROL":"0074","SERIE":"TERRENO SOLO\n","LINEA":null,"COD_SEG":"001","COD_MANZA":1,"PISO":null,"actualizad":null}},
{"type":"Feature","geometry":{"type":"Point","coordinates":[-63.09728,10.08312]},"properties":{"id":null,"CONTROL":"0074","SERIE":"09","LINEA":"005","COD_SEG":"001","COD_MANZA":1,"PISO":null,"actualizad":null}},
{"type":"Feature","geometry":{"type":"Point","coordinates":[-63.0974,10.08311]},"properties":{"id":null,"CONTROL":"0074","SERIE":"04","LINEA":"006","COD_SEG":"001","COD_MANZA":1,"PISO":null,"actualizad":null}},
{"type":"Feature","geometry":{"type":"Point","coordinates":[-63.09751,10.0831]},"properties":{"id":null,"CONTROL":"0074","SERIE":"05","LINEA":"007","COD_SEG":"001","COD_MANZA":1,"PISO":null,"actualizad":null}},
{"type":"Feature","geometry":{"type":"Point","coordinates":[-63.09762,10.08309]},"properties":{"id":null,"CONTROL":"0074","SERIE":"06 DEMOLIDA\n","LINEA":"008","COD_SEG":"001","COD_MANZA":1,"PISO":null,"actualizad":null}},
{"type":"Feature","geometry":{"type":"Point","coordinates":[-63.09773,10.08307]},"properties":{"id":null,"CONTROL":"0074","SERIE":"07 DEMOLIDA\n","LINEA":"009","COD_SEG":"001","COD_MANZA":1,"PISO":null,"actualizad":null}},
{"type":"Feature","geometry":{"type":"Point","coordinates":[-63.0977,10.08291]},"properties":{"id":null,"CONTROL":"0074","SERIE":"10","LINEA":"010","COD_SEG":"001","COD_MANZA":2,"PISO":null,"actualizad":null}},
{"type":"Feature","geometry":{"type":"Point","coordinates":[-63.0976,10.08291]},"properties":{"id":null,"CONTROL":"0074","SERIE":"TERRENO SOLO\n","LINEA":null,"COD_SEG":"001","COD_MANZA":2,"PISO":null,"actualizad":null}},
{"type":"Feature","geometry":{"type":"Point","coordinates":[-63.09749,10.08292]},"properties":{"id":null,"CONTROL":"0074","SERIE":"11","LINEA":"011","COD_SEG":"001","COD_MANZA":2,"PISO":null,"actualizad":null}},
{"type":"Feature","geometry":{"type":"Point","coordinates":[-63.09735,10.08293]},"properties":{"id":null,"CONTROL":"0074","SERIE":"12","LINEA":"012","COD_SEG":"001","COD_MANZA":2,"PISO":null,"actualizad":null}},
{"type":"Feature","geometry":{"type":"Point","coordinates":[-63.09694,10.08297]},"properties":{"id":null,"CONTROL":"0074","SERIE":"RUINA","LINEA":null,"COD_SEG":"001","COD_MANZA":2,"PISO":null,"actualizad":null}},
{"type":"Feature","geometry":{"type":"Point","coordinates":[-63.09678,10.08296]},"properties":{"id":null,"CONTROL":"0074","SERIE":"13","LINEA":"013","COD_SEG":"001","COD_MANZA":2,"PISO":null,"actualizad":null}},
{"type":"Feature","geometry":{"type":"Point","coordinates":[-63.09666,10.08297]},"properties":{"id":null,"CONTROL":"0074","SERIE":"14","LINEA":"014","COD_SEG":"001","COD_MANZA":2,"PISO":null,"actualizad":null}},
{"type":"Feature","geometry":{"type":"Point","coordinates":[-63.09652,10.08299]},"properties":{"id":null,"CONTROL":"0074","SERIE":"15","LINEA":"015","COD_SEG":"001","COD_MANZA":2,"PISO":null,"actualizad":null}},
{"type":"Feature","geometry":{"type":"Point","coordinates":[-63.09652,10.08292]},"properties":{"id":null,"CONTROL":"0074","SERIE":"16","LINEA":"016","COD_SEG":"001","COD_MANZA":2,"PISO":null,"actualizad":null}},
{"type":"Feature","geometry":{"type":"Point","coordinates":[-63.0931,10.12575]},"properties":{"id":null,"CONTROL":"2068","SERIE":"01","LINEA":"119","COD_SEG":"013","COD_MANZA":7,"PISO":null,"actualizad":null}},
{"type":"Feature","geometry":{"type":"Point","coordinates":[-63.0931,10.12565]},"properties":{"id":null,"CONTROL":"2068","SERIE":"02","LINEA":"120","COD_SEG":"013","COD_MANZA":7,"PISO":null,"actualizad":null}},
{"type":"Feature","geometry":{"type":"Point","coordinates":[-63.09316,10.12565]},"properties":{"id":null,"CONTROL":"2068","SERIE":"03","LINEA":"121","COD_SEG":"013","COD_MANZA":7,"PISO":null,"actualizad":null}},
{"type":"Feature","geometry":{"type":"Point","coordinates":[-63.09321,10.12565]},"properties":{"id":null,"CONTROL":"2068","SERIE":"04","LINEA":"122","COD_SEG":"013","COD_MANZA":7,"PISO":null,"actualizad":null}},
{"type":"Feature","geometry":{"type":"Point","coordinates":[-63.09326,10.12565]},"properties":{"id":null,"CONTROL":"2068","SERIE":"05\n","LINEA":"123","COD_SEG":"013","COD_MANZA":7,"PISO":null,"actualizad":null}},
{"type":"Feature","geometry":{"type":"Point","coordinates":[-63.09368,10.12567]},"properties":{"id":null,"CONTROL":"2068","SERIE":"06","LINEA":"124","COD_SEG":"013","COD_MANZA":7,"PISO":null,"actualizad":null}},
{"type":"Feature","geometry":{"type":"Point","coordinates":[-63.09367,10.1258]},"properties":{"id":null,"CONTROL":"2068","SERIE":"07","LINEA":"125","COD_SEG":"013","COD_MANZA":7,"PISO":null,"actualizad":null}},
{"type":"Feature","geometry":{"type":"Point","coordinates":[-63.09366,10.12588]},"properties":{"id":null,"CONTROL":"2068","SERIE":"LOCAL DESOCUPADO\n","LINEA":null,"COD_SEG":"013","COD_MANZA":7,"PISO":null,"actualizad":null}},
{"type":"Feature","geometry":{"type":"Point","coordinates":[-63.09366,10.12591]},"properties":{"id":null,"CONTROL":"2068","SERIE":"08","LINEA":"126","COD_SEG":"013","COD_MANZA":7,"PISO":null,"actualizad":null}},
{"type":"Feature","geometry":{"type":"Point","coordinates":[-63.09366,10.12599]},"properties":{"id":null,"CONTROL":"2068","SERIE":"09","LINEA":"127","COD_SEG":"013","COD_MANZA":7,"PISO":null,"actualizad":null}},
{"type":"Feature","geometry":{"type":"Point","coordinates":[-63.09366,10.12608]},"properties":{"id":null,"CONTROL":"2068","SERIE":"10","LINEA":"128","COD_SEG":"013","COD_MANZA":7,"PISO":null,"actualizad":null}},
{"type":"Feature","geometry":{"type":"Point","coordinates":[-63.09366,10.12618]},"properties":{"id":null,"CONTROL":"2068","SERIE":"11","LINEA":"129","COD_SEG":"013","COD_MANZA":7,"PISO":null,"actualizad":null}},
{"type":"Feature","geometry":{"type":"Point","coordinates":[-63.09351,10.12553]},"properties":{"id":null,"CONTROL":"2068","SERIE":"12","LINEA":"130","COD_SEG":"013","COD_MANZA":8,"PISO":null,"actualizad":null}},
{"type":"Feature","geometry":{"type":"Point","coordinates":[-63.09346,10.12553]},"properties":{"id":null,"CONTROL":"2068","SERIE":"LOCAL DESOCUPADO\n","LINEA":null,"COD_SEG":"013","COD_MANZA":8,"PISO":null,"actualizad":null}},
{"type":"Feature","geometry":{"type":"Point","coordinates":[-63.09341,10.12553]},"properties":{"id":null,"CONTROL":"2068","SERIE":"13","LINEA":"131","COD_SEG":"013","COD_MANZA":8,"PISO":null,"actualizad":null}},
{"type":"Feature","geometry":{"type":"Point","coordinates":[-63.09336,10.12553]},"properties":{"id":null,"CONTROL":"2068","SERIE":"14","LINEA":"132","COD_SEG":"013","COD_MANZA":8,"PISO":null,"actualizad":null}},
{"type":"Feature","geometry":{"type":"Point","coordinates":[-63.09331,10.12553]},"properties":{"id":null,"CONTROL":"2068","SERIE":"15","LINEA":"133","COD_SEG":"013","COD_MANZA":8,"PISO":null,"actualizad":null}},
{"type":"Feature","geometry":{"type":"Point","coordinates":[-63.61378,9.6819]},"properties":{"id":null,"CONTROL":"2085","SERIE":"01","LINEA":"076","COD_SEG":"053","COD_MANZA":4,"PISO":null,"actualizad":null}},
{"type":"Feature","geometry":{"type":"Point","coordinates":[-63.61388,9.6817]},"properties":{"id":null,"CONTROL":"2085","SERIE":"02","LINEA":"077","COD_SEG":"053","COD_MANZA":4,"PISO":null,"actualizad":null}},
{"type":"Feature","geometry":{"type":"Point","coordinates":[-63.61408,9.68174]},"properties":{"id":null,"CONTROL":"2085","SERIE":"03","LINEA":"078","COD_SEG":"053","COD_MANZA":4,"PISO":null,"actualizad":null}},
{"type":"Feature","geometry":{"type":"Point","coordinates":[-63.61419,9.68175]},"properties":{"id":null,"CONTROL":"2085","SERIE":"04","LINEA":"079","COD_SEG":"053","COD_MANZA":4,"PISO":null,"actualizad":null}},
{"type":"Feature","geometry":{"type":"Point","coordinates":[-63.6143,9.68175]},"properties":{"id":null,"CONTROL":"2085","SERIE":"05","LINEA":"080","COD_SEG":"053","COD_MANZA":4,"PISO":null,"actualizad":null}},
{"type":"Feature","geometry":{"type":"Point","coordinates":[-63.61399,9.68176]},"properties":{"id":null,"CONTROL":"2085","SERIE":"TALLER MECANICO\n","LINEA":null,"COD_SEG":"053","COD_MANZA":4,"PISO":null,"actualizad":null}},
{"type":"Feature","geometry":{"type":"Point","coordinates":[-63.61443,9.68176]},"properties":{"id":null,"CONTROL":"2085","SERIE":"06","LINEA":"081","COD_SEG":"053","COD_MANZA":4,"PISO":null,"actualizad":null}},
{"type":"Feature","geometry":{"type":"Point","coordinates":[-63.61453,9.68177]},"properties":{"id":null,"CONTROL":"2085","SERIE":"07","LINEA":"082","COD_SEG":"053","COD_MANZA":4,"PISO":null,"actualizad":null}},
{"type":"Feature","geometry":{"type":"Point","coordinates":[-63.61453,9.68195]},"properties":{"id":null,"CONTROL":"2085","SERIE":"08","LINEA":"083","COD_SEG":"053","COD_MANZA":4,"PISO":null,"actualizad":null}},
{"type":"Feature","geometry":{"type":"Point","coordinates":[-63.61454,9.68162]},"properties":{"id":null,"CONTROL":"2085","SERIE":"09","LINEA":"084","COD_SEG":"053","COD_MANZA":5,"PISO":null,"actualizad":null}},
{"type":"Feature","geometry":{"type":"Point","coordinates":[-63.61445,9.68162]},"properties":{"id":null,"CONTROL":"2085","SERIE":"TERRENO SOLO\n","LINEA":null,"COD_SEG":"053","COD_MANZA":5,"PISO":null,"actualizad":null}},
{"type":"Feature","geometry":{"type":"Point","coordinates":[-63.61433,9.68159]},"properties":{"id":null,"CONTROL":"2085","SERIE":"10","LINEA":"085","COD_SEG":"053","COD_MANZA":5,"PISO":null,"actualizad":null}},
{"type":"Feature","geometry":{"type":"Point","coordinates":[-63.61425,9.68158]},"properties":{"id":null,"CONTROL":"2085","SERIE":"11","LINEA":"086","COD_SEG":"053","COD_MANZA":5,"PISO":null,"actualizad":null}},
{"type":"Feature","geometry":{"type":"Point","coordinates":[-63.61417,9.68158]},"properties":{"id":null,"CONTROL":"2085","SERIE":"12","LINEA":"087","COD_SEG":"053","COD_MANZA":5,"PISO":null,"actualizad":null}},
{"type":"Feature","geometry":{"type":"Point","coordinates":[-63.61408,9.68157]},"properties":{"id":null,"CONTROL":"2085","SERIE":"13","LINEA":"088","COD_SEG":"053","COD_MANZA":5,"PISO":null,"actualizad":null}},
{"type":"Feature","geometry":{"type":"Point","coordinates":[-63.61396,9.68159]},"properties":{"id":null,"CONTROL":"2085","SERIE":"TERRENO SOLO\n","LINEA":null,"COD_SEG":"053","COD_MANZA":5,"PISO":null,"actualizad":null}},
{"type":"Feature","geometry":{"type":"Point","coordinates":[-63.61413,9.68137]},"properties":{"id":null,"CONTROL":"2085","SERIE":"14","LINEA":"089","COD_SEG":"053","COD_MANZA":5,"PISO":null,"actualizad":null}},
{"type":"Feature","geometry":{"type":"Point","coordinates":[-63.61422,9.68137]},"properties":{"id":null,"CONTROL":"2085","SERIE":"15","LINEA":"090","COD_SEG":"053","COD_MANZA":5,"PISO":null,"actualizad":null}},
{"type":"Feature","geometry":{"type":"Point","coordinates":[-63.61378,9.6819]},"properties":{"id":null,"CONTROL":"0024","SERIE":"01","LINEA":"001","COD_SEG":"051","COD_MANZA":1,"PISO":null,"actualizad":null}},
{"type":"Feature","geometry":{"type":"Point","coordinates":[-63.61388,9.6817]},"properties":{"id":null,"CONTROL":"0024","SERIE":"02","LINEA":"002","COD_SEG":"051","COD_MANZA":1,"PISO":null,"actualizad":null}},
{"type":"Feature","geometry":{"type":"Point","coordinates":[-63.61408,9.68174]},"properties":{"id":null,"CONTROL":"0024","SERIE":"03","LINEA":"016","COD_SEG":"051","COD_MANZA":1,"PISO":null,"actualizad":null}},
{"type":"Feature","geometry":{"type":"Point","coordinates":[-63.61419,9.68175]},"properties":{"id":null,"CONTROL":"0024","SERIE":"04","LINEA":"004","COD_SEG":"051","COD_MANZA":1,"PISO":null,"actualizad":null}},
{"type":"Feature","geometry":{"type":"Point","coordinates":[-63.6143,9.68175]},"properties":{"id":null,"CONTROL":"0024","SERIE":"05","LINEA":"005","COD_SEG":"051","COD_MANZA":1,"PISO":null,"actualizad":null}},
{"type":"Feature","geometry":{"type":"Point","coordinates":[-63.61399,9.68176]},"properties":{"id":null,"CONTROL":"0024","SERIE":"06","LINEA":"006","COD_SEG":"051","COD_MANZA":1,"PISO":null,"actualizad":null}},
{"type":"Feature","geometry":{"type":"Point","coordinates":[-63.61443,9.68176]},"properties":{"id":null,"CONTROL":"0024","SERIE":"07","LINEA":"007","COD_SEG":"051","COD_MANZA":1,"PISO":null,"actualizad":null}},
{"type":"Feature","geometry":{"type":"Point","coordinates":[-63.61453,9.68177]},"properties":{"id":null,"CONTROL":"0024","SERIE":"08","LINEA":"008","COD_SEG":"051","COD_MANZA":1,"PISO":null,"actualizad":null}},
{"type":"Feature","geometry":{"type":"Point","coordinates":[-63.61453,9.68195]},"properties":{"id":null,"CONTROL":"0024","SERIE":"09","LINEA":"009","COD_SEG":"051","COD_MANZA":1,"PISO":null,"actualizad":null}},
{"type":"Feature","geometry":{"type":"Point","coordinates":[-63.61454,9.68162]},"properties":{"id":null,"CONTROL":"0024","SERIE":"10","LINEA":"010","COD_SEG":"051","COD_MANZA":1,"PISO":null,"actualizad":null}},
{"type":"Feature","geometry":{"type":"Point","coordinates":[-63.61445,9.68162]},"properties":{"id":null,"CONTROL":"0024","SERIE":"11","LINEA":"011","COD_SEG":"051","COD_MANZA":1,"PISO":null,"actualizad":null}},
{"type":"Feature","geometry":{"type":"Point","coordinates":[-63.61433,9.68159]},"properties":{"id":null,"CONTROL":"0024","SERIE":"12","LINEA":"012","COD_SEG":"051","COD_MANZA":1,"PISO":null,"actualizad":null}},
{"type":"Feature","geometry":{"type":"Point","coordinates":[-63.61425,9.68158]},"properties":{"id":null,"CONTROL":"0024","SERIE":"13","LINEA":"013","COD_SEG":"051","COD_MANZA":1,"PISO":null,"actualizad":null}},
{"type":"Feature","geometry":{"type":"Point","coordinates":[-63.61417,9.68158]},"properties":{"id":null,"CONTROL":"0024","SERIE":"14","LINEA":"017","COD_SEG":"051","COD_MANZA":1,"PISO":null,"actualizad":null}},
{"type":"Feature","geometry":{"type":"Point","coordinates":[-63.61408,9.68157]},"properties":{"id":null,"CONTROL":"0024","SERIE":"15","LINEA":"015","COD_SEG":"051","COD_MANZA":1,"PISO":null,"actualizad":null}},
{"type":"Feature","geometry":{"type":"Point","coordinates":[-63.25059,9.69824]},"properties":{"id":null,"CONTROL":"3006","SERIE":"01\n","LINEA":"215","COD_SEG":"078","COD_MANZA":1,"PISO":null,"actualizad":null}},
{"type":"Feature","geometry":{"type":"Point","coordinates":[-63.25066,9.69819]},"properties":{"id":null,"CONTROL":"3006","SERIE":"02\n","LINEA":"216","COD_SEG":"078","COD_MANZA":1,"PISO":null,"actualizad":null}},
{"type":"Feature","geometry":{"type":"Point","coordinates":[-63.25073,9.69813]},"properties":{"id":null,"CONTROL":"3006","SERIE":"03\n","LINEA":"217","COD_SEG":"078","COD_MANZA":1,"PISO":null,"actualizad":null}},
{"type":"Feature","geometry":{"type":"Point","coordinates":[-63.25078,9.69811]},"properties":{"id":null,"CONTROL":"3006","SERIE":"04\n","LINEA":"218","COD_SEG":"078","COD_MANZA":1,"PISO":null,"actualizad":null}},
{"type":"Feature","geometry":{"type":"Point","coordinates":[-63.25086,9.69832]},"properties":{"id":null,"CONTROL":"3006","SERIE":"05\n","LINEA":"219","COD_SEG":"078","COD_MANZA":1,"PISO":null,"actualizad":null}},
{"type":"Feature","geometry":{"type":"Point","coordinates":[-63.25081,9.69837]},"properties":{"id":null,"CONTROL":"3006","SERIE":"06\n","LINEA":"220","COD_SEG":"078","COD_MANZA":1,"PISO":null,"actualizad":null}},
{"type":"Feature","geometry":{"type":"Point","coordinates":[-63.25074,9.69842]},"properties":{"id":null,"CONTROL":"3006","SERIE":"07\n","LINEA":"221","COD_SEG":"078","COD_MANZA":1,"PISO":null,"actualizad":null}},
{"type":"Feature","geometry":{"type":"Point","coordinates":[-63.2507,9.69846]},"properties":{"id":null,"CONTROL":"3006","SERIE":"08\n","LINEA":"222","COD_SEG":"078","COD_MANZA":1,"PISO":null,"actualizad":null}},
{"type":"Feature","geometry":{"type":"Point","coordinates":[-63.25062,9.69852]},"properties":{"id":null,"CONTROL":"3006","SERIE":"09\n","LINEA":"223","COD_SEG":"078","COD_MANZA":1,"PISO":null,"actualizad":null}},
{"type":"Feature","geometry":{"type":"Point","coordinates":[-63.25057,9.69857]},"properties":{"id":null,"CONTROL":"3006","SERIE":"10\n","LINEA":"224","COD_SEG":"078","COD_MANZA":1,"PISO":null,"actualizad":null}},
{"type":"Feature","geometry":{"type":"Point","coordinates":[-63.25051,9.69862]},"properties":{"id":null,"CONTROL":"3006","SERIE":"11\n","LINEA":"225","COD_SEG":"078","COD_MANZA":1,"PISO":null,"actualizad":null}},
{"type":"Feature","geometry":{"type":"Point","coordinates":[-63.25045,9.69868]},"properties":{"id":null,"CONTROL":"3006","SERIE":"12\n","LINEA":"226","COD_SEG":"078","COD_MANZA":1,"PISO":null,"actualizad":null}},
{"type":"Feature","geometry":{"type":"Point","coordinates":[-63.25038,9.69873]},"properties":{"id":null,"CONTROL":"3006","SERIE":"13\n","LINEA":"227","COD_SEG":"078","COD_MANZA":1,"PISO":null,"actualizad":null}},
{"type":"Feature","geometry":{"type":"Point","coordinates":[-63.25033,9.69879]},"properties":{"id":null,"CONTROL":"3006","SERIE":"14\n","LINEA":"228","COD_SEG":"078","COD_MANZA":1,"PISO":null,"actualizad":null}},
{"type":"Feature","geometry":{"type":"Point","coordinates":[-63.25026,9.69885]},"properties":{"id":null,"CONTROL":"3006","SERIE":"15\n","LINEA":"229","COD_SEG":"078","COD_MANZA":1,"PISO":null,"actualizad":null}},
{"type":"Feature","geometry":{"type":"Point","coordinates":[-63.2502,9.69889]},"properties":{"id":null,"CONTROL":"3006","SERIE":"16\n","LINEA":"230","COD_SEG":"078","COD_MANZA":1,"PISO":null,"actualizad":null}},
{"type":"Feature","geometry":{"type":"Point","coordinates":[-62.66061,9.00408]},"properties":{"id":null,"CONTROL":"3023","SERIE":"01","LINEA":"057","COD_SEG":"038","COD_MANZA":2,"PISO":null,"actualizad":null}},
{"type":"Feature","geometry":{"type":"Point","coordinates":[-62.6605,9.00408]},"properties":{"id":null,"CONTROL":"3023","SERIE":"02","LINEA":"058","COD_SEG":"038","COD_MANZA":2,"PISO":null,"actualizad":null}},
{"type":"Feature","geometry":{"type":"Point","coordinates":[-62.66035,9.00409]},"properties":{"id":null,"CONTROL":"3023","SERIE":"03","LINEA":"059","COD_SEG":"038","COD_MANZA":2,"PISO":null,"actualizad":null}},
{"type":"Feature","geometry":{"type":"Point","coordinates":[-62.66021,9.00411]},"properties":{"id":null,"CONTROL":"3023","SERIE":"04","LINEA":"060","COD_SEG":"038","COD_MANZA":2,"PISO":null,"actualizad":null}},
{"type":"Feature","geometry":{"type":"Point","coordinates":[-62.66011,9.00411]},"properties":{"id":null,"CONTROL":"3023","SERIE":"05","LINEA":"061","COD_SEG":"038","COD_MANZA":2,"PISO":null,"actualizad":null}},
{"type":"Feature","geometry":{"type":"Point","coordinates":[-62.65989,9.00408]},"properties":{"id":null,"CONTROL":"3023","SERIE":"06","LINEA":"062","COD_SEG":"038","COD_MANZA":2,"PISO":null,"actualizad":null}},
{"type":"Feature","geometry":{"type":"Point","coordinates":[-62.65961,9.004]},"properties":{"id":null,"CONTROL":"3023","SERIE":"07","LINEA":"063","COD_SEG":"038","COD_MANZA":2,"PISO":null,"actualizad":null}},
{"type":"Feature","geometry":{"type":"Point","coordinates":[-62.65944,9.00404]},"properties":{"id":null,"CONTROL":"3023","SERIE":"08","LINEA":"064","COD_SEG":"038","COD_MANZA":2,"PISO":null,"actualizad":null}},
{"type":"Feature","geometry":{"type":"Point","coordinates":[-62.65942,9.00367]},"properties":{"id":null,"CONTROL":"3023","SERIE":"09","LINEA":"065","COD_SEG":"038","COD_MANZA":2,"PISO":null,"actualizad":null}},
{"type":"Feature","geometry":{"type":"Point","coordinates":[-62.65954,9.00369]},"properties":{"id":null,"CONTROL":"3023","SERIE":"10","LINEA":"066","COD_SEG":"038","COD_MANZA":2,"PISO":null,"actualizad":null}},
{"type":"Feature","geometry":{"type":"Point","coordinates":[-62.65969,9.00375]},"properties":{"id":null,"CONTROL":"3023","SERIE":"11","LINEA":"067","COD_SEG":"038","COD_MANZA":2,"PISO":null,"actualizad":null}},
{"type":"Feature","geometry":{"type":"Point","coordinates":[-62.65982,9.00374]},"properties":{"id":null,"CONTROL":"3023","SERIE":"12","LINEA":"068","COD_SEG":"038","COD_MANZA":2,"PISO":null,"actualizad":null}},
{"type":"Feature","geometry":{"type":"Point","coordinates":[-62.66012,9.00373]},"properties":{"id":null,"CONTROL":"3023","SERIE":"13","LINEA":"069","COD_SEG":"038","COD_MANZA":2,"PISO":null,"actualizad":null}},
{"type":"Feature","geometry":{"type":"Point","coordinates":[-62.6603,9.00372]},"properties":{"id":null,"CONTROL":"3023","SERIE":"14","LINEA":"070","COD_SEG":"038","COD_MANZA":2,"PISO":null,"actualizad":null}},
{"type":"Feature","geometry":{"type":"Point","coordinates":[-62.66044,9.00372]},"properties":{"id":null,"CONTROL":"3023","SERIE":"15","LINEA":"071","COD_SEG":"038","COD_MANZA":2,"PISO":null,"actualizad":null}},
{"type":"Feature","geometry":{"type":"Point","coordinates":[-63.19714,9.73611]},"properties":{"id":null,"CONTROL":"3036","SERIE":"01","LINEA":"101","COD_SEG":"059","COD_MANZA":2,"PISO":null,"actualizad":null}},
{"type":"Feature","geometry":{"type":"Point","coordinates":[-63.19711,9.73602]},"properties":{"id":null,"CONTROL":"3036","SERIE":"02","LINEA":"102","COD_SEG":"059","COD_MANZA":2,"PISO":null,"actualizad":null}},
{"type":"Feature","geometry":{"type":"Point","coordinates":[-63.19707,9.73596]},"properties":{"id":null,"CONTROL":"3036","SERIE":"03","LINEA":"103","COD_SEG":"059","COD_MANZA":2,"PISO":null,"actualizad":null}},
{"type":"Feature","geometry":{"type":"Point","coordinates":[-63.19699,9.73589]},"properties":{"id":null,"CONTROL":"3036","SERIE":"04","LINEA":"104","COD_SEG":"059","COD_MANZA":2,"PISO":null,"actualizad":null}},
{"type":"Feature","geometry":{"type":"Point","coordinates":[-63.19707,9.73586]},"properties":{"id":null,"CONTROL":"3036","SERIE":"05","LINEA":"105","COD_SEG":"059","COD_MANZA":2,"PISO":null,"actualizad":null}},
{"type":"Feature","geometry":{"type":"Point","coordinates":[-63.19723,9.73583]},"properties":{"id":null,"CONTROL":"3036","SERIE":"06","LINEA":"106","COD_SEG":"059","COD_MANZA":2,"PISO":null,"actualizad":null}},
{"type":"Feature","geometry":{"type":"Point","coordinates":[-63.19733,9.73579]},"properties":{"id":null,"CONTROL":"3036","SERIE":"07","LINEA":"107","COD_SEG":"059","COD_MANZA":2,"PISO":null,"actualizad":null}},
{"type":"Feature","geometry":{"type":"Point","coordinates":[-63.19742,9.73575]},"properties":{"id":null,"CONTROL":"3036","SERIE":"08","LINEA":"108","COD_SEG":"059","COD_MANZA":2,"PISO":null,"actualizad":null}},
{"type":"Feature","geometry":{"type":"Point","coordinates":[-63.19755,9.7357]},"properties":{"id":null,"CONTROL":"3036","SERIE":"09","LINEA":"109","COD_SEG":"059","COD_MANZA":2,"PISO":null,"actualizad":null}},
{"type":"Feature","geometry":{"type":"Point","coordinates":[-63.19773,9.73564]},"properties":{"id":null,"CONTROL":"3036","SERIE":"LIBERTADOR CAREXPRESS,C.A\n","LINEA":null,"COD_SEG":"059","COD_MANZA":2,"PISO":null,"actualizad":null}},
{"type":"Feature","geometry":{"type":"Point","coordinates":[-63.19784,9.73559]},"properties":{"id":null,"CONTROL":"3036","SERIE":"10","LINEA":"110","COD_SEG":"059","COD_MANZA":2,"PISO":null,"actualizad":null}},
{"type":"Feature","geometry":{"type":"Point","coordinates":[-63.19793,9.73555]},"properties":{"id":null,"CONTROL":"3036","SERIE":"11\n","LINEA":"111","COD_SEG":"059","COD_MANZA":2,"PISO":null,"actualizad":null}},
{"type":"Feature","geometry":{"type":"Point","coordinates":[-63.19838,9.73536]},"properties":{"id":null,"CONTROL":"3036","SERIE":"14","LINEA":"114","COD_SEG":"059","COD_MANZA":2,"PISO":null,"actualizad":null}},
{"type":"Feature","geometry":{"type":"Point","coordinates":[-63.25027,9.69535]},"properties":{"id":null,"CONTROL":"0031","SERIE":"01\n","LINEA":"166","COD_SEG":"074","COD_MANZA":4,"PISO":null,"actualizad":null}},
{"type":"Feature","geometry":{"type":"Point","coordinates":[-63.25022,9.69539]},"properties":{"id":null,"CONTROL":"0031","SERIE":"02\n","LINEA":"167","COD_SEG":"074","COD_MANZA":4,"PISO":null,"actualizad":null}},
{"type":"Feature","geometry":{"type":"Point","coordinates":[-63.25015,9.69548]},"properties":{"id":null,"CONTROL":"0031","SERIE":"03\n","LINEA":"168","COD_SEG":"074","COD_MANZA":4,"PISO":null,"actualizad":null}},
{"type":"Feature","geometry":{"type":"Point","coordinates":[-63.25009,9.69553]},"properties":{"id":null,"CONTROL":"0031","SERIE":"04\n","LINEA":"169","COD_SEG":"074","COD_MANZA":4,"PISO":null,"actualizad":null}},
{"type":"Feature","geometry":{"type":"Point","coordinates":[-63.25,9.69558]},"properties":{"id":null,"CONTROL":"0031","SERIE":"05\n","LINEA":"170","COD_SEG":"074","COD_MANZA":4,"PISO":null,"actualizad":null}},
{"type":"Feature","geometry":{"type":"Point","coordinates":[-63.24995,9.69562]},"properties":{"id":null,"CONTROL":"0031","SERIE":"06\n","LINEA":"171","COD_SEG":"074","COD_MANZA":4,"PISO":null,"actualizad":null}},
{"type":"Feature","geometry":{"type":"Point","coordinates":[-63.24986,9.69569]},"properties":{"id":null,"CONTROL":"0031","SERIE":"07\n","LINEA":"172","COD_SEG":"074","COD_MANZA":4,"PISO":null,"actualizad":null}},
{"type":"Feature","geometry":{"type":"Point","coordinates":[-63.2498,9.69575]},"properties":{"id":null,"CONTROL":"0031","SERIE":"08\n","LINEA":"173","COD_SEG":"074","COD_MANZA":4,"PISO":null,"actualizad":null}},
{"type":"Feature","geometry":{"type":"Point","coordinates":[-63.24972,9.69582]},"properties":{"id":null,"CONTROL":"0031","SERIE":"09\n","LINEA":"174","COD_SEG":"074","COD_MANZA":4,"PISO":null,"actualizad":null}},
{"type":"Feature","geometry":{"type":"Point","coordinates":[-63.24967,9.69586]},"properties":{"id":null,"CONTROL":"0031","SERIE":"10\n","LINEA":"175","COD_SEG":"074","COD_MANZA":4,"PISO":null,"actualizad":null}},
{"type":"Feature","geometry":{"type":"Point","coordinates":[-63.24962,9.69592]},"properties":{"id":null,"CONTROL":"0031","SERIE":"11\n","LINEA":"176","COD_SEG":"074","COD_MANZA":4,"PISO":null,"actualizad":null}},
{"type":"Feature","geometry":{"type":"Point","coordinates":[-63.24954,9.69597]},"properties":{"id":null,"CONTROL":"0031","SERIE":"12\n","LINEA":"177","COD_SEG":"074","COD_MANZA":4,"PISO":null,"actualizad":null}},
{"type":"Feature","geometry":{"type":"Point","coordinates":[-63.24975,9.69612]},"properties":{"id":null,"CONTROL":"0031","SERIE":"13\n","LINEA":"178","COD_SEG":"074","COD_MANZA":4,"PISO":null,"actualizad":null}},
{"type":"Feature","geometry":{"type":"Point","coordinates":[-63.24983,9.69606]},"properties":{"id":null,"CONTROL":"0031","SERIE":"14\n","LINEA":"179","COD_SEG":"074","COD_MANZA":4,"PISO":null,"actualizad":null}},
{"type":"Feature","geometry":{"type":"Point","coordinates":[-63.2499,9.69598]},"properties":{"id":null,"CONTROL":"0031","SERIE":"15\n","LINEA":"180","COD_SEG":"074","COD_MANZA":4,"PISO":null,"actualizad":null}},
{"type":"Feature","geometry":{"type":"Point","coordinates":[-63.20316,9.71555]},"properties":{"id":null,"CONTROL":"2063","SERIE":"01","LINEA":"131","COD_SEG":"087","COD_MANZA":11,"PISO":null,"actualizad":null}},
{"type":"Feature","geometry":{"type":"Point","coordinates":[-63.20324,9.7155]},"properties":{"id":null,"CONTROL":"2063","SERIE":"02","LINEA":"132","COD_SEG":"087","COD_MANZA":11,"PISO":null,"actualizad":null}},
{"type":"Feature","geometry":{"type":"Point","coordinates":[-63.20327,9.71556]},"properties":{"id":null,"CONTROL":"2063","SERIE":"03","LINEA":"133","COD_SEG":"087","COD_MANZA":11,"PISO":null,"actualizad":null}},
{"type":"Feature","geometry":{"type":"Point","coordinates":[-63.20334,9.71561]},"properties":{"id":null,"CONTROL":"2063","SERIE":"04","LINEA":"134","COD_SEG":"087","COD_MANZA":11,"PISO":null,"actualizad":null}},
{"type":"Feature","geometry":{"type":"Point","coordinates":[-63.20331,9.71516]},"properties":{"id":null,"CONTROL":"2063","SERIE":"07","LINEA":"137","COD_SEG":"087","COD_MANZA":13,"PISO":null,"actualizad":null}},
{"type":"Feature","geometry":{"type":"Point","coordinates":[-63.20328,9.71512]},"properties":{"id":null,"CONTROL":"2063","SERIE":"08","LINEA":"138","COD_SEG":"087","COD_MANZA":13,"PISO":null,"actualizad":null}},
{"type":"Feature","geometry":{"type":"Point","coordinates":[-63.20324,9.71507]},"properties":{"id":null,"CONTROL":"2063","SERIE":"09","LINEA":"139","COD_SEG":"087","COD_MANZA":13,"PISO":null,"actualizad":null}},
{"type":"Feature","geometry":{"type":"Point","coordinates":[-63.20329,9.71503]},"properties":{"id":null,"CONTROL":"2063","SERIE":"10","LINEA":"140","COD_SEG":"087","COD_MANZA":13,"PISO":null,"actualizad":null}},
{"type":"Feature","geometry":{"type":"Point","coordinates":[-63.20337,9.71496]},"properties":{"id":null,"CONTROL":"2063","SERIE":"11","LINEA":"141","COD_SEG":"087","COD_MANZA":13,"PISO":null,"actualizad":null}},
{"type":"Feature","geometry":{"type":"Point","coordinates":[-63.20347,9.71489]},"properties":{"id":null,"CONTROL":"2063","SERIE":"12","LINEA":"142","COD_SEG":"087","COD_MANZA":13,"PISO":null,"actualizad":null}},
{"type":"Feature","geometry":{"type":"Point","coordinates":[-63.20351,9.71493]},"properties":{"id":null,"CONTROL":"2063","SERIE":"13","LINEA":"143","COD_SEG":"087","COD_MANZA":13,"PISO":null,"actualizad":null}},
{"type":"Feature","geometry":{"type":"Point","coordinates":[-63.20355,9.71497]},"properties":{"id":null,"CONTROL":"2063","SERIE":"14","LINEA":"144","COD_SEG":"087","COD_MANZA":13,"PISO":null,"actualizad":null}},
{"type":"Feature","geometry":{"type":"Point","coordinates":[-63.20346,9.71503]},"properties":{"id":null,"CONTROL":"2063","SERIE":"05","LINEA":"135","COD_SEG":"087","COD_MANZA":13,"PISO":null,"actualizad":null}},
{"type":"Feature","geometry":{"type":"Point","coordinates":[-63.20337,9.71512]},"properties":{"id":null,"CONTROL":"2063","SERIE":"06","LINEA":"136","COD_SEG":"087","COD_MANZA":13,"PISO":null,"actualizad":null}},
{"type":"Feature","geometry":{"type":"Point","coordinates":[-63.20411,9.71477]},"properties":{"id":null,"CONTROL":"2063","SERIE":"15","LINEA":"145","COD_SEG":"087","COD_MANZA":14,"PISO":null,"actualizad":null}},
{"type":"Feature","geometry":{"type":"Point","coordinates":[-63.18655,9.77751]},"properties":{"id":null,"CONTROL":"2076","SERIE":"14","LINEA":"014","COD_SEG":"032","COD_MANZA":2,"PISO":null,"actualizad":null}},
{"type":"Feature","geometry":{"type":"Point","coordinates":[-63.18645,9.77747]},"properties":{"id":null,"CONTROL":"2076","SERIE":"13","LINEA":"013","COD_SEG":"032","COD_MANZA":2,"PISO":null,"actualizad":null}},
{"type":"Feature","geometry":{"type":"Point","coordinates":[-63.18627,9.77737]},"properties":{"id":null,"CONTROL":"2076","SERIE":"12","LINEA":"012","COD_SEG":"032","COD_MANZA":2,"PISO":null,"actualizad":null}},
{"type":"Feature","geometry":{"type":"Point","coordinates":[-63.18612,9.7773]},"properties":{"id":null,"CONTROL":"2076","SERIE":"11","LINEA":"011","COD_SEG":"032","COD_MANZA":2,"PISO":null,"actualizad":null}},
{"type":"Feature","geometry":{"type":"Point","coordinates":[-63.18598,9.77718]},"properties":{"id":null,"CONTROL":"2076","SERIE":"P-013","LINEA":"IGLESIA EVANGELICA","COD_SEG":"032","COD_MANZA":2,"PISO":null,"actualizad":null}},
{"type":"Feature","geometry":{"type":"Point","coordinates":[-63.18584,9.77712]},"properties":{"id":null,"CONTROL":"2076","SERIE":"10","LINEA":"010","COD_SEG":"032","COD_MANZA":2,"PISO":null,"actualizad":null}},
{"type":"Feature","geometry":{"type":"Point","coordinates":[-63.18573,9.77707]},"properties":{"id":null,"CONTROL":"2076","SERIE":"09","LINEA":"009","COD_SEG":"032","COD_MANZA":2,"PISO":null,"actualizad":null}},
{"type":"Feature","geometry":{"type":"Point","coordinates":[-63.18561,9.77696]},"properties":{"id":null,"CONTROL":"2076","SERIE":"08","LINEA":"008","COD_SEG":"032","COD_MANZA":2,"PISO":null,"actualizad":null}},
{"type":"Feature","geometry":{"type":"Point","coordinates":[-63.18547,9.77686]},"properties":{"id":null,"CONTROL":"2076","SERIE":"07","LINEA":"007","COD_SEG":"032","COD_MANZA":2,"PISO":null,"actualizad":null}},
{"type":"Feature","geometry":{"type":"Point","coordinates":[-63.18537,9.77668]},"properties":{"id":null,"CONTROL":"2076","SERIE":"06","LINEA":"006","COD_SEG":"032","COD_MANZA":2,"PISO":null,"actualizad":null}},
{"type":"Feature","geometry":{"type":"Point","coordinates":[-63.18515,9.7765]},"properties":{"id":null,"CONTROL":"2076","SERIE":"05","LINEA":"005","COD_SEG":"032","COD_MANZA":2,"PISO":null,"actualizad":null}},
{"type":"Feature","geometry":{"type":"Point","coordinates":[-63.18298,9.7735]},"properties":{"id":null,"CONTROL":"2076","SERIE":"01 N/E","LINEA":null,"COD_SEG":"032","COD_MANZA":2,"PISO":null,"actualizad":null}},
{"type":"Feature","geometry":{"type":"Point","coordinates":[-63.18322,9.77422]},"properties":{"id":null,"CONTROL":"2076","SERIE":"02","LINEA":"002","COD_SEG":"032","COD_MANZA":2,"PISO":null,"actualizad":null}},
{"type":"Feature","geometry":{"type":"Point","coordinates":[-63.18221,9.77314]},"properties":{"id":null,"CONTROL":"2076","SERIE":"03","LINEA":"003","COD_SEG":"032","COD_MANZA":2,"PISO":null,"actualizad":null}},
{"type":"Feature","geometry":{"type":"Point","coordinates":[-63.18274,9.77283]},"properties":{"id":null,"CONTROL":"2076","SERIE":"04","LINEA":"004","COD_SEG":"032","COD_MANZA":2,"PISO":null,"actualizad":null}},
{"type":"Feature","geometry":{"type":"Point","coordinates":[-63.2268,9.72782]},"properties":{"id":null,"CONTROL":"0026","SERIE":"01\n","LINEA":"184","COD_SEG":"005","COD_MANZA":9,"PISO":null,"actualizad":null}},
{"type":"Feature","geometry":{"type":"Point","coordinates":[-63.22688,9.72783]},"properties":{"id":null,"CONTROL":"0026","SERIE":"02\n","LINEA":"185","COD_SEG":"005","COD_MANZA":9,"PISO":null,"actualizad":null}},
{"type":"Feature","geometry":{"type":"Point","coordinates":[-63.22691,9.72801]},"properties":{"id":null,"CONTROL":"0026","SERIE":"03\n","LINEA":"186","COD_SEG":"005","COD_MANZA":9,"PISO":null,"actualizad":null}},
{"type":"Feature","geometry":{"type":"Point","coordinates":[-63.2268,9.72803]},"properties":{"id":null,"CONTROL":"0026","SERIE":"04\n","LINEA":"187","COD_SEG":"005","COD_MANZA":9,"PISO":null,"actualizad":null}},
{"type":"Feature","geometry":{"type":"Point","coordinates":[-63.22673,9.72803]},"properties":{"id":null,"CONTROL":"0026","SERIE":"05\n","LINEA":"188","COD_SEG":"005","COD_MANZA":9,"PISO":null,"actualizad":null}},
{"type":"Feature","geometry":{"type":"Point","coordinates":[-63.22663,9.72804]},"properties":{"id":null,"CONTROL":"0026","SERIE":"06\n","LINEA":"189","COD_SEG":"005","COD_MANZA":9,"PISO":null,"actualizad":null}},
{"type":"Feature","geometry":{"type":"Point","coordinates":[-63.22654,9.72805]},"properties":{"id":null,"CONTROL":"0026","SERIE":"07\n","LINEA":"190","COD_SEG":"005","COD_MANZA":9,"PISO":null,"actualizad":null}},
{"type":"Feature","geometry":{"type":"Point","coordinates":[-63.22645,9.72806]},"properties":{"id":null,"CONTROL":"0026","SERIE":"08\n","LINEA":"191","COD_SEG":"005","COD_MANZA":9,"PISO":null,"actualizad":null}},
{"type":"Feature","geometry":{"type":"Point","coordinates":[-63.22637,9.72806]},"properties":{"id":null,"CONTROL":"0026","SERIE":"09\n","LINEA":"192","COD_SEG":"005","COD_MANZA":9,"PISO":null,"actualizad":null}},
{"type":"Feature","geometry":{"type":"Point","coordinates":[-63.22628,9.72806]},"properties":{"id":null,"CONTROL":"0026","SERIE":"10\n","LINEA":"193","COD_SEG":"005","COD_MANZA":9,"PISO":null,"actualizad":null}},
{"type":"Feature","geometry":{"type":"Point","coordinates":[-63.22618,9.72808]},"properties":{"id":null,"CONTROL":"0026","SERIE":"11\n","LINEA":"194","COD_SEG":"005","COD_MANZA":9,"PISO":null,"actualizad":null}},
{"type":"Feature","geometry":{"type":"Point","coordinates":[-63.22608,9.72809]},"properties":{"id":null,"CONTROL":"0026","SERIE":"12\n","LINEA":"195","COD_SEG":"005","COD_MANZA":9,"PISO":null,"actualizad":null}},
{"type":"Feature","geometry":{"type":"Point","coordinates":[-63.226,9.7281]},"properties":{"id":null,"CONTROL":"0026","SERIE":"13\n","LINEA":"196","COD_SEG":"005","COD_MANZA":9,"PISO":null,"actualizad":null}},
{"type":"Feature","geometry":{"type":"Point","coordinates":[-63.22707,9.72736]},"properties":{"id":null,"CONTROL":"0026","SERIE":"14\n","LINEA":"197","COD_SEG":"005","COD_MANZA":10,"PISO":null,"actualizad":null}},
{"type":"Feature","geometry":{"type":"Point","coordinates":[-63.22716,9.72736]},"properties":{"id":null,"CONTROL":"0026","SERIE":"15\n","LINEA":"198","COD_SEG":"005","COD_MANZA":10,"PISO":null,"actualizad":null}},
{"type":"Feature","geometry":{"type":"Point","coordinates":[-63.22724,9.72736]},"properties":{"id":null,"CONTROL":"0026","SERIE":"16\n","LINEA":"199","COD_SEG":"005","COD_MANZA":10,"PISO":null,"actualizad":null}},
{"type":"Feature","geometry":{"type":"Point","coordinates":[-63.10574,10.10707]},"properties":{"id":null,"CONTROL":"0001","SERIE":"01","LINEA":"121","COD_SEG":"033","COD_MANZA":6,"PISO":null,"actualizad":null}},
{"type":"Feature","geometry":{"type":"Point","coordinates":[-63.10573,10.10698]},"properties":{"id":null,"CONTROL":"0001","SERIE":"02","LINEA":"122","COD_SEG":"033","COD_MANZA":6,"PISO":null,"actualizad":null}},
{"type":"Feature","geometry":{"type":"Point","coordinates":[-63.10573,10.1069]},"properties":{"id":null,"CONTROL":"0001","SERIE":"03","LINEA":"123","COD_SEG":"033","COD_MANZA":6,"PISO":null,"actualizad":null}},
{"type":"Feature","geometry":{"type":"Point","coordinates":[-63.10572,10.10684]},"properties":{"id":null,"CONTROL":"0001","SERIE":"04","LINEA":"124","COD_SEG":"033","COD_MANZA":6,"PISO":null,"actualizad":null}},
{"type":"Feature","geometry":{"type":"Point","coordinates":[-63.10571,10.10677]},"properties":{"id":null,"CONTROL":"0001","SERIE":"05","LINEA":"125","COD_SEG":"033","COD_MANZA":6,"PISO":null,"actualizad":null}},
{"type":"Feature","geometry":{"type":"Point","coordinates":[-63.1057,10.10664]},"properties":{"id":null,"CONTROL":"0001","SERIE":"06","LINEA":"126","COD_SEG":"033","COD_MANZA":6,"PISO":null,"actualizad":null}},
{"type":"Feature","geometry":{"type":"Point","coordinates":[-63.10569,10.10656]},"properties":{"id":null,"CONTROL":"0001","SERIE":"07","LINEA":"127","COD_SEG":"033","COD_MANZA":6,"PISO":null,"actualizad":null}},
{"type":"Feature","geometry":{"type":"Point","coordinates":[-63.10569,10.10649]},"properties":{"id":null,"CONTROL":"0001","SERIE":"08","LINEA":"128","COD_SEG":"033","COD_MANZA":6,"PISO":null,"actualizad":null}},
{"type":"Feature","geometry":{"type":"Point","coordinates":[-63.10569,10.10644]},"properties":{"id":null,"CONTROL":"0001","SERIE":"09","LINEA":"129","COD_SEG":"033","COD_MANZA":6,"PISO":null,"actualizad":null}},
{"type":"Feature","geometry":{"type":"Point","coordinates":[-63.10607,10.10655]},"properties":{"id":null,"CONTROL":"0001","SERIE":"10","LINEA":"130","COD_SEG":"033","COD_MANZA":6,"PISO":null,"actualizad":null}},
{"type":"Feature","geometry":{"type":"Point","coordinates":[-63.10608,10.10663]},"properties":{"id":null,"CONTROL":"0001","SERIE":"11","LINEA":"131","COD_SEG":"033","COD_MANZA":6,"PISO":null,"actualizad":null}},
{"type":"Feature","geometry":{"type":"Point","coordinates":[-63.10608,10.10672]},"properties":{"id":null,"CONTROL":"0001","SERIE":"12","LINEA":"132","COD_SEG":"033","COD_MANZA":6,"PISO":null,"actualizad":null}},
{"type":"Feature","geometry":{"type":"Point","coordinates":[-63.10609,10.10686]},"properties":{"id":null,"CONTROL":"0001","SERIE":"13","LINEA":"133","COD_SEG":"033","COD_MANZA":6,"PISO":null,"actualizad":null}},
{"type":"Feature","geometry":{"type":"Point","coordinates":[-63.1061,10.10694]},"properties":{"id":null,"CONTROL":"0001","SERIE":"14","LINEA":"134","COD_SEG":"033","COD_MANZA":6,"PISO":null,"actualizad":null}},
{"type":"Feature","geometry":{"type":"Point","coordinates":[-63.10611,10.10706]},"properties":{"id":null,"CONTROL":"0001","SERIE":"15","LINEA":"135","COD_SEG":"033","COD_MANZA":6,"PISO":null,"actualizad":null}},
{"type":"Feature","geometry":{"type":"Point","coordinates":[-63.20066,9.76703]},"properties":{"id":null,"CONTROL":"3029","SERIE":"01","LINEA":"114","COD_SEG":"045","COD_MANZA":3,"PISO":null,"actualizad":null}},
{"type":"Feature","geometry":{"type":"Point","coordinates":[-63.2007,9.767]},"properties":{"id":null,"CONTROL":"3029","SERIE":"02","LINEA":"115","COD_SEG":"045","COD_MANZA":3,"PISO":null,"actualizad":null}},
{"type":"Feature","geometry":{"type":"Point","coordinates":[-63.20134,9.76723]},"properties":{"id":null,"CONTROL":"3029","SERIE":"03","LINEA":"116","COD_SEG":"045","COD_MANZA":3,"PISO":null,"actualizad":null}},
{"type":"Feature","geometry":{"type":"Point","coordinates":[-63.20143,9.76716]},"properties":{"id":null,"CONTROL":"3029","SERIE":"04","LINEA":"117","COD_SEG":"045","COD_MANZA":3,"PISO":null,"actualizad":null}},
{"type":"Feature","geometry":{"type":"Point","coordinates":[-63.20148,9.76712]},"properties":{"id":null,"CONTROL":"3029","SERIE":"05","LINEA":"118","COD_SEG":"045","COD_MANZA":3,"PISO":null,"actualizad":null}},
{"type":"Feature","geometry":{"type":"Point","coordinates":[-63.20152,9.76708]},"properties":{"id":null,"CONTROL":"3029","SERIE":"06","LINEA":"119","COD_SEG":"045","COD_MANZA":3,"PISO":null,"actualizad":null}},
{"type":"Feature","geometry":{"type":"Point","coordinates":[-63.20157,9.76705]},"properties":{"id":null,"CONTROL":"3029","SERIE":"07","LINEA":"120","COD_SEG":"045","COD_MANZA":3,"PISO":null,"actualizad":null}},
{"type":"Feature","geometry":{"type":"Point","coordinates":[-63.20161,9.76702]},"properties":{"id":null,"CONTROL":"3029","SERIE":"08","LINEA":"121","COD_SEG":"045","COD_MANZA":3,"PISO":null,"actualizad":null}},
{"type":"Feature","geometry":{"type":"Point","coordinates":[-63.20166,9.76699]},"properties":{"id":null,"CONTROL":"3029","SERIE":"09","LINEA":"122","COD_SEG":"045","COD_MANZA":3,"PISO":null,"actualizad":null}},
{"type":"Feature","geometry":{"type":"Point","coordinates":[-63.20174,9.76692]},"properties":{"id":null,"CONTROL":"3029","SERIE":"10","LINEA":"123","COD_SEG":"045","COD_MANZA":3,"PISO":null,"actualizad":null}},
{"type":"Feature","geometry":{"type":"Point","coordinates":[-63.20179,9.76689]},"properties":{"id":null,"CONTROL":"3029","SERIE":"11","LINEA":"124","COD_SEG":"045","COD_MANZA":3,"PISO":null,"actualizad":null}},
{"type":"Feature","geometry":{"type":"Point","coordinates":[-63.20183,9.76686]},"properties":{"id":null,"CONTROL":"3029","SERIE":"12","LINEA":"125","COD_SEG":"045","COD_MANZA":3,"PISO":null,"actualizad":null}},
{"type":"Feature","geometry":{"type":"Point","coordinates":[-63.20188,9.76683]},"properties":{"id":null,"CONTROL":"3029","SERIE":"13","LINEA":"126","COD_SEG":"045","COD_MANZA":3,"PISO":null,"actualizad":null}},
{"type":"Feature","geometry":{"type":"Point","coordinates":[-63.20193,9.76679]},"properties":{"id":null,"CONTROL":"3029","SERIE":"14","LINEA":"127","COD_SEG":"045","COD_MANZA":3,"PISO":null,"actualizad":null}},
{"type":"Feature","geometry":{"type":"Point","coordinates":[-63.20197,9.76676]},"properties":{"id":null,"CONTROL":"3029","SERIE":"15","LINEA":"128","COD_SEG":"045","COD_MANZA":3,"PISO":null,"actualizad":null}},
{"type":"Feature","geometry":{"type":"Point","coordinates":[-63.23085,9.77272]},"properties":{"id":null,"CONTROL":"2077","SERIE":"01","LINEA":"192","COD_SEG":"055","COD_MANZA":13,"PISO":null,"actualizad":null}},
{"type":"Feature","geometry":{"type":"Point","coordinates":[-63.23087,9.77278]},"properties":{"id":null,"CONTROL":"2077","SERIE":"02","LINEA":"193","COD_SEG":"055","COD_MANZA":13,"PISO":null,"actualizad":null}},
{"type":"Feature","geometry":{"type":"Point","coordinates":[-63.23089,9.77283]},"properties":{"id":null,"CONTROL":"2077","SERIE":"03","LINEA":"194","COD_SEG":"055","COD_MANZA":13,"PISO":null,"actualizad":null}},
{"type":"Feature","geometry":{"type":"Point","coordinates":[-63.23091,9.77301]},"properties":{"id":null,"CONTROL":"2077","SERIE":"04","LINEA":"195","COD_SEG":"055","COD_MANZA":13,"PISO":null,"actualizad":null}},
{"type":"Feature","geometry":{"type":"Point","coordinates":[-63.23093,9.77308]},"properties":{"id":null,"CONTROL":"2077","SERIE":"05","LINEA":"196","COD_SEG":"055","COD_MANZA":13,"PISO":null,"actualizad":null}},
{"type":"Feature","geometry":{"type":"Point","coordinates":[-63.23095,9.77315]},"properties":{"id":null,"CONTROL":"2077","SERIE":"06","LINEA":"197","COD_SEG":"055","COD_MANZA":13,"PISO":null,"actualizad":null}},
{"type":"Feature","geometry":{"type":"Point","coordinates":[-63.23099,9.77325]},"properties":{"id":null,"CONTROL":"2077","SERIE":"07","LINEA":"198","COD_SEG":"055","COD_MANZA":13,"PISO":null,"actualizad":null}},
{"type":"Feature","geometry":{"type":"Point","coordinates":[-63.23099,9.77344]},"properties":{"id":null,"CONTROL":"2077","SERIE":"08","LINEA":"199","COD_SEG":"055","COD_MANZA":13,"PISO":null,"actualizad":null}},
{"type":"Feature","geometry":{"type":"Point","coordinates":[-63.231,9.77356]},"properties":{"id":null,"CONTROL":"2077","SERIE":"09","LINEA":"200","COD_SEG":"055","COD_MANZA":13,"PISO":null,"actualizad":null}},
{"type":"Feature","geometry":{"type":"Point","coordinates":[-63.23101,9.77368]},"properties":{"id":null,"CONTROL":"2077","SERIE":"10","LINEA":"201","COD_SEG":"055","COD_MANZA":13,"PISO":null,"actualizad":null}},
{"type":"Feature","geometry":{"type":"Point","coordinates":[-63.23091,9.77371]},"properties":{"id":null,"CONTROL":"2077","SERIE":"11","LINEA":"202","COD_SEG":"055","COD_MANZA":13,"PISO":null,"actualizad":null}},
{"type":"Feature","geometry":{"type":"Point","coordinates":[-63.23075,9.77375]},"properties":{"id":null,"CONTROL":"2077","SERIE":"12","LINEA":"203","COD_SEG":"055","COD_MANZA":13,"PISO":null,"actualizad":null}},
{"type":"Feature","geometry":{"type":"Point","coordinates":[-63.23056,9.77378]},"properties":{"id":null,"CONTROL":"2077","SERIE":"13","LINEA":"204","COD_SEG":"055","COD_MANZA":13,"PISO":null,"actualizad":null}},
{"type":"Feature","geometry":{"type":"Point","coordinates":[-63.23048,9.7738]},"properties":{"id":null,"CONTROL":"2077","SERIE":"14","LINEA":"205","COD_SEG":"055","COD_MANZA":13,"PISO":null,"actualizad":null}},
{"type":"Feature","geometry":{"type":"Point","coordinates":[-63.2304,9.77383]},"properties":{"id":null,"CONTROL":"2077","SERIE":"15","LINEA":"206","COD_SEG":"055","COD_MANZA":13,"PISO":null,"actualizad":null}},
{"type":"Feature","geometry":{"type":"Point","coordinates":[-63.54498,10.20488]},"properties":{"id":null,"CONTROL":"3002","SERIE":"01","LINEA":"109","COD_SEG":"001","COD_MANZA":6,"PISO":null,"actualizad":null}},
{"type":"Feature","geometry":{"type":"Point","coordinates":[-63.54485,10.20498]},"properties":{"id":null,"CONTROL":"3002","SERIE":"02","LINEA":"110","COD_SEG":"001","COD_MANZA":6,"PISO":null,"actualizad":null}},
{"type":"Feature","geometry":{"type":"Point","coordinates":[-63.54479,10.20508]},"properties":{"id":null,"CONTROL":"3002","SERIE":"03","LINEA":"111","COD_SEG":"001","COD_MANZA":6,"PISO":null,"actualizad":null}},
{"type":"Feature","geometry":{"type":"Point","coordinates":[-63.54469,10.20517]},"properties":{"id":null,"CONTROL":"3002","SERIE":"04","LINEA":"112","COD_SEG":"001","COD_MANZA":6,"PISO":null,"actualizad":null}},
{"type":"Feature","geometry":{"type":"Point","coordinates":[-63.54391,10.2051]},"properties":{"id":null,"CONTROL":"3002","SERIE":"05","LINEA":"113","COD_SEG":"001","COD_MANZA":7,"PISO":null,"actualizad":null}},
{"type":"Feature","geometry":{"type":"Point","coordinates":[-63.54399,10.20501]},"properties":{"id":null,"CONTROL":"3002","SERIE":"06","LINEA":"114","COD_SEG":"001","COD_MANZA":7,"PISO":null,"actualizad":null}},
{"type":"Feature","geometry":{"type":"Point","coordinates":[-63.54413,10.20492]},"properties":{"id":null,"CONTROL":"3002","SERIE":"07","LINEA":"115","COD_SEG":"001","COD_MANZA":7,"PISO":null,"actualizad":null}},
{"type":"Feature","geometry":{"type":"Point","coordinates":[-63.54418,10.20484]},"properties":{"id":null,"CONTROL":"3002","SERIE":"08","LINEA":"116","COD_SEG":"001","COD_MANZA":7,"PISO":null,"actualizad":null}},
{"type":"Feature","geometry":{"type":"Point","coordinates":[-63.54431,10.20474]},"properties":{"id":null,"CONTROL":"3002","SERIE":"09","LINEA":"117","COD_SEG":"001","COD_MANZA":7,"PISO":null,"actualizad":null}},
{"type":"Feature","geometry":{"type":"Point","coordinates":[-63.54442,10.20465]},"properties":{"id":null,"CONTROL":"3002","SERIE":"10","LINEA":"118","COD_SEG":"001","COD_MANZA":7,"PISO":null,"actualizad":null}},
{"type":"Feature","geometry":{"type":"Point","coordinates":[-63.54452,10.20454]},"properties":{"id":null,"CONTROL":"3002","SERIE":"11","LINEA":"119","COD_SEG":"001","COD_MANZA":7,"PISO":null,"actualizad":null}},
{"type":"Feature","geometry":{"type":"Point","coordinates":[-63.54476,10.20452]},"properties":{"id":null,"CONTROL":"3002","SERIE":"12","LINEA":"120","COD_SEG":"001","COD_MANZA":7,"PISO":null,"actualizad":null}},
{"type":"Feature","geometry":{"type":"Point","coordinates":[-63.54467,10.20462]},"properties":{"id":null,"CONTROL":"3002","SERIE":"13","LINEA":"122","COD_SEG":"001","COD_MANZA":7,"PISO":null,"actualizad":null}},
{"type":"Feature","geometry":{"type":"Point","coordinates":[-63.54458,10.20471]},"properties":{"id":null,"CONTROL":"3002","SERIE":"14","LINEA":"123","COD_SEG":"001","COD_MANZA":7,"PISO":null,"actualizad":null}},
{"type":"Feature","geometry":{"type":"Point","coordinates":[-63.54454,10.20475]},"properties":{"id":null,"CONTROL":"3002","SERIE":"15","LINEA":"123","COD_SEG":"001","COD_MANZA":7,"PISO":null,"actualizad":null}},
{"type":"Feature","geometry":{"type":"Point","coordinates":[-63.54448,10.20482]},"properties":{"id":null,"CONTROL":"3002","SERIE":"16","LINEA":"124","COD_SEG":"001","COD_MANZA":7,"PISO":null,"actualizad":null}},
{"type":"Feature","geometry":{"type":"Point","coordinates":[-63.20306,9.78258]},"properties":{"id":null,"CONTROL":"2053","SERIE":"01\n","LINEA":"151","COD_SEG":"011","COD_MANZA":2,"PISO":null,"actualizad":null}},
{"type":"Feature","geometry":{"type":"Point","coordinates":[-63.20312,9.78257]},"properties":{"id":null,"CONTROL":"2053","SERIE":"02","LINEA":"152","COD_SEG":"011","COD_MANZA":2,"PISO":null,"actualizad":null}},
{"type":"Feature","geometry":{"type":"Point","coordinates":[-63.20317,9.78257]},"properties":{"id":null,"CONTROL":"2053","SERIE":"03","LINEA":"153","COD_SEG":"011","COD_MANZA":2,"PISO":null,"actualizad":null}},
{"type":"Feature","geometry":{"type":"Point","coordinates":[-63.20322,9.78257]},"properties":{"id":null,"CONTROL":"2053","SERIE":"04","LINEA":"154","COD_SEG":"011","COD_MANZA":2,"PISO":null,"actualizad":null}},
{"type":"Feature","geometry":{"type":"Point","coordinates":[-63.20327,9.78257]},"properties":{"id":null,"CONTROL":"2053","SERIE":"05","LINEA":"155","COD_SEG":"011","COD_MANZA":2,"PISO":null,"actualizad":null}},
{"type":"Feature","geometry":{"type":"Point","coordinates":[-63.20334,9.78257]},"properties":{"id":null,"CONTROL":"2053","SERIE":"06","LINEA":"156","COD_SEG":"011","COD_MANZA":2,"PISO":null,"actualizad":null}},
{"type":"Feature","geometry":{"type":"Point","coordinates":[-63.20341,9.78257]},"properties":{"id":null,"CONTROL":"2053","SERIE":"07","LINEA":"157","COD_SEG":"011","COD_MANZA":2,"PISO":null,"actualizad":null}},
{"type":"Feature","geometry":{"type":"Point","coordinates":[-63.20348,9.78256]},"properties":{"id":null,"CONTROL":"2053","SERIE":"08","LINEA":"158","COD_SEG":"011","COD_MANZA":2,"PISO":null,"actualizad":null}},
{"type":"Feature","geometry":{"type":"Point","coordinates":[-63.20356,9.78256]},"properties":{"id":null,"CONTROL":"2053","SERIE":"09","LINEA":"159","COD_SEG":"011","COD_MANZA":2,"PISO":null,"actualizad":null}},
{"type":"Feature","geometry":{"type":"Point","coordinates":[-63.20365,9.78255]},"properties":{"id":null,"CONTROL":"2053","SERIE":"10","LINEA":"160","COD_SEG":"011","COD_MANZA":2,"PISO":null,"actualizad":null}},
{"type":"Feature","geometry":{"type":"Point","coordinates":[-63.20374,9.78256]},"properties":{"id":null,"CONTROL":"2053","SERIE":"11","LINEA":"161","COD_SEG":"011","COD_MANZA":2,"PISO":null,"actualizad":null}},
{"type":"Feature","geometry":{"type":"Point","coordinates":[-63.2039,9.78257]},"properties":{"id":null,"CONTROL":"2053","SERIE":"12\n","LINEA":"162","COD_SEG":"011","COD_MANZA":2,"PISO":null,"actualizad":null}},
{"type":"Feature","geometry":{"type":"Point","coordinates":[-63.20391,9.78272]},"properties":{"id":null,"CONTROL":"2053","SERIE":"13","LINEA":"163","COD_SEG":"011","COD_MANZA":2,"PISO":null,"actualizad":null}},
{"type":"Feature","geometry":{"type":"Point","coordinates":[-63.20395,9.78257]},"properties":{"id":null,"CONTROL":"2053","SERIE":"14","LINEA":"164","COD_SEG":"011","COD_MANZA":2,"PISO":null,"actualizad":null}},
{"type":"Feature","geometry":{"type":"Point","coordinates":[-63.20402,9.78256]},"properties":{"id":null,"CONTROL":"2053","SERIE":"15","LINEA":"165","COD_SEG":"011","COD_MANZA":2,"PISO":null,"actualizad":null}},
{"type":"Feature","geometry":{"type":"Point","coordinates":[-62.64456,9.00212]},"properties":{"id":null,"CONTROL":"2087","SERIE":"01","LINEA":"061","COD_SEG":"031","COD_MANZA":4,"PISO":null,"actualizad":null}},
{"type":"Feature","geometry":{"type":"Point","coordinates":[-62.64456,9.00224]},"properties":{"id":null,"CONTROL":"2087","SERIE":"02","LINEA":"062","COD_SEG":"031","COD_MANZA":4,"PISO":null,"actualizad":null}},
{"type":"Feature","geometry":{"type":"Point","coordinates":[-62.64459,9.00234]},"properties":{"id":null,"CONTROL":"2087","SERIE":"03","LINEA":"063","COD_SEG":"031","COD_MANZA":4,"PISO":null,"actualizad":null}},
{"type":"Feature","geometry":{"type":"Point","coordinates":[-62.64461,9.00244]},"properties":{"id":null,"CONTROL":"2087","SERIE":"04","LINEA":"064","COD_SEG":"031","COD_MANZA":4,"PISO":null,"actualizad":null}},
{"type":"Feature","geometry":{"type":"Point","coordinates":[-62.6446,9.00256]},"properties":{"id":null,"CONTROL":"2087","SERIE":"05","LINEA":"065","COD_SEG":"031","COD_MANZA":4,"PISO":null,"actualizad":null}},
{"type":"Feature","geometry":{"type":"Point","coordinates":[-62.64462,9.00266]},"properties":{"id":null,"CONTROL":"2087","SERIE":"06","LINEA":"066","COD_SEG":"031","COD_MANZA":4,"PISO":null,"actualizad":null}},
{"type":"Feature","geometry":{"type":"Point","coordinates":[-62.64462,9.00277]},"properties":{"id":null,"CONTROL":"2087","SERIE":"07","LINEA":"067","COD_SEG":"031","COD_MANZA":4,"PISO":null,"actualizad":null}},
{"type":"Feature","geometry":{"type":"Point","coordinates":[-62.64463,9.00288]},"properties":{"id":null,"CONTROL":"2087","SERIE":"08","LINEA":"068","COD_SEG":"031","COD_MANZA":4,"PISO":null,"actualizad":null}},
{"type":"Feature","geometry":{"type":"Point","coordinates":[-62.64465,9.003]},"properties":{"id":null,"CONTROL":"2087","SERIE":"09","LINEA":"069","COD_SEG":"031","COD_MANZA":4,"PISO":null,"actualizad":null}},
{"type":"Feature","geometry":{"type":"Point","coordinates":[-62.64467,9.00316]},"properties":{"id":null,"CONTROL":"2087","SERIE":"10","LINEA":"070","COD_SEG":"031","COD_MANZA":4,"PISO":null,"actualizad":null}},
{"type":"Feature","geometry":{"type":"Point","coordinates":[-62.64475,9.0036]},"properties":{"id":null,"CONTROL":"2087","SERIE":"CASA COMUNITARIA INTEGRAL JOSE ALFREDO BERNAL","LINEA":null,"COD_SEG":"031","COD_MANZA":4,"PISO":null,"actualizad":null}},
{"type":"Feature","geometry":{"type":"Point","coordinates":[-62.64456,9.00365]},"properties":{"id":null,"CONTROL":"2087","SERIE":"IGLESIA EVANGELICA \"LA GRAN UNCION\"","LINEA":null,"COD_SEG":"031","COD_MANZA":4,"PISO":null,"actualizad":null}},
{"type":"Feature","geometry":{"type":"Point","coordinates":[-62.64496,9.00257]},"properties":{"id":null,"CONTROL":"2087","SERIE":"TOMA DE AGUA","LINEA":null,"COD_SEG":"031","COD_MANZA":4,"PISO":null,"actualizad":null}},
{"type":"Feature","geometry":{"type":"Point","coordinates":[-62.6441,9.00364]},"properties":{"id":null,"CONTROL":"2087","SERIE":"11","LINEA":"071","COD_SEG":"031","COD_MANZA":4,"PISO":null,"actualizad":null}},
{"type":"Feature","geometry":{"type":"Point","coordinates":[-62.64403,9.00364]},"properties":{"id":null,"CONTROL":"2087","SERIE":"12","LINEA":"072","COD_SEG":"031","COD_MANZA":5,"PISO":null,"actualizad":null}},
{"type":"Feature","geometry":{"type":"Point","coordinates":[-62.64392,9.00366]},"properties":{"id":null,"CONTROL":"2087","SERIE":"13","LINEA":"073","COD_SEG":"031","COD_MANZA":5,"PISO":null,"actualizad":null}},
{"type":"Feature","geometry":{"type":"Point","coordinates":[-62.64381,9.00368]},"properties":{"id":null,"CONTROL":"2087","SERIE":"14","LINEA":"074","COD_SEG":"031","COD_MANZA":5,"PISO":null,"actualizad":null}},
{"type":"Feature","geometry":{"type":"Point","coordinates":[-62.6437,9.00369]},"properties":{"id":null,"CONTROL":"2087","SERIE":"15","LINEA":"075","COD_SEG":"031","COD_MANZA":5,"PISO":null,"actualizad":null}},
{"type":"Feature","geometry":{"type":"Point","coordinates":[-63.18308,9.778]},"properties":{"id":null,"CONTROL":"0043","SERIE":"01","LINEA":"162","COD_SEG":"032","COD_MANZA":2,"PISO":null,"actualizad":null}},
{"type":"Feature","geometry":{"type":"Point","coordinates":[-63.18325,9.77793]},"properties":{"id":null,"CONTROL":"0043","SERIE":"02","LINEA":"163","COD_SEG":"032","COD_MANZA":2,"PISO":null,"actualizad":null}},
{"type":"Feature","geometry":{"type":"Point","coordinates":[-63.1833,9.77809]},"properties":{"id":null,"CONTROL":"0043","SERIE":"03\n","LINEA":"164","COD_SEG":"032","COD_MANZA":2,"PISO":null,"actualizad":null}},
{"type":"Feature","geometry":{"type":"Point","coordinates":[-63.18326,9.77818]},"properties":{"id":null,"CONTROL":"0043","SERIE":"05","LINEA":"166","COD_SEG":"032","COD_MANZA":2,"PISO":null,"actualizad":null}},
{"type":"Feature","geometry":{"type":"Point","coordinates":[-63.18322,9.77833]},"properties":{"id":null,"CONTROL":"0043","SERIE":"06","LINEA":"178","COD_SEG":"032","COD_MANZA":2,"PISO":null,"actualizad":null}},
{"type":"Feature","geometry":{"type":"Point","coordinates":[-63.18331,9.7785]},"properties":{"id":null,"CONTROL":"0043","SERIE":"07","LINEA":"167","COD_SEG":"032","COD_MANZA":2,"PISO":null,"actualizad":null}},
{"type":"Feature","geometry":{"type":"Point","coordinates":[-63.18338,9.77854]},"properties":{"id":null,"CONTROL":"0043","SERIE":"08","LINEA":"168","COD_SEG":"032","COD_MANZA":2,"PISO":null,"actualizad":null}},
{"type":"Feature","geometry":{"type":"Point","coordinates":[-63.18347,9.77856]},"properties":{"id":null,"CONTROL":"0043","SERIE":"09","LINEA":"169","COD_SEG":"032","COD_MANZA":2,"PISO":null,"actualizad":null}},
{"type":"Feature","geometry":{"type":"Point","coordinates":[-63.18357,9.77858]},"properties":{"id":null,"CONTROL":"0043","SERIE":"10","LINEA":"170","COD_SEG":"032","COD_MANZA":2,"PISO":null,"actualizad":null}},
{"type":"Feature","geometry":{"type":"Point","coordinates":[-63.18367,9.77858]},"properties":{"id":null,"CONTROL":"0043","SERIE":"11","LINEA":"171","COD_SEG":"032","COD_MANZA":2,"PISO":null,"actualizad":null}},
{"type":"Feature","geometry":{"type":"Point","coordinates":[-63.18376,9.77861]},"properties":{"id":null,"CONTROL":"0043","SERIE":"12","LINEA":"172","COD_SEG":"032","COD_MANZA":2,"PISO":null,"actualizad":null}},
{"type":"Feature","geometry":{"type":"Point","coordinates":[-63.18389,9.77864]},"properties":{"id":null,"CONTROL":"0043","SERIE":"13","LINEA":"173","COD_SEG":"032","COD_MANZA":2,"PISO":null,"actualizad":null}},
{"type":"Feature","geometry":{"type":"Point","coordinates":[-63.18395,9.77889]},"properties":{"id":null,"CONTROL":"0043","SERIE":"15","LINEA":"177","COD_SEG":"032","COD_MANZA":2,"PISO":null,"actualizad":null}},
{"type":"Feature","geometry":{"type":"Point","coordinates":[-63.184,9.77902]},"properties":{"id":null,"CONTROL":"0043","SERIE":"14","LINEA":"174","COD_SEG":"032","COD_MANZA":2,"PISO":null,"actualizad":null}},
{"type":"Feature","geometry":{"type":"Point","coordinates":[-63.18384,9.77901]},"properties":{"id":null,"CONTROL":"0043","SERIE":"16","LINEA":"175","COD_SEG":"032","COD_MANZA":2,"PISO":null,"actualizad":null}},
{"type":"Feature","geometry":{"type":"Point","coordinates":[-63.18374,9.77902]},"properties":{"id":null,"CONTROL":"0043","SERIE":"17\n","LINEA":"176","COD_SEG":"032","COD_MANZA":2,"PISO":null,"actualizad":null}},
{"type":"Feature","geometry":{"type":"Point","coordinates":[-63.18332,9.77792]},"properties":{"id":null,"CONTROL":"0043","SERIE":"18","LINEA":"179","COD_SEG":"032","COD_MANZA":2,"PISO":null,"actualizad":null}},
{"type":"Feature","geometry":{"type":"Point","coordinates":[-62.64714,9.02039]},"properties":{"id":null,"CONTROL":"0078","SERIE":"03 LOCALES COMERCIALES\n","LINEA":null,"COD_SEG":"003","COD_MANZA":7,"PISO":null,"actualizad":null}},
{"type":"Feature","geometry":{"type":"Point","coordinates":[-62.64707,9.0201]},"properties":{"id":null,"CONTROL":"0078","SERIE":"04","LINEA":"178","COD_SEG":"003","COD_MANZA":7,"PISO":null,"actualizad":null}},
{"type":"Feature","geometry":{"type":"Point","coordinates":[-62.64694,9.01976]},"properties":{"id":null,"CONTROL":"0078","SERIE":"05 LOCALES COMERCIALES\n","LINEA":"179","COD_SEG":"003","COD_MANZA":7,"PISO":null,"actualizad":null}},
{"type":"Feature","geometry":{"type":"Point","coordinates":[-62.64679,9.01942]},"properties":{"id":null,"CONTROL":"0078","SERIE":"06","LINEA":"180","COD_SEG":"003","COD_MANZA":7,"PISO":null,"actualizad":null}},
{"type":"Feature","geometry":{"type":"Point","coordinates":[-62.64817,9.01996]},"properties":{"id":null,"CONTROL":"0078","SERIE":"07 CONSTRUCCION\n","LINEA":"166","COD_SEG":"003","COD_MANZA":7,"PISO":null,"actualizad":null}},
{"type":"Feature","geometry":{"type":"Point","coordinates":[-62.64785,9.02012]},"properties":{"id":null,"CONTROL":"0078","SERIE":"08 RANCHO DE MADERA\n","LINEA":"167","COD_SEG":"003","COD_MANZA":7,"PISO":null,"actualizad":null}},
{"type":"Feature","geometry":{"type":"Point","coordinates":[-62.64763,9.02021]},"properties":{"id":null,"CONTROL":"0078","SERIE":"09 CONSTRUCCION\n","LINEA":"168","COD_SEG":"003","COD_MANZA":7,"PISO":null,"actualizad":null}},
{"type":"Feature","geometry":{"type":"Point","coordinates":[-62.64749,9.02022]},"properties":{"id":null,"CONTROL":"0078","SERIE":"10","LINEA":"169","COD_SEG":"003","COD_MANZA":7,"PISO":null,"actualizad":null}},
{"type":"Feature","geometry":{"type":"Point","coordinates":[-62.6474,9.02025]},"properties":{"id":null,"CONTROL":"0078","SERIE":"11 RANCHO","LINEA":"170","COD_SEG":"003","COD_MANZA":7,"PISO":null,"actualizad":null}},
{"type":"Feature","geometry":{"type":"Point","coordinates":[-62.64737,9.02027]},"properties":{"id":null,"CONTROL":"0078","SERIE":"12 RANCHO\n","LINEA":"171","COD_SEG":"003","COD_MANZA":7,"PISO":null,"actualizad":null}},
{"type":"Feature","geometry":{"type":"Point","coordinates":[-62.64733,9.0203]},"properties":{"id":null,"CONTROL":"0078","SERIE":"13 RANCHO\n","LINEA":"172","COD_SEG":"003","COD_MANZA":7,"PISO":null,"actualizad":null}},
{"type":"Feature","geometry":{"type":"Point","coordinates":[-62.64728,9.02033]},"properties":{"id":null,"CONTROL":"0078","SERIE":"14 RANCHO\n","LINEA":"173","COD_SEG":"003","COD_MANZA":7,"PISO":null,"actualizad":null}},
{"type":"Feature","geometry":{"type":"Point","coordinates":[-62.64734,9.02086]},"properties":{"id":null,"CONTROL":"0078","SERIE":"01 FUERA DE AREA\n","LINEA":null,"COD_SEG":"003","COD_MANZA":7,"PISO":null,"actualizad":null}},
{"type":"Feature","geometry":{"type":"Point","coordinates":[-62.64726,9.02069]},"properties":{"id":null,"CONTROL":"0078","SERIE":"02 FUERA DE AREA\n","LINEA":null,"COD_SEG":"003","COD_MANZA":7,"PISO":null,"actualizad":null}},
{"type":"Feature","geometry":{"type":"Point","coordinates":[-63.15822,9.73354]},"properties":{"id":null,"CONTROL":"2064","SERIE":"02\n","LINEA":"046","COD_SEG":"117","COD_MANZA":1,"PISO":null,"actualizad":null}},
{"type":"Feature","geometry":{"type":"Point","coordinates":[-63.15804,9.73358]},"properties":{"id":null,"CONTROL":"2064","SERIE":"03\n","LINEA":"047","COD_SEG":"117","COD_MANZA":1,"PISO":null,"actualizad":null}},
{"type":"Feature","geometry":{"type":"Point","coordinates":[-63.15803,9.7335]},"properties":{"id":null,"CONTROL":"2064","SERIE":"04\n","LINEA":"048","COD_SEG":"117","COD_MANZA":1,"PISO":null,"actualizad":null}},
{"type":"Feature","geometry":{"type":"Point","coordinates":[-63.15801,9.73339]},"properties":{"id":null,"CONTROL":"2064","SERIE":"05\n","LINEA":"049","COD_SEG":"117","COD_MANZA":1,"PISO":null,"actualizad":null}},
{"type":"Feature","geometry":{"type":"Point","coordinates":[-63.158,9.73327]},"properties":{"id":null,"CONTROL":"2064","SERIE":"06\n","LINEA":"050","COD_SEG":"117","COD_MANZA":1,"PISO":null,"actualizad":null}},
{"type":"Feature","geometry":{"type":"Point","coordinates":[-63.15786,9.73364]},"properties":{"id":null,"CONTROL":"2064","SERIE":"07\n","LINEA":"051","COD_SEG":"117","COD_MANZA":1,"PISO":null,"actualizad":null}},
{"type":"Feature","geometry":{"type":"Point","coordinates":[-63.15786,9.73358]},"properties":{"id":null,"CONTROL":"2064","SERIE":"08\n","LINEA":"052","COD_SEG":"117","COD_MANZA":1,"PISO":null,"actualizad":null}},
{"type":"Feature","geometry":{"type":"Point","coordinates":[-63.15786,9.73351]},"properties":{"id":null,"CONTROL":"2064","SERIE":"09\n","LINEA":"053","COD_SEG":"117","COD_MANZA":1,"PISO":null,"actualizad":null}},
{"type":"Feature","geometry":{"type":"Point","coordinates":[-63.15785,9.73342]},"properties":{"id":null,"CONTROL":"2064","SERIE":"10\n","LINEA":"054","COD_SEG":"117","COD_MANZA":1,"PISO":null,"actualizad":null}},
{"type":"Feature","geometry":{"type":"Point","coordinates":[-63.15785,9.73332]},"properties":{"id":null,"CONTROL":"2064","SERIE":"11\n","LINEA":"055","COD_SEG":"117","COD_MANZA":1,"PISO":null,"actualizad":null}},
{"type":"Feature","geometry":{"type":"Point","coordinates":[-63.15711,9.73363]},"properties":{"id":null,"CONTROL":"2064","SERIE":"12\n","LINEA":"056","COD_SEG":"117","COD_MANZA":1,"PISO":null,"actualizad":null}},
{"type":"Feature","geometry":{"type":"Point","coordinates":[-63.15709,9.73335]},"properties":{"id":null,"CONTROL":"2064","SERIE":"13\n","LINEA":"057","COD_SEG":"117","COD_MANZA":1,"PISO":null,"actualizad":null}},
{"type":"Feature","geometry":{"type":"Point","coordinates":[-63.15672,9.73359]},"properties":{"id":null,"CONTROL":"2064","SERIE":"14\n","LINEA":"058","COD_SEG":"117","COD_MANZA":1,"PISO":null,"actualizad":null}},
{"type":"Feature","geometry":{"type":"Point","coordinates":[-63.15662,9.73361]},"properties":{"id":null,"CONTROL":"2064","SERIE":"15\n","LINEA":"059","COD_SEG":"117","COD_MANZA":1,"PISO":null,"actualizad":null}},
{"type":"Feature","geometry":{"type":"Point","coordinates":[-63.15812,9.7329]},"properties":{"id":null,"CONTROL":"2064","SERIE":"01\n","LINEA":"045","COD_SEG":"117","COD_MANZA":1,"PISO":null,"actualizad":null}},
{"type":"Feature","geometry":{"type":"Point","coordinates":[-63.12476,9.76989]},"properties":{"id":null,"CONTROL":"2078","SERIE":"01\n","LINEA":"109","COD_SEG":"038","COD_MANZA":11,"PISO":null,"actualizad":null}},
{"type":"Feature","geometry":{"type":"Point","coordinates":[-63.12484,9.77]},"properties":{"id":null,"CONTROL":"2078","SERIE":"02\n","LINEA":"110","COD_SEG":"038","COD_MANZA":11,"PISO":null,"actualizad":null}},
{"type":"Feature","geometry":{"type":"Point","coordinates":[-63.12447,9.77063]},"properties":{"id":null,"CONTROL":"2078","SERIE":"04\n","LINEA":"112","COD_SEG":"038","COD_MANZA":12,"PISO":null,"actualizad":null}},
{"type":"Feature","geometry":{"type":"Point","coordinates":[-63.12463,9.77052]},"properties":{"id":null,"CONTROL":"2078","SERIE":"05","LINEA":"113","COD_SEG":"038","COD_MANZA":12,"PISO":null,"actualizad":null}},
{"type":"Feature","geometry":{"type":"Point","coordinates":[-63.12495,9.77035]},"properties":{"id":null,"CONTROL":"2078","SERIE":"06\n","LINEA":"114","COD_SEG":"038","COD_MANZA":12,"PISO":null,"actualizad":null}},
{"type":"Feature","geometry":{"type":"Point","coordinates":[-63.12511,9.77039]},"properties":{"id":null,"CONTROL":"2078","SERIE":"07\n","LINEA":"115","COD_SEG":"038","COD_MANZA":12,"PISO":null,"actualizad":null}},
{"type":"Feature","geometry":{"type":"Point","coordinates":[-63.12522,9.77055]},"properties":{"id":null,"CONTROL":"2078","SERIE":"17\n","LINEA":"125","COD_SEG":"038","COD_MANZA":12,"PISO":null,"actualizad":null}},
{"type":"Feature","geometry":{"type":"Point","coordinates":[-63.12509,9.77067]},"properties":{"id":null,"CONTROL":"2078","SERIE":"08","LINEA":"116","COD_SEG":"038","COD_MANZA":12,"PISO":null,"actualizad":null}},
{"type":"Feature","geometry":{"type":"Point","coordinates":[-63.12495,9.77071]},"properties":{"id":null,"CONTROL":"2078","SERIE":"09\n","LINEA":"117","COD_SEG":"038","COD_MANZA":12,"PISO":null,"actualizad":null}},
{"type":"Feature","geometry":{"type":"Point","coordinates":[-63.12484,9.77078]},"properties":{"id":null,"CONTROL":"2078","SERIE":"10\n","LINEA":"118","COD_SEG":"038","COD_MANZA":12,"PISO":null,"actualizad":null}},
{"type":"Feature","geometry":{"type":"Point","coordinates":[-63.12472,9.77083]},"properties":{"id":null,"CONTROL":"2078","SERIE":"11\n","LINEA":"119","COD_SEG":"038","COD_MANZA":12,"PISO":null,"actualizad":null}},
{"type":"Feature","geometry":{"type":"Point","coordinates":[-63.12462,9.77089]},"properties":{"id":null,"CONTROL":"2078","SERIE":"12\n","LINEA":"120","COD_SEG":"038","COD_MANZA":12,"PISO":null,"actualizad":null}},
{"type":"Feature","geometry":{"type":"Point","coordinates":[-63.12447,9.77098]},"properties":{"id":null,"CONTROL":"2078","SERIE":"13\n","LINEA":"121","COD_SEG":"038","COD_MANZA":12,"PISO":null,"actualizad":null}},
{"type":"Feature","geometry":{"type":"Point","coordinates":[-63.12477,9.77131]},"properties":{"id":null,"CONTROL":"2078","SERIE":"14\n","LINEA":"122","COD_SEG":"038","COD_MANZA":13,"PISO":null,"actualizad":null}},
{"type":"Feature","geometry":{"type":"Point","coordinates":[-63.12468,9.77116]},"properties":{"id":null,"CONTROL":"2078","SERIE":"16\n","LINEA":"124","COD_SEG":"038","COD_MANZA":13,"PISO":null,"actualizad":null}},
{"type":"Feature","geometry":{"type":"Point","coordinates":[-63.14308,9.74602]},"properties":{"id":null,"CONTROL":"3034","SERIE":"01","LINEA":"085","COD_SEG":"093","COD_MANZA":5,"PISO":null,"actualizad":null}},
{"type":"Feature","geometry":{"type":"Point","coordinates":[-63.14303,9.74608]},"properties":{"id":null,"CONTROL":"3034","SERIE":"02","LINEA":"086","COD_SEG":"093","COD_MANZA":5,"PISO":null,"actualizad":null}},
{"type":"Feature","geometry":{"type":"Point","coordinates":[-63.143,9.74618]},"properties":{"id":null,"CONTROL":"3034","SERIE":"03","LINEA":"087","COD_SEG":"093","COD_MANZA":5,"PISO":null,"actualizad":null}},
{"type":"Feature","geometry":{"type":"Point","coordinates":[-63.14298,9.74627]},"properties":{"id":null,"CONTROL":"3034","SERIE":"04","LINEA":"088","COD_SEG":"093","COD_MANZA":5,"PISO":null,"actualizad":null}},
{"type":"Feature","geometry":{"type":"Point","coordinates":[-63.14297,9.74635]},"properties":{"id":null,"CONTROL":"3034","SERIE":"05","LINEA":"089","COD_SEG":"093","COD_MANZA":5,"PISO":null,"actualizad":null}},
{"type":"Feature","geometry":{"type":"Point","coordinates":[-63.14294,9.74645]},"properties":{"id":null,"CONTROL":"3034","SERIE":"06","LINEA":"090","COD_SEG":"093","COD_MANZA":5,"PISO":null,"actualizad":null}},
{"type":"Feature","geometry":{"type":"Point","coordinates":[-63.14291,9.74651]},"properties":{"id":null,"CONTROL":"3034","SERIE":"07","LINEA":"091","COD_SEG":"093","COD_MANZA":5,"PISO":null,"actualizad":null}},
{"type":"Feature","geometry":{"type":"Point","coordinates":[-63.1429,9.74657]},"properties":{"id":null,"CONTROL":"3034","SERIE":"08","LINEA":"092","COD_SEG":"093","COD_MANZA":5,"PISO":null,"actualizad":null}},
{"type":"Feature","geometry":{"type":"Point","coordinates":[-63.14286,9.74671]},"properties":{"id":null,"CONTROL":"3034","SERIE":"10","LINEA":"094","COD_SEG":"093","COD_MANZA":5,"PISO":null,"actualizad":null}},
{"type":"Feature","geometry":{"type":"Point","coordinates":[-63.14286,9.7468]},"properties":{"id":null,"CONTROL":"3034","SERIE":"11","LINEA":"095","COD_SEG":"093","COD_MANZA":5,"PISO":null,"actualizad":null}},
{"type":"Feature","geometry":{"type":"Point","coordinates":[-63.14286,9.7469]},"properties":{"id":null,"CONTROL":"3034","SERIE":"12","LINEA":"096","COD_SEG":"093","COD_MANZA":5,"PISO":null,"actualizad":null}},
{"type":"Feature","geometry":{"type":"Point","coordinates":[-63.14287,9.74699]},"properties":{"id":null,"CONTROL":"3034","SERIE":"13","LINEA":"097","COD_SEG":"093","COD_MANZA":5,"PISO":null,"actualizad":null}},
{"type":"Feature","geometry":{"type":"Point","coordinates":[-63.14444,9.7454]},"properties":{"id":null,"CONTROL":"3034","SERIE":"14","LINEA":"098","COD_SEG":"093","COD_MANZA":6,"PISO":null,"actualizad":null}},
{"type":"Feature","geometry":{"type":"Point","coordinates":[-63.14738,9.9191]},"properties":{"id":null,"CONTROL":"3044","SERIE":"01","LINEA":"031","COD_SEG":"009","COD_MANZA":1,"PISO":null,"actualizad":null}},
{"type":"Feature","geometry":{"type":"Point","coordinates":[-63.1476,9.91924]},"properties":{"id":null,"CONTROL":"3044","SERIE":"02","LINEA":"032","COD_SEG":"009","COD_MANZA":1,"PISO":null,"actualizad":null}},
{"type":"Feature","geometry":{"type":"Point","coordinates":[-63.14797,9.91971]},"properties":{"id":null,"CONTROL":"3044","SERIE":"03","LINEA":"033","COD_SEG":"009","COD_MANZA":1,"PISO":null,"actualizad":null}},
{"type":"Feature","geometry":{"type":"Point","coordinates":[-63.1487,9.91979]},"properties":{"id":null,"CONTROL":"3044","SERIE":"04","LINEA":"034","COD_SEG":"009","COD_MANZA":1,"PISO":null,"actualizad":null}},
{"type":"Feature","geometry":{"type":"Point","coordinates":[-63.14905,9.92003]},"properties":{"id":null,"CONTROL":"3044","SERIE":"05","LINEA":"035","COD_SEG":"009","COD_MANZA":1,"PISO":null,"actualizad":null}},
{"type":"Feature","geometry":{"type":"Point","coordinates":[-63.14917,9.92009]},"properties":{"id":null,"CONTROL":"3044","SERIE":"06","LINEA":"036","COD_SEG":"009","COD_MANZA":1,"PISO":null,"actualizad":null}},
{"type":"Feature","geometry":{"type":"Point","coordinates":[-63.14937,9.92021]},"properties":{"id":null,"CONTROL":"3044","SERIE":"07","LINEA":"037","COD_SEG":"009","COD_MANZA":1,"PISO":null,"actualizad":null}},
{"type":"Feature","geometry":{"type":"Point","coordinates":[-63.14964,9.92025]},"properties":{"id":null,"CONTROL":"3044","SERIE":"08","LINEA":"038","COD_SEG":"009","COD_MANZA":1,"PISO":null,"actualizad":null}},
{"type":"Feature","geometry":{"type":"Point","coordinates":[-63.14981,9.92032]},"properties":{"id":null,"CONTROL":"3044","SERIE":"09","LINEA":"039","COD_SEG":"009","COD_MANZA":1,"PISO":null,"actualizad":null}},
{"type":"Feature","geometry":{"type":"Point","coordinates":[-63.14979,9.9205]},"properties":{"id":null,"CONTROL":"3044","SERIE":"10","LINEA":"040","COD_SEG":"009","COD_MANZA":1,"PISO":null,"actualizad":null}},
{"type":"Feature","geometry":{"type":"Point","coordinates":[-63.14979,9.92067]},"properties":{"id":null,"CONTROL":"3044","SERIE":"11","LINEA":"041","COD_SEG":"009","COD_MANZA":1,"PISO":null,"actualizad":null}},
{"type":"Feature","geometry":{"type":"Point","coordinates":[-63.14979,9.92092]},"properties":{"id":null,"CONTROL":"3044","SERIE":"12","LINEA":"042","COD_SEG":"009","COD_MANZA":1,"PISO":null,"actualizad":null}},
{"type":"Feature","geometry":{"type":"Point","coordinates":[-63.14979,9.92138]},"properties":{"id":null,"CONTROL":"3044","SERIE":"13","LINEA":"043","COD_SEG":"009","COD_MANZA":1,"PISO":null,"actualizad":null}},
{"type":"Feature","geometry":{"type":"Point","coordinates":[-63.1495,9.92181]},"properties":{"id":null,"CONTROL":"3044","SERIE":"14","LINEA":"044","COD_SEG":"009","COD_MANZA":1,"PISO":null,"actualizad":null}},
{"type":"Feature","geometry":{"type":"Point","coordinates":[-63.1495,9.92197]},"properties":{"id":null,"CONTROL":"3044","SERIE":"15","LINEA":"045","COD_SEG":"009","COD_MANZA":1,"PISO":null,"actualizad":null}},
{"type":"Feature","geometry":{"type":"Point","coordinates":[-63.14943,9.92224]},"properties":{"id":null,"CONTROL":"3044","SERIE":"16","LINEA":"046","COD_SEG":"009","COD_MANZA":1,"PISO":null,"actualizad":null}},
{"type":"Feature","geometry":{"type":"Point","coordinates":[-63.24528,9.69434]},"properties":{"id":null,"CONTROL":"0073","SERIE":"01","LINEA":"133","COD_SEG":"047","COD_MANZA":2,"PISO":null,"actualizad":null}},
{"type":"Feature","geometry":{"type":"Point","coordinates":[-63.24552,9.69423]},"properties":{"id":null,"CONTROL":"0073","SERIE":"02","LINEA":"134","COD_SEG":"047","COD_MANZA":4,"PISO":null,"actualizad":null}},
{"type":"Feature","geometry":{"type":"Point","coordinates":[-63.24548,9.69416]},"properties":{"id":null,"CONTROL":"0073","SERIE":"03","LINEA":"135","COD_SEG":"047","COD_MANZA":4,"PISO":null,"actualizad":null}},
{"type":"Feature","geometry":{"type":"Point","coordinates":[-63.24544,9.69411]},"properties":{"id":null,"CONTROL":"0073","SERIE":"04","LINEA":"136","COD_SEG":"047","COD_MANZA":4,"PISO":null,"actualizad":null}},
{"type":"Feature","geometry":{"type":"Point","coordinates":[-63.24542,9.69407]},"properties":{"id":null,"CONTROL":"0073","SERIE":"05","LINEA":"137","COD_SEG":"047","COD_MANZA":4,"PISO":null,"actualizad":null}},
{"type":"Feature","geometry":{"type":"Point","coordinates":[-63.24538,9.694]},"properties":{"id":null,"CONTROL":"0073","SERIE":"06","LINEA":"138","COD_SEG":"047","COD_MANZA":4,"PISO":null,"actualizad":null}},
{"type":"Feature","geometry":{"type":"Point","coordinates":[-63.24535,9.69394]},"properties":{"id":null,"CONTROL":"0073","SERIE":"07","LINEA":"139","COD_SEG":"047","COD_MANZA":4,"PISO":null,"actualizad":null}},
{"type":"Feature","geometry":{"type":"Point","coordinates":[-63.2453,9.69387]},"properties":{"id":null,"CONTROL":"0073","SERIE":"08","LINEA":"140","COD_SEG":"047","COD_MANZA":4,"PISO":null,"actualizad":null}},
{"type":"Feature","geometry":{"type":"Point","coordinates":[-63.24529,9.69382]},"properties":{"id":null,"CONTROL":"0073","SERIE":"09","LINEA":"141","COD_SEG":"047","COD_MANZA":4,"PISO":null,"actualizad":null}},
{"type":"Feature","geometry":{"type":"Point","coordinates":[-63.24526,9.69375]},"properties":{"id":null,"CONTROL":"0073","SERIE":"10","LINEA":"142","COD_SEG":"047","COD_MANZA":4,"PISO":null,"actualizad":null}},
{"type":"Feature","geometry":{"type":"Point","coordinates":[-63.24523,9.6937]},"properties":{"id":null,"CONTROL":"0073","SERIE":"11","LINEA":"143","COD_SEG":"047","COD_MANZA":4,"PISO":null,"actualizad":null}},
{"type":"Feature","geometry":{"type":"Point","coordinates":[-63.24539,9.6936]},"properties":{"id":null,"CONTROL":"0073","SERIE":"12","LINEA":"144","COD_SEG":"047","COD_MANZA":4,"PISO":null,"actualizad":null}},
{"type":"Feature","geometry":{"type":"Point","coordinates":[-63.24542,9.69367]},"properties":{"id":null,"CONTROL":"0073","SERIE":"13","LINEA":"145","COD_SEG":"047","COD_MANZA":4,"PISO":null,"actualizad":null}},
{"type":"Feature","geometry":{"type":"Point","coordinates":[-63.24544,9.69374]},"properties":{"id":null,"CONTROL":"0073","SERIE":"14","LINEA":"146","COD_SEG":"047","COD_MANZA":4,"PISO":null,"actualizad":null}},
{"type":"Feature","geometry":{"type":"Point","coordinates":[-63.24548,9.6938]},"properties":{"id":null,"CONTROL":"0073","SERIE":"15","LINEA":"147","COD_SEG":"047","COD_MANZA":4,"PISO":null,"actualizad":null}},
{"type":"Feature","geometry":{"type":"Point","coordinates":[-63.13437,9.75009]},"properties":{"id":null,"CONTROL":"2079","SERIE":"01","LINEA":"153","COD_SEG":"084","COD_MANZA":7,"PISO":null,"actualizad":null}},
{"type":"Feature","geometry":{"type":"Point","coordinates":[-63.13445,9.75016]},"properties":{"id":null,"CONTROL":"2079","SERIE":"02","LINEA":"160","COD_SEG":"084","COD_MANZA":7,"PISO":null,"actualizad":null}},
{"type":"Feature","geometry":{"type":"Point","coordinates":[-63.13454,9.75012]},"properties":{"id":null,"CONTROL":"2079","SERIE":"03","LINEA":"155","COD_SEG":"084","COD_MANZA":7,"PISO":null,"actualizad":null}},
{"type":"Feature","geometry":{"type":"Point","coordinates":[-63.13453,9.75024]},"properties":{"id":null,"CONTROL":"2079","SERIE":"04","LINEA":"156","COD_SEG":"084","COD_MANZA":7,"PISO":null,"actualizad":null}},
{"type":"Feature","geometry":{"type":"Point","coordinates":[-63.13452,9.75036]},"properties":{"id":null,"CONTROL":"2079","SERIE":"05","LINEA":"157","COD_SEG":"084","COD_MANZA":7,"PISO":null,"actualizad":null}},
{"type":"Feature","geometry":{"type":"Point","coordinates":[-63.1345,9.75045]},"properties":{"id":null,"CONTROL":"2079","SERIE":"06","LINEA":"158","COD_SEG":"084","COD_MANZA":7,"PISO":null,"actualizad":null}},
{"type":"Feature","geometry":{"type":"Point","coordinates":[-63.13448,9.75054]},"properties":{"id":null,"CONTROL":"2079","SERIE":"07","LINEA":"159","COD_SEG":"084","COD_MANZA":7,"PISO":null,"actualizad":null}},
{"type":"Feature","geometry":{"type":"Point","coordinates":[-63.13448,9.75064]},"properties":{"id":null,"CONTROL":"2079","SERIE":"08","LINEA":"160","COD_SEG":"084","COD_MANZA":7,"PISO":null,"actualizad":null}},
{"type":"Feature","geometry":{"type":"Point","coordinates":[-63.13447,9.75073]},"properties":{"id":null,"CONTROL":"2079","SERIE":"09","LINEA":"161","COD_SEG":"084","COD_MANZA":7,"PISO":null,"actualizad":null}},
{"type":"Feature","geometry":{"type":"Point","coordinates":[-63.1344,9.75101]},"properties":{"id":null,"CONTROL":"2079","SERIE":"11","LINEA":"164","COD_SEG":"084","COD_MANZA":7,"PISO":null,"actualizad":null}},
{"type":"Feature","geometry":{"type":"Point","coordinates":[-63.13442,9.75111]},"properties":{"id":null,"CONTROL":"2079","SERIE":"12","LINEA":"165","COD_SEG":"084","COD_MANZA":7,"PISO":null,"actualizad":null}},
{"type":"Feature","geometry":{"type":"Point","coordinates":[-63.13443,9.75119]},"properties":{"id":null,"CONTROL":"2079","SERIE":"13","LINEA":"163","COD_SEG":"084","COD_MANZA":7,"PISO":null,"actualizad":null}},
{"type":"Feature","geometry":{"type":"Point","coordinates":[-63.13444,9.75092]},"properties":{"id":null,"CONTROL":"2079","SERIE":"10","LINEA":"162","COD_SEG":"084","COD_MANZA":7,"PISO":null,"actualizad":null}},
{"type":"Feature","geometry":{"type":"Point","coordinates":[-63.13466,9.75066]},"properties":{"id":null,"CONTROL":"2079","SERIE":"14","LINEA":"166","COD_SEG":"084","COD_MANZA":8,"PISO":null,"actualizad":null}},
{"type":"Feature","geometry":{"type":"Point","coordinates":[-63.13462,9.75085]},"properties":{"id":null,"CONTROL":"2079","SERIE":"15","LINEA":"167","COD_SEG":"084","COD_MANZA":8,"PISO":null,"actualizad":null}},
{"type":"Feature","geometry":{"type":"Point","coordinates":[-63.13464,9.75075]},"properties":{"id":null,"CONTROL":"2079","SERIE":"16","LINEA":"168","COD_SEG":"084","COD_MANZA":8,"PISO":null,"actualizad":null}},
{"type":"Feature","geometry":{"type":"Point","coordinates":[-63.24195,9.72433]},"properties":{"id":null,"CONTROL":"3005","SERIE":"11","LINEA":"097","COD_SEG":"065","COD_MANZA":4,"PISO":null,"actualizad":null}},
{"type":"Feature","geometry":{"type":"Point","coordinates":[-63.242,9.72439]},"properties":{"id":null,"CONTROL":"3005","SERIE":"12","LINEA":"098","COD_SEG":"065","COD_MANZA":4,"PISO":null,"actualizad":null}},
{"type":"Feature","geometry":{"type":"Point","coordinates":[-63.24206,9.72446]},"properties":{"id":null,"CONTROL":"3005","SERIE":"13","LINEA":"099","COD_SEG":"065","COD_MANZA":4,"PISO":null,"actualizad":null}},
{"type":"Feature","geometry":{"type":"Point","coordinates":[-63.24213,9.72453]},"properties":{"id":null,"CONTROL":"3005","SERIE":"14","LINEA":"100","COD_SEG":"065","COD_MANZA":4,"PISO":null,"actualizad":null}},
{"type":"Feature","geometry":{"type":"Point","coordinates":[-63.2422,9.72461]},"properties":{"id":null,"CONTROL":"3005","SERIE":"15","LINEA":"101","COD_SEG":"065","COD_MANZA":4,"PISO":null,"actualizad":null}},
{"type":"Feature","geometry":{"type":"Point","coordinates":[-63.24213,9.72423]},"properties":{"id":null,"CONTROL":"3005","SERIE":"10","LINEA":"096","COD_SEG":"065","COD_MANZA":4,"PISO":null,"actualizad":null}},
{"type":"Feature","geometry":{"type":"Point","coordinates":[-63.24219,9.72416]},"properties":{"id":null,"CONTROL":"3005","SERIE":"09","LINEA":"095","COD_SEG":"065","COD_MANZA":4,"PISO":null,"actualizad":null}},
{"type":"Feature","geometry":{"type":"Point","coordinates":[-63.24231,9.72412]},"properties":{"id":null,"CONTROL":"3005","SERIE":"08","LINEA":"094","COD_SEG":"065","COD_MANZA":4,"PISO":null,"actualizad":null}},
{"type":"Feature","geometry":{"type":"Point","coordinates":[-63.24226,9.72407]},"properties":{"id":null,"CONTROL":"3005","SERIE":"07","LINEA":"093","COD_SEG":"065","COD_MANZA":4,"PISO":null,"actualizad":null}},
{"type":"Feature","geometry":{"type":"Point","coordinates":[-63.24334,9.71465]},"properties":{"id":null,"CONTROL":"3040","SERIE":"01","LINEA":"059","COD_SEG":"052","COD_MANZA":3,"PISO":null,"actualizad":null}},
{"type":"Feature","geometry":{"type":"Point","coordinates":[-63.24334,9.71474]},"properties":{"id":null,"CONTROL":"3040","SERIE":"02","LINEA":"060","COD_SEG":"052","COD_MANZA":3,"PISO":null,"actualizad":null}},
{"type":"Feature","geometry":{"type":"Point","coordinates":[-63.24335,9.71485]},"properties":{"id":null,"CONTROL":"3040","SERIE":"03","LINEA":"061","COD_SEG":"052","COD_MANZA":3,"PISO":null,"actualizad":null}},
{"type":"Feature","geometry":{"type":"Point","coordinates":[-63.2433,9.71485]},"properties":{"id":null,"CONTROL":"3040","SERIE":"04","LINEA":"062","COD_SEG":"052","COD_MANZA":3,"PISO":null,"actualizad":null}},
{"type":"Feature","geometry":{"type":"Point","coordinates":[-63.24325,9.71486]},"properties":{"id":null,"CONTROL":"3040","SERIE":"05","LINEA":"063","COD_SEG":"052","COD_MANZA":3,"PISO":null,"actualizad":null}},
{"type":"Feature","geometry":{"type":"Point","coordinates":[-63.24318,9.71486]},"properties":{"id":null,"CONTROL":"3040","SERIE":"06","LINEA":"064","COD_SEG":"052","COD_MANZA":3,"PISO":null,"actualizad":null}},
{"type":"Feature","geometry":{"type":"Point","coordinates":[-63.2431,9.71486]},"properties":{"id":null,"CONTROL":"3040","SERIE":"07","LINEA":"065","COD_SEG":"052","COD_MANZA":3,"PISO":null,"actualizad":null}},
{"type":"Feature","geometry":{"type":"Point","coordinates":[-63.24302,9.71487]},"properties":{"id":null,"CONTROL":"3040","SERIE":"08","LINEA":"066","COD_SEG":"052","COD_MANZA":3,"PISO":null,"actualizad":null}},
{"type":"Feature","geometry":{"type":"Point","coordinates":[-63.24296,9.71486]},"properties":{"id":null,"CONTROL":"3040","SERIE":"09","LINEA":"067","COD_SEG":"052","COD_MANZA":3,"PISO":null,"actualizad":null}},
{"type":"Feature","geometry":{"type":"Point","coordinates":[-63.24286,9.71487]},"properties":{"id":null,"CONTROL":"3040","SERIE":"10","LINEA":"068","COD_SEG":"052","COD_MANZA":3,"PISO":null,"actualizad":null}},
{"type":"Feature","geometry":{"type":"Point","coordinates":[-63.24278,9.71487]},"properties":{"id":null,"CONTROL":"3040","SERIE":"11","LINEA":"069","COD_SEG":"052","COD_MANZA":3,"PISO":null,"actualizad":null}},
{"type":"Feature","geometry":{"type":"Point","coordinates":[-63.2427,9.71487]},"properties":{"id":null,"CONTROL":"3040","SERIE":"12","LINEA":"070","COD_SEG":"052","COD_MANZA":3,"PISO":null,"actualizad":null}},
{"type":"Feature","geometry":{"type":"Point","coordinates":[-63.24261,9.71487]},"properties":{"id":null,"CONTROL":"3040","SERIE":"13","LINEA":"071","COD_SEG":"052","COD_MANZA":3,"PISO":null,"actualizad":null}},
{"type":"Feature","geometry":{"type":"Point","coordinates":[-63.24253,9.71487]},"properties":{"id":null,"CONTROL":"3040","SERIE":"14","LINEA":"072","COD_SEG":"052","COD_MANZA":3,"PISO":null,"actualizad":null}},
{"type":"Feature","geometry":{"type":"Point","coordinates":[-63.24243,9.71487]},"properties":{"id":null,"CONTROL":"3040","SERIE":"15","LINEA":"073","COD_SEG":"052","COD_MANZA":3,"PISO":null,"actualizad":null}},
{"type":"Feature","geometry":{"type":"Point","coordinates":[-63.09949,10.10659]},"properties":{"id":null,"CONTROL":"0064","SERIE":"08","LINEA":"023","COD_SEG":"016 (031)","COD_MANZA":3,"PISO":null,"actualizad":null}},
{"type":"Feature","geometry":{"type":"Point","coordinates":[-63.0996,10.10658]},"properties":{"id":null,"CONTROL":"0064","SERIE":"07","LINEA":"022","COD_SEG":"016 (031)","COD_MANZA":3,"PISO":null,"actualizad":null}},
{"type":"Feature","geometry":{"type":"Point","coordinates":[-63.0997,10.10657]},"properties":{"id":null,"CONTROL":"0064","SERIE":"06","LINEA":"021","COD_SEG":"016 (031)","COD_MANZA":3,"PISO":null,"actualizad":null}},
{"type":"Feature","geometry":{"type":"Point","coordinates":[-63.0998,10.10657]},"properties":{"id":null,"CONTROL":"0064","SERIE":"05","LINEA":"020","COD_SEG":"016 (031)","COD_MANZA":3,"PISO":null,"actualizad":null}},
{"type":"Feature","geometry":{"type":"Point","coordinates":[-63.09992,10.10659]},"properties":{"id":null,"CONTROL":"0064","SERIE":"16","LINEA":"032","COD_SEG":"016 (031)","COD_MANZA":3,"PISO":null,"actualizad":null}},
{"type":"Feature","geometry":{"type":"Point","coordinates":[-63.10006,10.10656]},"properties":{"id":null,"CONTROL":"0064","SERIE":"04","LINEA":"019","COD_SEG":"016 (031)","COD_MANZA":3,"PISO":null,"actualizad":null}},
{"type":"Feature","geometry":{"type":"Point","coordinates":[-63.10013,10.10655]},"properties":{"id":null,"CONTROL":"0064","SERIE":"03","LINEA":"018","COD_SEG":"016 (031)","COD_MANZA":3,"PISO":null,"actualizad":null}},
{"type":"Feature","geometry":{"type":"Point","coordinates":[-63.10023,10.10656]},"properties":{"id":null,"CONTROL":"0064","SERIE":"02","LINEA":"017","COD_SEG":"016 (031)","COD_MANZA":3,"PISO":null,"actualizad":null}},
{"type":"Feature","geometry":{"type":"Point","coordinates":[-63.10031,10.10657]},"properties":{"id":null,"CONTROL":"0064","SERIE":"01","LINEA":"016","COD_SEG":"016 (031)","COD_MANZA":3,"PISO":null,"actualizad":null}},
{"type":"Feature","geometry":{"type":"Point","coordinates":[-63.09947,10.1068]},"properties":{"id":null,"CONTROL":"0064","SERIE":"09","LINEA":"024","COD_SEG":"016 (031)","COD_MANZA":4,"PISO":null,"actualizad":null}},
{"type":"Feature","geometry":{"type":"Point","coordinates":[-63.09961,10.10679]},"properties":{"id":null,"CONTROL":"0064","SERIE":"10","LINEA":"025","COD_SEG":"016 (031)","COD_MANZA":4,"PISO":null,"actualizad":null}},
{"type":"Feature","geometry":{"type":"Point","coordinates":[-63.09979,10.10679]},"properties":{"id":null,"CONTROL":"0064","SERIE":"11","LINEA":"026","COD_SEG":"016 (031)","COD_MANZA":4,"PISO":null,"actualizad":null}},
{"type":"Feature","geometry":{"type":"Point","coordinates":[-63.0999,10.10679]},"properties":{"id":null,"CONTROL":"0064","SERIE":"12","LINEA":"027","COD_SEG":"016 (031)","COD_MANZA":4,"PISO":null,"actualizad":null}},
{"type":"Feature","geometry":{"type":"Point","coordinates":[-63.10001,10.10678]},"properties":{"id":null,"CONTROL":"0064","SERIE":"13","LINEA":"028","COD_SEG":"016 (031)","COD_MANZA":4,"PISO":null,"actualizad":null}},
{"type":"Feature","geometry":{"type":"Point","coordinates":[-63.10011,10.10678]},"properties":{"id":null,"CONTROL":"0064","SERIE":"14","LINEA":"029","COD_SEG":"016 (031)","COD_MANZA":4,"PISO":null,"actualizad":null}},
{"type":"Feature","geometry":{"type":"Point","coordinates":[-63.10022,10.10678]},"properties":{"id":null,"CONTROL":"0064","SERIE":"15","LINEA":"030","COD_SEG":"016 (031)","COD_MANZA":4,"PISO":null,"actualizad":null}},
{"type":"Feature","geometry":{"type":"Point","coordinates":[-63.19543,9.81611]},"properties":{"id":null,"CONTROL":"0037","SERIE":"01","LINEA":"274","COD_SEG":"009","COD_MANZA":10,"PISO":null,"actualizad":null}},
{"type":"Feature","geometry":{"type":"Point","coordinates":[-63.19551,9.81622]},"properties":{"id":null,"CONTROL":"0037","SERIE":"17","LINEA":"306","COD_SEG":"009","COD_MANZA":10,"PISO":null,"actualizad":null}},
{"type":"Feature","geometry":{"type":"Point","coordinates":[-63.19558,9.81608]},"properties":{"id":null,"CONTROL":"0037","SERIE":"03","LINEA":"276","COD_SEG":"009","COD_MANZA":10,"PISO":null,"actualizad":null}},
{"type":"Feature","geometry":{"type":"Point","coordinates":[-63.19566,9.81603]},"properties":{"id":null,"CONTROL":"0037","SERIE":"TS","LINEA":"277","COD_SEG":"009","COD_MANZA":10,"PISO":null,"actualizad":null}},
{"type":"Feature","geometry":{"type":"Point","coordinates":[-63.19575,9.81595]},"properties":{"id":null,"CONTROL":"0037","SERIE":"05","LINEA":"278","COD_SEG":"009","COD_MANZA":10,"PISO":null,"actualizad":null}},
{"type":"Feature","geometry":{"type":"Point","coordinates":[-63.19587,9.8159]},"properties":{"id":null,"CONTROL":"0037","SERIE":"06","LINEA":"279","COD_SEG":"009","COD_MANZA":10,"PISO":null,"actualizad":null}},
{"type":"Feature","geometry":{"type":"Point","coordinates":[-63.19598,9.81584]},"properties":{"id":null,"CONTROL":"0037","SERIE":"07\n","LINEA":"280","COD_SEG":"009","COD_MANZA":10,"PISO":null,"actualizad":null}},
{"type":"Feature","geometry":{"type":"Point","coordinates":[-63.19617,9.8157]},"properties":{"id":null,"CONTROL":"0037","SERIE":"08\n","LINEA":"281","COD_SEG":"009","COD_MANZA":10,"PISO":null,"actualizad":null}},
{"type":"Feature","geometry":{"type":"Point","coordinates":[-63.19622,9.8158]},"properties":{"id":null,"CONTROL":"0037","SERIE":"09","LINEA":"282","COD_SEG":"009","COD_MANZA":10,"PISO":null,"actualizad":null}},
{"type":"Feature","geometry":{"type":"Point","coordinates":[-63.19632,9.81561]},"properties":{"id":null,"CONTROL":"0037","SERIE":"10","LINEA":"283","COD_SEG":"009","COD_MANZA":10,"PISO":null,"actualizad":null}},
{"type":"Feature","geometry":{"type":"Point","coordinates":[-63.1965,9.81551]},"properties":{"id":null,"CONTROL":"0037","SERIE":"11","LINEA":"284","COD_SEG":"009","COD_MANZA":10,"PISO":null,"actualizad":null}},
{"type":"Feature","geometry":{"type":"Point","coordinates":[-63.19662,9.81544]},"properties":{"id":null,"CONTROL":"0037","SERIE":"12","LINEA":"285","COD_SEG":"009","COD_MANZA":10,"PISO":null,"actualizad":null}},
{"type":"Feature","geometry":{"type":"Point","coordinates":[-63.19671,9.81539]},"properties":{"id":null,"CONTROL":"0037","SERIE":"13","LINEA":"286","COD_SEG":"009","COD_MANZA":10,"PISO":null,"actualizad":null}},
{"type":"Feature","geometry":{"type":"Point","coordinates":[-63.19684,9.81532]},"properties":{"id":null,"CONTROL":"0037","SERIE":"14","LINEA":"287","COD_SEG":"009","COD_MANZA":10,"PISO":null,"actualizad":null}},
{"type":"Feature","geometry":{"type":"Point","coordinates":[-63.19695,9.81526]},"properties":{"id":null,"CONTROL":"0037","SERIE":"15","LINEA":"288","COD_SEG":"009","COD_MANZA":10,"PISO":null,"actualizad":null}},
{"type":"Feature","geometry":{"type":"Point","coordinates":[-63.19717,9.81515]},"properties":{"id":null,"CONTROL":"0037","SERIE":"16","LINEA":"289","COD_SEG":"009","COD_MANZA":10,"PISO":null,"actualizad":null}},
{"type":"Feature","geometry":{"type":"Point","coordinates":[-63.18939,9.77984]},"properties":{"id":null,"CONTROL":"2055","SERIE":"07","LINEA":"128","COD_SEG":"037","COD_MANZA":1,"PISO":null,"actualizad":null}},
{"type":"Feature","geometry":{"type":"Point","coordinates":[-63.18934,9.77975]},"properties":{"id":null,"CONTROL":"2055","SERIE":"06","LINEA":"127","COD_SEG":"037\n","COD_MANZA":1,"PISO":null,"actualizad":null}},
{"type":"Feature","geometry":{"type":"Point","coordinates":[-63.18929,9.77968]},"properties":{"id":null,"CONTROL":"2055","SERIE":"05","LINEA":"126","COD_SEG":"037\n","COD_MANZA":1,"PISO":null,"actualizad":null}},
{"type":"Feature","geometry":{"type":"Point","coordinates":[-63.18924,9.77961]},"properties":{"id":null,"CONTROL":"2055","SERIE":"04","LINEA":"125","COD_SEG":"037","COD_MANZA":1,"PISO":null,"actualizad":null}},
{"type":"Feature","geometry":{"type":"Point","coordinates":[-63.18921,9.77953]},"properties":{"id":null,"CONTROL":"2055","SERIE":"03","LINEA":"124","COD_SEG":"037","COD_MANZA":1,"PISO":null,"actualizad":null}},
{"type":"Feature","geometry":{"type":"Point","coordinates":[-63.18914,9.77943]},"properties":{"id":null,"CONTROL":"2055","SERIE":"02","LINEA":"123","COD_SEG":"037\n","COD_MANZA":1,"PISO":null,"actualizad":null}},
{"type":"Feature","geometry":{"type":"Point","coordinates":[-63.18909,9.77935]},"properties":{"id":null,"CONTROL":"2055","SERIE":"01","LINEA":"122","COD_SEG":"037","COD_MANZA":1,"PISO":null,"actualizad":null}},
{"type":"Feature","geometry":{"type":"Point","coordinates":[-63.18944,9.77944]},"properties":{"id":null,"CONTROL":"2055","SERIE":"08","LINEA":"129","COD_SEG":"037","COD_MANZA":2,"PISO":null,"actualizad":null}},
{"type":"Feature","geometry":{"type":"Point","coordinates":[-63.1895,9.77941]},"properties":{"id":null,"CONTROL":"2055","SERIE":"09","LINEA":"130","COD_SEG":"037","COD_MANZA":2,"PISO":null,"actualizad":null}},
{"type":"Feature","geometry":{"type":"Point","coordinates":[-63.18955,9.77938]},"properties":{"id":null,"CONTROL":"2055","SERIE":"10","LINEA":"131","COD_SEG":"037","COD_MANZA":2,"PISO":null,"actualizad":null}},
{"type":"Feature","geometry":{"type":"Point","coordinates":[-63.1896,9.77935]},"properties":{"id":null,"CONTROL":"2055","SERIE":"11","LINEA":"132","COD_SEG":"037","COD_MANZA":2,"PISO":null,"actualizad":null}},
{"type":"Feature","geometry":{"type":"Point","coordinates":[-63.18965,9.77932]},"properties":{"id":null,"CONTROL":"2055","SERIE":"12","LINEA":"133","COD_SEG":"037","COD_MANZA":2,"PISO":null,"actualizad":null}},
{"type":"Feature","geometry":{"type":"Point","coordinates":[-63.18969,9.7793]},"properties":{"id":null,"CONTROL":"2055","SERIE":"13","LINEA":"134","COD_SEG":"037","COD_MANZA":2,"PISO":null,"actualizad":null}},
{"type":"Feature","geometry":{"type":"Point","coordinates":[-63.18976,9.77927]},"properties":{"id":null,"CONTROL":"2055","SERIE":"14","LINEA":"135","COD_SEG":"037","COD_MANZA":2,"PISO":null,"actualizad":null}},
{"type":"Feature","geometry":{"type":"Point","coordinates":[-63.18984,9.77922]},"properties":{"id":null,"CONTROL":"2055","SERIE":"15","LINEA":"136","COD_SEG":"037","COD_MANZA":2,"PISO":null,"actualizad":null}},
{"type":"Feature","geometry":{"type":"Point","coordinates":[-63.18999,9.77922]},"properties":{"id":null,"CONTROL":"2055","SERIE":"PARQUE INFANTIL\n","LINEA":null,"COD_SEG":"037","COD_MANZA":2,"PISO":null,"actualizad":null}},
{"type":"Feature","geometry":{"type":"Point","coordinates":[-63.19006,9.7791]},"properties":{"id":null,"CONTROL":"2055","SERIE":"16","LINEA":"137","COD_SEG":"037","COD_MANZA":2,"PISO":null,"actualizad":null}},
{"type":"Feature","geometry":{"type":"Point","coordinates":[-63.23065,9.77456]},"properties":{"id":null,"CONTROL":"2089","SERIE":"01","LINEA":"031","COD_SEG":"056","COD_MANZA":9,"PISO":null,"actualizad":null}},
{"type":"Feature","geometry":{"type":"Point","coordinates":[-63.23063,9.77448]},"properties":{"id":null,"CONTROL":"2089","SERIE":"02","LINEA":"032","COD_SEG":"056","COD_MANZA":9,"PISO":null,"actualizad":null}},
{"type":"Feature","geometry":{"type":"Point","coordinates":[-63.23059,9.7744]},"properties":{"id":null,"CONTROL":"2089","SERIE":"03","LINEA":"033","COD_SEG":"056\n","COD_MANZA":9,"PISO":null,"actualizad":null}},
{"type":"Feature","geometry":{"type":"Point","coordinates":[-63.23057,9.77431]},"properties":{"id":null,"CONTROL":"2089","SERIE":"04","LINEA":"034","COD_SEG":"056","COD_MANZA":9,"PISO":null,"actualizad":null}},
{"type":"Feature","geometry":{"type":"Point","coordinates":[-63.23054,9.77423]},"properties":{"id":null,"CONTROL":"2089","SERIE":"05","LINEA":"035","COD_SEG":"056","COD_MANZA":9,"PISO":null,"actualizad":null}},
{"type":"Feature","geometry":{"type":"Point","coordinates":[-63.2305,9.7741]},"properties":{"id":null,"CONTROL":"2089","SERIE":"06","LINEA":"036","COD_SEG":"056","COD_MANZA":9,"PISO":null,"actualizad":null}},
{"type":"Feature","geometry":{"type":"Point","coordinates":[-63.23046,9.77398]},"properties":{"id":null,"CONTROL":"2089","SERIE":"07","LINEA":"037","COD_SEG":"056","COD_MANZA":9,"PISO":null,"actualizad":null}},
{"type":"Feature","geometry":{"type":"Point","coordinates":[-63.23065,9.7739]},"properties":{"id":null,"CONTROL":"2089","SERIE":"08","LINEA":"038","COD_SEG":"056","COD_MANZA":9,"PISO":null,"actualizad":null}},
{"type":"Feature","geometry":{"type":"Point","coordinates":[-63.23068,9.77403]},"properties":{"id":null,"CONTROL":"2089","SERIE":"09","LINEA":"039","COD_SEG":"056","COD_MANZA":9,"PISO":null,"actualizad":null}},
{"type":"Feature","geometry":{"type":"Point","coordinates":[-63.23071,9.77416]},"properties":{"id":null,"CONTROL":"2089","SERIE":"10","LINEA":"040","COD_SEG":"056","COD_MANZA":9,"PISO":null,"actualizad":null}},
{"type":"Feature","geometry":{"type":"Point","coordinates":[-63.23074,9.77426]},"properties":{"id":null,"CONTROL":"2089","SERIE":"11","LINEA":"041","COD_SEG":"056","COD_MANZA":9,"PISO":null,"actualizad":null}},
{"type":"Feature","geometry":{"type":"Point","coordinates":[-63.23075,9.77435]},"properties":{"id":null,"CONTROL":"2089","SERIE":"12","LINEA":"042","COD_SEG":"056","COD_MANZA":9,"PISO":null,"actualizad":null}},
{"type":"Feature","geometry":{"type":"Point","coordinates":[-63.23078,9.77444]},"properties":{"id":null,"CONTROL":"2089","SERIE":"13","LINEA":"043","COD_SEG":"056","COD_MANZA":9,"PISO":null,"actualizad":null}},
{"type":"Feature","geometry":{"type":"Point","coordinates":[-63.23081,9.77453]},"properties":{"id":null,"CONTROL":"2089","SERIE":"14","LINEA":"044","COD_SEG":"056\n","COD_MANZA":9,"PISO":null,"actualizad":null}},
{"type":"Feature","geometry":{"type":"Point","coordinates":[-63.23082,9.77461]},"properties":{"id":null,"CONTROL":"2089","SERIE":"16\n","LINEA":"045","COD_SEG":"056","COD_MANZA":9,"PISO":null,"actualizad":null}},
{"type":"Feature","geometry":{"type":"Point","coordinates":[-63.23085,9.77472]},"properties":{"id":null,"CONTROL":"2089","SERIE":"15","LINEA":"046","COD_SEG":"056","COD_MANZA":9,"PISO":null,"actualizad":null}},
{"type":"Feature","geometry":{"type":"Point","coordinates":[-63.54286,10.20451]},"properties":{"id":null,"CONTROL":"3003","SERIE":"07","LINEA":"035","COD_SEG":"001","COD_MANZA":11,"PISO":null,"actualizad":null}},
{"type":"Feature","geometry":{"type":"Point","coordinates":[-63.54278,10.20453]},"properties":{"id":null,"CONTROL":"3003","SERIE":"08","LINEA":"036","COD_SEG":"001","COD_MANZA":11,"PISO":null,"actualizad":null}},
{"type":"Feature","geometry":{"type":"Point","coordinates":[-63.54269,10.20456]},"properties":{"id":null,"CONTROL":"3003","SERIE":"09","LINEA":"032","COD_SEG":"001","COD_MANZA":11,"PISO":null,"actualizad":null}},
{"type":"Feature","geometry":{"type":"Point","coordinates":[-63.54254,10.20461]},"properties":{"id":null,"CONTROL":"3003","SERIE":"10","LINEA":"038","COD_SEG":"001","COD_MANZA":11,"PISO":null,"actualizad":null}},
{"type":"Feature","geometry":{"type":"Point","coordinates":[-63.54248,10.20447]},"properties":{"id":null,"CONTROL":"3003","SERIE":"11","LINEA":"039","COD_SEG":"001","COD_MANZA":11,"PISO":null,"actualizad":null}},
{"type":"Feature","geometry":{"type":"Point","coordinates":[-63.54282,10.20433]},"properties":{"id":null,"CONTROL":"3003","SERIE":"12","LINEA":"040","COD_SEG":"001","COD_MANZA":11,"PISO":null,"actualizad":null}},
{"type":"Feature","geometry":{"type":"Point","coordinates":[-63.54293,10.2043]},"properties":{"id":null,"CONTROL":"3003","SERIE":"13","LINEA":"041","COD_SEG":"001","COD_MANZA":11,"PISO":null,"actualizad":null}},
{"type":"Feature","geometry":{"type":"Point","coordinates":[-63.54303,10.20427]},"properties":{"id":null,"CONTROL":"3003","SERIE":"14","LINEA":"042","COD_SEG":"001","COD_MANZA":11,"PISO":null,"actualizad":null}},
{"type":"Feature","geometry":{"type":"Point","coordinates":[-63.54188,10.20489]},"properties":{"id":null,"CONTROL":"3003","SERIE":"01","LINEA":"029","COD_SEG":"001","COD_MANZA":10,"PISO":null,"actualizad":null}},
{"type":"Feature","geometry":{"type":"Point","coordinates":[-63.54166,10.20479]},"properties":{"id":null,"CONTROL":"3003","SERIE":"02","LINEA":"030","COD_SEG":"001","COD_MANZA":10,"PISO":null,"actualizad":null}},
{"type":"Feature","geometry":{"type":"Point","coordinates":[-63.54174,10.20477]},"properties":{"id":null,"CONTROL":"3003","SERIE":"03","LINEA":"031","COD_SEG":"001","COD_MANZA":10,"PISO":null,"actualizad":null}},
{"type":"Feature","geometry":{"type":"Point","coordinates":[-63.54182,10.20475]},"properties":{"id":null,"CONTROL":"3003","SERIE":"04","LINEA":"032","COD_SEG":"001","COD_MANZA":10,"PISO":null,"actualizad":null}},
{"type":"Feature","geometry":{"type":"Point","coordinates":[-63.54191,10.20472]},"properties":{"id":null,"CONTROL":"3003","SERIE":"05","LINEA":"033","COD_SEG":"001","COD_MANZA":10,"PISO":null,"actualizad":null}},
{"type":"Feature","geometry":{"type":"Point","coordinates":[-63.13895,9.75629]},"properties":{"id":null,"CONTROL":"3032","SERIE":"01","LINEA":"175","COD_SEG":"054","COD_MANZA":12,"PISO":null,"actualizad":null}},
{"type":"Feature","geometry":{"type":"Point","coordinates":[-63.13904,9.75629]},"properties":{"id":null,"CONTROL":"3032","SERIE":"02","LINEA":"176","COD_SEG":"054","COD_MANZA":12,"PISO":null,"actualizad":null}},
{"type":"Feature","geometry":{"type":"Point","coordinates":[-63.13915,9.75628]},"properties":{"id":null,"CONTROL":"3032","SERIE":"03","LINEA":"177","COD_SEG":"054","COD_MANZA":12,"PISO":null,"actualizad":null}},
{"type":"Feature","geometry":{"type":"Point","coordinates":[-63.13924,9.75625]},"properties":{"id":null,"CONTROL":"3032","SERIE":"04","LINEA":"178","COD_SEG":"054","COD_MANZA":12,"PISO":null,"actualizad":null}},
{"type":"Feature","geometry":{"type":"Point","coordinates":[-63.13932,9.7562]},"properties":{"id":null,"CONTROL":"3032","SERIE":"05","LINEA":"179","COD_SEG":"054","COD_MANZA":12,"PISO":null,"actualizad":null}},
{"type":"Feature","geometry":{"type":"Point","coordinates":[-63.1394,9.75616]},"properties":{"id":null,"CONTROL":"3032","SERIE":"06","LINEA":"180","COD_SEG":"054","COD_MANZA":12,"PISO":null,"actualizad":null}},
{"type":"Feature","geometry":{"type":"Point","coordinates":[-63.13949,9.75617]},"properties":{"id":null,"CONTROL":"3032","SERIE":"07","LINEA":"181","COD_SEG":"054","COD_MANZA":12,"PISO":null,"actualizad":null}},
{"type":"Feature","geometry":{"type":"Point","coordinates":[-63.13959,9.75614]},"properties":{"id":null,"CONTROL":"3032","SERIE":"08","LINEA":"182","COD_SEG":"054","COD_MANZA":12,"PISO":null,"actualizad":null}},
{"type":"Feature","geometry":{"type":"Point","coordinates":[-63.13967,9.75612]},"properties":{"id":null,"CONTROL":"3032","SERIE":"09","LINEA":"183","COD_SEG":"054","COD_MANZA":12,"PISO":null,"actualizad":null}},
{"type":"Feature","geometry":{"type":"Point","coordinates":[-63.13976,9.7561]},"properties":{"id":null,"CONTROL":"3032","SERIE":"10","LINEA":"184","COD_SEG":"054","COD_MANZA":12,"PISO":null,"actualizad":null}},
{"type":"Feature","geometry":{"type":"Point","coordinates":[-63.13982,9.75626]},"properties":{"id":null,"CONTROL":"3032","SERIE":"11","LINEA":"185","COD_SEG":"054","COD_MANZA":12,"PISO":null,"actualizad":null}},
{"type":"Feature","geometry":{"type":"Point","coordinates":[-63.13973,9.75628]},"properties":{"id":null,"CONTROL":"3032","SERIE":"12","LINEA":"186","COD_SEG":"054","COD_MANZA":12,"PISO":null,"actualizad":null}},
{"type":"Feature","geometry":{"type":"Point","coordinates":[-63.13964,9.75629]},"properties":{"id":null,"CONTROL":"3032","SERIE":"13","LINEA":"187","COD_SEG":"054","COD_MANZA":12,"PISO":null,"actualizad":null}},
{"type":"Feature","geometry":{"type":"Point","coordinates":[-63.13955,9.75632]},"properties":{"id":null,"CONTROL":"3032","SERIE":"14","LINEA":"188","COD_SEG":"054","COD_MANZA":12,"PISO":null,"actualizad":null}},
{"type":"Feature","geometry":{"type":"Point","coordinates":[-63.13947,9.75635]},"properties":{"id":null,"CONTROL":"3032","SERIE":"15","LINEA":"189","COD_SEG":"054","COD_MANZA":12,"PISO":null,"actualizad":null}},
{"type":"Feature","geometry":{"type":"Point","coordinates":[-63.25021,9.72981]},"properties":{"id":null,"CONTROL":"0018","SERIE":"01","LINEA":"016","COD_SEG":"009","COD_MANZA":1,"PISO":null,"actualizad":null}},
{"type":"Feature","geometry":{"type":"Point","coordinates":[-63.25019,9.7297]},"properties":{"id":null,"CONTROL":"0018","SERIE":"02","LINEA":"017","COD_SEG":"009","COD_MANZA":1,"PISO":null,"actualizad":null}},
{"type":"Feature","geometry":{"type":"Point","coordinates":[-63.25018,9.7296]},"properties":{"id":null,"CONTROL":"0018","SERIE":"03","LINEA":"018","COD_SEG":"009","COD_MANZA":1,"PISO":null,"actualizad":null}},
{"type":"Feature","geometry":{"type":"Point","coordinates":[-63.25017,9.7295]},"properties":{"id":null,"CONTROL":"0018","SERIE":"04","LINEA":"019","COD_SEG":"009","COD_MANZA":1,"PISO":null,"actualizad":null}},
{"type":"Feature","geometry":{"type":"Point","coordinates":[-63.25016,9.72939]},"properties":{"id":null,"CONTROL":"0018","SERIE":"05","LINEA":"020","COD_SEG":"009","COD_MANZA":1,"PISO":null,"actualizad":null}},
{"type":"Feature","geometry":{"type":"Point","coordinates":[-63.25015,9.72928]},"properties":{"id":null,"CONTROL":"0018","SERIE":"06","LINEA":"021","COD_SEG":"009","COD_MANZA":1,"PISO":null,"actualizad":null}},
{"type":"Feature","geometry":{"type":"Point","coordinates":[-63.25013,9.72918]},"properties":{"id":null,"CONTROL":"0018","SERIE":"07","LINEA":"022","COD_SEG":"009","COD_MANZA":1,"PISO":null,"actualizad":null}},
{"type":"Feature","geometry":{"type":"Point","coordinates":[-63.25027,9.72914]},"properties":{"id":null,"CONTROL":"0018","SERIE":"08","LINEA":"023","COD_SEG":"009","COD_MANZA":1,"PISO":null,"actualizad":null}},
{"type":"Feature","geometry":{"type":"Point","coordinates":[-63.25034,9.72911]},"properties":{"id":null,"CONTROL":"0018","SERIE":"09","LINEA":"024","COD_SEG":"009","COD_MANZA":1,"PISO":null,"actualizad":null}},
{"type":"Feature","geometry":{"type":"Point","coordinates":[-63.25043,9.72909]},"properties":{"id":null,"CONTROL":"0018","SERIE":"10","LINEA":"000","COD_SEG":"009","COD_MANZA":1,"PISO":null,"actualizad":null}},
{"type":"Feature","geometry":{"type":"Point","coordinates":[-63.25053,9.72906]},"properties":{"id":null,"CONTROL":"0018","SERIE":"11","LINEA":"026","COD_SEG":"009","COD_MANZA":1,"PISO":null,"actualizad":null}},
{"type":"Feature","geometry":{"type":"Point","coordinates":[-63.25064,9.72904]},"properties":{"id":null,"CONTROL":"0018","SERIE":"12","LINEA":"027","COD_SEG":"009","COD_MANZA":1,"PISO":null,"actualizad":null}},
{"type":"Feature","geometry":{"type":"Point","coordinates":[-63.25072,9.72901]},"properties":{"id":null,"CONTROL":"0018","SERIE":"13","LINEA":"028","COD_SEG":"009","COD_MANZA":1,"PISO":null,"actualizad":null}},
{"type":"Feature","geometry":{"type":"Point","coordinates":[-63.25083,9.72899]},"properties":{"id":null,"CONTROL":"0018","SERIE":"14","LINEA":"029","COD_SEG":"009","COD_MANZA":1,"PISO":null,"actualizad":null}},
{"type":"Feature","geometry":{"type":"Point","coordinates":[-63.25093,9.72897]},"properties":{"id":null,"CONTROL":"0018","SERIE":"15","LINEA":"030","COD_SEG":"009","COD_MANZA":1,"PISO":null,"actualizad":null}},
{"type":"Feature","geometry":{"type":"Point","coordinates":[-63.20577,9.73386]},"properties":{"id":null,"CONTROL":"0032","SERIE":"01","LINEA":"061","COD_SEG":"019","COD_MANZA":1,"PISO":null,"actualizad":null}},
{"type":"Feature","geometry":{"type":"Point","coordinates":[-63.20586,9.73386]},"properties":{"id":null,"CONTROL":"0032","SERIE":"02","LINEA":"062","COD_SEG":"019","COD_MANZA":1,"PISO":null,"actualizad":null}},
{"type":"Feature","geometry":{"type":"Point","coordinates":[-63.20592,9.73383]},"properties":{"id":null,"CONTROL":"0032","SERIE":"03","LINEA":"063","COD_SEG":"019","COD_MANZA":1,"PISO":null,"actualizad":null}},
{"type":"Feature","geometry":{"type":"Point","coordinates":[-63.20592,9.73437]},"properties":{"id":null,"CONTROL":"0032","SERIE":"16","LINEA":"076","COD_SEG":"019","COD_MANZA":1,"PISO":null,"actualizad":null}},
{"type":"Feature","geometry":{"type":"Point","coordinates":[-63.20592,9.73441]},"properties":{"id":null,"CONTROL":"0032","SERIE":"05","LINEA":"065","COD_SEG":"019","COD_MANZA":1,"PISO":null,"actualizad":null}},
{"type":"Feature","geometry":{"type":"Point","coordinates":[-63.20593,9.73447]},"properties":{"id":null,"CONTROL":"0032","SERIE":"06","LINEA":"066","COD_SEG":"019","COD_MANZA":1,"PISO":null,"actualizad":null}},
{"type":"Feature","geometry":{"type":"Point","coordinates":[-63.20593,9.73455]},"properties":{"id":null,"CONTROL":"0032","SERIE":"07","LINEA":"067","COD_SEG":"019","COD_MANZA":1,"PISO":null,"actualizad":null}},
{"type":"Feature","geometry":{"type":"Point","coordinates":[-63.20594,9.73462]},"properties":{"id":null,"CONTROL":"0032","SERIE":"08","LINEA":"068","COD_SEG":"019","COD_MANZA":1,"PISO":null,"actualizad":null}},
{"type":"Feature","geometry":{"type":"Point","coordinates":[-63.20593,9.7347]},"properties":{"id":null,"CONTROL":"0032","SERIE":"09","LINEA":"069","COD_SEG":"019","COD_MANZA":1,"PISO":null,"actualizad":null}},
{"type":"Feature","geometry":{"type":"Point","coordinates":[-63.20592,9.73476]},"properties":{"id":null,"CONTROL":"0032","SERIE":"10","LINEA":"070","COD_SEG":"019","COD_MANZA":1,"PISO":null,"actualizad":null}},
{"type":"Feature","geometry":{"type":"Point","coordinates":[-63.20592,9.73482]},"properties":{"id":null,"CONTROL":"0032","SERIE":"11","LINEA":"071","COD_SEG":"019","COD_MANZA":1,"PISO":null,"actualizad":null}},
{"type":"Feature","geometry":{"type":"Point","coordinates":[-63.20591,9.73489]},"properties":{"id":null,"CONTROL":"0032","SERIE":"12","LINEA":"072","COD_SEG":"019","COD_MANZA":1,"PISO":null,"actualizad":null}},
{"type":"Feature","geometry":{"type":"Point","coordinates":[-63.20592,9.73496]},"properties":{"id":null,"CONTROL":"0032","SERIE":"13","LINEA":"073","COD_SEG":"019","COD_MANZA":1,"PISO":null,"actualizad":null}},
{"type":"Feature","geometry":{"type":"Point","coordinates":[-63.20591,9.73503]},"properties":{"id":null,"CONTROL":"0032","SERIE":"14","LINEA":"074","COD_SEG":"019","COD_MANZA":1,"PISO":null,"actualizad":null}},
{"type":"Feature","geometry":{"type":"Point","coordinates":[-63.20592,9.73512]},"properties":{"id":null,"CONTROL":"0032","SERIE":"15","LINEA":"075","COD_SEG":"019","COD_MANZA":1,"PISO":null,"actualizad":null}},
{"type":"Feature","geometry":{"type":"Point","coordinates":[-63.24901,9.68562]},"properties":{"id":null,"CONTROL":"2056","SERIE":"01","LINEA":"073","COD_SEG":"030","COD_MANZA":41,"PISO":null,"actualizad":null}},
{"type":"Feature","geometry":{"type":"Point","coordinates":[-63.24907,9.68553]},"properties":{"id":null,"CONTROL":"2056","SERIE":"02","LINEA":"074","COD_SEG":"030","COD_MANZA":41,"PISO":null,"actualizad":null}},
{"type":"Feature","geometry":{"type":"Point","coordinates":[-63.24881,9.6855]},"properties":{"id":null,"CONTROL":"2056","SERIE":"03","LINEA":"075","COD_SEG":"030","COD_MANZA":41,"PISO":"CONSOLIDADA CON LA 076 (04)","actualizad":null}},
{"type":"Feature","geometry":{"type":"Point","coordinates":[-63.24852,9.68595]},"properties":{"id":null,"CONTROL":"2056","SERIE":"09","LINEA":"081","COD_SEG":"030","COD_MANZA":41,"PISO":null,"actualizad":null}},
{"type":"Feature","geometry":{"type":"Point","coordinates":[-63.24873,9.68564]},"properties":{"id":null,"CONTROL":"2056","SERIE":"05","LINEA":"077","COD_SEG":"030","COD_MANZA":41,"PISO":null,"actualizad":null}},
{"type":"Feature","geometry":{"type":"Point","coordinates":[-63.24867,9.68573]},"properties":{"id":null,"CONTROL":"2056","SERIE":"06","LINEA":"078","COD_SEG":"030","COD_MANZA":41,"PISO":null,"actualizad":null}},
{"type":"Feature","geometry":{"type":"Point","coordinates":[-63.24863,9.68579]},"properties":{"id":null,"CONTROL":"2056","SERIE":"07","LINEA":"079","COD_SEG":"030","COD_MANZA":41,"PISO":null,"actualizad":null}},
{"type":"Feature","geometry":{"type":"Point","coordinates":[-63.24859,9.68585]},"properties":{"id":null,"CONTROL":"2056","SERIE":"08","LINEA":"080","COD_SEG":"030","COD_MANZA":41,"PISO":null,"actualizad":null}},
{"type":"Feature","geometry":{"type":"Point","coordinates":[-63.24834,9.68586]},"properties":{"id":null,"CONTROL":"2056","SERIE":"10","LINEA":"081","COD_SEG":"030","COD_MANZA":41,"PISO":null,"actualizad":null}},
{"type":"Feature","geometry":{"type":"Point","coordinates":[-63.24843,9.6857]},"properties":{"id":null,"CONTROL":"2056","SERIE":"11","LINEA":"082","COD_SEG":"030","COD_MANZA":41,"PISO":null,"actualizad":null}},
{"type":"Feature","geometry":{"type":"Point","coordinates":[-63.24848,9.68562]},"properties":{"id":null,"CONTROL":"2056","SERIE":"12","LINEA":"083","COD_SEG":"030","COD_MANZA":41,"PISO":null,"actualizad":null}},
{"type":"Feature","geometry":{"type":"Point","coordinates":[-63.24852,9.68554]},"properties":{"id":null,"CONTROL":"2056","SERIE":"13","LINEA":"085","COD_SEG":"030","COD_MANZA":41,"PISO":null,"actualizad":null}},
{"type":"Feature","geometry":{"type":"Point","coordinates":[-63.24824,9.68558]},"properties":{"id":null,"CONTROL":"2056","SERIE":"14","LINEA":"086","COD_SEG":"030","COD_MANZA":41,"PISO":null,"actualizad":null}},
{"type":"Feature","geometry":{"type":"Point","coordinates":[-63.2482,9.68569]},"properties":{"id":null,"CONTROL":"2056","SERIE":"15","LINEA":"087","COD_SEG":"030","COD_MANZA":41,"PISO":null,"actualizad":null}},
{"type":"Feature","geometry":{"type":"Point","coordinates":[-63.19109,9.73919]},"properties":{"id":null,"CONTROL":"2080","SERIE":"01","LINEA":"131","COD_SEG":"062","COD_MANZA":2,"PISO":null,"actualizad":null}},
{"type":"Feature","geometry":{"type":"Point","coordinates":[-63.19114,9.73908]},"properties":{"id":null,"CONTROL":"2080","SERIE":"02","LINEA":"132","COD_SEG":"062","COD_MANZA":2,"PISO":null,"actualizad":null}},
{"type":"Feature","geometry":{"type":"Point","coordinates":[-63.19135,9.7389]},"properties":{"id":null,"CONTROL":"2080","SERIE":"03","LINEA":"133","COD_SEG":"062","COD_MANZA":2,"PISO":null,"actualizad":null}},
{"type":"Feature","geometry":{"type":"Point","coordinates":[-63.19159,9.73903]},"properties":{"id":null,"CONTROL":"2080","SERIE":"04","LINEA":"134","COD_SEG":"062","COD_MANZA":2,"PISO":null,"actualizad":null}},
{"type":"Feature","geometry":{"type":"Point","coordinates":[-63.19157,9.73874]},"properties":{"id":null,"CONTROL":"2080","SERIE":"05","LINEA":"135","COD_SEG":"062","COD_MANZA":2,"PISO":null,"actualizad":null}},
{"type":"Feature","geometry":{"type":"Point","coordinates":[-63.1916,9.73867]},"properties":{"id":null,"CONTROL":"2080","SERIE":"06","LINEA":"136","COD_SEG":"062","COD_MANZA":2,"PISO":null,"actualizad":null}},
{"type":"Feature","geometry":{"type":"Point","coordinates":[-63.19161,9.73857]},"properties":{"id":null,"CONTROL":"2080","SERIE":"07","LINEA":"137","COD_SEG":"062","COD_MANZA":2,"PISO":null,"actualizad":null}},
{"type":"Feature","geometry":{"type":"Point","coordinates":[-63.19162,9.73849]},"properties":{"id":null,"CONTROL":"2080","SERIE":"08","LINEA":"138","COD_SEG":"062","COD_MANZA":2,"PISO":null,"actualizad":null}},
{"type":"Feature","geometry":{"type":"Point","coordinates":[-63.19167,9.7383]},"properties":{"id":null,"CONTROL":"2080","SERIE":"09","LINEA":"139","COD_SEG":"062","COD_MANZA":2,"PISO":null,"actualizad":null}},
{"type":"Feature","geometry":{"type":"Point","coordinates":[-63.19169,9.7382]},"properties":{"id":null,"CONTROL":"2080","SERIE":"10","LINEA":"140","COD_SEG":"062","COD_MANZA":2,"PISO":null,"actualizad":null}},
{"type":"Feature","geometry":{"type":"Point","coordinates":[-63.19171,9.73809]},"properties":{"id":null,"CONTROL":"2080","SERIE":"11","LINEA":"141","COD_SEG":"062","COD_MANZA":2,"PISO":null,"actualizad":null}},
{"type":"Feature","geometry":{"type":"Point","coordinates":[-63.19178,9.738]},"properties":{"id":null,"CONTROL":"2080","SERIE":"12","LINEA":"142","COD_SEG":"062","COD_MANZA":2,"PISO":null,"actualizad":null}},
{"type":"Feature","geometry":{"type":"Point","coordinates":[-63.19188,9.738]},"properties":{"id":null,"CONTROL":"2080","SERIE":"13","LINEA":"143","COD_SEG":"062","COD_MANZA":2,"PISO":null,"actualizad":null}},
{"type":"Feature","geometry":{"type":"Point","coordinates":[-63.19196,9.738]},"properties":{"id":null,"CONTROL":"2080","SERIE":"14","LINEA":"144","COD_SEG":"062","COD_MANZA":2,"PISO":null,"actualizad":null}},
{"type":"Feature","geometry":{"type":"Point","coordinates":[-63.19203,9.738]},"properties":{"id":null,"CONTROL":"2080","SERIE":"15","LINEA":"145","COD_SEG":"062","COD_MANZA":2,"PISO":null,"actualizad":null}},
{"type":"Feature","geometry":{"type":"Point","coordinates":[-63.11839,9.75832]},"properties":{"id":null,"CONTROL":"2090","SERIE":"14","LINEA":"145","COD_SEG":"043","COD_MANZA":16,"PISO":null,"actualizad":null}},
{"type":"Feature","geometry":{"type":"Point","coordinates":[-63.11855,9.7582]},"properties":{"id":null,"CONTROL":"2090","SERIE":"01","LINEA":"130","COD_SEG":"043","COD_MANZA":16,"PISO":null,"actualizad":null}},
{"type":"Feature","geometry":{"type":"Point","coordinates":[-63.11758,9.75854]},"properties":{"id":null,"CONTROL":"2090","SERIE":"10","LINEA":"141","COD_SEG":"043","COD_MANZA":16,"PISO":null,"actualizad":null}},
{"type":"Feature","geometry":{"type":"Point","coordinates":[-63.11834,9.75836]},"properties":{"id":null,"CONTROL":"2090","SERIE":"03","LINEA":"132","COD_SEG":"043","COD_MANZA":16,"PISO":null,"actualizad":null}},
{"type":"Feature","geometry":{"type":"Point","coordinates":[-63.11808,9.75835]},"properties":{"id":null,"CONTROL":"2090","SERIE":"06","LINEA":"136","COD_SEG":"043","COD_MANZA":16,"PISO":null,"actualizad":null}},
{"type":"Feature","geometry":{"type":"Point","coordinates":[-63.11785,9.75848]},"properties":{"id":null,"CONTROL":"2090","SERIE":"08","LINEA":"139","COD_SEG":"043","COD_MANZA":16,"PISO":null,"actualizad":null}},
{"type":"Feature","geometry":{"type":"Point","coordinates":[-63.11733,9.75815]},"properties":{"id":null,"CONTROL":"2090","SERIE":"12","LINEA":"143","COD_SEG":"043","COD_MANZA":17,"PISO":null,"actualizad":null}},
{"type":"Feature","geometry":{"type":"Point","coordinates":[-63.11754,9.75805]},"properties":{"id":null,"CONTROL":"2090","SERIE":"11","LINEA":"142","COD_SEG":"043","COD_MANZA":17,"PISO":null,"actualizad":null}},
{"type":"Feature","geometry":{"type":"Point","coordinates":[-63.11736,9.75795]},"properties":{"id":null,"CONTROL":"2090","SERIE":"13","LINEA":"144","COD_SEG":"043","COD_MANZA":17,"PISO":null,"actualizad":null}},
{"type":"Feature","geometry":{"type":"Point","coordinates":[-63.27068,9.97489]},"properties":{"id":null,"CONTROL":"0013","SERIE":"01","LINEA":"120","COD_SEG":"SECTOR 003","COD_MANZA":0,"PISO":null,"actualizad":null}},
{"type":"Feature","geometry":{"type":"Point","coordinates":[-63.27001,9.9729]},"properties":{"id":null,"CONTROL":"0013","SERIE":"02","LINEA":"121","COD_SEG":"SECTOR 003","COD_MANZA":0,"PISO":null,"actualizad":null}},
{"type":"Feature","geometry":{"type":"Point","coordinates":[-63.27006,9.97271]},"properties":{"id":null,"CONTROL":"0013","SERIE":"03","LINEA":"122","COD_SEG":"SECTOR 003","COD_MANZA":0,"PISO":null,"actualizad":null}},
{"type":"Feature","geometry":{"type":"Point","coordinates":[-63.27003,9.97264]},"properties":{"id":null,"CONTROL":"0013","SERIE":"04","LINEA":"123","COD_SEG":"SECTOR 003","COD_MANZA":0,"PISO":null,"actualizad":null}},
{"type":"Feature","geometry":{"type":"Point","coordinates":[-63.27007,9.97253]},"properties":{"id":null,"CONTROL":"0013","SERIE":"16","LINEA":"135","COD_SEG":"SECTOR 003","COD_MANZA":0,"PISO":null,"actualizad":null}},
{"type":"Feature","geometry":{"type":"Point","coordinates":[-63.27009,9.97243]},"properties":{"id":null,"CONTROL":"0013","SERIE":"05","LINEA":"124","COD_SEG":"SECTOR 003","COD_MANZA":0,"PISO":null,"actualizad":null}},
{"type":"Feature","geometry":{"type":"Point","coordinates":[-63.27004,9.97191]},"properties":{"id":null,"CONTROL":"0013","SERIE":"06","LINEA":"125","COD_SEG":"SECTOR 003","COD_MANZA":0,"PISO":null,"actualizad":null}},
{"type":"Feature","geometry":{"type":"Point","coordinates":[-63.27005,9.97175]},"properties":{"id":null,"CONTROL":"0013","SERIE":"07","LINEA":"126","COD_SEG":"SECTOR 003","COD_MANZA":0,"PISO":null,"actualizad":null}},
{"type":"Feature","geometry":{"type":"Point","coordinates":[-63.27007,9.97161]},"properties":{"id":null,"CONTROL":"0013","SERIE":"08","LINEA":"127","COD_SEG":"SECTOR 003","COD_MANZA":0,"PISO":null,"actualizad":null}},
{"type":"Feature","geometry":{"type":"Point","coordinates":[-63.27007,9.97153]},"properties":{"id":null,"CONTROL":"0013","SERIE":"09","LINEA":"128","COD_SEG":"SECTOR 003","COD_MANZA":0,"PISO":null,"actualizad":null}},
{"type":"Feature","geometry":{"type":"Point","coordinates":[-63.27006,9.97133]},"properties":{"id":null,"CONTROL":"0013","SERIE":"10","LINEA":"129","COD_SEG":"SECTOR 003","COD_MANZA":0,"PISO":null,"actualizad":null}},
{"type":"Feature","geometry":{"type":"Point","coordinates":[-63.27002,9.97125]},"properties":{"id":null,"CONTROL":"0013","SERIE":"11","LINEA":"130","COD_SEG":"SECTOR 003","COD_MANZA":0,"PISO":null,"actualizad":null}},
{"type":"Feature","geometry":{"type":"Point","coordinates":[-63.27077,9.97099]},"properties":{"id":null,"CONTROL":"0013","SERIE":"17","LINEA":"NO LO INDICAN","COD_SEG":"SECTOR 003","COD_MANZA":0,"PISO":null,"actualizad":null}},
{"type":"Feature","geometry":{"type":"Point","coordinates":[-63.27097,9.97047]},"properties":{"id":null,"CONTROL":"0013","SERIE":"12","LINEA":"131","COD_SEG":"SECTOR 003","COD_MANZA":0,"PISO":null,"actualizad":null}},
{"type":"Feature","geometry":{"type":"Point","coordinates":[-63.27127,9.97054]},"properties":{"id":null,"CONTROL":"0013","SERIE":"13","LINEA":"132","COD_SEG":"SECTOR 003","COD_MANZA":0,"PISO":null,"actualizad":null}},
{"type":"Feature","geometry":{"type":"Point","coordinates":[-63.27283,9.96996]},"properties":{"id":null,"CONTROL":"0013","SERIE":"14","LINEA":"133","COD_SEG":"SECTOR 003","COD_MANZA":0,"PISO":null,"actualizad":null}},
{"type":"Feature","geometry":{"type":"Point","coordinates":[-63.27301,9.96966]},"properties":{"id":null,"CONTROL":"0013","SERIE":"15","LINEA":"134","COD_SEG":"SECTOR 003","COD_MANZA":0,"PISO":null,"actualizad":null}},
{"type":"Feature","geometry":{"type":"Point","coordinates":[-63.25346,9.71194]},"properties":{"id":null,"CONTROL":"2065","SERIE":"01\n","LINEA":"091","COD_SEG":"024","COD_MANZA":5,"PISO":null,"actualizad":null}},
{"type":"Feature","geometry":{"type":"Point","coordinates":[-63.25344,9.71188]},"properties":{"id":null,"CONTROL":"2065","SERIE":"02","LINEA":"092","COD_SEG":"024","COD_MANZA":5,"PISO":null,"actualizad":null}},
{"type":"Feature","geometry":{"type":"Point","coordinates":[-63.25341,9.71183]},"properties":{"id":null,"CONTROL":"2065","SERIE":"03","LINEA":"093","COD_SEG":"024","COD_MANZA":5,"PISO":null,"actualizad":null}},
{"type":"Feature","geometry":{"type":"Point","coordinates":[-63.25338,9.71175]},"properties":{"id":null,"CONTROL":"2065","SERIE":"04","LINEA":"094","COD_SEG":"024","COD_MANZA":5,"PISO":null,"actualizad":null}},
{"type":"Feature","geometry":{"type":"Point","coordinates":[-63.25334,9.71167]},"properties":{"id":null,"CONTROL":"2065","SERIE":"05","LINEA":"095","COD_SEG":"024","COD_MANZA":5,"PISO":null,"actualizad":null}},
{"type":"Feature","geometry":{"type":"Point","coordinates":[-63.25331,9.71162]},"properties":{"id":null,"CONTROL":"2065","SERIE":"06","LINEA":"096","COD_SEG":"024","COD_MANZA":5,"PISO":null,"actualizad":null}},
{"type":"Feature","geometry":{"type":"Point","coordinates":[-63.25329,9.71157]},"properties":{"id":null,"CONTROL":"2065","SERIE":"07","LINEA":"097","COD_SEG":"024","COD_MANZA":5,"PISO":null,"actualizad":null}},
{"type":"Feature","geometry":{"type":"Point","coordinates":[-63.25327,9.71153]},"properties":{"id":null,"CONTROL":"2065","SERIE":"08","LINEA":"098","COD_SEG":"024","COD_MANZA":5,"PISO":null,"actualizad":null}},
{"type":"Feature","geometry":{"type":"Point","coordinates":[-63.25324,9.71148]},"properties":{"id":null,"CONTROL":"2065","SERIE":"09","LINEA":"099","COD_SEG":"024","COD_MANZA":5,"PISO":null,"actualizad":null}},
{"type":"Feature","geometry":{"type":"Point","coordinates":[-63.25322,9.71143]},"properties":{"id":null,"CONTROL":"2065","SERIE":"10","LINEA":"100","COD_SEG":"024","COD_MANZA":5,"PISO":null,"actualizad":null}},
{"type":"Feature","geometry":{"type":"Point","coordinates":[-63.2532,9.71138]},"properties":{"id":null,"CONTROL":"2065","SERIE":"11","LINEA":"101","COD_SEG":"024","COD_MANZA":5,"PISO":null,"actualizad":null}},
{"type":"Feature","geometry":{"type":"Point","coordinates":[-63.25318,9.71133]},"properties":{"id":null,"CONTROL":"2065","SERIE":"12","LINEA":"102","COD_SEG":"024","COD_MANZA":5,"PISO":null,"actualizad":null}},
{"type":"Feature","geometry":{"type":"Point","coordinates":[-63.25316,9.71128]},"properties":{"id":null,"CONTROL":"2065","SERIE":"13","LINEA":"103","COD_SEG":"024","COD_MANZA":5,"PISO":null,"actualizad":null}},
{"type":"Feature","geometry":{"type":"Point","coordinates":[-63.25313,9.71123]},"properties":{"id":null,"CONTROL":"2065","SERIE":"14","LINEA":"104","COD_SEG":"024","COD_MANZA":5,"PISO":null,"actualizad":null}},
{"type":"Feature","geometry":{"type":"Point","coordinates":[-63.2531,9.71118]},"properties":{"id":null,"CONTROL":"2065","SERIE":"15","LINEA":"105","COD_SEG":"024","COD_MANZA":5,"PISO":null,"actualizad":null}},
{"type":"Feature","geometry":{"type":"Point","coordinates":[-63.60737,9.69762]},"properties":{"id":null,"CONTROL":"3017","SERIE":"01","LINEA":"046","COD_SEG":"018","COD_MANZA":2,"PISO":null,"actualizad":null}},
{"type":"Feature","geometry":{"type":"Point","coordinates":[-63.60735,9.69753]},"properties":{"id":null,"CONTROL":"3017","SERIE":"02","LINEA":"047","COD_SEG":"018","COD_MANZA":2,"PISO":null,"actualizad":null}},
{"type":"Feature","geometry":{"type":"Point","coordinates":[-63.60734,9.69738]},"properties":{"id":null,"CONTROL":"3017","SERIE":"03","LINEA":"048","COD_SEG":"018","COD_MANZA":2,"PISO":null,"actualizad":null}},
{"type":"Feature","geometry":{"type":"Point","coordinates":[-63.60733,9.69726]},"properties":{"id":null,"CONTROL":"3017","SERIE":"04","LINEA":"049","COD_SEG":"018","COD_MANZA":2,"PISO":null,"actualizad":null}},
{"type":"Feature","geometry":{"type":"Point","coordinates":[-63.60731,9.69687]},"properties":{"id":null,"CONTROL":"3017","SERIE":"05","LINEA":"050","COD_SEG":"018","COD_MANZA":2,"PISO":null,"actualizad":null}},
{"type":"Feature","geometry":{"type":"Point","coordinates":[-63.6073,9.69674]},"properties":{"id":null,"CONTROL":"3017","SERIE":"06","LINEA":"051","COD_SEG":"018","COD_MANZA":2,"PISO":null,"actualizad":null}},
{"type":"Feature","geometry":{"type":"Point","coordinates":[-63.60728,9.69655]},"properties":{"id":null,"CONTROL":"3017","SERIE":"07","LINEA":"052","COD_SEG":"018","COD_MANZA":2,"PISO":null,"actualizad":null}},
{"type":"Feature","geometry":{"type":"Point","coordinates":[-63.60731,9.69637]},"properties":{"id":null,"CONTROL":"3017","SERIE":"08","LINEA":"054","COD_SEG":"018","COD_MANZA":2,"PISO":null,"actualizad":null}},
{"type":"Feature","geometry":{"type":"Point","coordinates":[-63.60801,9.69629]},"properties":{"id":null,"CONTROL":"3017","SERIE":"09","LINEA":"054","COD_SEG":"018","COD_MANZA":2,"PISO":null,"actualizad":null}},
{"type":"Feature","geometry":{"type":"Point","coordinates":[-63.60799,9.69641]},"properties":{"id":null,"CONTROL":"3017","SERIE":"10","LINEA":"055","COD_SEG":"018","COD_MANZA":2,"PISO":null,"actualizad":null}},
{"type":"Feature","geometry":{"type":"Point","coordinates":[-63.608,9.6966]},"properties":{"id":null,"CONTROL":"3017","SERIE":"11","LINEA":"056","COD_SEG":"018","COD_MANZA":2,"PISO":null,"actualizad":null}},
{"type":"Feature","geometry":{"type":"Point","coordinates":[-63.60803,9.69679]},"properties":{"id":null,"CONTROL":"3017","SERIE":"12","LINEA":"057","COD_SEG":"018","COD_MANZA":2,"PISO":null,"actualizad":null}},
{"type":"Feature","geometry":{"type":"Point","coordinates":[-63.60802,9.69698]},"properties":{"id":null,"CONTROL":"3017","SERIE":"13","LINEA":"058","COD_SEG":"018","COD_MANZA":2,"PISO":null,"actualizad":null}},
{"type":"Feature","geometry":{"type":"Point","coordinates":[-63.60802,9.69735]},"properties":{"id":null,"CONTROL":"3017","SERIE":"14","LINEA":"059","COD_SEG":"018","COD_MANZA":2,"PISO":null,"actualizad":null}},
{"type":"Feature","geometry":{"type":"Point","coordinates":[-63.60804,9.69741]},"properties":{"id":null,"CONTROL":"3017","SERIE":"15","LINEA":"060","COD_SEG":"018","COD_MANZA":2,"PISO":null,"actualizad":null}},
{"type":"Feature","geometry":{"type":"Point","coordinates":[-63.22132,9.71035]},"properties":{"id":null,"CONTROL":"0045","SERIE":"01","LINEA":"057","COD_SEG":"084","COD_MANZA":1,"PISO":null,"actualizad":null}},
{"type":"Feature","geometry":{"type":"Point","coordinates":[-63.2214,9.71035]},"properties":{"id":null,"CONTROL":"0045","SERIE":"02","LINEA":"058","COD_SEG":"084","COD_MANZA":1,"PISO":null,"actualizad":null}},
{"type":"Feature","geometry":{"type":"Point","coordinates":[-63.22151,9.71032]},"properties":{"id":null,"CONTROL":"0045","SERIE":"03","LINEA":"059","COD_SEG":"084","COD_MANZA":1,"PISO":null,"actualizad":null}},
{"type":"Feature","geometry":{"type":"Point","coordinates":[-63.22159,9.71032]},"properties":{"id":null,"CONTROL":"0045","SERIE":"04","LINEA":"060","COD_SEG":"084","COD_MANZA":1,"PISO":null,"actualizad":null}},
{"type":"Feature","geometry":{"type":"Point","coordinates":[-63.22169,9.7103]},"properties":{"id":null,"CONTROL":"0045","SERIE":"05","LINEA":"061","COD_SEG":"084","COD_MANZA":1,"PISO":null,"actualizad":null}},
{"type":"Feature","geometry":{"type":"Point","coordinates":[-63.22177,9.7103]},"properties":{"id":null,"CONTROL":"0045","SERIE":"06","LINEA":"062","COD_SEG":"084","COD_MANZA":1,"PISO":null,"actualizad":null}},
{"type":"Feature","geometry":{"type":"Point","coordinates":[-63.22186,9.71029]},"properties":{"id":null,"CONTROL":"0045","SERIE":"07","LINEA":"063","COD_SEG":"084","COD_MANZA":1,"PISO":null,"actualizad":null}},
{"type":"Feature","geometry":{"type":"Point","coordinates":[-63.22195,9.71028]},"properties":{"id":null,"CONTROL":"0045","SERIE":"08","LINEA":"064","COD_SEG":"084","COD_MANZA":1,"PISO":null,"actualizad":null}},
{"type":"Feature","geometry":{"type":"Point","coordinates":[-63.22197,9.71045]},"properties":{"id":null,"CONTROL":"0045","SERIE":"09","LINEA":"065","COD_SEG":"084","COD_MANZA":1,"PISO":null,"actualizad":null}},
{"type":"Feature","geometry":{"type":"Point","coordinates":[-63.22189,9.71046]},"properties":{"id":null,"CONTROL":"0045","SERIE":"10","LINEA":"066","COD_SEG":"084","COD_MANZA":1,"PISO":null,"actualizad":null}},
{"type":"Feature","geometry":{"type":"Point","coordinates":[-63.22178,9.71048]},"properties":{"id":null,"CONTROL":"0045","SERIE":"11","LINEA":"067","COD_SEG":"084","COD_MANZA":1,"PISO":null,"actualizad":null}},
{"type":"Feature","geometry":{"type":"Point","coordinates":[-63.2217,9.7105]},"properties":{"id":null,"CONTROL":"0045","SERIE":"12","LINEA":"068","COD_SEG":"084","COD_MANZA":1,"PISO":null,"actualizad":null}},
{"type":"Feature","geometry":{"type":"Point","coordinates":[-63.2216,9.71049]},"properties":{"id":null,"CONTROL":"0045","SERIE":"13","LINEA":"069","COD_SEG":"084","COD_MANZA":1,"PISO":null,"actualizad":null}},
{"type":"Feature","geometry":{"type":"Point","coordinates":[-63.22153,9.71049]},"properties":{"id":null,"CONTROL":"0045","SERIE":"14","LINEA":"070","COD_SEG":"084","COD_MANZA":1,"PISO":null,"actualizad":null}},
{"type":"Feature","geometry":{"type":"Point","coordinates":[-63.22142,9.7105]},"properties":{"id":null,"CONTROL":"0045","SERIE":"15","LINEA":"071","COD_SEG":"084","COD_MANZA":1,"PISO":null,"actualizad":null}},
{"type":"Feature","geometry":{"type":"Point","coordinates":[-63.18788,9.74087]},"properties":{"id":null,"CONTROL":"0066","SERIE":"01","LINEA":"001","COD_SEG":"065","COD_MANZA":1,"PISO":null,"actualizad":null}},
{"type":"Feature","geometry":{"type":"Point","coordinates":[-63.18782,9.74088]},"properties":{"id":null,"CONTROL":"0066","SERIE":"02","LINEA":"002","COD_SEG":"065","COD_MANZA":1,"PISO":null,"actualizad":null}},
{"type":"Feature","geometry":{"type":"Point","coordinates":[-63.18776,9.74087]},"properties":{"id":null,"CONTROL":"0066","SERIE":"03","LINEA":"003","COD_SEG":"065","COD_MANZA":1,"PISO":null,"actualizad":null}},
{"type":"Feature","geometry":{"type":"Point","coordinates":[-63.1876,9.74091]},"properties":{"id":null,"CONTROL":"0066","SERIE":"04","LINEA":"004","COD_SEG":"065","COD_MANZA":1,"PISO":null,"actualizad":null}},
{"type":"Feature","geometry":{"type":"Point","coordinates":[-63.1871,9.74103]},"properties":{"id":null,"CONTROL":"0066","SERIE":"05","LINEA":"005","COD_SEG":"065","COD_MANZA":1,"PISO":null,"actualizad":null}},
{"type":"Feature","geometry":{"type":"Point","coordinates":[-63.18708,9.74093]},"properties":{"id":null,"CONTROL":"0066","SERIE":"06","LINEA":"006","COD_SEG":"065","COD_MANZA":1,"PISO":null,"actualizad":null}},
{"type":"Feature","geometry":{"type":"Point","coordinates":[-63.18705,9.74085]},"properties":{"id":null,"CONTROL":"0066","SERIE":"07","LINEA":"007","COD_SEG":"065","COD_MANZA":1,"PISO":null,"actualizad":null}},
{"type":"Feature","geometry":{"type":"Point","coordinates":[-63.18701,9.74077]},"properties":{"id":null,"CONTROL":"0066","SERIE":"08","LINEA":"008","COD_SEG":"065","COD_MANZA":1,"PISO":null,"actualizad":null}},
{"type":"Feature","geometry":{"type":"Point","coordinates":[-63.187,9.74068]},"properties":{"id":null,"CONTROL":"0066","SERIE":"09","LINEA":"009","COD_SEG":"065","COD_MANZA":1,"PISO":null,"actualizad":null}},
{"type":"Feature","geometry":{"type":"Point","coordinates":[-63.18696,9.7406]},"properties":{"id":null,"CONTROL":"0066","SERIE":"10","LINEA":"010","COD_SEG":"065","COD_MANZA":1,"PISO":null,"actualizad":null}},
{"type":"Feature","geometry":{"type":"Point","coordinates":[-63.1869,9.74054]},"properties":{"id":null,"CONTROL":"0066","SERIE":"C-13","LINEA":"TALLER MECANICO","COD_SEG":"065","COD_MANZA":1,"PISO":null,"actualizad":null}},
{"type":"Feature","geometry":{"type":"Point","coordinates":[-63.18688,9.74045]},"properties":{"id":null,"CONTROL":"0066","SERIE":"12","LINEA":"012","COD_SEG":"065","COD_MANZA":1,"PISO":null,"actualizad":null}},
{"type":"Feature","geometry":{"type":"Point","coordinates":[-63.18685,9.74041]},"properties":{"id":null,"CONTROL":"0066","SERIE":"C-13","LINEA":"TALLER MARMOLERIA","COD_SEG":"065","COD_MANZA":1,"PISO":null,"actualizad":null}},
{"type":"Feature","geometry":{"type":"Point","coordinates":[-63.18684,9.74027]},"properties":{"id":null,"CONTROL":"0066","SERIE":"14","LINEA":"014","COD_SEG":"065","COD_MANZA":1,"PISO":null,"actualizad":null}},
{"type":"Feature","geometry":{"type":"Point","coordinates":[-63.18684,9.74021]},"properties":{"id":null,"CONTROL":"0066","SERIE":"17","LINEA":"017","COD_SEG":"065","COD_MANZA":1,"PISO":null,"actualizad":null}},
{"type":"Feature","geometry":{"type":"Point","coordinates":[-63.18673,9.74008]},"properties":{"id":null,"CONTROL":"0066","SERIE":"16","LINEA":"016","COD_SEG":"065","COD_MANZA":1,"PISO":null,"actualizad":null}},
{"type":"Feature","geometry":{"type":"Point","coordinates":[-63.06991,9.68507]},"properties":{"id":null,"CONTROL":"0083","SERIE":"01","LINEA":"001","COD_SEG":"SECTOR 003","COD_MANZA":0,"PISO":null,"actualizad":null}},
{"type":"Feature","geometry":{"type":"Point","coordinates":[-63.06936,9.68484]},"properties":{"id":null,"CONTROL":"0083","SERIE":"02","LINEA":"002","COD_SEG":"SECTOR 003","COD_MANZA":0,"PISO":null,"actualizad":null}},
{"type":"Feature","geometry":{"type":"Point","coordinates":[-63.06858,9.68417]},"properties":{"id":null,"CONTROL":"0083","SERIE":"03","LINEA":"003","COD_SEG":"SECTOR 003","COD_MANZA":0,"PISO":null,"actualizad":null}},
{"type":"Feature","geometry":{"type":"Point","coordinates":[-63.06794,9.68387]},"properties":{"id":null,"CONTROL":"0083","SERIE":"CENTRO DE RECREACION\n","LINEA":null,"COD_SEG":"SECTOR 003","COD_MANZA":0,"PISO":null,"actualizad":null}},
{"type":"Feature","geometry":{"type":"Point","coordinates":[-63.0667,9.68312]},"properties":{"id":null,"CONTROL":"0083","SERIE":"04","LINEA":"004","COD_SEG":"SECTOR 003","COD_MANZA":0,"PISO":null,"actualizad":null}},
{"type":"Feature","geometry":{"type":"Point","coordinates":[-63.06616,9.68315]},"properties":{"id":null,"CONTROL":"0083","SERIE":"05","LINEA":"005","COD_SEG":"SECTOR 003","COD_MANZA":0,"PISO":null,"actualizad":null}},
{"type":"Feature","geometry":{"type":"Point","coordinates":[-63.06571,9.68301]},"properties":{"id":null,"CONTROL":"0083","SERIE":"06","LINEA":"006","COD_SEG":"SECTOR 003","COD_MANZA":0,"PISO":null,"actualizad":null}},
{"type":"Feature","geometry":{"type":"Point","coordinates":[-63.06214,9.68068]},"properties":{"id":null,"CONTROL":"0083","SERIE":"07","LINEA":"007","COD_SEG":"SECTOR 003","COD_MANZA":0,"PISO":null,"actualizad":null}},
{"type":"Feature","geometry":{"type":"Point","coordinates":[-63.06138,9.67971]},"properties":{"id":null,"CONTROL":"0083","SERIE":"08","LINEA":"008","COD_SEG":"SECTOR 003","COD_MANZA":0,"PISO":null,"actualizad":null}},
{"type":"Feature","geometry":{"type":"Point","coordinates":[-63.0609,9.67873]},"properties":{"id":null,"CONTROL":"0083","SERIE":"10","LINEA":"010","COD_SEG":"SECTOR 003","COD_MANZA":0,"PISO":null,"actualizad":null}},
{"type":"Feature","geometry":{"type":"Point","coordinates":[-63.06089,9.67861]},"properties":{"id":null,"CONTROL":"0083","SERIE":"09","LINEA":"009","COD_SEG":"SECTOR 003","COD_MANZA":0,"PISO":null,"actualizad":null}},
{"type":"Feature","geometry":{"type":"Point","coordinates":[-63.06075,9.67845]},"properties":{"id":null,"CONTROL":"0083","SERIE":"13","LINEA":"013","COD_SEG":"SECTOR 003","COD_MANZA":0,"PISO":null,"actualizad":null}},
{"type":"Feature","geometry":{"type":"Point","coordinates":[-63.25286,9.70169]},"properties":{"id":null,"CONTROL":"2057","SERIE":"01","LINEA":"104","COD_SEG":"070","COD_MANZA":2,"PISO":null,"actualizad":null}},
{"type":"Feature","geometry":{"type":"Point","coordinates":[-63.25303,9.70196]},"properties":{"id":null,"CONTROL":"2057","SERIE":"02","LINEA":"105","COD_SEG":"070","COD_MANZA":2,"PISO":null,"actualizad":null}},
{"type":"Feature","geometry":{"type":"Point","coordinates":[-63.25294,9.70201]},"properties":{"id":null,"CONTROL":"2057","SERIE":"03","LINEA":"106","COD_SEG":"070","COD_MANZA":2,"PISO":null,"actualizad":null}},
{"type":"Feature","geometry":{"type":"Point","coordinates":[-63.25286,9.70205]},"properties":{"id":null,"CONTROL":"2057","SERIE":"04","LINEA":"107","COD_SEG":"070","COD_MANZA":2,"PISO":null,"actualizad":null}},
{"type":"Feature","geometry":{"type":"Point","coordinates":[-63.25279,9.7021]},"properties":{"id":null,"CONTROL":"2057","SERIE":"05","LINEA":"108","COD_SEG":"070","COD_MANZA":2,"PISO":null,"actualizad":null}},
{"type":"Feature","geometry":{"type":"Point","coordinates":[-63.25271,9.70214]},"properties":{"id":null,"CONTROL":"2057","SERIE":"06","LINEA":"109","COD_SEG":"070","COD_MANZA":2,"PISO":null,"actualizad":null}},
{"type":"Feature","geometry":{"type":"Point","coordinates":[-63.25263,9.70218]},"properties":{"id":null,"CONTROL":"2057","SERIE":"07","LINEA":"110","COD_SEG":"070","COD_MANZA":2,"PISO":null,"actualizad":null}},
{"type":"Feature","geometry":{"type":"Point","coordinates":[-63.25256,9.70223]},"properties":{"id":null,"CONTROL":"2057","SERIE":"08","LINEA":"111","COD_SEG":"070","COD_MANZA":2,"PISO":null,"actualizad":null}},
{"type":"Feature","geometry":{"type":"Point","coordinates":[-63.25248,9.70226]},"properties":{"id":null,"CONTROL":"2057","SERIE":"09","LINEA":"112","COD_SEG":"070","COD_MANZA":2,"PISO":null,"actualizad":null}},
{"type":"Feature","geometry":{"type":"Point","coordinates":[-63.25242,9.7023]},"properties":{"id":null,"CONTROL":"2057","SERIE":"10","LINEA":"113","COD_SEG":"070","COD_MANZA":2,"PISO":null,"actualizad":null}},
{"type":"Feature","geometry":{"type":"Point","coordinates":[-63.25234,9.70234]},"properties":{"id":null,"CONTROL":"2057","SERIE":"11","LINEA":"114","COD_SEG":"070","COD_MANZA":2,"PISO":null,"actualizad":null}},
{"type":"Feature","geometry":{"type":"Point","coordinates":[-63.25223,9.7024]},"properties":{"id":null,"CONTROL":"2057","SERIE":"12","LINEA":"115","COD_SEG":"070","COD_MANZA":2,"PISO":null,"actualizad":null}},
{"type":"Feature","geometry":{"type":"Point","coordinates":[-63.25215,9.70246]},"properties":{"id":null,"CONTROL":"2057","SERIE":"13","LINEA":"116","COD_SEG":"070","COD_MANZA":2,"PISO":null,"actualizad":null}},
{"type":"Feature","geometry":{"type":"Point","coordinates":[-63.25205,9.70251]},"properties":{"id":null,"CONTROL":"2057","SERIE":"14","LINEA":"117","COD_SEG":"070","COD_MANZA":2,"PISO":null,"actualizad":null}},
{"type":"Feature","geometry":{"type":"Point","coordinates":[-63.25257,9.70158]},"properties":{"id":null,"CONTROL":"2057","SERIE":"15","LINEA":"118","COD_SEG":"070","COD_MANZA":3,"PISO":null,"actualizad":null}},
{"type":"Feature","geometry":{"type":"Point","coordinates":[-63.40948,9.68529]},"properties":{"id":null,"CONTROL":"2069","SERIE":"01","LINEA":"001","COD_SEG":"001","COD_MANZA":3,"PISO":null,"actualizad":null}},
{"type":"Feature","geometry":{"type":"Point","coordinates":[-63.40947,9.68516]},"properties":{"id":null,"CONTROL":"2069","SERIE":"15","LINEA":"002","COD_SEG":"001","COD_MANZA":3,"PISO":null,"actualizad":null}},
{"type":"Feature","geometry":{"type":"Point","coordinates":[-63.40944,9.68497]},"properties":{"id":null,"CONTROL":"2069","SERIE":"02","LINEA":"003","COD_SEG":"001","COD_MANZA":3,"PISO":null,"actualizad":null}},
{"type":"Feature","geometry":{"type":"Point","coordinates":[-63.40945,9.68464]},"properties":{"id":null,"CONTROL":"2069","SERIE":"08","LINEA":"009","COD_SEG":"001","COD_MANZA":3,"PISO":null,"actualizad":null}},
{"type":"Feature","geometry":{"type":"Point","coordinates":[-63.40934,9.68413]},"properties":{"id":null,"CONTROL":"2069","SERIE":"03","LINEA":"004","COD_SEG":"001","COD_MANZA":3,"PISO":null,"actualizad":null}},
{"type":"Feature","geometry":{"type":"Point","coordinates":[-63.40948,9.68411]},"properties":{"id":null,"CONTROL":"2069","SERIE":"04","LINEA":"005","COD_SEG":"001","COD_MANZA":3,"PISO":null,"actualizad":null}},
{"type":"Feature","geometry":{"type":"Point","coordinates":[-63.40968,9.68409]},"properties":{"id":null,"CONTROL":"2069","SERIE":"05","LINEA":"006","COD_SEG":"001","COD_MANZA":3,"PISO":null,"actualizad":null}},
{"type":"Feature","geometry":{"type":"Point","coordinates":[-63.40964,9.68441]},"properties":{"id":null,"CONTROL":"2069","SERIE":"06","LINEA":"007","COD_SEG":"001","COD_MANZA":3,"PISO":null,"actualizad":null}},
{"type":"Feature","geometry":{"type":"Point","coordinates":[-63.40969,9.68454]},"properties":{"id":null,"CONTROL":"2069","SERIE":"07","LINEA":"008","COD_SEG":"001","COD_MANZA":3,"PISO":null,"actualizad":null}},
{"type":"Feature","geometry":{"type":"Point","coordinates":[-63.40971,9.68471]},"properties":{"id":null,"CONTROL":"2069","SERIE":"09","LINEA":"010","COD_SEG":"001","COD_MANZA":3,"PISO":null,"actualizad":null}},
{"type":"Feature","geometry":{"type":"Point","coordinates":[-63.40978,9.68489]},"properties":{"id":null,"CONTROL":"2069","SERIE":"10","LINEA":"011","COD_SEG":"001","COD_MANZA":3,"PISO":null,"actualizad":null}},
{"type":"Feature","geometry":{"type":"Point","coordinates":[-63.40982,9.68503]},"properties":{"id":null,"CONTROL":"2069","SERIE":"11","LINEA":"012","COD_SEG":"001","COD_MANZA":3,"PISO":null,"actualizad":null}},
{"type":"Feature","geometry":{"type":"Point","coordinates":[-63.40983,9.68513]},"properties":{"id":null,"CONTROL":"2069","SERIE":"12","LINEA":"013","COD_SEG":"001","COD_MANZA":3,"PISO":null,"actualizad":null}},
{"type":"Feature","geometry":{"type":"Point","coordinates":[-63.40987,9.68524]},"properties":{"id":null,"CONTROL":"2069","SERIE":"13","LINEA":"014","COD_SEG":"001","COD_MANZA":3,"PISO":null,"actualizad":null}},
{"type":"Feature","geometry":{"type":"Point","coordinates":[-63.4099,9.68536]},"properties":{"id":null,"CONTROL":"2069","SERIE":"14","LINEA":"015","COD_SEG":"001","COD_MANZA":3,"PISO":null,"actualizad":null}},
{"type":"Feature","geometry":{"type":"Point","coordinates":[-63.2463,9.70927]},"properties":{"id":null,"CONTROL":"2081","SERIE":"11","LINEA":"026","COD_SEG":"048","COD_MANZA":26,"PISO":null,"actualizad":null}},
{"type":"Feature","geometry":{"type":"Point","coordinates":[-63.24641,9.70924]},"properties":{"id":null,"CONTROL":"2081","SERIE":"16","LINEA":"031","COD_SEG":"048","COD_MANZA":26,"PISO":null,"actualizad":null}},
{"type":"Feature","geometry":{"type":"Point","coordinates":[-63.24652,9.70922]},"properties":{"id":null,"CONTROL":"2081","SERIE":"10","LINEA":"025","COD_SEG":"048","COD_MANZA":26,"PISO":null,"actualizad":null}},
{"type":"Feature","geometry":{"type":"Point","coordinates":[-63.24661,9.70918]},"properties":{"id":null,"CONTROL":"2081","SERIE":"09","LINEA":"024","COD_SEG":"048","COD_MANZA":26,"PISO":null,"actualizad":null}},
{"type":"Feature","geometry":{"type":"Point","coordinates":[-63.24669,9.70916]},"properties":{"id":null,"CONTROL":"2081","SERIE":"08","LINEA":"023","COD_SEG":"048","COD_MANZA":26,"PISO":null,"actualizad":null}},
{"type":"Feature","geometry":{"type":"Point","coordinates":[-63.24677,9.70913]},"properties":{"id":null,"CONTROL":"2081","SERIE":"07","LINEA":"022","COD_SEG":"048","COD_MANZA":26,"PISO":null,"actualizad":null}},
{"type":"Feature","geometry":{"type":"Point","coordinates":[-63.24687,9.7091]},"properties":{"id":null,"CONTROL":"2081","SERIE":"06","LINEA":"021","COD_SEG":"048","COD_MANZA":26,"PISO":null,"actualizad":null}},
{"type":"Feature","geometry":{"type":"Point","coordinates":[-63.24695,9.70908]},"properties":{"id":null,"CONTROL":"2081","SERIE":"05","LINEA":"020","COD_SEG":"048","COD_MANZA":26,"PISO":null,"actualizad":null}},
{"type":"Feature","geometry":{"type":"Point","coordinates":[-63.24704,9.70904]},"properties":{"id":null,"CONTROL":"2081","SERIE":"04","LINEA":"019","COD_SEG":"048","COD_MANZA":26,"PISO":null,"actualizad":null}},
{"type":"Feature","geometry":{"type":"Point","coordinates":[-63.24714,9.70902]},"properties":{"id":null,"CONTROL":"2081","SERIE":"03","LINEA":"018","COD_SEG":"048","COD_MANZA":26,"PISO":null,"actualizad":null}},
{"type":"Feature","geometry":{"type":"Point","coordinates":[-63.24722,9.70899]},"properties":{"id":null,"CONTROL":"2081","SERIE":"02","LINEA":"017","COD_SEG":"048","COD_MANZA":26,"PISO":null,"actualizad":null}},
{"type":"Feature","geometry":{"type":"Point","coordinates":[-63.24731,9.70896]},"properties":{"id":null,"CONTROL":"2081","SERIE":"01","LINEA":"016","COD_SEG":"048","COD_MANZA":26,"PISO":null,"actualizad":null}},
{"type":"Feature","geometry":{"type":"Point","coordinates":[-63.24491,9.70943]},"properties":{"id":null,"CONTROL":"2081","SERIE":"12","LINEA":"027","COD_SEG":"048","COD_MANZA":28,"PISO":null,"actualizad":null}},
{"type":"Feature","geometry":{"type":"Point","coordinates":[-63.245,9.7094]},"properties":{"id":null,"CONTROL":"2081","SERIE":"13","LINEA":"028","COD_SEG":"048","COD_MANZA":28,"PISO":null,"actualizad":null}},
{"type":"Feature","geometry":{"type":"Point","coordinates":[-63.24509,9.70937]},"properties":{"id":null,"CONTROL":"2081","SERIE":"14","LINEA":"029","COD_SEG":"048","COD_MANZA":28,"PISO":null,"actualizad":null}},
{"type":"Feature","geometry":{"type":"Point","coordinates":[-63.24526,9.70931]},"properties":{"id":null,"CONTROL":"2081","SERIE":"15","LINEA":"030","COD_SEG":"048","COD_MANZA":28,"PISO":null,"actualizad":null}},
{"type":"Feature","geometry":{"type":"Point","coordinates":[-63.19051,9.74131]},"properties":{"id":null,"CONTROL":"2091","SERIE":"01","LINEA":"116","COD_SEG":"053","COD_MANZA":3,"PISO":null,"actualizad":null}},
{"type":"Feature","geometry":{"type":"Point","coordinates":[-63.19051,9.74118]},"properties":{"id":null,"CONTROL":"2091","SERIE":"02","LINEA":"117","COD_SEG":"053","COD_MANZA":3,"PISO":null,"actualizad":null}},
{"type":"Feature","geometry":{"type":"Point","coordinates":[-63.19052,9.74108]},"properties":{"id":null,"CONTROL":"2091","SERIE":"03","LINEA":"118","COD_SEG":"053","COD_MANZA":3,"PISO":null,"actualizad":null}},
{"type":"Feature","geometry":{"type":"Point","coordinates":[-63.19052,9.74094]},"properties":{"id":null,"CONTROL":"2091","SERIE":"04","LINEA":"119","COD_SEG":"053","COD_MANZA":3,"PISO":null,"actualizad":null}},
{"type":"Feature","geometry":{"type":"Point","coordinates":[-63.19054,9.74085]},"properties":{"id":null,"CONTROL":"2091","SERIE":"05","LINEA":"120","COD_SEG":"053","COD_MANZA":3,"PISO":null,"actualizad":null}},
{"type":"Feature","geometry":{"type":"Point","coordinates":[-63.19075,9.7409]},"properties":{"id":null,"CONTROL":"2091","SERIE":"06","LINEA":"121","COD_SEG":"053","COD_MANZA":3,"PISO":null,"actualizad":null}},
{"type":"Feature","geometry":{"type":"Point","coordinates":[-63.19086,9.74093]},"properties":{"id":null,"CONTROL":"2091","SERIE":"07","LINEA":"122","COD_SEG":"053","COD_MANZA":3,"PISO":null,"actualizad":null}},
{"type":"Feature","geometry":{"type":"Point","coordinates":[-63.19075,9.74122]},"properties":{"id":null,"CONTROL":"2091","SERIE":"08","LINEA":"123","COD_SEG":"053","COD_MANZA":3,"PISO":null,"actualizad":null}},
{"type":"Feature","geometry":{"type":"Point","coordinates":[-63.19085,9.74126]},"properties":{"id":null,"CONTROL":"2091","SERIE":"09","LINEA":"124","COD_SEG":"053","COD_MANZA":3,"PISO":null,"actualizad":null}},
{"type":"Feature","geometry":{"type":"Point","coordinates":[-63.1909,9.74116]},"properties":{"id":null,"CONTROL":"2091","SERIE":"10","LINEA":"125","COD_SEG":"053","COD_MANZA":3,"PISO":null,"actualizad":null}},
{"type":"Feature","geometry":{"type":"Point","coordinates":[-63.19095,9.74111]},"properties":{"id":null,"CONTROL":"2091","SERIE":"11","LINEA":"126","COD_SEG":"053","COD_MANZA":3,"PISO":null,"actualizad":null}},
{"type":"Feature","geometry":{"type":"Point","coordinates":[-63.19104,9.74095]},"properties":{"id":null,"CONTROL":"2091","SERIE":"12","LINEA":"127","COD_SEG":"053","COD_MANZA":3,"PISO":null,"actualizad":null}},
{"type":"Feature","geometry":{"type":"Point","coordinates":[-63.19118,9.74098]},"properties":{"id":null,"CONTROL":"2091","SERIE":"13","LINEA":"128","COD_SEG":"053","COD_MANZA":3,"PISO":null,"actualizad":null}},
{"type":"Feature","geometry":{"type":"Point","coordinates":[-63.19129,9.74099]},"properties":{"id":null,"CONTROL":"2091","SERIE":"14","LINEA":"129","COD_SEG":"053","COD_MANZA":3,"PISO":null,"actualizad":null}},
{"type":"Feature","geometry":{"type":"Point","coordinates":[-63.19136,9.74103]},"properties":{"id":null,"CONTROL":"2091","SERIE":"15","LINEA":"130","COD_SEG":"053","COD_MANZA":3,"PISO":null,"actualizad":null}},
{"type":"Feature","geometry":{"type":"Point","coordinates":[-63.19065,9.74085]},"properties":{"id":null,"CONTROL":"2091","SERIE":"16","LINEA":"131","COD_SEG":"053","COD_MANZA":3,"PISO":null,"actualizad":null}},
{"type":"Feature","geometry":{"type":"Point","coordinates":[-63.1908,9.74129]},"properties":{"id":null,"CONTROL":"2091","SERIE":"17","LINEA":"132","COD_SEG":"053","COD_MANZA":3,"PISO":null,"actualizad":null}},
{"type":"Feature","geometry":{"type":"Point","coordinates":[-62.65105,9.01169]},"properties":{"id":null,"CONTROL":"3022","SERIE":"01","LINEA":"001","COD_SEG":"007","COD_MANZA":1,"PISO":null,"actualizad":null}},
{"type":"Feature","geometry":{"type":"Point","coordinates":[-62.65095,9.01173]},"properties":{"id":null,"CONTROL":"3022","SERIE":"02","LINEA":"002","COD_SEG":"007","COD_MANZA":1,"PISO":null,"actualizad":null}},
{"type":"Feature","geometry":{"type":"Point","coordinates":[-62.65084,9.01178]},"properties":{"id":null,"CONTROL":"3022","SERIE":"03","LINEA":"003","COD_SEG":"007","COD_MANZA":1,"PISO":null,"actualizad":null}},
{"type":"Feature","geometry":{"type":"Point","coordinates":[-62.65076,9.01184]},"properties":{"id":null,"CONTROL":"3022","SERIE":"04","LINEA":"004","COD_SEG":"007","COD_MANZA":1,"PISO":null,"actualizad":null}},
{"type":"Feature","geometry":{"type":"Point","coordinates":[-62.65067,9.01189]},"properties":{"id":null,"CONTROL":"3022","SERIE":"05","LINEA":"005","COD_SEG":"007","COD_MANZA":1,"PISO":null,"actualizad":null}},
{"type":"Feature","geometry":{"type":"Point","coordinates":[-62.65056,9.01193]},"properties":{"id":null,"CONTROL":"3022","SERIE":"06","LINEA":"006","COD_SEG":"007","COD_MANZA":1,"PISO":null,"actualizad":null}},
{"type":"Feature","geometry":{"type":"Point","coordinates":[-62.65045,9.012]},"properties":{"id":null,"CONTROL":"3022","SERIE":"07","LINEA":"007","COD_SEG":"007","COD_MANZA":1,"PISO":null,"actualizad":null}},
{"type":"Feature","geometry":{"type":"Point","coordinates":[-62.65025,9.01211]},"properties":{"id":null,"CONTROL":"3022","SERIE":"08","LINEA":"008","COD_SEG":"007","COD_MANZA":1,"PISO":null,"actualizad":null}},
{"type":"Feature","geometry":{"type":"Point","coordinates":[-62.65009,9.0119]},"properties":{"id":null,"CONTROL":"3022","SERIE":"09","LINEA":"009","COD_SEG":"007","COD_MANZA":1,"PISO":null,"actualizad":null}},
{"type":"Feature","geometry":{"type":"Point","coordinates":[-62.65005,9.01173]},"properties":{"id":null,"CONTROL":"3022","SERIE":"10","LINEA":"010","COD_SEG":"007","COD_MANZA":1,"PISO":null,"actualizad":null}},
{"type":"Feature","geometry":{"type":"Point","coordinates":[-62.65017,9.01165]},"properties":{"id":null,"CONTROL":"3022","SERIE":"11","LINEA":"011","COD_SEG":"007","COD_MANZA":1,"PISO":null,"actualizad":null}},
{"type":"Feature","geometry":{"type":"Point","coordinates":[-62.6503,9.01157]},"properties":{"id":null,"CONTROL":"3022","SERIE":"12","LINEA":"012","COD_SEG":"007","COD_MANZA":1,"PISO":null,"actualizad":null}},
{"type":"Feature","geometry":{"type":"Point","coordinates":[-62.65045,9.01148]},"properties":{"id":null,"CONTROL":"3022","SERIE":"13","LINEA":"013","COD_SEG":"007","COD_MANZA":1,"PISO":null,"actualizad":null}},
{"type":"Feature","geometry":{"type":"Point","coordinates":[-62.65057,9.01142]},"properties":{"id":null,"CONTROL":"3022","SERIE":"14","LINEA":"014","COD_SEG":"007","COD_MANZA":1,"PISO":null,"actualizad":null}},
{"type":"Feature","geometry":{"type":"Point","coordinates":[-62.6507,9.01133]},"properties":{"id":null,"CONTROL":"3022","SERIE":"15","LINEA":"015","COD_SEG":"007","COD_MANZA":1,"PISO":null,"actualizad":null}},
{"type":"Feature","geometry":{"type":"Point","coordinates":[-62.65099,9.01114]},"properties":{"id":null,"CONTROL":"3022","SERIE":"16","LINEA":"016","COD_SEG":"007","COD_MANZA":1,"PISO":null,"actualizad":null}},
{"type":"Feature","geometry":{"type":"Point","coordinates":[-62.65104,9.01129]},"properties":{"id":null,"CONTROL":"3022","SERIE":"17","LINEA":"017","COD_SEG":"007","COD_MANZA":1,"PISO":null,"actualizad":null}},
{"type":"Feature","geometry":{"type":"Point","coordinates":[-62.6511,9.01139]},"properties":{"id":null,"CONTROL":"3022","SERIE":"18","LINEA":"018","COD_SEG":"007","COD_MANZA":1,"PISO":null,"actualizad":null}},
{"type":"Feature","geometry":{"type":"Point","coordinates":[-62.65118,9.0116]},"properties":{"id":null,"CONTROL":"3022","SERIE":"19","LINEA":"019","COD_SEG":"007","COD_MANZA":1,"PISO":null,"actualizad":null}},
{"type":"Feature","geometry":{"type":"Point","coordinates":[-62.64995,9.01231]},"properties":{"id":null,"CONTROL":"3022","SERIE":"20","LINEA":"020","COD_SEG":"007","COD_MANZA":2,"PISO":null,"actualizad":null}},
{"type":"Feature","geometry":{"type":"Point","coordinates":[-62.64981,9.01238]},"properties":{"id":null,"CONTROL":"3022","SERIE":"21","LINEA":"021","COD_SEG":"007","COD_MANZA":2,"PISO":null,"actualizad":null}},
{"type":"Feature","geometry":{"type":"Point","coordinates":[-63.50402,10.17384]},"properties":{"id":null,"CONTROL":"0025","SERIE":"01","LINEA":"105","COD_SEG":"002","COD_MANZA":2,"PISO":null,"actualizad":null}},
{"type":"Feature","geometry":{"type":"Point","coordinates":[-63.50406,10.17375]},"properties":{"id":null,"CONTROL":"0025","SERIE":"02","LINEA":"106","COD_SEG":"002","COD_MANZA":2,"PISO":null,"actualizad":null}},
{"type":"Feature","geometry":{"type":"Point","coordinates":[-63.50328,10.1742]},"properties":{"id":null,"CONTROL":"0025","SERIE":"03","LINEA":"107","COD_SEG":"002","COD_MANZA":3,"PISO":null,"actualizad":null}},
{"type":"Feature","geometry":{"type":"Point","coordinates":[-63.50336,10.17419]},"properties":{"id":null,"CONTROL":"0025","SERIE":"04","LINEA":"108","COD_SEG":"002","COD_MANZA":3,"PISO":null,"actualizad":null}},
{"type":"Feature","geometry":{"type":"Point","coordinates":[-63.50344,10.17418]},"properties":{"id":null,"CONTROL":"0025","SERIE":"05","LINEA":"109","COD_SEG":"002","COD_MANZA":3,"PISO":null,"actualizad":null}},
{"type":"Feature","geometry":{"type":"Point","coordinates":[-63.50352,10.17417]},"properties":{"id":null,"CONTROL":"0025","SERIE":"06","LINEA":"110","COD_SEG":"002","COD_MANZA":3,"PISO":null,"actualizad":null}},
{"type":"Feature","geometry":{"type":"Point","coordinates":[-63.50361,10.17416]},"properties":{"id":null,"CONTROL":"0025","SERIE":"07","LINEA":"111","COD_SEG":"002","COD_MANZA":3,"PISO":null,"actualizad":null}},
{"type":"Feature","geometry":{"type":"Point","coordinates":[-63.50385,10.17363]},"properties":{"id":null,"CONTROL":"0025","SERIE":"08","LINEA":"112","COD_SEG":"002","COD_MANZA":4,"PISO":null,"actualizad":null}},
{"type":"Feature","geometry":{"type":"Point","coordinates":[-63.50388,10.17371]},"properties":{"id":null,"CONTROL":"0025","SERIE":"09","LINEA":"113","COD_SEG":"002","COD_MANZA":4,"PISO":null,"actualizad":null}},
{"type":"Feature","geometry":{"type":"Point","coordinates":[-63.50383,10.17378]},"properties":{"id":null,"CONTROL":"0025","SERIE":"10","LINEA":"114","COD_SEG":"002","COD_MANZA":4,"PISO":null,"actualizad":null}},
{"type":"Feature","geometry":{"type":"Point","coordinates":[-63.50379,10.17385]},"properties":{"id":null,"CONTROL":"0025","SERIE":"11","LINEA":"115","COD_SEG":"002","COD_MANZA":4,"PISO":null,"actualizad":null}},
{"type":"Feature","geometry":{"type":"Point","coordinates":[-63.50375,10.17391]},"properties":{"id":null,"CONTROL":"0025","SERIE":"12","LINEA":"116","COD_SEG":"002","COD_MANZA":4,"PISO":null,"actualizad":null}},
{"type":"Feature","geometry":{"type":"Point","coordinates":[-63.50365,10.17393]},"properties":{"id":null,"CONTROL":"0025","SERIE":"13","LINEA":"117","COD_SEG":"002","COD_MANZA":4,"PISO":null,"actualizad":null}},
{"type":"Feature","geometry":{"type":"Point","coordinates":[-63.50357,10.17394]},"properties":{"id":null,"CONTROL":"0025","SERIE":"14","LINEA":"118","COD_SEG":"002","COD_MANZA":4,"PISO":null,"actualizad":null}},
{"type":"Feature","geometry":{"type":"Point","coordinates":[-63.50348,10.17395]},"properties":{"id":null,"CONTROL":"0025","SERIE":"15","LINEA":"119","COD_SEG":"002","COD_MANZA":4,"PISO":null,"actualizad":null}},
{"type":"Feature","geometry":{"type":"Point","coordinates":[-63.19999,9.77038]},"properties":{"id":null,"CONTROL":"3030","SERIE":"01","LINEA":"165","COD_SEG":"046","COD_MANZA":4,"PISO":null,"actualizad":null}},
{"type":"Feature","geometry":{"type":"Point","coordinates":[-63.19989,9.77035]},"properties":{"id":null,"CONTROL":"3030","SERIE":"02","LINEA":"166","COD_SEG":"046","COD_MANZA":4,"PISO":null,"actualizad":null}},
{"type":"Feature","geometry":{"type":"Point","coordinates":[-63.19983,9.77034]},"properties":{"id":null,"CONTROL":"3030","SERIE":"03","LINEA":"167","COD_SEG":"046","COD_MANZA":4,"PISO":null,"actualizad":null}},
{"type":"Feature","geometry":{"type":"Point","coordinates":[-63.19978,9.77032]},"properties":{"id":null,"CONTROL":"3030","SERIE":"04","LINEA":"168","COD_SEG":"046","COD_MANZA":4,"PISO":null,"actualizad":null}},
{"type":"Feature","geometry":{"type":"Point","coordinates":[-63.19971,9.77029]},"properties":{"id":null,"CONTROL":"3030","SERIE":"05","LINEA":"169","COD_SEG":"046","COD_MANZA":4,"PISO":null,"actualizad":null}},
{"type":"Feature","geometry":{"type":"Point","coordinates":[-63.19965,9.77027]},"properties":{"id":null,"CONTROL":"3030","SERIE":"06","LINEA":"170","COD_SEG":"046","COD_MANZA":4,"PISO":null,"actualizad":null}},
{"type":"Feature","geometry":{"type":"Point","coordinates":[-63.1996,9.77025]},"properties":{"id":null,"CONTROL":"3030","SERIE":"07","LINEA":"171","COD_SEG":"046","COD_MANZA":4,"PISO":null,"actualizad":null}},
{"type":"Feature","geometry":{"type":"Point","coordinates":[-63.19953,9.77023]},"properties":{"id":null,"CONTROL":"3030","SERIE":"08","LINEA":"172","COD_SEG":"046","COD_MANZA":4,"PISO":null,"actualizad":null}},
{"type":"Feature","geometry":{"type":"Point","coordinates":[-63.19946,9.77021]},"properties":{"id":null,"CONTROL":"3030","SERIE":"09","LINEA":"173","COD_SEG":"046","COD_MANZA":4,"PISO":null,"actualizad":null}},
{"type":"Feature","geometry":{"type":"Point","coordinates":[-63.19876,9.76999]},"properties":{"id":null,"CONTROL":"3030","SERIE":"10","LINEA":"174","COD_SEG":"046","COD_MANZA":4,"PISO":null,"actualizad":null}},
{"type":"Feature","geometry":{"type":"Point","coordinates":[-63.19892,9.76999]},"properties":{"id":null,"CONTROL":"3030","SERIE":"11","LINEA":"175","COD_SEG":"046","COD_MANZA":4,"PISO":null,"actualizad":null}},
{"type":"Feature","geometry":{"type":"Point","coordinates":[-63.19902,9.76999]},"properties":{"id":null,"CONTROL":"3030","SERIE":"12","LINEA":"176","COD_SEG":"046","COD_MANZA":4,"PISO":null,"actualizad":null}},
{"type":"Feature","geometry":{"type":"Point","coordinates":[-63.19909,9.76998]},"properties":{"id":null,"CONTROL":"3030","SERIE":"13","LINEA":"177","COD_SEG":"046","COD_MANZA":4,"PISO":null,"actualizad":null}},
{"type":"Feature","geometry":{"type":"Point","coordinates":[-63.19918,9.76996]},"properties":{"id":null,"CONTROL":"3030","SERIE":"14","LINEA":"178","COD_SEG":"046","COD_MANZA":4,"PISO":null,"actualizad":null}},
{"type":"Feature","geometry":{"type":"Point","coordinates":[-63.19926,9.76994]},"properties":{"id":null,"CONTROL":"3030","SERIE":"15","LINEA":"179","COD_SEG":"046","COD_MANZA":4,"PISO":null,"actualizad":null}},
{"type":"Feature","geometry":{"type":"Point","coordinates":[-63.16022,9.73219]},"properties":{"id":null,"CONTROL":"0027","SERIE":"01","LINEA":"190","COD_SEG":"116","COD_MANZA":1,"PISO":null,"actualizad":null}},
{"type":"Feature","geometry":{"type":"Point","coordinates":[-63.16023,9.73186]},"properties":{"id":null,"CONTROL":"0027","SERIE":"02","LINEA":"191","COD_SEG":"116","COD_MANZA":1,"PISO":null,"actualizad":null}},
{"type":"Feature","geometry":{"type":"Point","coordinates":[-63.16035,9.73153]},"properties":{"id":null,"CONTROL":"0027","SERIE":"03","LINEA":"192","COD_SEG":"116","COD_MANZA":1,"PISO":null,"actualizad":null}},
{"type":"Feature","geometry":{"type":"Point","coordinates":[-63.16059,9.73163]},"properties":{"id":null,"CONTROL":"0027","SERIE":"DISCO LONGE TAHITI\n","LINEA":null,"COD_SEG":"116","COD_MANZA":1,"PISO":null,"actualizad":null}},
{"type":"Feature","geometry":{"type":"Point","coordinates":[-63.16075,9.73165]},"properties":{"id":null,"CONTROL":"0027","SERIE":"04","LINEA":"193","COD_SEG":"116","COD_MANZA":1,"PISO":null,"actualizad":null}},
{"type":"Feature","geometry":{"type":"Point","coordinates":[-63.16069,9.73177]},"properties":{"id":null,"CONTROL":"0027","SERIE":"05","LINEA":"194","COD_SEG":"116","COD_MANZA":1,"PISO":null,"actualizad":null}},
{"type":"Feature","geometry":{"type":"Point","coordinates":[-63.161,9.73191]},"properties":{"id":null,"CONTROL":"0027","SERIE":"06","LINEA":"195","COD_SEG":"116","COD_MANZA":1,"PISO":null,"actualizad":null}},
{"type":"Feature","geometry":{"type":"Point","coordinates":[-63.16132,9.7322]},"properties":{"id":null,"CONTROL":"0027","SERIE":"07","LINEA":"196","COD_SEG":"116","COD_MANZA":1,"PISO":null,"actualizad":null}},
{"type":"Feature","geometry":{"type":"Point","coordinates":[-63.16122,9.73202]},"properties":{"id":null,"CONTROL":"0027","SERIE":"CENTRO HIPICO\n","LINEA":null,"COD_SEG":"116","COD_MANZA":1,"PISO":null,"actualizad":null}},
{"type":"Feature","geometry":{"type":"Point","coordinates":[-63.16166,9.73242]},"properties":{"id":null,"CONTROL":"0027","SERIE":"OE OTRO (TERRENO SOLO)\n","LINEA":null,"COD_SEG":"116","COD_MANZA":1,"PISO":null,"actualizad":null}},
{"type":"Feature","geometry":{"type":"Point","coordinates":[-63.16233,9.73318]},"properties":{"id":null,"CONTROL":"0027","SERIE":"JARDIN CERVECERO\n","LINEA":null,"COD_SEG":"116","COD_MANZA":1,"PISO":null,"actualizad":null}},
{"type":"Feature","geometry":{"type":"Point","coordinates":[-63.16266,9.73371]},"properties":{"id":null,"CONTROL":"0027","SERIE":"08 C-13 ( RESTAURANTE)\n","LINEA":"197","COD_SEG":"116","COD_MANZA":1,"PISO":null,"actualizad":null}},
{"type":"Feature","geometry":{"type":"Point","coordinates":[-63.1599,9.73352]},"properties":{"id":null,"CONTROL":"0027","SERIE":"10","LINEA":"199","COD_SEG":"116","COD_MANZA":2,"PISO":null,"actualizad":null}},
{"type":"Feature","geometry":{"type":"Point","coordinates":[-63.15991,9.73345]},"properties":{"id":null,"CONTROL":"0027","SERIE":"11","LINEA":"200","COD_SEG":"116","COD_MANZA":2,"PISO":null,"actualizad":null}},
{"type":"Feature","geometry":{"type":"Point","coordinates":[-63.1599,9.73339]},"properties":{"id":null,"CONTROL":"0027","SERIE":"12","LINEA":"201","COD_SEG":"116","COD_MANZA":2,"PISO":null,"actualizad":null}},
{"type":"Feature","geometry":{"type":"Point","coordinates":[-63.15991,9.73333]},"properties":{"id":null,"CONTROL":"0027","SERIE":"13","LINEA":"202","COD_SEG":"116","COD_MANZA":2,"PISO":null,"actualizad":null}},
{"type":"Feature","geometry":{"type":"Point","coordinates":[-63.15989,9.73326]},"properties":{"id":null,"CONTROL":"0027","SERIE":"14","LINEA":"203","COD_SEG":"116","COD_MANZA":2,"PISO":null,"actualizad":null}},
{"type":"Feature","geometry":{"type":"Point","coordinates":[-63.15989,9.73318]},"properties":{"id":null,"CONTROL":"0027","SERIE":"15","LINEA":"204","COD_SEG":"116","COD_MANZA":2,"PISO":null,"actualizad":null}},
{"type":"Feature","geometry":{"type":"Point","coordinates":[-63.20938,9.69246]},"properties":{"id":null,"CONTROL":"0040","SERIE":"01","LINEA":"144","COD_SEG":"152","COD_MANZA":16,"PISO":null,"actualizad":null}},
{"type":"Feature","geometry":{"type":"Point","coordinates":[-63.20934,9.69217]},"properties":{"id":null,"CONTROL":"0040","SERIE":"02","LINEA":"145","COD_SEG":"152","COD_MANZA":16,"PISO":null,"actualizad":null}},
{"type":"Feature","geometry":{"type":"Point","coordinates":[-63.20932,9.6919]},"properties":{"id":null,"CONTROL":"0040","SERIE":"03","LINEA":"146","COD_SEG":"152","COD_MANZA":16,"PISO":null,"actualizad":null}},
{"type":"Feature","geometry":{"type":"Point","coordinates":[-63.20954,9.69188]},"properties":{"id":null,"CONTROL":"0040","SERIE":"04","LINEA":"147","COD_SEG":"152","COD_MANZA":16,"PISO":null,"actualizad":null}},
{"type":"Feature","geometry":{"type":"Point","coordinates":[-63.20893,9.69236]},"properties":{"id":null,"CONTROL":"0040","SERIE":"05","LINEA":"148","COD_SEG":"152","COD_MANZA":17,"PISO":null,"actualizad":null}},
{"type":"Feature","geometry":{"type":"Point","coordinates":[-63.20888,9.69207]},"properties":{"id":null,"CONTROL":"0040","SERIE":"06","LINEA":"149","COD_SEG":"152","COD_MANZA":17,"PISO":null,"actualizad":null}},
{"type":"Feature","geometry":{"type":"Point","coordinates":[-63.20909,9.69191]},"properties":{"id":null,"CONTROL":"0040","SERIE":"07","LINEA":"150","COD_SEG":"152","COD_MANZA":17,"PISO":null,"actualizad":null}},
{"type":"Feature","geometry":{"type":"Point","coordinates":[-63.20912,9.69229]},"properties":{"id":null,"CONTROL":"0040","SERIE":"08","LINEA":"151","COD_SEG":"152","COD_MANZA":17,"PISO":null,"actualizad":null}},
{"type":"Feature","geometry":{"type":"Point","coordinates":[-63.20907,9.69264]},"properties":{"id":null,"CONTROL":"0040","SERIE":"09","LINEA":"152","COD_SEG":"152","COD_MANZA":17,"PISO":null,"actualizad":null}},
{"type":"Feature","geometry":{"type":"Point","coordinates":[-63.20852,9.69278]},"properties":{"id":null,"CONTROL":"0040","SERIE":"10","LINEA":"153","COD_SEG":"152","COD_MANZA":18,"PISO":null,"actualizad":null}},
{"type":"Feature","geometry":{"type":"Point","coordinates":[-63.20848,9.6926]},"properties":{"id":null,"CONTROL":"0040","SERIE":"11","LINEA":"154","COD_SEG":"152","COD_MANZA":18,"PISO":null,"actualizad":null}},
{"type":"Feature","geometry":{"type":"Point","coordinates":[-63.2084,9.69235]},"properties":{"id":null,"CONTROL":"0040","SERIE":"12","LINEA":"155","COD_SEG":"152","COD_MANZA":18,"PISO":null,"actualizad":null}},
{"type":"Feature","geometry":{"type":"Point","coordinates":[-63.20836,9.69211]},"properties":{"id":null,"CONTROL":"0040","SERIE":"13","LINEA":"156","COD_SEG":"152","COD_MANZA":18,"PISO":null,"actualizad":null}},
{"type":"Feature","geometry":{"type":"Point","coordinates":[-63.20864,9.69206]},"properties":{"id":null,"CONTROL":"0040","SERIE":"14","LINEA":"157","COD_SEG":"152","COD_MANZA":18,"PISO":null,"actualizad":null}},
{"type":"Feature","geometry":{"type":"Point","coordinates":[-63.20867,9.69224]},"properties":{"id":null,"CONTROL":"0040","SERIE":"15","LINEA":"158","COD_SEG":"152","COD_MANZA":18,"PISO":null,"actualizad":null}},
{"type":"Feature","geometry":{"type":"Point","coordinates":[-63.24778,9.69568]},"properties":{"id":null,"CONTROL":"2058","SERIE":"01","LINEA":"043","COD_SEG":"082","COD_MANZA":1,"PISO":null,"actualizad":null}},
{"type":"Feature","geometry":{"type":"Point","coordinates":[-63.24763,9.69552]},"properties":{"id":null,"CONTROL":"2058","SERIE":"02","LINEA":"044","COD_SEG":"082","COD_MANZA":1,"PISO":null,"actualizad":null}},
{"type":"Feature","geometry":{"type":"Point","coordinates":[-63.24771,9.69545]},"properties":{"id":null,"CONTROL":"2058","SERIE":"03","LINEA":"045","COD_SEG":"082","COD_MANZA":1,"PISO":null,"actualizad":null}},
{"type":"Feature","geometry":{"type":"Point","coordinates":[-63.24779,9.69538]},"properties":{"id":null,"CONTROL":"2058","SERIE":"04","LINEA":"046","COD_SEG":"082","COD_MANZA":1,"PISO":null,"actualizad":null}},
{"type":"Feature","geometry":{"type":"Point","coordinates":[-63.24787,9.6953]},"properties":{"id":null,"CONTROL":"2058","SERIE":"05","LINEA":"047","COD_SEG":"082","COD_MANZA":1,"PISO":null,"actualizad":null}},
{"type":"Feature","geometry":{"type":"Point","coordinates":[-63.24796,9.69522]},"properties":{"id":null,"CONTROL":"2058","SERIE":"06","LINEA":"048","COD_SEG":"082","COD_MANZA":1,"PISO":null,"actualizad":null}},
{"type":"Feature","geometry":{"type":"Point","coordinates":[-63.24804,9.69515]},"properties":{"id":null,"CONTROL":"2058","SERIE":"07","LINEA":"049","COD_SEG":"082","COD_MANZA":1,"PISO":null,"actualizad":null}},
{"type":"Feature","geometry":{"type":"Point","coordinates":[-63.24813,9.69507]},"properties":{"id":null,"CONTROL":"2058","SERIE":"08","LINEA":"050","COD_SEG":"082","COD_MANZA":1,"PISO":null,"actualizad":null}},
{"type":"Feature","geometry":{"type":"Point","coordinates":[-63.24822,9.695]},"properties":{"id":null,"CONTROL":"2058","SERIE":"09","LINEA":"051","COD_SEG":"082","COD_MANZA":1,"PISO":null,"actualizad":null}},
{"type":"Feature","geometry":{"type":"Point","coordinates":[-63.24831,9.69493]},"properties":{"id":null,"CONTROL":"2058","SERIE":"10","LINEA":"052","COD_SEG":"082","COD_MANZA":1,"PISO":null,"actualizad":null}},
{"type":"Feature","geometry":{"type":"Point","coordinates":[-63.24821,9.69479]},"properties":{"id":null,"CONTROL":"2058","SERIE":"11","LINEA":"053","COD_SEG":"082","COD_MANZA":1,"PISO":null,"actualizad":null}},
{"type":"Feature","geometry":{"type":"Point","coordinates":[-63.24809,9.69488]},"properties":{"id":null,"CONTROL":"2058","SERIE":"12","LINEA":"054","COD_SEG":"082","COD_MANZA":1,"PISO":null,"actualizad":null}},
{"type":"Feature","geometry":{"type":"Point","coordinates":[-63.248,9.69495]},"properties":{"id":null,"CONTROL":"2058","SERIE":"13","LINEA":"055","COD_SEG":"082","COD_MANZA":1,"PISO":null,"actualizad":null}},
{"type":"Feature","geometry":{"type":"Point","coordinates":[-63.24792,9.69502]},"properties":{"id":null,"CONTROL":"2058","SERIE":"14","LINEA":"056","COD_SEG":"082","COD_MANZA":1,"PISO":null,"actualizad":null}},
{"type":"Feature","geometry":{"type":"Point","coordinates":[-63.25598,9.68953]},"properties":{"id":null,"CONTROL":"2066","SERIE":"01","LINEA":"043","COD_SEG":"077","COD_MANZA":2,"PISO":null,"actualizad":null}},
{"type":"Feature","geometry":{"type":"Point","coordinates":[-63.256,9.6896]},"properties":{"id":null,"CONTROL":"2066","SERIE":"02","LINEA":"044","COD_SEG":"077","COD_MANZA":2,"PISO":null,"actualizad":null}},
{"type":"Feature","geometry":{"type":"Point","coordinates":[-63.25601,9.68969]},"properties":{"id":null,"CONTROL":"2066","SERIE":"03","LINEA":"045","COD_SEG":"077","COD_MANZA":2,"PISO":null,"actualizad":null}},
{"type":"Feature","geometry":{"type":"Point","coordinates":[-63.25603,9.68979]},"properties":{"id":null,"CONTROL":"2066","SERIE":"04","LINEA":"046","COD_SEG":"077","COD_MANZA":2,"PISO":null,"actualizad":null}},
{"type":"Feature","geometry":{"type":"Point","coordinates":[-63.25604,9.68989]},"properties":{"id":null,"CONTROL":"2066","SERIE":"05","LINEA":"047","COD_SEG":"077","COD_MANZA":2,"PISO":null,"actualizad":null}},
{"type":"Feature","geometry":{"type":"Point","coordinates":[-63.25605,9.68998]},"properties":{"id":null,"CONTROL":"2066","SERIE":"06","LINEA":"048","COD_SEG":"077","COD_MANZA":2,"PISO":null,"actualizad":null}},
{"type":"Feature","geometry":{"type":"Point","coordinates":[-63.25607,9.69008]},"properties":{"id":null,"CONTROL":"2066","SERIE":"07","LINEA":"049","COD_SEG":"077","COD_MANZA":2,"PISO":null,"actualizad":null}},
{"type":"Feature","geometry":{"type":"Point","coordinates":[-63.25608,9.69015]},"properties":{"id":null,"CONTROL":"2066","SERIE":"08\n","LINEA":"050","COD_SEG":"077","COD_MANZA":2,"PISO":null,"actualizad":null}},
{"type":"Feature","geometry":{"type":"Point","coordinates":[-63.2561,9.69026]},"properties":{"id":null,"CONTROL":"2066","SERIE":"09","LINEA":"051","COD_SEG":"077","COD_MANZA":2,"PISO":null,"actualizad":null}},
{"type":"Feature","geometry":{"type":"Point","coordinates":[-63.25613,9.69037]},"properties":{"id":null,"CONTROL":"2066","SERIE":"10","LINEA":"052","COD_SEG":"077","COD_MANZA":2,"PISO":null,"actualizad":null}},
{"type":"Feature","geometry":{"type":"Point","coordinates":[-63.25614,9.69046]},"properties":{"id":null,"CONTROL":"2066","SERIE":"11","LINEA":"053","COD_SEG":"077","COD_MANZA":2,"PISO":null,"actualizad":null}},
{"type":"Feature","geometry":{"type":"Point","coordinates":[-63.25615,9.69055]},"properties":{"id":null,"CONTROL":"2066","SERIE":"12","LINEA":"054","COD_SEG":"077","COD_MANZA":2,"PISO":null,"actualizad":null}},
{"type":"Feature","geometry":{"type":"Point","coordinates":[-63.25618,9.69067]},"properties":{"id":null,"CONTROL":"2066","SERIE":"13","LINEA":"055","COD_SEG":"077","COD_MANZA":2,"PISO":null,"actualizad":null}},
{"type":"Feature","geometry":{"type":"Point","coordinates":[-63.2562,9.69077]},"properties":{"id":null,"CONTROL":"2066","SERIE":"14","LINEA":"056","COD_SEG":"077","COD_MANZA":2,"PISO":null,"actualizad":null}},
{"type":"Feature","geometry":{"type":"Point","coordinates":[-63.31119,9.70889]},"properties":{"id":null,"CONTROL":"2070","SERIE":"01","LINEA":"043","COD_SEG":"004","COD_MANZA":51,"PISO":null,"actualizad":null}},
{"type":"Feature","geometry":{"type":"Point","coordinates":[-63.31106,9.70894]},"properties":{"id":null,"CONTROL":"2070","SERIE":"02","LINEA":"044","COD_SEG":"004","COD_MANZA":51,"PISO":null,"actualizad":null}},
{"type":"Feature","geometry":{"type":"Point","coordinates":[-63.31087,9.70896]},"properties":{"id":null,"CONTROL":"2070","SERIE":"03","LINEA":"045","COD_SEG":"004","COD_MANZA":51,"PISO":null,"actualizad":null}},
{"type":"Feature","geometry":{"type":"Point","coordinates":[-63.31077,9.70895]},"properties":{"id":null,"CONTROL":"2070","SERIE":"04","LINEA":"046","COD_SEG":"004","COD_MANZA":51,"PISO":null,"actualizad":null}},
{"type":"Feature","geometry":{"type":"Point","coordinates":[-63.31065,9.70902]},"properties":{"id":null,"CONTROL":"2070","SERIE":"05","LINEA":"047","COD_SEG":"004","COD_MANZA":51,"PISO":null,"actualizad":null}},
{"type":"Feature","geometry":{"type":"Point","coordinates":[-63.31053,9.70905]},"properties":{"id":null,"CONTROL":"2070","SERIE":"06","LINEA":"048","COD_SEG":"004","COD_MANZA":51,"PISO":null,"actualizad":null}},
{"type":"Feature","geometry":{"type":"Point","coordinates":[-63.31043,9.70909]},"properties":{"id":null,"CONTROL":"2070","SERIE":"07","LINEA":"049","COD_SEG":"004","COD_MANZA":51,"PISO":null,"actualizad":null}},
{"type":"Feature","geometry":{"type":"Point","coordinates":[-63.31048,9.70935]},"properties":{"id":null,"CONTROL":"2070","SERIE":"08","LINEA":"050","COD_SEG":"004","COD_MANZA":51,"PISO":null,"actualizad":null}},
{"type":"Feature","geometry":{"type":"Point","coordinates":[-63.31065,9.70928]},"properties":{"id":null,"CONTROL":"2070","SERIE":"09","LINEA":"051","COD_SEG":"004","COD_MANZA":51,"PISO":null,"actualizad":null}},
{"type":"Feature","geometry":{"type":"Point","coordinates":[-63.3108,9.70924]},"properties":{"id":null,"CONTROL":"2070","SERIE":"10","LINEA":"052","COD_SEG":"004","COD_MANZA":51,"PISO":null,"actualizad":null}},
{"type":"Feature","geometry":{"type":"Point","coordinates":[-63.31093,9.70922]},"properties":{"id":null,"CONTROL":"2070","SERIE":"11","LINEA":"053","COD_SEG":"004","COD_MANZA":51,"PISO":null,"actualizad":null}},
{"type":"Feature","geometry":{"type":"Point","coordinates":[-63.31104,9.7092]},"properties":{"id":null,"CONTROL":"2070","SERIE":"12","LINEA":"054","COD_SEG":"004","COD_MANZA":51,"PISO":null,"actualizad":null}},
{"type":"Feature","geometry":{"type":"Point","coordinates":[-63.31114,9.70914]},"properties":{"id":null,"CONTROL":"2070","SERIE":"13","LINEA":"055","COD_SEG":"004","COD_MANZA":51,"PISO":null,"actualizad":null}},
{"type":"Feature","geometry":{"type":"Point","coordinates":[-63.31125,9.70914]},"properties":{"id":null,"CONTROL":"2070","SERIE":"14","LINEA":"056","COD_SEG":"004","COD_MANZA":51,"PISO":null,"actualizad":null}},
{"type":"Feature","geometry":{"type":"Point","coordinates":[-63.03488,9.72967]},"properties":{"id":null,"CONTROL":"2092","SERIE":"01","LINEA":"137","COD_SEG":"001","COD_MANZA":8,"PISO":null,"actualizad":null}},
{"type":"Feature","geometry":{"type":"Point","coordinates":[-63.03488,9.72952]},"properties":{"id":null,"CONTROL":"2092","SERIE":"02","LINEA":"138","COD_SEG":"001","COD_MANZA":8,"PISO":null,"actualizad":null}},
{"type":"Feature","geometry":{"type":"Point","coordinates":[-63.03485,9.72938]},"properties":{"id":null,"CONTROL":"2092","SERIE":"03","LINEA":"139","COD_SEG":"001","COD_MANZA":8,"PISO":null,"actualizad":null}},
{"type":"Feature","geometry":{"type":"Point","coordinates":[-63.03484,9.72925]},"properties":{"id":null,"CONTROL":"2092","SERIE":"04","LINEA":"140","COD_SEG":"001","COD_MANZA":8,"PISO":null,"actualizad":null}},
{"type":"Feature","geometry":{"type":"Point","coordinates":[-63.03483,9.72912]},"properties":{"id":null,"CONTROL":"2092","SERIE":"05","LINEA":"141","COD_SEG":"001","COD_MANZA":8,"PISO":null,"actualizad":null}},
{"type":"Feature","geometry":{"type":"Point","coordinates":[-63.03481,9.72898]},"properties":{"id":null,"CONTROL":"2092","SERIE":"06","LINEA":"142","COD_SEG":"001","COD_MANZA":8,"PISO":null,"actualizad":null}},
{"type":"Feature","geometry":{"type":"Point","coordinates":[-63.03479,9.72887]},"properties":{"id":null,"CONTROL":"2092","SERIE":"07","LINEA":"143","COD_SEG":"001","COD_MANZA":8,"PISO":null,"actualizad":null}},
{"type":"Feature","geometry":{"type":"Point","coordinates":[-63.03471,9.72857]},"properties":{"id":null,"CONTROL":"2092","SERIE":"08","LINEA":"144","COD_SEG":"001","COD_MANZA":8,"PISO":null,"actualizad":null}},
{"type":"Feature","geometry":{"type":"Point","coordinates":[-63.03451,9.72876]},"properties":{"id":null,"CONTROL":"2092","SERIE":"09","LINEA":"145","COD_SEG":"001","COD_MANZA":8,"PISO":null,"actualizad":null}},
{"type":"Feature","geometry":{"type":"Point","coordinates":[-63.03454,9.72887]},"properties":{"id":null,"CONTROL":"2092","SERIE":"10","LINEA":"146","COD_SEG":"001","COD_MANZA":8,"PISO":null,"actualizad":null}},
{"type":"Feature","geometry":{"type":"Point","coordinates":[-63.03458,9.72903]},"properties":{"id":null,"CONTROL":"2092","SERIE":"11","LINEA":"147","COD_SEG":"001","COD_MANZA":8,"PISO":null,"actualizad":null}},
{"type":"Feature","geometry":{"type":"Point","coordinates":[-63.03458,9.72916]},"properties":{"id":null,"CONTROL":"2092","SERIE":"12","LINEA":"148","COD_SEG":"001","COD_MANZA":8,"PISO":null,"actualizad":null}},
{"type":"Feature","geometry":{"type":"Point","coordinates":[-63.0346,9.72929]},"properties":{"id":null,"CONTROL":"2092","SERIE":"13","LINEA":"149","COD_SEG":"001","COD_MANZA":8,"PISO":null,"actualizad":null}},
{"type":"Feature","geometry":{"type":"Point","coordinates":[-63.0346,9.72941]},"properties":{"id":null,"CONTROL":"2092","SERIE":"14","LINEA":"150","COD_SEG":"001","COD_MANZA":8,"PISO":null,"actualizad":null}},
{"type":"Feature","geometry":{"type":"Point","coordinates":[-63.03463,9.72954]},"properties":{"id":null,"CONTROL":"2092","SERIE":"15","LINEA":"151","COD_SEG":"001","COD_MANZA":8,"PISO":null,"actualizad":null}},
{"type":"Feature","geometry":{"type":"Point","coordinates":[-63.03466,9.72968]},"properties":{"id":null,"CONTROL":"2092","SERIE":"16","LINEA":"152","COD_SEG":"001","COD_MANZA":8,"PISO":null,"actualizad":null}},
{"type":"Feature","geometry":{"type":"Point","coordinates":[-63.03476,9.72872]},"properties":{"id":null,"CONTROL":"2092","SERIE":"18","LINEA":"154","COD_SEG":"001","COD_MANZA":8,"PISO":null,"actualizad":null}},
{"type":"Feature","geometry":{"type":"Point","coordinates":[-63.03468,9.72987]},"properties":{"id":null,"CONTROL":"2092","SERIE":"BODEGA","LINEA":null,"COD_SEG":"001","COD_MANZA":8,"PISO":null,"actualizad":null}},
{"type":"Feature","geometry":{"type":"Point","coordinates":[-63.17168,9.74745]},"properties":{"id":null,"CONTROL":"3035","SERIE":"01","LINEA":"044","COD_SEG":"032","COD_MANZA":5,"PISO":null,"actualizad":null}},
{"type":"Feature","geometry":{"type":"Point","coordinates":[-63.17162,9.74746]},"properties":{"id":null,"CONTROL":"3035","SERIE":"02","LINEA":"045","COD_SEG":"032","COD_MANZA":5,"PISO":null,"actualizad":null}},
{"type":"Feature","geometry":{"type":"Point","coordinates":[-63.17154,9.74747]},"properties":{"id":null,"CONTROL":"3035","SERIE":"03","LINEA":"046","COD_SEG":"032","COD_MANZA":5,"PISO":null,"actualizad":null}},
{"type":"Feature","geometry":{"type":"Point","coordinates":[-63.17145,9.74747]},"properties":{"id":null,"CONTROL":"3035","SERIE":"04","LINEA":"047","COD_SEG":"032","COD_MANZA":5,"PISO":null,"actualizad":null}},
{"type":"Feature","geometry":{"type":"Point","coordinates":[-63.17138,9.74746]},"properties":{"id":null,"CONTROL":"3035","SERIE":"05","LINEA":"048","COD_SEG":"032","COD_MANZA":5,"PISO":null,"actualizad":null}},
{"type":"Feature","geometry":{"type":"Point","coordinates":[-63.17134,9.74747]},"properties":{"id":null,"CONTROL":"3035","SERIE":"06","LINEA":"049","COD_SEG":"032","COD_MANZA":5,"PISO":null,"actualizad":null}},
{"type":"Feature","geometry":{"type":"Point","coordinates":[-63.17129,9.74746]},"properties":{"id":null,"CONTROL":"3035","SERIE":"07","LINEA":"050","COD_SEG":"032","COD_MANZA":5,"PISO":null,"actualizad":null}},
{"type":"Feature","geometry":{"type":"Point","coordinates":[-63.17124,9.74748]},"properties":{"id":null,"CONTROL":"3035","SERIE":"08","LINEA":"051","COD_SEG":"032","COD_MANZA":5,"PISO":null,"actualizad":null}},
{"type":"Feature","geometry":{"type":"Point","coordinates":[-63.1712,9.74745]},"properties":{"id":null,"CONTROL":"3035","SERIE":"09","LINEA":"052","COD_SEG":"032","COD_MANZA":5,"PISO":null,"actualizad":null}},
{"type":"Feature","geometry":{"type":"Point","coordinates":[-63.17116,9.74745]},"properties":{"id":null,"CONTROL":"3035","SERIE":"10","LINEA":"053","COD_SEG":"032","COD_MANZA":5,"PISO":null,"actualizad":null}},
{"type":"Feature","geometry":{"type":"Point","coordinates":[-63.17103,9.74741]},"properties":{"id":null,"CONTROL":"3035","SERIE":"11","LINEA":"054","COD_SEG":"032","COD_MANZA":5,"PISO":null,"actualizad":null}},
{"type":"Feature","geometry":{"type":"Point","coordinates":[-63.17093,9.74741]},"properties":{"id":null,"CONTROL":"3035","SERIE":"12","LINEA":"055","COD_SEG":"032","COD_MANZA":5,"PISO":null,"actualizad":null}},
{"type":"Feature","geometry":{"type":"Point","coordinates":[-63.17092,9.74698]},"properties":{"id":null,"CONTROL":"3035","SERIE":"13","LINEA":"056","COD_SEG":"032","COD_MANZA":6,"PISO":null,"actualizad":null}},
{"type":"Feature","geometry":{"type":"Point","coordinates":[-63.17108,9.74671]},"properties":{"id":null,"CONTROL":"3035","SERIE":"14","LINEA":"057","COD_SEG":"032","COD_MANZA":6,"PISO":null,"actualizad":null}},
{"type":"Feature","geometry":{"type":"Point","coordinates":[-63.17114,9.74672]},"properties":{"id":null,"CONTROL":"3035","SERIE":"15","LINEA":"058","COD_SEG":"032","COD_MANZA":6,"PISO":null,"actualizad":null}},
{"type":"Feature","geometry":{"type":"Point","coordinates":[-63.6723,9.63208]},"properties":{"id":null,"CONTROL":"0003","SERIE":"01","LINEA":"162","COD_SEG":"012","COD_MANZA":4,"PISO":null,"actualizad":null}},
{"type":"Feature","geometry":{"type":"Point","coordinates":[-63.67212,9.63204]},"properties":{"id":null,"CONTROL":"0003","SERIE":"02","LINEA":"163","COD_SEG":"012","COD_MANZA":4,"PISO":null,"actualizad":null}},
{"type":"Feature","geometry":{"type":"Point","coordinates":[-63.67177,9.63198]},"properties":{"id":null,"CONTROL":"0003","SERIE":"03","LINEA":"164","COD_SEG":"012","COD_MANZA":4,"PISO":null,"actualizad":null}},
{"type":"Feature","geometry":{"type":"Point","coordinates":[-63.67144,9.63183]},"properties":{"id":null,"CONTROL":"0003","SERIE":"16","LINEA":"239","COD_SEG":"012","COD_MANZA":4,"PISO":null,"actualizad":null}},
{"type":"Feature","geometry":{"type":"Point","coordinates":[-63.67144,9.63171]},"properties":{"id":null,"CONTROL":"0003","SERIE":"04","LINEA":"165","COD_SEG":"012","COD_MANZA":4,"PISO":null,"actualizad":null}},
{"type":"Feature","geometry":{"type":"Point","coordinates":[-63.67143,9.63156]},"properties":{"id":null,"CONTROL":"0003","SERIE":"05","LINEA":"166","COD_SEG":"012","COD_MANZA":4,"PISO":null,"actualizad":null}},
{"type":"Feature","geometry":{"type":"Point","coordinates":[-63.67177,9.63147]},"properties":{"id":null,"CONTROL":"0003","SERIE":"06","LINEA":"167","COD_SEG":"012","COD_MANZA":4,"PISO":null,"actualizad":null}},
{"type":"Feature","geometry":{"type":"Point","coordinates":[-63.67193,9.6315]},"properties":{"id":null,"CONTROL":"0003","SERIE":"07","LINEA":"168","COD_SEG":"012","COD_MANZA":4,"PISO":null,"actualizad":null}},
{"type":"Feature","geometry":{"type":"Point","coordinates":[-63.67207,9.6316]},"properties":{"id":null,"CONTROL":"0003","SERIE":"08","LINEA":"169","COD_SEG":"012","COD_MANZA":4,"PISO":null,"actualizad":null}},
{"type":"Feature","geometry":{"type":"Point","coordinates":[-63.6722,9.6316]},"properties":{"id":null,"CONTROL":"0003","SERIE":"09","LINEA":"170","COD_SEG":"012","COD_MANZA":4,"PISO":null,"actualizad":null}},
{"type":"Feature","geometry":{"type":"Point","coordinates":[-63.67233,9.6316]},"properties":{"id":null,"CONTROL":"0003","SERIE":"10","LINEA":"171","COD_SEG":"012","COD_MANZA":4,"PISO":null,"actualizad":null}},
{"type":"Feature","geometry":{"type":"Point","coordinates":[-63.67248,9.63168]},"properties":{"id":null,"CONTROL":"0003","SERIE":"11","LINEA":"172","COD_SEG":"012","COD_MANZA":4,"PISO":null,"actualizad":null}},
{"type":"Feature","geometry":{"type":"Point","coordinates":[-63.6726,9.63164]},"properties":{"id":null,"CONTROL":"0003","SERIE":"12","LINEA":"173","COD_SEG":"012","COD_MANZA":4,"PISO":null,"actualizad":null}},
{"type":"Feature","geometry":{"type":"Point","coordinates":[-63.67272,9.63166]},"properties":{"id":null,"CONTROL":"0003","SERIE":"13","LINEA":"174","COD_SEG":"012","COD_MANZA":4,"PISO":null,"actualizad":null}},
{"type":"Feature","geometry":{"type":"Point","coordinates":[-63.6729,9.63169]},"properties":{"id":null,"CONTROL":"0003","SERIE":"14","LINEA":"175","COD_SEG":"012","COD_MANZA":4,"PISO":null,"actualizad":null}},
{"type":"Feature","geometry":{"type":"Point","coordinates":[-63.67304,9.63172]},"properties":{"id":null,"CONTROL":"0003","SERIE":"15","LINEA":"176","COD_SEG":"012","COD_MANZA":4,"PISO":null,"actualizad":null}},
{"type":"Feature","geometry":{"type":"Point","coordinates":[-63.90662,9.29351]},"properties":{"id":null,"CONTROL":"0055","SERIE":"PLANTA DE GAS","LINEA":null,"COD_SEG":"SECTOR 16","COD_MANZA":0,"PISO":null,"actualizad":null}},
{"type":"Feature","geometry":{"type":"Point","coordinates":[-63.90702,9.29791]},"properties":{"id":null,"CONTROL":"0055","SERIE":"CEMENTERIO","LINEA":null,"COD_SEG":"SECTOR 16","COD_MANZA":0,"PISO":null,"actualizad":null}},
{"type":"Feature","geometry":{"type":"Point","coordinates":[-63.91667,9.31104]},"properties":{"id":null,"CONTROL":"0055","SERIE":"01","LINEA":"001","COD_SEG":"SECTOR 16","COD_MANZA":0,"PISO":null,"actualizad":null}},
{"type":"Feature","geometry":{"type":"Point","coordinates":[-63.91769,9.31085]},"properties":{"id":null,"CONTROL":"0055","SERIE":"19","LINEA":"019","COD_SEG":"SECTOR 16","COD_MANZA":0,"PISO":null,"actualizad":null}},
{"type":"Feature","geometry":{"type":"Point","coordinates":[-63.91813,9.31165]},"properties":{"id":null,"CONTROL":"0055","SERIE":"18","LINEA":"018","COD_SEG":"SECTOR 16","COD_MANZA":0,"PISO":null,"actualizad":null}},
{"type":"Feature","geometry":{"type":"Point","coordinates":[-63.91675,9.3128]},"properties":{"id":null,"CONTROL":"0055","SERIE":"02","LINEA":"002","COD_SEG":"SECTOR 16","COD_MANZA":0,"PISO":null,"actualizad":null}},
{"type":"Feature","geometry":{"type":"Point","coordinates":[-63.91716,9.31323]},"properties":{"id":null,"CONTROL":"0055","SERIE":"03","LINEA":"003","COD_SEG":"SECTOR 16","COD_MANZA":0,"PISO":null,"actualizad":null}},
{"type":"Feature","geometry":{"type":"Point","coordinates":[-63.9177,9.31444]},"properties":{"id":null,"CONTROL":"0055","SERIE":"04","LINEA":"004","COD_SEG":"SECTOR 16","COD_MANZA":0,"PISO":null,"actualizad":null}},
{"type":"Feature","geometry":{"type":"Point","coordinates":[-63.91781,9.31305]},"properties":{"id":null,"CONTROL":"0055","SERIE":"21","LINEA":"021","COD_SEG":"SECTOR 16","COD_MANZA":0,"PISO":null,"actualizad":null}},
{"type":"Feature","geometry":{"type":"Point","coordinates":[-63.92237,9.31712]},"properties":{"id":null,"CONTROL":"0055","SERIE":"14","LINEA":"014","COD_SEG":"SECTOR 16","COD_MANZA":0,"PISO":null,"actualizad":null}},
{"type":"Feature","geometry":{"type":"Point","coordinates":[-63.9229,9.31776]},"properties":{"id":null,"CONTROL":"0055","SERIE":"13","LINEA":"013","COD_SEG":"SECTOR 16","COD_MANZA":0,"PISO":null,"actualizad":null}},
{"type":"Feature","geometry":{"type":"Point","coordinates":[-63.9227,9.31868]},"properties":{"id":null,"CONTROL":"0055","SERIE":"05","LINEA":"005","COD_SEG":"SECTOR 16","COD_MANZA":0,"PISO":null,"actualizad":null}},
{"type":"Feature","geometry":{"type":"Point","coordinates":[-63.22794,9.68511]},"properties":{"id":null,"CONTROL":"0011","SERIE":"01","LINEA":"181","COD_SEG":"089","COD_MANZA":5,"PISO":null,"actualizad":null}},
{"type":"Feature","geometry":{"type":"Point","coordinates":[-63.22802,9.68511]},"properties":{"id":null,"CONTROL":"0011","SERIE":"02","LINEA":"182","COD_SEG":"089","COD_MANZA":5,"PISO":null,"actualizad":null}},
{"type":"Feature","geometry":{"type":"Point","coordinates":[-63.22812,9.68511]},"properties":{"id":null,"CONTROL":"0011","SERIE":"03","LINEA":"183","COD_SEG":"089","COD_MANZA":5,"PISO":null,"actualizad":null}},
{"type":"Feature","geometry":{"type":"Point","coordinates":[-63.22822,9.68511]},"properties":{"id":null,"CONTROL":"0011","SERIE":"04","LINEA":"184","COD_SEG":"089","COD_MANZA":5,"PISO":null,"actualizad":null}},
{"type":"Feature","geometry":{"type":"Point","coordinates":[-63.22833,9.6851]},"properties":{"id":null,"CONTROL":"0011","SERIE":"05","LINEA":"185","COD_SEG":"089","COD_MANZA":5,"PISO":null,"actualizad":null}},
{"type":"Feature","geometry":{"type":"Point","coordinates":[-63.22832,9.68541]},"properties":{"id":null,"CONTROL":"0011","SERIE":"06\n","LINEA":"186","COD_SEG":"089","COD_MANZA":5,"PISO":null,"actualizad":null}},
{"type":"Feature","geometry":{"type":"Point","coordinates":[-63.22822,9.68541]},"properties":{"id":null,"CONTROL":"0011","SERIE":"07","LINEA":"187","COD_SEG":"089","COD_MANZA":5,"PISO":null,"actualizad":null}},
{"type":"Feature","geometry":{"type":"Point","coordinates":[-63.22811,9.68541]},"properties":{"id":null,"CONTROL":"0011","SERIE":"08","LINEA":"188","COD_SEG":"089","COD_MANZA":5,"PISO":null,"actualizad":null}},
{"type":"Feature","geometry":{"type":"Point","coordinates":[-63.22803,9.68541]},"properties":{"id":null,"CONTROL":"0011","SERIE":"09","LINEA":"189","COD_SEG":"089","COD_MANZA":5,"PISO":null,"actualizad":null}},
{"type":"Feature","geometry":{"type":"Point","coordinates":[-63.22793,9.68541]},"properties":{"id":null,"CONTROL":"0011","SERIE":"10","LINEA":"190","COD_SEG":"089","COD_MANZA":5,"PISO":null,"actualizad":null}},
{"type":"Feature","geometry":{"type":"Point","coordinates":[-63.22786,9.68541]},"properties":{"id":null,"CONTROL":"0011","SERIE":"11","LINEA":"191","COD_SEG":"089","COD_MANZA":5,"PISO":null,"actualizad":null}},
{"type":"Feature","geometry":{"type":"Point","coordinates":[-63.22776,9.68542]},"properties":{"id":null,"CONTROL":"0011","SERIE":"12","LINEA":"192","COD_SEG":"089","COD_MANZA":5,"PISO":null,"actualizad":null}},
{"type":"Feature","geometry":{"type":"Point","coordinates":[-63.22767,9.68542]},"properties":{"id":null,"CONTROL":"0011","SERIE":"13","LINEA":"193","COD_SEG":"089","COD_MANZA":5,"PISO":null,"actualizad":null}},
{"type":"Feature","geometry":{"type":"Point","coordinates":[-63.22758,9.68542]},"properties":{"id":null,"CONTROL":"0011","SERIE":"14","LINEA":"194","COD_SEG":"089","COD_MANZA":5,"PISO":null,"actualizad":null}},
{"type":"Feature","geometry":{"type":"Point","coordinates":[-63.22749,9.68542]},"properties":{"id":null,"CONTROL":"0011","SERIE":"15","LINEA":"020","COD_SEG":"089","COD_MANZA":5,"PISO":null,"actualizad":null}},
{"type":"Feature","geometry":{"type":"Point","coordinates":[-63.07428,9.78898]},"properties":{"id":null,"CONTROL":"0063","SERIE":"07","LINEA":null,"COD_SEG":"007","COD_MANZA":1,"PISO":null,"actualizad":null}},
{"type":"Feature","geometry":{"type":"Point","coordinates":[-63.07359,9.78928]},"properties":{"id":null,"CONTROL":"0063","SERIE":"08","LINEA":"023","COD_SEG":"007","COD_MANZA":1,"PISO":null,"actualizad":null}},
{"type":"Feature","geometry":{"type":"Point","coordinates":[-63.07317,9.78937]},"properties":{"id":null,"CONTROL":"0063","SERIE":"09","LINEA":"024","COD_SEG":"007","COD_MANZA":1,"PISO":null,"actualizad":null}},
{"type":"Feature","geometry":{"type":"Point","coordinates":[-63.07264,9.7896]},"properties":{"id":null,"CONTROL":"0063","SERIE":"10","LINEA":"025","COD_SEG":"007","COD_MANZA":1,"PISO":null,"actualizad":null}},
{"type":"Feature","geometry":{"type":"Point","coordinates":[-63.07241,9.78971]},"properties":{"id":null,"CONTROL":"0063","SERIE":"11","LINEA":"026","COD_SEG":"007","COD_MANZA":1,"PISO":null,"actualizad":null}},
{"type":"Feature","geometry":{"type":"Point","coordinates":[-63.07224,9.7898]},"properties":{"id":null,"CONTROL":"0063","SERIE":"12","LINEA":"027","COD_SEG":"007","COD_MANZA":1,"PISO":null,"actualizad":null}},
{"type":"Feature","geometry":{"type":"Point","coordinates":[-63.07213,9.78983]},"properties":{"id":null,"CONTROL":"0063","SERIE":"13","LINEA":"028","COD_SEG":"007","COD_MANZA":1,"PISO":null,"actualizad":null}},
{"type":"Feature","geometry":{"type":"Point","coordinates":[-63.07195,9.78977]},"properties":{"id":null,"CONTROL":"0063","SERIE":"14","LINEA":"029","COD_SEG":"007","COD_MANZA":1,"PISO":null,"actualizad":null}},
{"type":"Feature","geometry":{"type":"Point","coordinates":[-63.07153,9.78983]},"properties":{"id":null,"CONTROL":"0063","SERIE":"15","LINEA":"030","COD_SEG":"007","COD_MANZA":1,"PISO":null,"actualizad":null}},
{"type":"Feature","geometry":{"type":"Point","coordinates":[-63.0747,9.78872]},"properties":{"id":null,"CONTROL":"0063","SERIE":"16","LINEA":"031","COD_SEG":"007","COD_MANZA":1,"PISO":null,"actualizad":null}},
{"type":"Feature","geometry":{"type":"Point","coordinates":[-63.07478,9.78893]},"properties":{"id":null,"CONTROL":"0063","SERIE":"17","LINEA":"032","COD_SEG":"007","COD_MANZA":1,"PISO":null,"actualizad":null}},
{"type":"Feature","geometry":{"type":"Point","coordinates":[-63.0746,9.78898]},"properties":{"id":null,"CONTROL":"0063","SERIE":"18","LINEA":"033","COD_SEG":"007","COD_MANZA":1,"PISO":null,"actualizad":null}},
{"type":"Feature","geometry":{"type":"Point","coordinates":[-63.30974,9.70441]},"properties":{"id":null,"CONTROL":"2093","SERIE":"01","LINEA":"031","COD_SEG":"004","COD_MANZA":40,"PISO":null,"actualizad":null}},
{"type":"Feature","geometry":{"type":"Point","coordinates":[-63.30986,9.70439]},"properties":{"id":null,"CONTROL":"2093","SERIE":"02","LINEA":"032","COD_SEG":"004","COD_MANZA":40,"PISO":null,"actualizad":null}},
{"type":"Feature","geometry":{"type":"Point","coordinates":[-63.31004,9.70433]},"properties":{"id":null,"CONTROL":"2093","SERIE":"03","LINEA":"033","COD_SEG":"004","COD_MANZA":40,"PISO":null,"actualizad":null}},
{"type":"Feature","geometry":{"type":"Point","coordinates":[-63.31018,9.70429]},"properties":{"id":null,"CONTROL":"2093","SERIE":"04","LINEA":"034","COD_SEG":"004","COD_MANZA":40,"PISO":null,"actualizad":null}},
{"type":"Feature","geometry":{"type":"Point","coordinates":[-63.31028,9.70425]},"properties":{"id":null,"CONTROL":"2093","SERIE":"05","LINEA":"NO EXISTE","COD_SEG":"004","COD_MANZA":40,"PISO":null,"actualizad":null}},
{"type":"Feature","geometry":{"type":"Point","coordinates":[-63.31032,9.70438]},"properties":{"id":null,"CONTROL":"2093","SERIE":"06","LINEA":"036","COD_SEG":"004","COD_MANZA":40,"PISO":null,"actualizad":null}},
{"type":"Feature","geometry":{"type":"Point","coordinates":[-63.30918,9.70456]},"properties":{"id":null,"CONTROL":"2093","SERIE":"07","LINEA":"037","COD_SEG":"004","COD_MANZA":41,"PISO":null,"actualizad":null}},
{"type":"Feature","geometry":{"type":"Point","coordinates":[-63.3093,9.70451]},"properties":{"id":null,"CONTROL":"2093","SERIE":"08","LINEA":"038","COD_SEG":"004","COD_MANZA":41,"PISO":null,"actualizad":null}},
{"type":"Feature","geometry":{"type":"Point","coordinates":[-63.30948,9.70446]},"properties":{"id":null,"CONTROL":"2093","SERIE":"09","LINEA":"039","COD_SEG":"004","COD_MANZA":41,"PISO":null,"actualizad":null}},
{"type":"Feature","geometry":{"type":"Point","coordinates":[-63.30971,9.70704]},"properties":{"id":null,"CONTROL":"2093","SERIE":"10","LINEA":"040","COD_SEG":"004","COD_MANZA":42,"PISO":null,"actualizad":null}},
{"type":"Feature","geometry":{"type":"Point","coordinates":[-63.30968,9.70692]},"properties":{"id":null,"CONTROL":"2093","SERIE":"11","LINEA":"041","COD_SEG":"004","COD_MANZA":42,"PISO":null,"actualizad":null}},
{"type":"Feature","geometry":{"type":"Point","coordinates":[-63.30964,9.70681]},"properties":{"id":null,"CONTROL":"2093","SERIE":"12","LINEA":"042","COD_SEG":"004","COD_MANZA":42,"PISO":null,"actualizad":null}},
{"type":"Feature","geometry":{"type":"Point","coordinates":[-63.30959,9.70657]},"properties":{"id":null,"CONTROL":"2093","SERIE":"13","LINEA":"043","COD_SEG":"004","COD_MANZA":42,"PISO":null,"actualizad":null}},
{"type":"Feature","geometry":{"type":"Point","coordinates":[-63.30953,9.7064]},"properties":{"id":null,"CONTROL":"2093","SERIE":"14","LINEA":"044","COD_SEG":"004","COD_MANZA":42,"PISO":null,"actualizad":null}},
{"type":"Feature","geometry":{"type":"Point","coordinates":[-63.3095,9.70617]},"properties":{"id":null,"CONTROL":"2093","SERIE":"15","LINEA":"045","COD_SEG":"004","COD_MANZA":42,"PISO":null,"actualizad":null}},
{"type":"Feature","geometry":{"type":"Point","coordinates":[-63.5565,10.22119]},"properties":{"id":null,"CONTROL":"2083","SERIE":"CANCHA DEPORTIVA","LINEA":null,"COD_SEG":"003","COD_MANZA":3,"PISO":null,"actualizad":null}},
{"type":"Feature","geometry":{"type":"Point","coordinates":[-63.55554,10.22116]},"properties":{"id":null,"CONTROL":"2083","SERIE":"IGLESIA CATOLICA SAGRADO CORAZON DE JESUS","LINEA":null,"COD_SEG":"003","COD_MANZA":3,"PISO":null,"actualizad":null}},
{"type":"Feature","geometry":{"type":"Point","coordinates":[-63.55592,10.22199]},"properties":{"id":null,"CONTROL":"2083","SERIE":"01","LINEA":"061","COD_SEG":"003","COD_MANZA":3,"PISO":null,"actualizad":null}},
{"type":"Feature","geometry":{"type":"Point","coordinates":[-63.55585,10.22188]},"properties":{"id":null,"CONTROL":"2083","SERIE":"02","LINEA":"062","COD_SEG":"003","COD_MANZA":3,"PISO":null,"actualizad":null}},
{"type":"Feature","geometry":{"type":"Point","coordinates":[-63.55564,10.22148]},"properties":{"id":null,"CONTROL":"2083","SERIE":"03","LINEA":"063","COD_SEG":"003","COD_MANZA":3,"PISO":null,"actualizad":null}},
{"type":"Feature","geometry":{"type":"Point","coordinates":[-63.55561,10.22142]},"properties":{"id":null,"CONTROL":"2083","SERIE":"04","LINEA":"064","COD_SEG":"003","COD_MANZA":3,"PISO":null,"actualizad":null}},
{"type":"Feature","geometry":{"type":"Point","coordinates":[-63.5554,10.22103]},"properties":{"id":null,"CONTROL":"2083","SERIE":"05","LINEA":"065","COD_SEG":"003","COD_MANZA":3,"PISO":null,"actualizad":null}},
{"type":"Feature","geometry":{"type":"Point","coordinates":[-63.55534,10.22096]},"properties":{"id":null,"CONTROL":"2083","SERIE":"06","LINEA":"066","COD_SEG":"003","COD_MANZA":3,"PISO":null,"actualizad":null}},
{"type":"Feature","geometry":{"type":"Point","coordinates":[-63.55532,10.22085]},"properties":{"id":null,"CONTROL":"2083","SERIE":"07","LINEA":"067","COD_SEG":"003","COD_MANZA":3,"PISO":null,"actualizad":null}},
{"type":"Feature","geometry":{"type":"Point","coordinates":[-63.55552,10.22071]},"properties":{"id":null,"CONTROL":"2083","SERIE":"08","LINEA":"068","COD_SEG":"003","COD_MANZA":3,"PISO":null,"actualizad":null}},
{"type":"Feature","geometry":{"type":"Point","coordinates":[-63.55558,10.2207]},"properties":{"id":null,"CONTROL":"2083","SERIE":"09","LINEA":"069","COD_SEG":"003","COD_MANZA":3,"PISO":null,"actualizad":null}},
{"type":"Feature","geometry":{"type":"Point","coordinates":[-63.55563,10.22068]},"properties":{"id":null,"CONTROL":"2083","SERIE":"10","LINEA":"071","COD_SEG":"003","COD_MANZA":3,"PISO":null,"actualizad":null}},
{"type":"Feature","geometry":{"type":"Point","coordinates":[-63.5557,10.22067]},"properties":{"id":null,"CONTROL":"2083","SERIE":"11","LINEA":"071","COD_SEG":"003","COD_MANZA":3,"PISO":null,"actualizad":null}},
{"type":"Feature","geometry":{"type":"Point","coordinates":[-63.55577,10.22062]},"properties":{"id":null,"CONTROL":"2083","SERIE":"12","LINEA":"072","COD_SEG":"003","COD_MANZA":3,"PISO":null,"actualizad":null}},
{"type":"Feature","geometry":{"type":"Point","coordinates":[-63.55593,10.22056]},"properties":{"id":null,"CONTROL":"2083","SERIE":"13","LINEA":"073","COD_SEG":"003","COD_MANZA":3,"PISO":null,"actualizad":null}},
{"type":"Feature","geometry":{"type":"Point","coordinates":[-63.55609,10.22045]},"properties":{"id":null,"CONTROL":"2083","SERIE":"14","LINEA":"074","COD_SEG":"003","COD_MANZA":3,"PISO":null,"actualizad":null}},
{"type":"Feature","geometry":{"type":"Point","coordinates":[-63.55631,10.22032]},"properties":{"id":null,"CONTROL":"2083","SERIE":"15","LINEA":"075","COD_SEG":"003","COD_MANZA":3,"PISO":null,"actualizad":null}},
{"type":"Feature","geometry":{"type":"Point","coordinates":[-63.61587,9.60949]},"properties":{"id":null,"CONTROL":"3045","SERIE":"01","LINEA":"031","COD_SEG":"005","COD_MANZA":1,"PISO":null,"actualizad":null}},
{"type":"Feature","geometry":{"type":"Point","coordinates":[-63.61607,9.60952]},"properties":{"id":null,"CONTROL":"3045","SERIE":"02","LINEA":"032","COD_SEG":"005","COD_MANZA":1,"PISO":null,"actualizad":null}},
{"type":"Feature","geometry":{"type":"Point","coordinates":[-63.61621,9.60947]},"properties":{"id":null,"CONTROL":"3045","SERIE":"03","LINEA":"033","COD_SEG":"005","COD_MANZA":1,"PISO":null,"actualizad":null}},
{"type":"Feature","geometry":{"type":"Point","coordinates":[-63.61617,9.60996]},"properties":{"id":null,"CONTROL":"3045","SERIE":"04","LINEA":"034","COD_SEG":"005","COD_MANZA":1,"PISO":null,"actualizad":null}},
{"type":"Feature","geometry":{"type":"Point","coordinates":[-63.61611,9.6101]},"properties":{"id":null,"CONTROL":"3045","SERIE":"05","LINEA":"035","COD_SEG":"005","COD_MANZA":1,"PISO":null,"actualizad":null}},
{"type":"Feature","geometry":{"type":"Point","coordinates":[-63.61612,9.61024]},"properties":{"id":null,"CONTROL":"3045","SERIE":"06","LINEA":"036","COD_SEG":"005","COD_MANZA":1,"PISO":null,"actualizad":null}},
{"type":"Feature","geometry":{"type":"Point","coordinates":[-63.61614,9.61032]},"properties":{"id":null,"CONTROL":"3045","SERIE":"07","LINEA":"037","COD_SEG":"005","COD_MANZA":1,"PISO":null,"actualizad":null}},
{"type":"Feature","geometry":{"type":"Point","coordinates":[-63.61611,9.61044]},"properties":{"id":null,"CONTROL":"3045","SERIE":"08","LINEA":"038","COD_SEG":"005","COD_MANZA":1,"PISO":null,"actualizad":null}},
{"type":"Feature","geometry":{"type":"Point","coordinates":[-63.61594,9.61056]},"properties":{"id":null,"CONTROL":"3045","SERIE":"09","LINEA":"039","COD_SEG":"005","COD_MANZA":1,"PISO":null,"actualizad":null}},
{"type":"Feature","geometry":{"type":"Point","coordinates":[-63.61607,9.61056]},"properties":{"id":null,"CONTROL":"3045","SERIE":"10","LINEA":"040","COD_SEG":"005","COD_MANZA":1,"PISO":null,"actualizad":null}},
{"type":"Feature","geometry":{"type":"Point","coordinates":[-63.6162,9.61056]},"properties":{"id":null,"CONTROL":"3045","SERIE":"11","LINEA":"041","COD_SEG":"005","COD_MANZA":1,"PISO":null,"actualizad":null}},
{"type":"Feature","geometry":{"type":"Point","coordinates":[-63.61613,9.61079]},"properties":{"id":null,"CONTROL":"3045","SERIE":"12","LINEA":"042","COD_SEG":"005","COD_MANZA":1,"PISO":null,"actualizad":null}},
{"type":"Feature","geometry":{"type":"Point","coordinates":[-63.6165,9.6108]},"properties":{"id":null,"CONTROL":"3045","SERIE":"13","LINEA":"043","COD_SEG":"005","COD_MANZA":1,"PISO":null,"actualizad":null}},
{"type":"Feature","geometry":{"type":"Point","coordinates":[-63.61644,9.61037]},"properties":{"id":null,"CONTROL":"3045","SERIE":"14","LINEA":"044","COD_SEG":"005","COD_MANZA":1,"PISO":null,"actualizad":null}},
{"type":"Feature","geometry":{"type":"Point","coordinates":[-63.61652,9.61008]},"properties":{"id":null,"CONTROL":"3045","SERIE":"15","LINEA":"045","COD_SEG":"005","COD_MANZA":1,"PISO":null,"actualizad":null}},
{"type":"Feature","geometry":{"type":"Point","coordinates":[-63.61692,9.60995]},"properties":{"id":null,"CONTROL":"3045","SERIE":"16","LINEA":"046","COD_SEG":"005","COD_MANZA":1,"PISO":null,"actualizad":null}},
{"type":"Feature","geometry":{"type":"Point","coordinates":[-63.22583,9.72853]},"properties":{"id":null,"CONTROL":"2060","SERIE":"01","LINEA":"211","COD_SEG":"004","COD_MANZA":1,"PISO":null,"actualizad":null}},
{"type":"Feature","geometry":{"type":"Point","coordinates":[-63.22584,9.72861]},"properties":{"id":null,"CONTROL":"2060","SERIE":"02","LINEA":"212","COD_SEG":"004","COD_MANZA":1,"PISO":null,"actualizad":null}},
{"type":"Feature","geometry":{"type":"Point","coordinates":[-63.22585,9.7287]},"properties":{"id":null,"CONTROL":"2060","SERIE":"03","LINEA":"213","COD_SEG":"004","COD_MANZA":1,"PISO":null,"actualizad":null}},
{"type":"Feature","geometry":{"type":"Point","coordinates":[-63.22585,9.72879]},"properties":{"id":null,"CONTROL":"2060","SERIE":"04","LINEA":"214","COD_SEG":"004","COD_MANZA":1,"PISO":null,"actualizad":null}},
{"type":"Feature","geometry":{"type":"Point","coordinates":[-63.22586,9.72887]},"properties":{"id":null,"CONTROL":"2060","SERIE":"05","LINEA":"215","COD_SEG":"004","COD_MANZA":1,"PISO":null,"actualizad":null}},
{"type":"Feature","geometry":{"type":"Point","coordinates":[-63.22587,9.72894]},"properties":{"id":null,"CONTROL":"2060","SERIE":"06","LINEA":"216","COD_SEG":"004","COD_MANZA":1,"PISO":null,"actualizad":null}},
{"type":"Feature","geometry":{"type":"Point","coordinates":[-63.22587,9.72902]},"properties":{"id":null,"CONTROL":"2060","SERIE":"07","LINEA":"217","COD_SEG":"004","COD_MANZA":1,"PISO":null,"actualizad":null}},
{"type":"Feature","geometry":{"type":"Point","coordinates":[-63.22586,9.72917]},"properties":{"id":null,"CONTROL":"2060","SERIE":"08","LINEA":"218","COD_SEG":"004","COD_MANZA":1,"PISO":null,"actualizad":null}},
{"type":"Feature","geometry":{"type":"Point","coordinates":[-63.22586,9.72929]},"properties":{"id":null,"CONTROL":"2060","SERIE":"09","LINEA":"219","COD_SEG":"004","COD_MANZA":1,"PISO":null,"actualizad":null}},
{"type":"Feature","geometry":{"type":"Point","coordinates":[-63.22587,9.72939]},"properties":{"id":null,"CONTROL":"2060","SERIE":"10","LINEA":"220","COD_SEG":"004","COD_MANZA":1,"PISO":null,"actualizad":null}},
{"type":"Feature","geometry":{"type":"Point","coordinates":[-63.22588,9.72952]},"properties":{"id":null,"CONTROL":"2060","SERIE":"11","LINEA":"221","COD_SEG":"004","COD_MANZA":1,"PISO":null,"actualizad":null}},
{"type":"Feature","geometry":{"type":"Point","coordinates":[-63.22588,9.72963]},"properties":{"id":null,"CONTROL":"2060","SERIE":"12","LINEA":"222","COD_SEG":"004","COD_MANZA":1,"PISO":null,"actualizad":null}},
{"type":"Feature","geometry":{"type":"Point","coordinates":[-63.22589,9.72971]},"properties":{"id":null,"CONTROL":"2060","SERIE":"13","LINEA":"223","COD_SEG":"004","COD_MANZA":1,"PISO":null,"actualizad":null}},
{"type":"Feature","geometry":{"type":"Point","coordinates":[-63.22589,9.72979]},"properties":{"id":null,"CONTROL":"2060","SERIE":"14","LINEA":"224","COD_SEG":"004","COD_MANZA":1,"PISO":null,"actualizad":null}},
{"type":"Feature","geometry":{"type":"Point","coordinates":[-63.2259,9.72987]},"properties":{"id":null,"CONTROL":"2060","SERIE":"15","LINEA":"225","COD_SEG":"004","COD_MANZA":1,"PISO":null,"actualizad":null}},
{"type":"Feature","geometry":{"type":"Point","coordinates":[-63.17805,9.72781]},"properties":{"id":null,"CONTROL":"3027","SERIE":"01","LINEA":"085","COD_SEG":"074","COD_MANZA":3,"PISO":null,"actualizad":null}},
{"type":"Feature","geometry":{"type":"Point","coordinates":[-63.17808,9.72788]},"properties":{"id":null,"CONTROL":"3027","SERIE":"02","LINEA":"086","COD_SEG":"074","COD_MANZA":3,"PISO":null,"actualizad":null}},
{"type":"Feature","geometry":{"type":"Point","coordinates":[-63.17812,9.72796]},"properties":{"id":null,"CONTROL":"3027","SERIE":"03","LINEA":"087","COD_SEG":"074","COD_MANZA":3,"PISO":null,"actualizad":null}},
{"type":"Feature","geometry":{"type":"Point","coordinates":[-63.17816,9.72805]},"properties":{"id":null,"CONTROL":"3027","SERIE":"04","LINEA":"088","COD_SEG":"074","COD_MANZA":3,"PISO":null,"actualizad":null}},
{"type":"Feature","geometry":{"type":"Point","coordinates":[-63.17819,9.72811]},"properties":{"id":null,"CONTROL":"3027","SERIE":"05","LINEA":"089","COD_SEG":"074","COD_MANZA":3,"PISO":null,"actualizad":null}},
{"type":"Feature","geometry":{"type":"Point","coordinates":[-63.1782,9.72818]},"properties":{"id":null,"CONTROL":"3027","SERIE":"06","LINEA":"090","COD_SEG":"074","COD_MANZA":3,"PISO":null,"actualizad":null}},
{"type":"Feature","geometry":{"type":"Point","coordinates":[-63.17823,9.72825]},"properties":{"id":null,"CONTROL":"3027","SERIE":"07","LINEA":"091","COD_SEG":"074","COD_MANZA":3,"PISO":null,"actualizad":null}},
{"type":"Feature","geometry":{"type":"Point","coordinates":[-63.17826,9.72832]},"properties":{"id":null,"CONTROL":"3027","SERIE":"08","LINEA":"092","COD_SEG":"074","COD_MANZA":3,"PISO":null,"actualizad":null}},
{"type":"Feature","geometry":{"type":"Point","coordinates":[-63.17828,9.72834]},"properties":{"id":null,"CONTROL":"3027","SERIE":"09","LINEA":"093","COD_SEG":"074","COD_MANZA":3,"PISO":null,"actualizad":null}},
{"type":"Feature","geometry":{"type":"Point","coordinates":[-63.1783,9.7284]},"properties":{"id":null,"CONTROL":"3027","SERIE":"10","LINEA":"094","COD_SEG":"074","COD_MANZA":3,"PISO":null,"actualizad":null}},
{"type":"Feature","geometry":{"type":"Point","coordinates":[-63.17834,9.72846]},"properties":{"id":null,"CONTROL":"3027","SERIE":"11","LINEA":"095","COD_SEG":"074","COD_MANZA":3,"PISO":null,"actualizad":null}},
{"type":"Feature","geometry":{"type":"Point","coordinates":[-63.17835,9.72853]},"properties":{"id":null,"CONTROL":"3027","SERIE":"12","LINEA":"096","COD_SEG":"074","COD_MANZA":3,"PISO":null,"actualizad":null}},
{"type":"Feature","geometry":{"type":"Point","coordinates":[-63.17838,9.72857]},"properties":{"id":null,"CONTROL":"3027","SERIE":"13","LINEA":"097","COD_SEG":"074","COD_MANZA":3,"PISO":null,"actualizad":null}},
{"type":"Feature","geometry":{"type":"Point","coordinates":[-63.17843,9.72865]},"properties":{"id":null,"CONTROL":"3027","SERIE":"14","LINEA":"098","COD_SEG":"074","COD_MANZA":3,"PISO":null,"actualizad":null}},
{"type":"Feature","geometry":{"type":"Point","coordinates":[-63.17846,9.72873]},"properties":{"id":null,"CONTROL":"3027","SERIE":"15","LINEA":"099","COD_SEG":"074","COD_MANZA":3,"PISO":null,"actualizad":null}},
{"type":"Feature","geometry":{"type":"Point","coordinates":[-63.15917,9.73938]},"properties":{"id":null,"CONTROL":"6005","SERIE":"01","LINEA":"001","COD_SEG":"115","COD_MANZA":1,"PISO":null,"actualizad":null}},
{"type":"Feature","geometry":{"type":"Point","coordinates":[-63.15889,9.73936]},"properties":{"id":null,"CONTROL":"6005","SERIE":"02","LINEA":"002","COD_SEG":"115","COD_MANZA":1,"PISO":null,"actualizad":null}},
{"type":"Feature","geometry":{"type":"Point","coordinates":[-63.15869,9.73941]},"properties":{"id":null,"CONTROL":"6005","SERIE":"03","LINEA":"003","COD_SEG":"115","COD_MANZA":1,"PISO":null,"actualizad":null}},
{"type":"Feature","geometry":{"type":"Point","coordinates":[-63.15845,9.73944]},"properties":{"id":null,"CONTROL":"6005","SERIE":"04","LINEA":"004","COD_SEG":"115","COD_MANZA":1,"PISO":null,"actualizad":null}},
{"type":"Feature","geometry":{"type":"Point","coordinates":[-63.15839,9.73894]},"properties":{"id":null,"CONTROL":"6005","SERIE":"CANCHA DEPORTIVO\n","LINEA":null,"COD_SEG":"115","COD_MANZA":1,"PISO":null,"actualizad":null}},
{"type":"Feature","geometry":{"type":"Point","coordinates":[-63.16157,9.73916]},"properties":{"id":null,"CONTROL":"6005","SERIE":"05","LINEA":"005","COD_SEG":"115","COD_MANZA":2,"PISO":null,"actualizad":null}},
{"type":"Feature","geometry":{"type":"Point","coordinates":[-63.16153,9.73889]},"properties":{"id":null,"CONTROL":"6005","SERIE":"06","LINEA":"006","COD_SEG":"115","COD_MANZA":2,"PISO":null,"actualizad":null}},
{"type":"Feature","geometry":{"type":"Point","coordinates":[-63.16241,9.73882]},"properties":{"id":null,"CONTROL":"6005","SERIE":"07","LINEA":"007","COD_SEG":"115","COD_MANZA":2,"PISO":null,"actualizad":null}},
{"type":"Feature","geometry":{"type":"Point","coordinates":[-63.16242,9.73914]},"properties":{"id":null,"CONTROL":"6005","SERIE":"08","LINEA":"008","COD_SEG":"115","COD_MANZA":2,"PISO":null,"actualizad":null}},
{"type":"Feature","geometry":{"type":"Point","coordinates":[-63.16213,9.73918]},"properties":{"id":null,"CONTROL":"6005","SERIE":"09","LINEA":"009","COD_SEG":"115","COD_MANZA":2,"PISO":null,"actualizad":null}},
{"type":"Feature","geometry":{"type":"Point","coordinates":[-63.16212,9.73907]},"properties":{"id":null,"CONTROL":"6005","SERIE":"10","LINEA":"010","COD_SEG":"115","COD_MANZA":2,"PISO":null,"actualizad":null}},
{"type":"Feature","geometry":{"type":"Point","coordinates":[-63.16223,9.73905]},"properties":{"id":null,"CONTROL":"6005","SERIE":"11","LINEA":"011","COD_SEG":"115","COD_MANZA":2,"PISO":null,"actualizad":null}},
{"type":"Feature","geometry":{"type":"Point","coordinates":[-63.16221,9.73918]},"properties":{"id":null,"CONTROL":"6005","SERIE":"12","LINEA":"012","COD_SEG":"115","COD_MANZA":2,"PISO":null,"actualizad":null}},
{"type":"Feature","geometry":{"type":"Point","coordinates":[-63.16197,9.73917]},"properties":{"id":null,"CONTROL":"6005","SERIE":"13","LINEA":"013","COD_SEG":"115","COD_MANZA":2,"PISO":null,"actualizad":null}},
{"type":"Feature","geometry":{"type":"Point","coordinates":[-63.16299,9.73874]},"properties":{"id":null,"CONTROL":"6005","SERIE":"TERRENO DESOCUPADO\n","LINEA":null,"COD_SEG":"115","COD_MANZA":3,"PISO":null,"actualizad":null}},
{"type":"Feature","geometry":{"type":"Point","coordinates":[-63.16267,9.73779]},"properties":{"id":null,"CONTROL":"6005","SERIE":"14","LINEA":"015","COD_SEG":"115","COD_MANZA":3,"PISO":null,"actualizad":null}},
{"type":"Feature","geometry":{"type":"Point","coordinates":[-63.48226,9.97077]},"properties":{"id":null,"CONTROL":"0019","SERIE":"01","LINEA":"166","COD_SEG":"005","COD_MANZA":9,"PISO":null,"actualizad":null}},
{"type":"Feature","geometry":{"type":"Point","coordinates":[-63.48212,9.97077]},"properties":{"id":null,"CONTROL":"0019","SERIE":"02","LINEA":"167","COD_SEG":"005","COD_MANZA":9,"PISO":null,"actualizad":null}},
{"type":"Feature","geometry":{"type":"Point","coordinates":[-63.48183,9.97052]},"properties":{"id":null,"CONTROL":"0019","SERIE":"03","LINEA":"168","COD_SEG":"005","COD_MANZA":9,"PISO":null,"actualizad":null}},
{"type":"Feature","geometry":{"type":"Point","coordinates":[-63.48196,9.97048]},"properties":{"id":null,"CONTROL":"0019","SERIE":"04","LINEA":"169","COD_SEG":"005","COD_MANZA":9,"PISO":null,"actualizad":null}},
{"type":"Feature","geometry":{"type":"Point","coordinates":[-63.48209,9.97048]},"properties":{"id":null,"CONTROL":"0019","SERIE":"05","LINEA":"170","COD_SEG":"005","COD_MANZA":9,"PISO":null,"actualizad":null}},
{"type":"Feature","geometry":{"type":"Point","coordinates":[-63.48218,9.97035]},"properties":{"id":null,"CONTROL":"0019","SERIE":"06","LINEA":"171","COD_SEG":"005","COD_MANZA":9,"PISO":null,"actualizad":null}},
{"type":"Feature","geometry":{"type":"Point","coordinates":[-63.48237,9.97044]},"properties":{"id":null,"CONTROL":"0019","SERIE":"07","LINEA":"172","COD_SEG":"005","COD_MANZA":9,"PISO":null,"actualizad":null}},
{"type":"Feature","geometry":{"type":"Point","coordinates":[-63.48246,9.97042]},"properties":{"id":null,"CONTROL":"0019","SERIE":"08","LINEA":"173","COD_SEG":"005","COD_MANZA":9,"PISO":null,"actualizad":null}},
{"type":"Feature","geometry":{"type":"Point","coordinates":[-63.48253,9.97041]},"properties":{"id":null,"CONTROL":"0019","SERIE":"09","LINEA":"174","COD_SEG":"005","COD_MANZA":9,"PISO":null,"actualizad":null}},
{"type":"Feature","geometry":{"type":"Point","coordinates":[-63.48261,9.97033]},"properties":{"id":null,"CONTROL":"0019","SERIE":"10","LINEA":"175","COD_SEG":"005","COD_MANZA":9,"PISO":null,"actualizad":null}},
{"type":"Feature","geometry":{"type":"Point","coordinates":[-63.48268,9.97032]},"properties":{"id":null,"CONTROL":"0019","SERIE":"11","LINEA":"176","COD_SEG":"005","COD_MANZA":9,"PISO":null,"actualizad":null}},
{"type":"Feature","geometry":{"type":"Point","coordinates":[-63.48278,9.97054]},"properties":{"id":null,"CONTROL":"0019","SERIE":"12","LINEA":"177","COD_SEG":"005","COD_MANZA":9,"PISO":null,"actualizad":null}},
{"type":"Feature","geometry":{"type":"Point","coordinates":[-63.48278,9.97029]},"properties":{"id":null,"CONTROL":"0019","SERIE":"13","LINEA":"178","COD_SEG":"005","COD_MANZA":9,"PISO":null,"actualizad":null}},
{"type":"Feature","geometry":{"type":"Point","coordinates":[-63.48285,9.97025]},"properties":{"id":null,"CONTROL":"0019","SERIE":"14","LINEA":"179","COD_SEG":"005","COD_MANZA":9,"PISO":null,"actualizad":null}},
{"type":"Feature","geometry":{"type":"Point","coordinates":[-63.48295,9.97023]},"properties":{"id":null,"CONTROL":"0019","SERIE":"15","LINEA":"180","COD_SEG":"005","COD_MANZA":9,"PISO":null,"actualizad":null}},
{"type":"Feature","geometry":{"type":"Point","coordinates":[-63.14691,9.7629]},"properties":{"id":null,"CONTROL":"0038","SERIE":"01","LINEA":"106","COD_SEG":"021","COD_MANZA":9,"PISO":null,"actualizad":null}},
{"type":"Feature","geometry":{"type":"Point","coordinates":[-63.14686,9.76294]},"properties":{"id":null,"CONTROL":"0038","SERIE":"02","LINEA":"107","COD_SEG":"021","COD_MANZA":9,"PISO":null,"actualizad":null}},
{"type":"Feature","geometry":{"type":"Point","coordinates":[-63.14681,9.76299]},"properties":{"id":null,"CONTROL":"0038","SERIE":"03","LINEA":"108","COD_SEG":"021","COD_MANZA":9,"PISO":null,"actualizad":null}},
{"type":"Feature","geometry":{"type":"Point","coordinates":[-63.14618,9.76351]},"properties":{"id":null,"CONTROL":"0038","SERIE":"04","LINEA":"109","COD_SEG":"021","COD_MANZA":10,"PISO":null,"actualizad":null}},
{"type":"Feature","geometry":{"type":"Point","coordinates":[-63.14611,9.76343]},"properties":{"id":null,"CONTROL":"0038","SERIE":"05","LINEA":"110","COD_SEG":"021","COD_MANZA":10,"PISO":null,"actualizad":null}},
{"type":"Feature","geometry":{"type":"Point","coordinates":[-63.14603,9.76334]},"properties":{"id":null,"CONTROL":"0038","SERIE":"06","LINEA":"111","COD_SEG":"021","COD_MANZA":10,"PISO":null,"actualizad":null}},
{"type":"Feature","geometry":{"type":"Point","coordinates":[-63.14596,9.76329]},"properties":{"id":null,"CONTROL":"0038","SERIE":"07","LINEA":"112","COD_SEG":"021","COD_MANZA":10,"PISO":null,"actualizad":null}},
{"type":"Feature","geometry":{"type":"Point","coordinates":[-63.14586,9.76319]},"properties":{"id":null,"CONTROL":"0038","SERIE":"08","LINEA":"113","COD_SEG":"021","COD_MANZA":10,"PISO":null,"actualizad":null}},
{"type":"Feature","geometry":{"type":"Point","coordinates":[-63.14593,9.76315]},"properties":{"id":null,"CONTROL":"0038","SERIE":"09","LINEA":"114","COD_SEG":"021","COD_MANZA":10,"PISO":null,"actualizad":null}},
{"type":"Feature","geometry":{"type":"Point","coordinates":[-63.14598,9.76309]},"properties":{"id":null,"CONTROL":"0038","SERIE":"10","LINEA":"115","COD_SEG":"021","COD_MANZA":10,"PISO":null,"actualizad":null}},
{"type":"Feature","geometry":{"type":"Point","coordinates":[-63.14605,9.76304]},"properties":{"id":null,"CONTROL":"0038","SERIE":"11","LINEA":"116","COD_SEG":"021","COD_MANZA":10,"PISO":null,"actualizad":null}},
{"type":"Feature","geometry":{"type":"Point","coordinates":[-63.14614,9.76314]},"properties":{"id":null,"CONTROL":"0038","SERIE":"12","LINEA":"117","COD_SEG":"021","COD_MANZA":10,"PISO":null,"actualizad":null}},
{"type":"Feature","geometry":{"type":"Point","coordinates":[-63.1462,9.76321]},"properties":{"id":null,"CONTROL":"0038","SERIE":"13","LINEA":"118","COD_SEG":"021","COD_MANZA":10,"PISO":null,"actualizad":null}},
{"type":"Feature","geometry":{"type":"Point","coordinates":[-63.14624,9.76327]},"properties":{"id":null,"CONTROL":"0038","SERIE":"14","LINEA":"119","COD_SEG":"021","COD_MANZA":10,"PISO":null,"actualizad":null}},
{"type":"Feature","geometry":{"type":"Point","coordinates":[-63.14631,9.76334]},"properties":{"id":null,"CONTROL":"0038","SERIE":"15","LINEA":"120","COD_SEG":"021","COD_MANZA":10,"PISO":null,"actualizad":null}},
{"type":"Feature","geometry":{"type":"Point","coordinates":[-63.02897,9.83512]},"properties":{"id":null,"CONTROL":"2067","SERIE":"PANADERIA \"EL BOLIVARIANO\"","LINEA":null,"COD_SEG":"001","COD_MANZA":5,"PISO":null,"actualizad":null}},
{"type":"Feature","geometry":{"type":"Point","coordinates":[-63.02872,9.83498]},"properties":{"id":null,"CONTROL":"2067","SERIE":"LOCAL \"EL CANEY DE YAGUA\"","LINEA":null,"COD_SEG":"001","COD_MANZA":5,"PISO":null,"actualizad":null}},
{"type":"Feature","geometry":{"type":"Point","coordinates":[-63.02945,9.83325]},"properties":{"id":null,"CONTROL":"2067","SERIE":"ANTENA","LINEA":null,"COD_SEG":"001","COD_MANZA":5,"PISO":null,"actualizad":null}},
{"type":"Feature","geometry":{"type":"Point","coordinates":[-63.02904,9.8352]},"properties":{"id":null,"CONTROL":"2067","SERIE":"01","LINEA":"017","COD_SEG":"001","COD_MANZA":5,"PISO":null,"actualizad":null}},
{"type":"Feature","geometry":{"type":"Point","coordinates":[-63.02911,9.83533]},"properties":{"id":null,"CONTROL":"2067","SERIE":"02","LINEA":"018","COD_SEG":"001","COD_MANZA":5,"PISO":null,"actualizad":null}},
{"type":"Feature","geometry":{"type":"Point","coordinates":[-63.02921,9.83637]},"properties":{"id":null,"CONTROL":"2067","SERIE":"17","LINEA":"033","COD_SEG":"001","COD_MANZA":6,"PISO":null,"actualizad":null}},
{"type":"Feature","geometry":{"type":"Point","coordinates":[-63.02915,9.83628]},"properties":{"id":null,"CONTROL":"2067","SERIE":"03","LINEA":"019","COD_SEG":"001","COD_MANZA":6,"PISO":null,"actualizad":null}},
{"type":"Feature","geometry":{"type":"Point","coordinates":[-63.02903,9.83604]},"properties":{"id":null,"CONTROL":"2067","SERIE":"04","LINEA":"020","COD_SEG":"001","COD_MANZA":6,"PISO":null,"actualizad":null}},
{"type":"Feature","geometry":{"type":"Point","coordinates":[-63.02896,9.83593]},"properties":{"id":null,"CONTROL":"2067","SERIE":"05","LINEA":"021","COD_SEG":"001","COD_MANZA":6,"PISO":null,"actualizad":null}},
{"type":"Feature","geometry":{"type":"Point","coordinates":[-63.02925,9.83562]},"properties":{"id":null,"CONTROL":"2067","SERIE":"06","LINEA":"022","COD_SEG":"001","COD_MANZA":6,"PISO":null,"actualizad":null}},
{"type":"Feature","geometry":{"type":"Point","coordinates":[-63.02937,9.83581]},"properties":{"id":null,"CONTROL":"2067","SERIE":"07","LINEA":"023","COD_SEG":"001","COD_MANZA":6,"PISO":null,"actualizad":null}},
{"type":"Feature","geometry":{"type":"Point","coordinates":[-63.02947,9.83602]},"properties":{"id":null,"CONTROL":"2067","SERIE":"08","LINEA":"024","COD_SEG":"001","COD_MANZA":6,"PISO":null,"actualizad":null}},
{"type":"Feature","geometry":{"type":"Point","coordinates":[-63.02955,9.83616]},"properties":{"id":null,"CONTROL":"2067","SERIE":"09","LINEA":"025","COD_SEG":"001","COD_MANZA":6,"PISO":null,"actualizad":null}},
{"type":"Feature","geometry":{"type":"Point","coordinates":[-63.02975,9.83602]},"properties":{"id":null,"CONTROL":"2067","SERIE":"10","LINEA":"026","COD_SEG":"001","COD_MANZA":7,"PISO":null,"actualizad":null}},
{"type":"Feature","geometry":{"type":"Point","coordinates":[-63.02968,9.8359]},"properties":{"id":null,"CONTROL":"2067","SERIE":"18","LINEA":"034","COD_SEG":"001","COD_MANZA":7,"PISO":null,"actualizad":null}},
{"type":"Feature","geometry":{"type":"Point","coordinates":[-63.02966,9.83578]},"properties":{"id":null,"CONTROL":"2067","SERIE":"11","LINEA":"027","COD_SEG":"001","COD_MANZA":7,"PISO":null,"actualizad":null}},
{"type":"Feature","geometry":{"type":"Point","coordinates":[-63.02959,9.83568]},"properties":{"id":null,"CONTROL":"2067","SERIE":"12","LINEA":"028","COD_SEG":"001","COD_MANZA":7,"PISO":null,"actualizad":null}},
{"type":"Feature","geometry":{"type":"Point","coordinates":[-63.02946,9.83545]},"properties":{"id":null,"CONTROL":"2067","SERIE":"13","LINEA":"029","COD_SEG":"001","COD_MANZA":7,"PISO":null,"actualizad":null}},
{"type":"Feature","geometry":{"type":"Point","coordinates":[-63.0298,9.83533]},"properties":{"id":null,"CONTROL":"2067","SERIE":"14","LINEA":"030","COD_SEG":"001","COD_MANZA":7,"PISO":null,"actualizad":null}},
{"type":"Feature","geometry":{"type":"Point","coordinates":[-63.02985,9.83548]},"properties":{"id":null,"CONTROL":"2067","SERIE":"15","LINEA":"031","COD_SEG":"001","COD_MANZA":7,"PISO":null,"actualizad":null}},
{"type":"Feature","geometry":{"type":"Point","coordinates":[-63.03006,9.83581]},"properties":{"id":null,"CONTROL":"2067","SERIE":"16","LINEA":"032","COD_SEG":"001","COD_MANZA":7,"PISO":null,"actualizad":null}},
{"type":"Feature","geometry":{"type":"Point","coordinates":[-63.48437,9.97204]},"properties":{"id":null,"CONTROL":"2094","SERIE":"IGLESIA LUZ DE LA ESPERANZA","LINEA":null,"COD_SEG":"003","COD_MANZA":4,"PISO":null,"actualizad":null}},
{"type":"Feature","geometry":{"type":"Point","coordinates":[-63.48679,9.97247]},"properties":{"id":null,"CONTROL":"2094","SERIE":"PLANTA ELECTRICA","LINEA":null,"COD_SEG":"003","COD_MANZA":4,"PISO":null,"actualizad":null}},
{"type":"Feature","geometry":{"type":"Point","coordinates":[-63.48668,9.97209]},"properties":{"id":null,"CONTROL":"2094","SERIE":"FERRETERIA AGRICOLA","LINEA":null,"COD_SEG":"003","COD_MANZA":4,"PISO":null,"actualizad":null}},
{"type":"Feature","geometry":{"type":"Point","coordinates":[-63.48451,9.97189]},"properties":{"id":null,"CONTROL":"2094","SERIE":"01","LINEA":"240","COD_SEG":"003","COD_MANZA":4,"PISO":null,"actualizad":null}},
{"type":"Feature","geometry":{"type":"Point","coordinates":[-63.48457,9.97198]},"properties":{"id":null,"CONTROL":"2094","SERIE":"02","LINEA":"241","COD_SEG":"003","COD_MANZA":4,"PISO":null,"actualizad":null}},
{"type":"Feature","geometry":{"type":"Point","coordinates":[-63.48479,9.97196]},"properties":{"id":null,"CONTROL":"2094","SERIE":"03","LINEA":"242","COD_SEG":"003","COD_MANZA":4,"PISO":null,"actualizad":null}},
{"type":"Feature","geometry":{"type":"Point","coordinates":[-63.48491,9.97198]},"properties":{"id":null,"CONTROL":"2094","SERIE":"04","LINEA":"243","COD_SEG":"003","COD_MANZA":4,"PISO":null,"actualizad":null}},
{"type":"Feature","geometry":{"type":"Point","coordinates":[-63.48508,9.97199]},"properties":{"id":null,"CONTROL":"2094","SERIE":"08","LINEA":"247","COD_SEG":"003","COD_MANZA":4,"PISO":null,"actualizad":null}},
{"type":"Feature","geometry":{"type":"Point","coordinates":[-63.48517,9.97199]},"properties":{"id":null,"CONTROL":"2094","SERIE":"09","LINEA":"248","COD_SEG":"003","COD_MANZA":4,"PISO":null,"actualizad":null}},
{"type":"Feature","geometry":{"type":"Point","coordinates":[-63.48537,9.97204]},"properties":{"id":null,"CONTROL":"2094","SERIE":"05","LINEA":"244","COD_SEG":"003","COD_MANZA":4,"PISO":null,"actualizad":null}},
{"type":"Feature","geometry":{"type":"Point","coordinates":[-63.48545,9.97216]},"properties":{"id":null,"CONTROL":"2094","SERIE":"06","LINEA":"245","COD_SEG":"003","COD_MANZA":4,"PISO":null,"actualizad":null}},
{"type":"Feature","geometry":{"type":"Point","coordinates":[-63.48559,9.97203]},"properties":{"id":null,"CONTROL":"2094","SERIE":"07","LINEA":"246","COD_SEG":"003","COD_MANZA":4,"PISO":null,"actualizad":null}},
{"type":"Feature","geometry":{"type":"Point","coordinates":[-63.48573,9.97203]},"properties":{"id":null,"CONTROL":"2094","SERIE":"10","LINEA":"249","COD_SEG":"003","COD_MANZA":4,"PISO":null,"actualizad":null}},
{"type":"Feature","geometry":{"type":"Point","coordinates":[-63.48581,9.97217]},"properties":{"id":null,"CONTROL":"2094","SERIE":"11","LINEA":"250","COD_SEG":"003","COD_MANZA":4,"PISO":null,"actualizad":null}},
{"type":"Feature","geometry":{"type":"Point","coordinates":[-63.4859,9.97199]},"properties":{"id":null,"CONTROL":"2094","SERIE":"16","LINEA":"255","COD_SEG":"003","COD_MANZA":4,"PISO":null,"actualizad":null}},
{"type":"Feature","geometry":{"type":"Point","coordinates":[-63.48598,9.97207]},"properties":{"id":null,"CONTROL":"2094","SERIE":"13","LINEA":"252","COD_SEG":"003","COD_MANZA":4,"PISO":null,"actualizad":null}},
{"type":"Feature","geometry":{"type":"Point","coordinates":[-63.48586,9.97233]},"properties":{"id":null,"CONTROL":"2094","SERIE":"16 (REPETIDO)","LINEA":"140","COD_SEG":"003","COD_MANZA":4,"PISO":null,"actualizad":null}},
{"type":"Feature","geometry":{"type":"Point","coordinates":[-63.48609,9.97204]},"properties":{"id":null,"CONTROL":"2094","SERIE":"14","LINEA":"253","COD_SEG":"003","COD_MANZA":4,"PISO":null,"actualizad":null}},
{"type":"Feature","geometry":{"type":"Point","coordinates":[-63.48616,9.97226]},"properties":{"id":null,"CONTROL":"2094","SERIE":"15","LINEA":"254","COD_SEG":"003","COD_MANZA":4,"PISO":null,"actualizad":null}},
{"type":"Feature","geometry":{"type":"Point","coordinates":[-63.48598,9.972]},"properties":{"id":null,"CONTROL":"2094","SERIE":"12","LINEA":"251","COD_SEG":"003","COD_MANZA":4,"PISO":null,"actualizad":null}},
{"type":"Feature","geometry":{"type":"Point","coordinates":[-62.35358,8.99254]},"properties":{"id":null,"CONTROL":"2096","SERIE":"VENTA DE ALIMENTOS PARA ANIMALES","LINEA":null,"COD_SEG":"006","COD_MANZA":null,"PISO":null,"actualizad":null}},
{"type":"Feature","geometry":{"type":"Point","coordinates":[-62.35449,8.99225]},"properties":{"id":null,"CONTROL":"2096","SERIE":"GALLERA","LINEA":null,"COD_SEG":"006","COD_MANZA":null,"PISO":null,"actualizad":null}},
{"type":"Feature","geometry":{"type":"Point","coordinates":[-62.35334,8.99158]},"properties":{"id":null,"CONTROL":"2096","SERIE":"C D I","LINEA":null,"COD_SEG":"006","COD_MANZA":10,"PISO":null,"actualizad":null}},
{"type":"Feature","geometry":{"type":"Point","coordinates":[-62.35558,8.99278]},"properties":{"id":null,"CONTROL":"2096","SERIE":"PLAZA ELEFANTE BLANCO","LINEA":null,"COD_SEG":"006","COD_MANZA":null,"PISO":null,"actualizad":null}},
{"type":"Feature","geometry":{"type":"Point","coordinates":[-62.35332,8.99262]},"properties":{"id":null,"CONTROL":"2096","SERIE":"01","LINEA":"166","COD_SEG":"006","COD_MANZA":9,"PISO":null,"actualizad":null}},
{"type":"Feature","geometry":{"type":"Point","coordinates":[-62.35332,8.99274]},"properties":{"id":null,"CONTROL":"2096","SERIE":"02","LINEA":"167","COD_SEG":"006","COD_MANZA":9,"PISO":null,"actualizad":null}},
{"type":"Feature","geometry":{"type":"Point","coordinates":[-62.35486,8.99225]},"properties":{"id":null,"CONTROL":"2096","SERIE":"03","LINEA":"168","COD_SEG":"006","COD_MANZA":10,"PISO":null,"actualizad":null}},
{"type":"Feature","geometry":{"type":"Point","coordinates":[-62.35472,8.99222]},"properties":{"id":null,"CONTROL":"2096","SERIE":"05","LINEA":"170","COD_SEG":"006","COD_MANZA":10,"PISO":null,"actualizad":null}},
{"type":"Feature","geometry":{"type":"Point","coordinates":[-62.35435,8.9922]},"properties":{"id":null,"CONTROL":"2096","SERIE":"06","LINEA":"171","COD_SEG":"006","COD_MANZA":10,"PISO":null,"actualizad":null}},
{"type":"Feature","geometry":{"type":"Point","coordinates":[-62.35419,8.99219]},"properties":{"id":null,"CONTROL":"2096","SERIE":"07","LINEA":"172","COD_SEG":"006","COD_MANZA":10,"PISO":null,"actualizad":null}},
{"type":"Feature","geometry":{"type":"Point","coordinates":[-62.35403,8.99217]},"properties":{"id":null,"CONTROL":"2096","SERIE":"08","LINEA":"173","COD_SEG":"006","COD_MANZA":10,"PISO":null,"actualizad":null}},
{"type":"Feature","geometry":{"type":"Point","coordinates":[-62.35391,8.99218]},"properties":{"id":null,"CONTROL":"2096","SERIE":"16","LINEA":"181","COD_SEG":"006","COD_MANZA":10,"PISO":null,"actualizad":null}},
{"type":"Feature","geometry":{"type":"Point","coordinates":[-62.35367,8.99219]},"properties":{"id":null,"CONTROL":"2096","SERIE":"10","LINEA":"175","COD_SEG":"006","COD_MANZA":10,"PISO":null,"actualizad":null}},
{"type":"Feature","geometry":{"type":"Point","coordinates":[-62.35367,8.99203]},"properties":{"id":null,"CONTROL":"2096","SERIE":"11","LINEA":"176","COD_SEG":"006","COD_MANZA":10,"PISO":null,"actualizad":null}},
{"type":"Feature","geometry":{"type":"Point","coordinates":[-62.35367,8.9919]},"properties":{"id":null,"CONTROL":"2096","SERIE":"12","LINEA":"177","COD_SEG":"006","COD_MANZA":10,"PISO":null,"actualizad":null}},
{"type":"Feature","geometry":{"type":"Point","coordinates":[-62.3538,8.99184]},"properties":{"id":null,"CONTROL":"2096","SERIE":"13","LINEA":"178","COD_SEG":"006","COD_MANZA":10,"PISO":null,"actualizad":null}},
{"type":"Feature","geometry":{"type":"Point","coordinates":[-62.35395,8.99185]},"properties":{"id":null,"CONTROL":"2096","SERIE":"21","LINEA":"186","COD_SEG":"006","COD_MANZA":10,"PISO":null,"actualizad":null}},
{"type":"Feature","geometry":{"type":"Point","coordinates":[-62.35406,8.99187]},"properties":{"id":null,"CONTROL":"2096","SERIE":"18","LINEA":"183","COD_SEG":"006","COD_MANZA":10,"PISO":null,"actualizad":null}},
{"type":"Feature","geometry":{"type":"Point","coordinates":[-62.35418,8.99188]},"properties":{"id":null,"CONTROL":"2096","SERIE":"22","LINEA":"187","COD_SEG":"006","COD_MANZA":10,"PISO":null,"actualizad":null}},
{"type":"Feature","geometry":{"type":"Point","coordinates":[-62.35432,8.99192]},"properties":{"id":null,"CONTROL":"2096","SERIE":"14","LINEA":"179","COD_SEG":"006","COD_MANZA":10,"PISO":null,"actualizad":null}},
{"type":"Feature","geometry":{"type":"Point","coordinates":[-62.35455,8.99194]},"properties":{"id":null,"CONTROL":"2096","SERIE":"15","LINEA":"180","COD_SEG":"006","COD_MANZA":10,"PISO":null,"actualizad":null}},
{"type":"Feature","geometry":{"type":"Point","coordinates":[-63.19176,9.78555]},"properties":{"id":null,"CONTROL":"0057","SERIE":"01","LINEA":"057","COD_SEG":"026","COD_MANZA":1,"PISO":null,"actualizad":null}},
{"type":"Feature","geometry":{"type":"Point","coordinates":[-63.19175,9.78548]},"properties":{"id":null,"CONTROL":"0057","SERIE":"02\n","LINEA":"058","COD_SEG":"026","COD_MANZA":1,"PISO":null,"actualizad":null}},
{"type":"Feature","geometry":{"type":"Point","coordinates":[-63.19174,9.7854]},"properties":{"id":null,"CONTROL":"0057","SERIE":"03","LINEA":"059","COD_SEG":"026","COD_MANZA":1,"PISO":null,"actualizad":null}},
{"type":"Feature","geometry":{"type":"Point","coordinates":[-63.19173,9.78533]},"properties":{"id":null,"CONTROL":"0057","SERIE":"04","LINEA":"060","COD_SEG":"026","COD_MANZA":1,"PISO":null,"actualizad":null}},
{"type":"Feature","geometry":{"type":"Point","coordinates":[-63.19173,9.78528]},"properties":{"id":null,"CONTROL":"0057","SERIE":"05","LINEA":"061","COD_SEG":"026","COD_MANZA":1,"PISO":null,"actualizad":null}},
{"type":"Feature","geometry":{"type":"Point","coordinates":[-63.19167,9.78505]},"properties":{"id":null,"CONTROL":"0057","SERIE":"06","LINEA":"062","COD_SEG":"026","COD_MANZA":1,"PISO":null,"actualizad":null}},
{"type":"Feature","geometry":{"type":"Point","coordinates":[-63.19166,9.78495]},"properties":{"id":null,"CONTROL":"0057","SERIE":"07","LINEA":"063","COD_SEG":"026","COD_MANZA":1,"PISO":null,"actualizad":null}},
{"type":"Feature","geometry":{"type":"Point","coordinates":[-63.19167,9.78477]},"properties":{"id":null,"CONTROL":"0057","SERIE":"08","LINEA":"064","COD_SEG":"026","COD_MANZA":1,"PISO":null,"actualizad":null}},
{"type":"Feature","geometry":{"type":"Point","coordinates":[-63.19167,9.78468]},"properties":{"id":null,"CONTROL":"0057","SERIE":"09","LINEA":"065","COD_SEG":"026","COD_MANZA":1,"PISO":null,"actualizad":null}},
{"type":"Feature","geometry":{"type":"Point","coordinates":[-63.19166,9.78461]},"properties":{"id":null,"CONTROL":"0057","SERIE":"10","LINEA":"066","COD_SEG":"026","COD_MANZA":1,"PISO":null,"actualizad":null}},
{"type":"Feature","geometry":{"type":"Point","coordinates":[-63.19166,9.78455]},"properties":{"id":null,"CONTROL":"0057","SERIE":"11","LINEA":"067","COD_SEG":"026","COD_MANZA":1,"PISO":null,"actualizad":null}},
{"type":"Feature","geometry":{"type":"Point","coordinates":[-63.19165,9.78448]},"properties":{"id":null,"CONTROL":"0057","SERIE":"12","LINEA":"068","COD_SEG":"026","COD_MANZA":1,"PISO":null,"actualizad":null}},
{"type":"Feature","geometry":{"type":"Point","coordinates":[-63.19165,9.78441]},"properties":{"id":null,"CONTROL":"0057","SERIE":"13","LINEA":"069","COD_SEG":"026","COD_MANZA":1,"PISO":null,"actualizad":null}},
{"type":"Feature","geometry":{"type":"Point","coordinates":[-63.19164,9.78433]},"properties":{"id":null,"CONTROL":"0057","SERIE":"14","LINEA":"070","COD_SEG":"026","COD_MANZA":1,"PISO":null,"actualizad":null}},
{"type":"Feature","geometry":{"type":"Point","coordinates":[-63.19539,9.73128]},"properties":{"id":null,"CONTROL":"2061","SERIE":"01 CASA N°263\n","LINEA":"015","COD_SEG":"033","COD_MANZA":1,"PISO":null,"actualizad":null}},
{"type":"Feature","geometry":{"type":"Point","coordinates":[-63.19482,9.73127]},"properties":{"id":null,"CONTROL":"2061","SERIE":"02 QTA ODESSA\n","LINEA":"016","COD_SEG":"033","COD_MANZA":1,"PISO":null,"actualizad":null}},
{"type":"Feature","geometry":{"type":"Point","coordinates":[-63.19446,9.73092]},"properties":{"id":null,"CONTROL":"2061","SERIE":"03 CONSTRUCCION\n","LINEA":"018","COD_SEG":"033","COD_MANZA":1,"PISO":null,"actualizad":null}},
{"type":"Feature","geometry":{"type":"Point","coordinates":[-63.19644,9.73135]},"properties":{"id":null,"CONTROL":"2061","SERIE":"04","LINEA":"018","COD_SEG":"033","COD_MANZA":1,"PISO":null,"actualizad":null}},
{"type":"Feature","geometry":{"type":"Point","coordinates":[-63.19648,9.73145]},"properties":{"id":null,"CONTROL":"2061","SERIE":"05","LINEA":"019","COD_SEG":"033","COD_MANZA":1,"PISO":null,"actualizad":null}},
{"type":"Feature","geometry":{"type":"Point","coordinates":[-63.19653,9.73155]},"properties":{"id":null,"CONTROL":"2061","SERIE":"06","LINEA":"020","COD_SEG":"033","COD_MANZA":1,"PISO":null,"actualizad":null}},
{"type":"Feature","geometry":{"type":"Point","coordinates":[-63.19657,9.73165]},"properties":{"id":null,"CONTROL":"2061","SERIE":"07","LINEA":"021","COD_SEG":"033","COD_MANZA":1,"PISO":null,"actualizad":null}},
{"type":"Feature","geometry":{"type":"Point","coordinates":[-63.19661,9.73174]},"properties":{"id":null,"CONTROL":"2061","SERIE":"08","LINEA":"022","COD_SEG":"033","COD_MANZA":1,"PISO":null,"actualizad":null}},
{"type":"Feature","geometry":{"type":"Point","coordinates":[-63.19666,9.73185]},"properties":{"id":null,"CONTROL":"2061","SERIE":"09","LINEA":"023","COD_SEG":"033","COD_MANZA":1,"PISO":null,"actualizad":null}},
{"type":"Feature","geometry":{"type":"Point","coordinates":[-63.19671,9.73195]},"properties":{"id":null,"CONTROL":"2061","SERIE":"10","LINEA":"024","COD_SEG":"033","COD_MANZA":1,"PISO":null,"actualizad":null}},
{"type":"Feature","geometry":{"type":"Point","coordinates":[-63.19676,9.73204]},"properties":{"id":null,"CONTROL":"2061","SERIE":"11","LINEA":"025","COD_SEG":"033","COD_MANZA":1,"PISO":null,"actualizad":null}},
{"type":"Feature","geometry":{"type":"Point","coordinates":[-63.19679,9.73215]},"properties":{"id":null,"CONTROL":"2061","SERIE":"12\n","LINEA":"026","COD_SEG":"033","COD_MANZA":1,"PISO":null,"actualizad":null}},
{"type":"Feature","geometry":{"type":"Point","coordinates":[-63.19683,9.73222]},"properties":{"id":null,"CONTROL":"2061","SERIE":"13","LINEA":"027","COD_SEG":"033","COD_MANZA":1,"PISO":null,"actualizad":null}},
{"type":"Feature","geometry":{"type":"Point","coordinates":[-63.19686,9.73229]},"properties":{"id":null,"CONTROL":"2061","SERIE":"14","LINEA":"028","COD_SEG":"033","COD_MANZA":1,"PISO":null,"actualizad":null}},
{"type":"Feature","geometry":{"type":"Point","coordinates":[-63.26237,9.60893]},"properties":{"id":null,"CONTROL":"2073","SERIE":"01","LINEA":"030","COD_SEG":"001","COD_MANZA":2,"PISO":null,"actualizad":"2026"}},
{"type":"Feature","geometry":{"type":"Point","coordinates":[-63.26243,9.60923]},"properties":{"id":null,"CONTROL":"2073","SERIE":"02","LINEA":"031","COD_SEG":"001","COD_MANZA":2,"PISO":null,"actualizad":"2026"}},
{"type":"Feature","geometry":{"type":"Point","coordinates":[-63.26219,9.60925]},"properties":{"id":null,"CONTROL":"2073","SERIE":"03","LINEA":"032","COD_SEG":"001","COD_MANZA":2,"PISO":null,"actualizad":"2026"}},
{"type":"Feature","geometry":{"type":"Point","coordinates":[-63.26181,9.60874]},"properties":{"id":null,"CONTROL":"2073","SERIE":"04","LINEA":"033","COD_SEG":"001","COD_MANZA":2,"PISO":null,"actualizad":"2026"}},
{"type":"Feature","geometry":{"type":"Point","coordinates":[-63.26146,9.60943]},"properties":{"id":null,"CONTROL":"2073","SERIE":"17","LINEA":"046","COD_SEG":"001","COD_MANZA":2,"PISO":null,"actualizad":"2026"}},
{"type":"Feature","geometry":{"type":"Point","coordinates":[-63.26165,9.60914]},"properties":{"id":null,"CONTROL":"2073","SERIE":"05","LINEA":"034","COD_SEG":"001","COD_MANZA":2,"PISO":null,"actualizad":"2026"}},
{"type":"Feature","geometry":{"type":"Point","coordinates":[-63.26177,9.60917]},"properties":{"id":null,"CONTROL":"2073","SERIE":"06","LINEA":"035","COD_SEG":"001","COD_MANZA":2,"PISO":null,"actualizad":"2026"}},
{"type":"Feature","geometry":{"type":"Point","coordinates":[-63.26164,9.60928]},"properties":{"id":null,"CONTROL":"2073","SERIE":"07","LINEA":"036","COD_SEG":"001","COD_MANZA":2,"PISO":null,"actualizad":"2026"}},
{"type":"Feature","geometry":{"type":"Point","coordinates":[-63.26163,9.60937]},"properties":{"id":null,"CONTROL":"2073","SERIE":"08","LINEA":"037","COD_SEG":"001","COD_MANZA":2,"PISO":null,"actualizad":"2026"}},
{"type":"Feature","geometry":{"type":"Point","coordinates":[-63.26158,9.60947]},"properties":{"id":null,"CONTROL":"2073","SERIE":"09","LINEA":"038","COD_SEG":"001","COD_MANZA":2,"PISO":null,"actualizad":"2026"}},
{"type":"Feature","geometry":{"type":"Point","coordinates":[-63.26176,9.60969]},"properties":{"id":null,"CONTROL":"2073","SERIE":"10","LINEA":"039","COD_SEG":"001","COD_MANZA":2,"PISO":null,"actualizad":"2026"}},
{"type":"Feature","geometry":{"type":"Point","coordinates":[-63.26194,9.60964]},"properties":{"id":null,"CONTROL":"2073","SERIE":"11","LINEA":"040","COD_SEG":"001","COD_MANZA":2,"PISO":null,"actualizad":"2026"}},
{"type":"Feature","geometry":{"type":"Point","coordinates":[-63.26192,9.60949]},"properties":{"id":null,"CONTROL":"2073","SERIE":"12","LINEA":"041","COD_SEG":"001","COD_MANZA":2,"PISO":null,"actualizad":"2026"}},
{"type":"Feature","geometry":{"type":"Point","coordinates":[-63.26199,9.60946]},"properties":{"id":null,"CONTROL":"2073","SERIE":"13","LINEA":"042","COD_SEG":"001","COD_MANZA":2,"PISO":null,"actualizad":"2026"}},
{"type":"Feature","geometry":{"type":"Point","coordinates":[-63.26209,9.60947]},"properties":{"id":null,"CONTROL":"2073","SERIE":"14","LINEA":"043","COD_SEG":"001","COD_MANZA":2,"PISO":null,"actualizad":"2026"}},
{"type":"Feature","geometry":{"type":"Point","coordinates":[-63.26227,9.60947]},"properties":{"id":null,"CONTROL":"2073","SERIE":"15","LINEA":"044","COD_SEG":"001","COD_MANZA":2,"PISO":null,"actualizad":"2026"}},
{"type":"Feature","geometry":{"type":"Point","coordinates":[-63.20259,9.72372]},"properties":{"id":null,"CONTROL":"3026","SERIE":"10","LINEA":"190","COD_SEG":"039","COD_MANZA":17,"PISO":null,"actualizad":null}},
{"type":"Feature","geometry":{"type":"Point","coordinates":[-63.20244,9.72358]},"properties":{"id":null,"CONTROL":"3026","SERIE":"POLLO EN BRASA LOS GODOS\n","LINEA":null,"COD_SEG":"039","COD_MANZA":17,"PISO":null,"actualizad":null}},
{"type":"Feature","geometry":{"type":"Point","coordinates":[-63.20252,9.72347]},"properties":{"id":null,"CONTROL":"3026","SERIE":"11 CASA N°26\n","LINEA":"191","COD_SEG":"039","COD_MANZA":17,"PISO":null,"actualizad":null}},
{"type":"Feature","geometry":{"type":"Point","coordinates":[-63.20258,9.72342]},"properties":{"id":null,"CONTROL":"3026","SERIE":"12","LINEA":null,"COD_SEG":"039","COD_MANZA":17,"PISO":null,"actualizad":null}},
{"type":"Feature","geometry":{"type":"Point","coordinates":[-63.20266,9.72337]},"properties":{"id":null,"CONTROL":"3026","SERIE":"13","LINEA":"193","COD_SEG":"039","COD_MANZA":17,"PISO":null,"actualizad":null}},
{"type":"Feature","geometry":{"type":"Point","coordinates":[-63.20283,9.72331]},"properties":{"id":null,"CONTROL":"3026","SERIE":"ANTIGUO SUPER COLON,CA\n","LINEA":null,"COD_SEG":"039","COD_MANZA":17,"PISO":null,"actualizad":null}},
{"type":"Feature","geometry":{"type":"Point","coordinates":[-63.20306,9.72319]},"properties":{"id":null,"CONTROL":"3026","SERIE":"14","LINEA":"194","COD_SEG":"039","COD_MANZA":17,"PISO":null,"actualizad":null}},
{"type":"Feature","geometry":{"type":"Point","coordinates":[-63.20314,9.72331]},"properties":{"id":null,"CONTROL":"3026","SERIE":"15","LINEA":"195","COD_SEG":"039","COD_MANZA":17,"PISO":null,"actualizad":null}},
{"type":"Feature","geometry":{"type":"Point","coordinates":[-63.20217,9.72404]},"properties":{"id":null,"CONTROL":"3026","SERIE":"01","LINEA":"181","COD_SEG":"039","COD_MANZA":16,"PISO":null,"actualizad":null}},
{"type":"Feature","geometry":{"type":"Point","coordinates":[-63.20213,9.72399]},"properties":{"id":null,"CONTROL":"3026","SERIE":"02","LINEA":"182","COD_SEG":"039","COD_MANZA":16,"PISO":null,"actualizad":null}},
{"type":"Feature","geometry":{"type":"Point","coordinates":[-63.20208,9.72392]},"properties":{"id":null,"CONTROL":"3026","SERIE":"03","LINEA":"183","COD_SEG":"039","COD_MANZA":16,"PISO":null,"actualizad":null}},
{"type":"Feature","geometry":{"type":"Point","coordinates":[-63.20222,9.72369]},"properties":{"id":null,"CONTROL":"3026","SERIE":"04","LINEA":"184","COD_SEG":"039","COD_MANZA":16,"PISO":null,"actualizad":null}},
{"type":"Feature","geometry":{"type":"Point","coordinates":[-63.20203,9.72388]},"properties":{"id":null,"CONTROL":"3026","SERIE":"CENTRO HIPICO\n","LINEA":null,"COD_SEG":"039","COD_MANZA":16,"PISO":null,"actualizad":null}},
{"type":"Feature","geometry":{"type":"Point","coordinates":[-63.20227,9.72373]},"properties":{"id":null,"CONTROL":"3026","SERIE":"05","LINEA":"185","COD_SEG":"039","COD_MANZA":16,"PISO":null,"actualizad":null}},
{"type":"Feature","geometry":{"type":"Point","coordinates":[-63.20229,9.72379]},"properties":{"id":null,"CONTROL":"3026","SERIE":"06 NE\n","LINEA":"186","COD_SEG":"039","COD_MANZA":16,"PISO":null,"actualizad":null}},
{"type":"Feature","geometry":{"type":"Point","coordinates":[-63.20232,9.72383]},"properties":{"id":null,"CONTROL":"3026","SERIE":"07","LINEA":"187","COD_SEG":"039","COD_MANZA":16,"PISO":null,"actualizad":null}},
{"type":"Feature","geometry":{"type":"Point","coordinates":[-63.20238,9.72388]},"properties":{"id":null,"CONTROL":"3026","SERIE":"08","LINEA":"188","COD_SEG":"039","COD_MANZA":16,"PISO":null,"actualizad":null}},
{"type":"Feature","geometry":{"type":"Point","coordinates":[-63.20243,9.72394]},"properties":{"id":null,"CONTROL":"3026","SERIE":"09","LINEA":"189","COD_SEG":"039","COD_MANZA":16,"PISO":null,"actualizad":null}},
{"type":"Feature","geometry":{"type":"Point","coordinates":[-63.23467,9.6883]},"properties":{"id":null,"CONTROL":"3039","SERIE":"01","LINEA":"089","COD_SEG":"039","COD_MANZA":2,"PISO":null,"actualizad":null}},
{"type":"Feature","geometry":{"type":"Point","coordinates":[-63.23468,9.68837]},"properties":{"id":null,"CONTROL":"3039","SERIE":"02","LINEA":"090","COD_SEG":"039","COD_MANZA":2,"PISO":null,"actualizad":null}},
{"type":"Feature","geometry":{"type":"Point","coordinates":[-63.23469,9.68844]},"properties":{"id":null,"CONTROL":"3039","SERIE":"03","LINEA":"091","COD_SEG":"039","COD_MANZA":2,"PISO":null,"actualizad":null}},
{"type":"Feature","geometry":{"type":"Point","coordinates":[-63.2347,9.68849]},"properties":{"id":null,"CONTROL":"3039","SERIE":"04","LINEA":"092","COD_SEG":"039","COD_MANZA":2,"PISO":null,"actualizad":null}},
{"type":"Feature","geometry":{"type":"Point","coordinates":[-63.23471,9.68854]},"properties":{"id":null,"CONTROL":"3039","SERIE":"05","LINEA":"093","COD_SEG":"039","COD_MANZA":2,"PISO":null,"actualizad":null}},
{"type":"Feature","geometry":{"type":"Point","coordinates":[-63.23472,9.68859]},"properties":{"id":null,"CONTROL":"3039","SERIE":"06","LINEA":"094","COD_SEG":"039","COD_MANZA":2,"PISO":null,"actualizad":null}},
{"type":"Feature","geometry":{"type":"Point","coordinates":[-63.23473,9.68864]},"properties":{"id":null,"CONTROL":"3039","SERIE":"07","LINEA":"095","COD_SEG":"039","COD_MANZA":2,"PISO":null,"actualizad":null}},
{"type":"Feature","geometry":{"type":"Point","coordinates":[-63.23474,9.6887]},"properties":{"id":null,"CONTROL":"3039","SERIE":"08","LINEA":"096","COD_SEG":"039","COD_MANZA":2,"PISO":null,"actualizad":null}},
{"type":"Feature","geometry":{"type":"Point","coordinates":[-63.23475,9.68874]},"properties":{"id":null,"CONTROL":"3039","SERIE":"09","LINEA":"097","COD_SEG":"039","COD_MANZA":2,"PISO":null,"actualizad":null}},
{"type":"Feature","geometry":{"type":"Point","coordinates":[-63.23476,9.68879]},"properties":{"id":null,"CONTROL":"3039","SERIE":"10","LINEA":"098","COD_SEG":"039","COD_MANZA":2,"PISO":null,"actualizad":null}},
{"type":"Feature","geometry":{"type":"Point","coordinates":[-63.23477,9.68885]},"properties":{"id":null,"CONTROL":"3039","SERIE":"11","LINEA":"099","COD_SEG":"039","COD_MANZA":2,"PISO":null,"actualizad":null}},
{"type":"Feature","geometry":{"type":"Point","coordinates":[-63.23478,9.68892]},"properties":{"id":null,"CONTROL":"3039","SERIE":"12","LINEA":"100","COD_SEG":"039","COD_MANZA":2,"PISO":null,"actualizad":null}},
{"type":"Feature","geometry":{"type":"Point","coordinates":[-63.23479,9.68896]},"properties":{"id":null,"CONTROL":"3039","SERIE":"13","LINEA":"101","COD_SEG":"039","COD_MANZA":2,"PISO":null,"actualizad":null}},
{"type":"Feature","geometry":{"type":"Point","coordinates":[-63.23481,9.68902]},"properties":{"id":null,"CONTROL":"3039","SERIE":"14","LINEA":"102","COD_SEG":"039","COD_MANZA":2,"PISO":null,"actualizad":null}},
{"type":"Feature","geometry":{"type":"Point","coordinates":[-63.23482,9.68907]},"properties":{"id":null,"CONTROL":"3039","SERIE":"15","LINEA":"103","COD_SEG":"039","COD_MANZA":2,"PISO":null,"actualizad":null}},
{"type":"Feature","geometry":{"type":"Point","coordinates":[-63.2329,9.68948]},"properties":{"id":null,"CONTROL":"3039","SERIE":"UNIDAD EDUCATIVA\n","LINEA":null,"COD_SEG":"039","COD_MANZA":2,"PISO":null,"actualizad":null}},
{"type":"Feature","geometry":{"type":"Point","coordinates":[-63.23262,9.68818]},"properties":{"id":null,"CONTROL":"3039","SERIE":"IGLESIA","LINEA":null,"COD_SEG":"039","COD_MANZA":2,"PISO":null,"actualizad":null}},
{"type":"Feature","geometry":{"type":"Point","coordinates":[-63.24948,9.72461]},"properties":{"id":null,"CONTROL":"6008","SERIE":"01","LINEA":"136","COD_SEG":"008","COD_MANZA":6,"PISO":null,"actualizad":null}},
{"type":"Feature","geometry":{"type":"Point","coordinates":[-63.24941,9.72441]},"properties":{"id":null,"CONTROL":"6008","SERIE":"02","LINEA":"137","COD_SEG":"008","COD_MANZA":6,"PISO":null,"actualizad":null}},
{"type":"Feature","geometry":{"type":"Point","coordinates":[-63.24946,9.72439]},"properties":{"id":null,"CONTROL":"6008","SERIE":"03","LINEA":"138","COD_SEG":"008","COD_MANZA":6,"PISO":null,"actualizad":null}},
{"type":"Feature","geometry":{"type":"Point","coordinates":[-63.24953,9.72436]},"properties":{"id":null,"CONTROL":"6008","SERIE":"04","LINEA":"139","COD_SEG":"008","COD_MANZA":6,"PISO":null,"actualizad":null}},
{"type":"Feature","geometry":{"type":"Point","coordinates":[-63.2496,9.72434]},"properties":{"id":null,"CONTROL":"6008","SERIE":"05","LINEA":"140","COD_SEG":"008","COD_MANZA":6,"PISO":null,"actualizad":null}},
{"type":"Feature","geometry":{"type":"Point","coordinates":[-63.24971,9.72429]},"properties":{"id":null,"CONTROL":"6008","SERIE":"06","LINEA":"141","COD_SEG":"008","COD_MANZA":6,"PISO":null,"actualizad":null}},
{"type":"Feature","geometry":{"type":"Point","coordinates":[-63.24982,9.72423]},"properties":{"id":null,"CONTROL":"6008","SERIE":"07","LINEA":"142","COD_SEG":"008","COD_MANZA":6,"PISO":null,"actualizad":null}},
{"type":"Feature","geometry":{"type":"Point","coordinates":[-63.24992,9.72417]},"properties":{"id":null,"CONTROL":"6008","SERIE":"08","LINEA":"143","COD_SEG":"008","COD_MANZA":6,"PISO":null,"actualizad":null}},
{"type":"Feature","geometry":{"type":"Point","coordinates":[-63.25001,9.72412]},"properties":{"id":null,"CONTROL":"6008","SERIE":"09","LINEA":"144","COD_SEG":"008","COD_MANZA":6,"PISO":null,"actualizad":null}},
{"type":"Feature","geometry":{"type":"Point","coordinates":[-63.25011,9.72407]},"properties":{"id":null,"CONTROL":"6008","SERIE":"10","LINEA":"145","COD_SEG":"008","COD_MANZA":6,"PISO":null,"actualizad":null}},
{"type":"Feature","geometry":{"type":"Point","coordinates":[-63.2502,9.72402]},"properties":{"id":null,"CONTROL":"6008","SERIE":"11","LINEA":"146","COD_SEG":"008","COD_MANZA":6,"PISO":null,"actualizad":null}},
{"type":"Feature","geometry":{"type":"Point","coordinates":[-63.25033,9.72397]},"properties":{"id":null,"CONTROL":"6008","SERIE":"12","LINEA":"147","COD_SEG":"008","COD_MANZA":6,"PISO":null,"actualizad":null}},
{"type":"Feature","geometry":{"type":"Point","coordinates":[-63.25044,9.7239]},"properties":{"id":null,"CONTROL":"6008","SERIE":"13","LINEA":"148","COD_SEG":"008","COD_MANZA":6,"PISO":null,"actualizad":null}},
{"type":"Feature","geometry":{"type":"Point","coordinates":[-63.25045,9.72424]},"properties":{"id":null,"CONTROL":"6008","SERIE":"14","LINEA":"149","COD_SEG":"008","COD_MANZA":6,"PISO":null,"actualizad":null}},
{"type":"Feature","geometry":{"type":"Point","coordinates":[-63.25036,9.72428]},"properties":{"id":null,"CONTROL":"6008","SERIE":"15","LINEA":"150","COD_SEG":"008","COD_MANZA":6,"PISO":null,"actualizad":null}},
{"type":"Feature","geometry":{"type":"Point","coordinates":[-62.21221,8.70419]},"properties":{"id":null,"CONTROL":"0023","SERIE":"01","LINEA":"001","COD_SEG":"005","COD_MANZA":1,"PISO":null,"actualizad":null}},
{"type":"Feature","geometry":{"type":"Point","coordinates":[-62.21202,8.70416]},"properties":{"id":null,"CONTROL":"0023","SERIE":"02","LINEA":"002","COD_SEG":"005","COD_MANZA":1,"PISO":null,"actualizad":null}},
{"type":"Feature","geometry":{"type":"Point","coordinates":[-62.21193,8.70422]},"properties":{"id":null,"CONTROL":"0023","SERIE":"03","LINEA":"003","COD_SEG":"005","COD_MANZA":1,"PISO":null,"actualizad":null}},
{"type":"Feature","geometry":{"type":"Point","coordinates":[-62.21163,8.70425]},"properties":{"id":null,"CONTROL":"0023","SERIE":"04","LINEA":"004","COD_SEG":"005","COD_MANZA":1,"PISO":null,"actualizad":null}},
{"type":"Feature","geometry":{"type":"Point","coordinates":[-62.21149,8.70426]},"properties":{"id":null,"CONTROL":"0023","SERIE":"05","LINEA":"005","COD_SEG":"005","COD_MANZA":1,"PISO":null,"actualizad":null}},
{"type":"Feature","geometry":{"type":"Point","coordinates":[-62.21138,8.70432]},"properties":{"id":null,"CONTROL":"0023","SERIE":"GALLERA CHEMA","LINEA":null,"COD_SEG":"005","COD_MANZA":1,"PISO":null,"actualizad":null}},
{"type":"Feature","geometry":{"type":"Point","coordinates":[-62.21127,8.70431]},"properties":{"id":null,"CONTROL":"0023","SERIE":"06","LINEA":"006","COD_SEG":"005","COD_MANZA":1,"PISO":null,"actualizad":null}},
{"type":"Feature","geometry":{"type":"Point","coordinates":[-62.21117,8.70434]},"properties":{"id":null,"CONTROL":"0023","SERIE":"07","LINEA":"007","COD_SEG":"005","COD_MANZA":1,"PISO":null,"actualizad":null}},
{"type":"Feature","geometry":{"type":"Point","coordinates":[-62.21106,8.70437]},"properties":{"id":null,"CONTROL":"0023","SERIE":"08","LINEA":"008","COD_SEG":"005","COD_MANZA":1,"PISO":null,"actualizad":null}},
{"type":"Feature","geometry":{"type":"Point","coordinates":[-62.21095,8.70436]},"properties":{"id":null,"CONTROL":"0023","SERIE":"09","LINEA":"009","COD_SEG":"005","COD_MANZA":1,"PISO":null,"actualizad":null}},
{"type":"Feature","geometry":{"type":"Point","coordinates":[-62.21096,8.70413]},"properties":{"id":null,"CONTROL":"0023","SERIE":"10","LINEA":"010","COD_SEG":"005","COD_MANZA":1,"PISO":null,"actualizad":null}},
{"type":"Feature","geometry":{"type":"Point","coordinates":[-62.21114,8.7041]},"properties":{"id":null,"CONTROL":"0023","SERIE":"11","LINEA":"011","COD_SEG":"005","COD_MANZA":1,"PISO":null,"actualizad":null}},
{"type":"Feature","geometry":{"type":"Point","coordinates":[-62.21135,8.70407]},"properties":{"id":null,"CONTROL":"0023","SERIE":"13","LINEA":"013","COD_SEG":"005","COD_MANZA":1,"PISO":null,"actualizad":null}},
{"type":"Feature","geometry":{"type":"Point","coordinates":[-62.21151,8.70403]},"properties":{"id":null,"CONTROL":"0023","SERIE":"14","LINEA":"014","COD_SEG":"005","COD_MANZA":1,"PISO":null,"actualizad":null}},
{"type":"Feature","geometry":{"type":"Point","coordinates":[-63.08533,10.13986]},"properties":{"id":null,"CONTROL":"0082","SERIE":"16","LINEA":"220","COD_SEG":"002","COD_MANZA":1,"PISO":null,"actualizad":null}},
{"type":"Feature","geometry":{"type":"Point","coordinates":[-63.08609,10.13984]},"properties":{"id":null,"CONTROL":"0082","SERIE":"17","LINEA":"222","COD_SEG":"002","COD_MANZA":1,"PISO":null,"actualizad":null}},
{"type":"Feature","geometry":{"type":"Point","coordinates":[-63.08622,10.13984]},"properties":{"id":null,"CONTROL":"0082","SERIE":"03","LINEA":"207","COD_SEG":"002","COD_MANZA":1,"PISO":null,"actualizad":null}},
{"type":"Feature","geometry":{"type":"Point","coordinates":[-63.08636,10.13986]},"properties":{"id":null,"CONTROL":"0082","SERIE":"04","LINEA":"208","COD_SEG":"002","COD_MANZA":1,"PISO":null,"actualizad":null}},
{"type":"Feature","geometry":{"type":"Point","coordinates":[-63.08647,10.13989]},"properties":{"id":null,"CONTROL":"0082","SERIE":"05","LINEA":"209","COD_SEG":"002","COD_MANZA":1,"PISO":null,"actualizad":null}},
{"type":"Feature","geometry":{"type":"Point","coordinates":[-63.08758,10.13972]},"properties":{"id":null,"CONTROL":"0082","SERIE":"06","LINEA":"210","COD_SEG":"002","COD_MANZA":1,"PISO":null,"actualizad":null}},
{"type":"Feature","geometry":{"type":"Point","coordinates":[-63.08766,10.13993]},"properties":{"id":null,"CONTROL":"0082","SERIE":"07","LINEA":"211","COD_SEG":"002","COD_MANZA":1,"PISO":null,"actualizad":null}},
{"type":"Feature","geometry":{"type":"Point","coordinates":[-63.08786,10.13961]},"properties":{"id":null,"CONTROL":"0082","SERIE":"08","LINEA":"212","COD_SEG":"002","COD_MANZA":1,"PISO":null,"actualizad":null}},
{"type":"Feature","geometry":{"type":"Point","coordinates":[-63.08863,10.1394]},"properties":{"id":null,"CONTROL":"0082","SERIE":"11","LINEA":"215","COD_SEG":"002","COD_MANZA":1,"PISO":null,"actualizad":null}},
{"type":"Feature","geometry":{"type":"Point","coordinates":[-63.08796,10.13933]},"properties":{"id":null,"CONTROL":"0082","SERIE":"09","LINEA":"213","COD_SEG":"002","COD_MANZA":1,"PISO":null,"actualizad":null}},
{"type":"Feature","geometry":{"type":"Point","coordinates":[-63.08832,10.13898]},"properties":{"id":null,"CONTROL":"0082","SERIE":"10","LINEA":"214","COD_SEG":"002","COD_MANZA":1,"PISO":null,"actualizad":null}},
{"type":"Feature","geometry":{"type":"Point","coordinates":[-63.08848,10.13875]},"properties":{"id":null,"CONTROL":"0082","SERIE":"12","LINEA":"216","COD_SEG":"002","COD_MANZA":1,"PISO":null,"actualizad":null}},
{"type":"Feature","geometry":{"type":"Point","coordinates":[-63.08847,10.13856]},"properties":{"id":null,"CONTROL":"0082","SERIE":"13","LINEA":"217","COD_SEG":"002","COD_MANZA":1,"PISO":null,"actualizad":null}},
{"type":"Feature","geometry":{"type":"Point","coordinates":[-63.08866,10.13857]},"properties":{"id":null,"CONTROL":"0082","SERIE":"14","LINEA":"218","COD_SEG":"002","COD_MANZA":1,"PISO":null,"actualizad":null}},
{"type":"Feature","geometry":{"type":"Point","coordinates":[-63.08872,10.13834]},"properties":{"id":null,"CONTROL":"0082","SERIE":"15","LINEA":"219","COD_SEG":"002","COD_MANZA":1,"PISO":null,"actualizad":null}},
{"type":"Feature","geometry":{"type":"Point","coordinates":[-63.27827,9.9622]},"properties":{"id":null,"CONTROL":"2095","SERIE":"IGLESIA","LINEA":null,"COD_SEG":"001","COD_MANZA":1,"PISO":null,"actualizad":null}},
{"type":"Feature","geometry":{"type":"Point","coordinates":[-63.27749,9.96198]},"properties":{"id":null,"CONTROL":"2095","SERIE":"01","LINEA":"043","COD_SEG":"001","COD_MANZA":1,"PISO":null,"actualizad":null}},
{"type":"Feature","geometry":{"type":"Point","coordinates":[-63.27763,9.96199]},"properties":{"id":null,"CONTROL":"2095","SERIE":"02","LINEA":"044","COD_SEG":"001","COD_MANZA":1,"PISO":null,"actualizad":null}},
{"type":"Feature","geometry":{"type":"Point","coordinates":[-63.27769,9.962]},"properties":{"id":null,"CONTROL":"2095","SERIE":"03","LINEA":"045","COD_SEG":"001","COD_MANZA":1,"PISO":null,"actualizad":null}},
{"type":"Feature","geometry":{"type":"Point","coordinates":[-63.27777,9.96203]},"properties":{"id":null,"CONTROL":"2095","SERIE":"04","LINEA":"046","COD_SEG":"001","COD_MANZA":1,"PISO":null,"actualizad":null}},
{"type":"Feature","geometry":{"type":"Point","coordinates":[-63.27784,9.96206]},"properties":{"id":null,"CONTROL":"2095","SERIE":"05","LINEA":"047","COD_SEG":"001","COD_MANZA":1,"PISO":null,"actualizad":null}},
{"type":"Feature","geometry":{"type":"Point","coordinates":[-63.27798,9.96212]},"properties":{"id":null,"CONTROL":"2095","SERIE":"06","LINEA":"048","COD_SEG":"001","COD_MANZA":1,"PISO":null,"actualizad":null}},
{"type":"Feature","geometry":{"type":"Point","coordinates":[-63.27818,9.96215]},"properties":{"id":null,"CONTROL":"2095","SERIE":"07","LINEA":"049","COD_SEG":"001","COD_MANZA":1,"PISO":null,"actualizad":null}},
{"type":"Feature","geometry":{"type":"Point","coordinates":[-63.27845,9.96221]},"properties":{"id":null,"CONTROL":"2095","SERIE":"08","LINEA":"050","COD_SEG":"001","COD_MANZA":1,"PISO":null,"actualizad":null}},
{"type":"Feature","geometry":{"type":"Point","coordinates":[-63.27877,9.96236]},"properties":{"id":null,"CONTROL":"2095","SERIE":"09","LINEA":"051","COD_SEG":"001","COD_MANZA":1,"PISO":null,"actualizad":null}},
{"type":"Feature","geometry":{"type":"Point","coordinates":[-63.27886,9.96241]},"properties":{"id":null,"CONTROL":"2095","SERIE":"10","LINEA":"052","COD_SEG":"001","COD_MANZA":1,"PISO":null,"actualizad":null}},
{"type":"Feature","geometry":{"type":"Point","coordinates":[-63.2793,9.9627]},"properties":{"id":null,"CONTROL":"2095","SERIE":"11","LINEA":"053","COD_SEG":"001","COD_MANZA":1,"PISO":null,"actualizad":null}},
{"type":"Feature","geometry":{"type":"Point","coordinates":[-63.27939,9.96279]},"properties":{"id":null,"CONTROL":"2095","SERIE":"12","LINEA":"054","COD_SEG":"001","COD_MANZA":1,"PISO":null,"actualizad":null}},
{"type":"Feature","geometry":{"type":"Point","coordinates":[-63.27948,9.96286]},"properties":{"id":null,"CONTROL":"2095","SERIE":"13","LINEA":"055","COD_SEG":"001","COD_MANZA":1,"PISO":null,"actualizad":null}},
{"type":"Feature","geometry":{"type":"Point","coordinates":[-63.27961,9.963]},"properties":{"id":null,"CONTROL":"2095","SERIE":"14","LINEA":"056","COD_SEG":"001","COD_MANZA":1,"PISO":null,"actualizad":null}},
{"type":"Feature","geometry":{"type":"Point","coordinates":[-63.27617,9.96167]},"properties":{"id":null,"CONTROL":"2095","SERIE":"IGLESIA EVANGELICA \"EL ARCA DE NOE II\"","LINEA":null,"COD_SEG":"001","COD_MANZA":1,"PISO":null,"actualizad":null}},
{"type":"Feature","geometry":{"type":"Point","coordinates":[-63.15505,9.73748]},"properties":{"id":null,"CONTROL":"0060","SERIE":"01","LINEA":"121","COD_SEG":"112","COD_MANZA":2,"PISO":null,"actualizad":null}},
{"type":"Feature","geometry":{"type":"Point","coordinates":[-63.15503,9.7373]},"properties":{"id":null,"CONTROL":"0060","SERIE":"02","LINEA":"122","COD_SEG":"112","COD_MANZA":2,"PISO":null,"actualizad":null}},
{"type":"Feature","geometry":{"type":"Point","coordinates":[-63.15503,9.73715]},"properties":{"id":null,"CONTROL":"0060","SERIE":"03","LINEA":"123","COD_SEG":"112","COD_MANZA":2,"PISO":null,"actualizad":null}},
{"type":"Feature","geometry":{"type":"Point","coordinates":[-63.155,9.73696]},"properties":{"id":null,"CONTROL":"0060","SERIE":"04","LINEA":"124","COD_SEG":"112","COD_MANZA":2,"PISO":null,"actualizad":null}},
{"type":"Feature","geometry":{"type":"Point","coordinates":[-63.155,9.7368]},"properties":{"id":null,"CONTROL":"0060","SERIE":"05","LINEA":"125","COD_SEG":"112","COD_MANZA":2,"PISO":null,"actualizad":null}},
{"type":"Feature","geometry":{"type":"Point","coordinates":[-63.15499,9.73663]},"properties":{"id":null,"CONTROL":"0060","SERIE":"06","LINEA":"126","COD_SEG":"112","COD_MANZA":2,"PISO":null,"actualizad":null}},
{"type":"Feature","geometry":{"type":"Point","coordinates":[-63.15499,9.73645]},"properties":{"id":null,"CONTROL":"0060","SERIE":"07","LINEA":"127","COD_SEG":"112","COD_MANZA":2,"PISO":null,"actualizad":null}},
{"type":"Feature","geometry":{"type":"Point","coordinates":[-63.15548,9.73642]},"properties":{"id":null,"CONTROL":"0060","SERIE":"08","LINEA":"128","COD_SEG":"112","COD_MANZA":2,"PISO":null,"actualizad":null}},
{"type":"Feature","geometry":{"type":"Point","coordinates":[-63.15552,9.73661]},"properties":{"id":null,"CONTROL":"0060","SERIE":"09","LINEA":"129","COD_SEG":"112","COD_MANZA":2,"PISO":null,"actualizad":null}},
{"type":"Feature","geometry":{"type":"Point","coordinates":[-63.15552,9.73677]},"properties":{"id":null,"CONTROL":"0060","SERIE":"10","LINEA":"130","COD_SEG":"112","COD_MANZA":2,"PISO":null,"actualizad":null}},
{"type":"Feature","geometry":{"type":"Point","coordinates":[-63.15553,9.73693]},"properties":{"id":null,"CONTROL":"0060","SERIE":"11","LINEA":"131","COD_SEG":"112","COD_MANZA":2,"PISO":null,"actualizad":null}},
{"type":"Feature","geometry":{"type":"Point","coordinates":[-63.15555,9.7371]},"properties":{"id":null,"CONTROL":"0060","SERIE":"12","LINEA":"132","COD_SEG":"112","COD_MANZA":2,"PISO":null,"actualizad":null}},
{"type":"Feature","geometry":{"type":"Point","coordinates":[-63.15557,9.73727]},"properties":{"id":null,"CONTROL":"0060","SERIE":"13","LINEA":"133","COD_SEG":"112","COD_MANZA":2,"PISO":null,"actualizad":null}},
{"type":"Feature","geometry":{"type":"Point","coordinates":[-63.15557,9.73743]},"properties":{"id":null,"CONTROL":"0060","SERIE":"14","LINEA":"134","COD_SEG":"112","COD_MANZA":2,"PISO":null,"actualizad":null}},
{"type":"Feature","geometry":{"type":"Point","coordinates":[-63.15556,9.73762]},"properties":{"id":null,"CONTROL":"0060","SERIE":"15","LINEA":"135","COD_SEG":"112","COD_MANZA":2,"PISO":null,"actualizad":null}},
{"type":"Feature","geometry":{"type":"Point","coordinates":[-63.1327,9.75247]},"properties":{"id":null,"CONTROL":"0072","SERIE":"01","LINEA":"118","COD_SEG":"083","COD_MANZA":2,"PISO":null,"actualizad":null}},
{"type":"Feature","geometry":{"type":"Point","coordinates":[-63.1328,9.75245]},"properties":{"id":null,"CONTROL":"0072","SERIE":"02","LINEA":"119","COD_SEG":"083","COD_MANZA":2,"PISO":null,"actualizad":null}},
{"type":"Feature","geometry":{"type":"Point","coordinates":[-63.13289,9.75241]},"properties":{"id":null,"CONTROL":"0072","SERIE":"03","LINEA":"120","COD_SEG":"083","COD_MANZA":2,"PISO":null,"actualizad":null}},
{"type":"Feature","geometry":{"type":"Point","coordinates":[-63.13297,9.75242]},"properties":{"id":null,"CONTROL":"0072","SERIE":"04","LINEA":"121","COD_SEG":"083","COD_MANZA":2,"PISO":null,"actualizad":null}},
{"type":"Feature","geometry":{"type":"Point","coordinates":[-63.13307,9.75239]},"properties":{"id":null,"CONTROL":"0072","SERIE":"05","LINEA":"122","COD_SEG":"083","COD_MANZA":2,"PISO":null,"actualizad":null}},
{"type":"Feature","geometry":{"type":"Point","coordinates":[-63.13318,9.75238]},"properties":{"id":null,"CONTROL":"0072","SERIE":"06","LINEA":"123","COD_SEG":"083","COD_MANZA":2,"PISO":null,"actualizad":null}},
{"type":"Feature","geometry":{"type":"Point","coordinates":[-63.13325,9.75239]},"properties":{"id":null,"CONTROL":"0072","SERIE":"07","LINEA":"124","COD_SEG":"083","COD_MANZA":2,"PISO":null,"actualizad":null}},
{"type":"Feature","geometry":{"type":"Point","coordinates":[-63.13336,9.75236]},"properties":{"id":null,"CONTROL":"0072","SERIE":"08","LINEA":"125","COD_SEG":"083","COD_MANZA":2,"PISO":null,"actualizad":null}},
{"type":"Feature","geometry":{"type":"Point","coordinates":[-63.13346,9.75235]},"properties":{"id":null,"CONTROL":"0072","SERIE":"09","LINEA":"126","COD_SEG":"083","COD_MANZA":2,"PISO":null,"actualizad":null}},
{"type":"Feature","geometry":{"type":"Point","coordinates":[-63.13353,9.75232]},"properties":{"id":null,"CONTROL":"0072","SERIE":"10","LINEA":"127","COD_SEG":"083","COD_MANZA":2,"PISO":null,"actualizad":null}},
{"type":"Feature","geometry":{"type":"Point","coordinates":[-63.13363,9.7523]},"properties":{"id":null,"CONTROL":"0072","SERIE":"11","LINEA":"128","COD_SEG":"083","COD_MANZA":2,"PISO":null,"actualizad":null}},
{"type":"Feature","geometry":{"type":"Point","coordinates":[-63.13372,9.75226]},"properties":{"id":null,"CONTROL":"0072","SERIE":"12","LINEA":"129","COD_SEG":"083","COD_MANZA":2,"PISO":null,"actualizad":null}},
{"type":"Feature","geometry":{"type":"Point","coordinates":[-63.13381,9.75226]},"properties":{"id":null,"CONTROL":"0072","SERIE":"13","LINEA":"130","COD_SEG":"083","COD_MANZA":2,"PISO":null,"actualizad":null}},
{"type":"Feature","geometry":{"type":"Point","coordinates":[-63.13389,9.75224]},"properties":{"id":null,"CONTROL":"0072","SERIE":"14","LINEA":"131","COD_SEG":"083","COD_MANZA":2,"PISO":null,"actualizad":null}},
{"type":"Feature","geometry":{"type":"Point","coordinates":[-63.13398,9.75222]},"properties":{"id":null,"CONTROL":"0072","SERIE":"15","LINEA":"132","COD_SEG":"083","COD_MANZA":2,"PISO":null,"actualizad":null}},
{"type":"Feature","geometry":{"type":"Point","coordinates":[-63.20764,9.7079]},"properties":{"id":null,"CONTROL":"2016","SERIE":"01","LINEA":"181","COD_SEG":"114","COD_MANZA":7,"PISO":null,"actualizad":null}},
{"type":"Feature","geometry":{"type":"Point","coordinates":[-63.20757,9.70793]},"properties":{"id":null,"CONTROL":"2016","SERIE":"02","LINEA":"182","COD_SEG":"114","COD_MANZA":7,"PISO":null,"actualizad":null}},
{"type":"Feature","geometry":{"type":"Point","coordinates":[-63.2075,9.70796]},"properties":{"id":null,"CONTROL":"2016","SERIE":"03","LINEA":"183","COD_SEG":"114","COD_MANZA":7,"PISO":null,"actualizad":null}},
{"type":"Feature","geometry":{"type":"Point","coordinates":[-63.20739,9.708]},"properties":{"id":null,"CONTROL":"2016","SERIE":"04","LINEA":"184","COD_SEG":"114","COD_MANZA":7,"PISO":null,"actualizad":null}},
{"type":"Feature","geometry":{"type":"Point","coordinates":[-63.20733,9.70802]},"properties":{"id":null,"CONTROL":"2016","SERIE":"05","LINEA":"185","COD_SEG":"114","COD_MANZA":7,"PISO":null,"actualizad":null}},
{"type":"Feature","geometry":{"type":"Point","coordinates":[-63.20725,9.70806]},"properties":{"id":null,"CONTROL":"2016","SERIE":"06\n","LINEA":"186","COD_SEG":"114","COD_MANZA":7,"PISO":null,"actualizad":null}},
{"type":"Feature","geometry":{"type":"Point","coordinates":[-63.20715,9.70809]},"properties":{"id":null,"CONTROL":"2016","SERIE":"07","LINEA":"187","COD_SEG":"114","COD_MANZA":7,"PISO":null,"actualizad":null}},
{"type":"Feature","geometry":{"type":"Point","coordinates":[-63.20708,9.70813]},"properties":{"id":null,"CONTROL":"2016","SERIE":"08","LINEA":"188","COD_SEG":"114","COD_MANZA":7,"PISO":null,"actualizad":null}},
{"type":"Feature","geometry":{"type":"Point","coordinates":[-63.20698,9.70817]},"properties":{"id":null,"CONTROL":"2016","SERIE":"15","LINEA":"196","COD_SEG":"114","COD_MANZA":7,"PISO":null,"actualizad":null}},
{"type":"Feature","geometry":{"type":"Point","coordinates":[-63.2069,9.70815]},"properties":{"id":null,"CONTROL":"2016","SERIE":"16","LINEA":"197","COD_SEG":"114","COD_MANZA":7,"PISO":null,"actualizad":null}},
{"type":"Feature","geometry":{"type":"Point","coordinates":[-63.2069,9.7083]},"properties":{"id":null,"CONTROL":"2016","SERIE":"09","LINEA":"190","COD_SEG":"114","COD_MANZA":7,"PISO":null,"actualizad":null}},
{"type":"Feature","geometry":{"type":"Point","coordinates":[-63.20681,9.70835]},"properties":{"id":null,"CONTROL":"2016","SERIE":"10","LINEA":"191","COD_SEG":"114","COD_MANZA":7,"PISO":null,"actualizad":null}},
{"type":"Feature","geometry":{"type":"Point","coordinates":[-63.20673,9.70841]},"properties":{"id":null,"CONTROL":"2016","SERIE":"11","LINEA":"192","COD_SEG":"114","COD_MANZA":7,"PISO":null,"actualizad":null}},
{"type":"Feature","geometry":{"type":"Point","coordinates":[-63.20661,9.70848]},"properties":{"id":null,"CONTROL":"2016","SERIE":"12","LINEA":"193","COD_SEG":"114","COD_MANZA":7,"PISO":null,"actualizad":null}},
{"type":"Feature","geometry":{"type":"Point","coordinates":[-63.20652,9.70854]},"properties":{"id":null,"CONTROL":"2016","SERIE":"13","LINEA":"194","COD_SEG":"114","COD_MANZA":7,"PISO":null,"actualizad":null}},
{"type":"Feature","geometry":{"type":"Point","coordinates":[-63.20644,9.70858]},"properties":{"id":null,"CONTROL":"2016","SERIE":"14","LINEA":null,"COD_SEG":"114","COD_MANZA":null,"PISO":null,"actualizad":null}},
{"type":"Feature","geometry":{"type":"Point","coordinates":[-63.1576,9.71218]},"properties":{"id":null,"CONTROL":"2017","SERIE":"01","LINEA":"166","COD_SEG":"131","COD_MANZA":1,"PISO":null,"actualizad":null}},
{"type":"Feature","geometry":{"type":"Point","coordinates":[-63.15768,9.71218]},"properties":{"id":null,"CONTROL":"2017","SERIE":"02","LINEA":"167","COD_SEG":"131","COD_MANZA":1,"PISO":null,"actualizad":null}},
{"type":"Feature","geometry":{"type":"Point","coordinates":[-63.15772,9.71219]},"properties":{"id":null,"CONTROL":"2017","SERIE":"03","LINEA":"168","COD_SEG":"131","COD_MANZA":1,"PISO":null,"actualizad":null}},
{"type":"Feature","geometry":{"type":"Point","coordinates":[-63.15787,9.71219]},"properties":{"id":null,"CONTROL":"2017","SERIE":"04","LINEA":"169","COD_SEG":"131","COD_MANZA":1,"PISO":null,"actualizad":null}},
{"type":"Feature","geometry":{"type":"Point","coordinates":[-63.15792,9.71219]},"properties":{"id":null,"CONTROL":"2017","SERIE":"05","LINEA":"170","COD_SEG":"131","COD_MANZA":1,"PISO":null,"actualizad":null}},
{"type":"Feature","geometry":{"type":"Point","coordinates":[-63.15802,9.71218]},"properties":{"id":null,"CONTROL":"2017","SERIE":"06","LINEA":"171","COD_SEG":"131","COD_MANZA":1,"PISO":null,"actualizad":null}},
{"type":"Feature","geometry":{"type":"Point","coordinates":[-63.15808,9.71219]},"properties":{"id":null,"CONTROL":"2017","SERIE":"07","LINEA":"172","COD_SEG":"131","COD_MANZA":1,"PISO":null,"actualizad":null}},
{"type":"Feature","geometry":{"type":"Point","coordinates":[-63.15819,9.71218]},"properties":{"id":null,"CONTROL":"2017","SERIE":"08","LINEA":"173","COD_SEG":"131","COD_MANZA":1,"PISO":null,"actualizad":null}},
{"type":"Feature","geometry":{"type":"Point","coordinates":[-63.15825,9.71219]},"properties":{"id":null,"CONTROL":"2017","SERIE":"09","LINEA":"174","COD_SEG":"131","COD_MANZA":1,"PISO":null,"actualizad":null}},
{"type":"Feature","geometry":{"type":"Point","coordinates":[-63.15829,9.71201]},"properties":{"id":null,"CONTROL":"2017","SERIE":"11","LINEA":"175","COD_SEG":"131","COD_MANZA":1,"PISO":null,"actualizad":null}},
{"type":"Feature","geometry":{"type":"Point","coordinates":[-63.15792,9.712]},"properties":{"id":null,"CONTROL":"2017","SERIE":"15","LINEA":"180","COD_SEG":"131","COD_MANZA":1,"PISO":null,"actualizad":null}},
{"type":"Feature","geometry":{"type":"Point","coordinates":[-63.15802,9.712]},"properties":{"id":null,"CONTROL":"2017","SERIE":"14","LINEA":"179","COD_SEG":"131","COD_MANZA":1,"PISO":null,"actualizad":null}},
{"type":"Feature","geometry":{"type":"Point","coordinates":[-63.1581,9.71201]},"properties":{"id":null,"CONTROL":"2017","SERIE":"13","LINEA":"178","COD_SEG":"131","COD_MANZA":1,"PISO":null,"actualizad":null}},
{"type":"Feature","geometry":{"type":"Point","coordinates":[-63.24569,9.71875]},"properties":{"id":null,"CONTROL":"2038","SERIE":"01","LINEA":"150","COD_SEG":"061","COD_MANZA":2,"PISO":null,"actualizad":null}},
{"type":"Feature","geometry":{"type":"Point","coordinates":[-63.24564,9.71879]},"properties":{"id":null,"CONTROL":"2038","SERIE":"02","LINEA":"151","COD_SEG":"061","COD_MANZA":2,"PISO":null,"actualizad":null}},
{"type":"Feature","geometry":{"type":"Point","coordinates":[-63.24587,9.71895]},"properties":{"id":null,"CONTROL":"2038","SERIE":"03","LINEA":"152","COD_SEG":"061","COD_MANZA":2,"PISO":null,"actualizad":null}},
{"type":"Feature","geometry":{"type":"Point","coordinates":[-63.24583,9.719]},"properties":{"id":null,"CONTROL":"2038","SERIE":"04","LINEA":"153","COD_SEG":"061","COD_MANZA":2,"PISO":null,"actualizad":null}},
{"type":"Feature","geometry":{"type":"Point","coordinates":[-63.24579,9.71904]},"properties":{"id":null,"CONTROL":"2038","SERIE":"05","LINEA":"154","COD_SEG":"061","COD_MANZA":2,"PISO":null,"actualizad":null}},
{"type":"Feature","geometry":{"type":"Point","coordinates":[-63.24575,9.71907]},"properties":{"id":null,"CONTROL":"2038","SERIE":"06","LINEA":"155","COD_SEG":"061","COD_MANZA":2,"PISO":null,"actualizad":null}},
{"type":"Feature","geometry":{"type":"Point","coordinates":[-63.2457,9.71911]},"properties":{"id":null,"CONTROL":"2038","SERIE":"07","LINEA":"156","COD_SEG":"061","COD_MANZA":2,"PISO":null,"actualizad":null}},
{"type":"Feature","geometry":{"type":"Point","coordinates":[-63.24566,9.71915]},"properties":{"id":null,"CONTROL":"2038","SERIE":"08","LINEA":"157","COD_SEG":"061","COD_MANZA":2,"PISO":null,"actualizad":null}},
{"type":"Feature","geometry":{"type":"Point","coordinates":[-63.24562,9.71919]},"properties":{"id":null,"CONTROL":"2038","SERIE":"09","LINEA":"158","COD_SEG":"061","COD_MANZA":2,"PISO":null,"actualizad":null}},
{"type":"Feature","geometry":{"type":"Point","coordinates":[-63.24559,9.71922]},"properties":{"id":null,"CONTROL":"2038","SERIE":"10","LINEA":"159","COD_SEG":"061","COD_MANZA":2,"PISO":null,"actualizad":null}},
{"type":"Feature","geometry":{"type":"Point","coordinates":[-63.24554,9.71926]},"properties":{"id":null,"CONTROL":"2038","SERIE":"11","LINEA":"160","COD_SEG":"061","COD_MANZA":2,"PISO":null,"actualizad":null}},
{"type":"Feature","geometry":{"type":"Point","coordinates":[-63.24549,9.7193]},"properties":{"id":null,"CONTROL":"2038","SERIE":"12","LINEA":"161","COD_SEG":"061","COD_MANZA":2,"PISO":null,"actualizad":null}},
{"type":"Feature","geometry":{"type":"Point","coordinates":[-63.24545,9.71933]},"properties":{"id":null,"CONTROL":"2038","SERIE":"13","LINEA":"162","COD_SEG":"061","COD_MANZA":2,"PISO":null,"actualizad":null}},
{"type":"Feature","geometry":{"type":"Point","coordinates":[-63.24541,9.71937]},"properties":{"id":null,"CONTROL":"2038","SERIE":"14","LINEA":"163","COD_SEG":"061","COD_MANZA":2,"PISO":null,"actualizad":null}},
{"type":"Feature","geometry":{"type":"Point","coordinates":[-63.24538,9.71941]},"properties":{"id":null,"CONTROL":"2038","SERIE":"15","LINEA":"164","COD_SEG":"061","COD_MANZA":2,"PISO":null,"actualizad":null}},
{"type":"Feature","geometry":{"type":"Point","coordinates":[-63.09876,9.78382]},"properties":{"id":null,"CONTROL":"3031","SERIE":"01","LINEA":"254","COD_SEG":"042","COD_MANZA":10,"PISO":null,"actualizad":null}},
{"type":"Feature","geometry":{"type":"Point","coordinates":[-63.09882,9.7838]},"properties":{"id":null,"CONTROL":"3031","SERIE":"02","LINEA":"255","COD_SEG":"042","COD_MANZA":10,"PISO":null,"actualizad":null}},
{"type":"Feature","geometry":{"type":"Point","coordinates":[-63.09887,9.78379]},"properties":{"id":null,"CONTROL":"3031","SERIE":"03","LINEA":"256","COD_SEG":"042","COD_MANZA":10,"PISO":null,"actualizad":null}},
{"type":"Feature","geometry":{"type":"Point","coordinates":[-63.09893,9.78376]},"properties":{"id":null,"CONTROL":"3031","SERIE":"04","LINEA":"257","COD_SEG":"042","COD_MANZA":10,"PISO":null,"actualizad":null}},
{"type":"Feature","geometry":{"type":"Point","coordinates":[-63.09899,9.78375]},"properties":{"id":null,"CONTROL":"3031","SERIE":"05","LINEA":"258","COD_SEG":"042","COD_MANZA":10,"PISO":null,"actualizad":null}},
{"type":"Feature","geometry":{"type":"Point","coordinates":[-63.09904,9.78373]},"properties":{"id":null,"CONTROL":"3031","SERIE":"06","LINEA":"259","COD_SEG":"042","COD_MANZA":10,"PISO":null,"actualizad":null}},
{"type":"Feature","geometry":{"type":"Point","coordinates":[-63.09908,9.78371]},"properties":{"id":null,"CONTROL":"3031","SERIE":"07","LINEA":"260","COD_SEG":"042","COD_MANZA":10,"PISO":null,"actualizad":null}},
{"type":"Feature","geometry":{"type":"Point","coordinates":[-63.09914,9.78369]},"properties":{"id":null,"CONTROL":"3031","SERIE":"08","LINEA":"261","COD_SEG":"042","COD_MANZA":10,"PISO":null,"actualizad":null}},
{"type":"Feature","geometry":{"type":"Point","coordinates":[-63.09919,9.78368]},"properties":{"id":null,"CONTROL":"3031","SERIE":"09","LINEA":"262","COD_SEG":"042","COD_MANZA":10,"PISO":null,"actualizad":null}},
{"type":"Feature","geometry":{"type":"Point","coordinates":[-63.09924,9.78365]},"properties":{"id":null,"CONTROL":"3031","SERIE":"10","LINEA":"263","COD_SEG":"042","COD_MANZA":10,"PISO":null,"actualizad":null}},
{"type":"Feature","geometry":{"type":"Point","coordinates":[-63.0993,9.78363]},"properties":{"id":null,"CONTROL":"3031","SERIE":"11","LINEA":"264","COD_SEG":"042","COD_MANZA":10,"PISO":null,"actualizad":null}},
{"type":"Feature","geometry":{"type":"Point","coordinates":[-63.09935,9.78361]},"properties":{"id":null,"CONTROL":"3031","SERIE":"12","LINEA":"265","COD_SEG":"042","COD_MANZA":10,"PISO":null,"actualizad":null}},
{"type":"Feature","geometry":{"type":"Point","coordinates":[-63.0994,9.78358]},"properties":{"id":null,"CONTROL":"3031","SERIE":"13","LINEA":"266","COD_SEG":"042","COD_MANZA":10,"PISO":null,"actualizad":null}},
{"type":"Feature","geometry":{"type":"Point","coordinates":[-63.09944,9.78356]},"properties":{"id":null,"CONTROL":"3031","SERIE":"14","LINEA":"267","COD_SEG":"042","COD_MANZA":10,"PISO":null,"actualizad":null}},
{"type":"Feature","geometry":{"type":"Point","coordinates":[-63.09951,9.78354]},"properties":{"id":null,"CONTROL":"3031","SERIE":"15","LINEA":"268","COD_SEG":"042","COD_MANZA":10,"PISO":null,"actualizad":null}},
{"type":"Feature","geometry":{"type":"Point","coordinates":[-63.66435,9.63494]},"properties":{"id":null,"CONTROL":"3020","SERIE":"01","LINEA":"183","COD_SEG":"009","COD_MANZA":7,"PISO":null,"actualizad":null}},
{"type":"Feature","geometry":{"type":"Point","coordinates":[-63.66428,9.63492]},"properties":{"id":null,"CONTROL":"3020","SERIE":"02","LINEA":"184","COD_SEG":"009","COD_MANZA":7,"PISO":null,"actualizad":null}},
{"type":"Feature","geometry":{"type":"Point","coordinates":[-63.66422,9.63491]},"properties":{"id":null,"CONTROL":"3020","SERIE":"03","LINEA":"185","COD_SEG":"009","COD_MANZA":7,"PISO":null,"actualizad":null}},
{"type":"Feature","geometry":{"type":"Point","coordinates":[-63.66416,9.63489]},"properties":{"id":null,"CONTROL":"3020","SERIE":"04","LINEA":"186","COD_SEG":"009","COD_MANZA":7,"PISO":null,"actualizad":null}},
{"type":"Feature","geometry":{"type":"Point","coordinates":[-63.6641,9.63488]},"properties":{"id":null,"CONTROL":"3020","SERIE":"05","LINEA":"187","COD_SEG":"009","COD_MANZA":7,"PISO":null,"actualizad":null}},
{"type":"Feature","geometry":{"type":"Point","coordinates":[-63.66404,9.63487]},"properties":{"id":null,"CONTROL":"3020","SERIE":"06","LINEA":"188","COD_SEG":"009","COD_MANZA":7,"PISO":null,"actualizad":null}},
{"type":"Feature","geometry":{"type":"Point","coordinates":[-63.66399,9.63485]},"properties":{"id":null,"CONTROL":"3020","SERIE":"07","LINEA":"189","COD_SEG":"009","COD_MANZA":7,"PISO":null,"actualizad":null}},
{"type":"Feature","geometry":{"type":"Point","coordinates":[-63.66393,9.63484]},"properties":{"id":null,"CONTROL":"3020","SERIE":"08","LINEA":"190","COD_SEG":"009","COD_MANZA":7,"PISO":null,"actualizad":null}},
{"type":"Feature","geometry":{"type":"Point","coordinates":[-63.66388,9.63483]},"properties":{"id":null,"CONTROL":"3020","SERIE":"09","LINEA":"191","COD_SEG":"009","COD_MANZA":7,"PISO":null,"actualizad":null}},
{"type":"Feature","geometry":{"type":"Point","coordinates":[-63.66384,9.63481]},"properties":{"id":null,"CONTROL":"3020","SERIE":"10","LINEA":"192","COD_SEG":"009","COD_MANZA":7,"PISO":null,"actualizad":null}},
{"type":"Feature","geometry":{"type":"Point","coordinates":[-63.66378,9.6348]},"properties":{"id":null,"CONTROL":"3020","SERIE":"11","LINEA":"193","COD_SEG":"009","COD_MANZA":7,"PISO":null,"actualizad":null}},
{"type":"Feature","geometry":{"type":"Point","coordinates":[-63.66373,9.63478]},"properties":{"id":null,"CONTROL":"3020","SERIE":"12","LINEA":"194","COD_SEG":"009","COD_MANZA":7,"PISO":null,"actualizad":null}},
{"type":"Feature","geometry":{"type":"Point","coordinates":[-63.66368,9.63477]},"properties":{"id":null,"CONTROL":"3020","SERIE":"13","LINEA":"195","COD_SEG":"009","COD_MANZA":7,"PISO":null,"actualizad":null}},
{"type":"Feature","geometry":{"type":"Point","coordinates":[-63.66362,9.63476]},"properties":{"id":null,"CONTROL":"3020","SERIE":"14","LINEA":"196","COD_SEG":"009","COD_MANZA":7,"PISO":null,"actualizad":null}},
{"type":"Feature","geometry":{"type":"Point","coordinates":[-63.66358,9.63476]},"properties":{"id":null,"CONTROL":"3020","SERIE":"15","LINEA":"197","COD_SEG":"009","COD_MANZA":7,"PISO":null,"actualizad":null}},
{"type":"Feature","geometry":{"type":"Point","coordinates":[-63.66352,9.63478]},"properties":{"id":null,"CONTROL":"3020","SERIE":"18","LINEA":"198","COD_SEG":"009","COD_MANZA":7,"PISO":null,"actualizad":null}},
{"type":"Feature","geometry":{"type":"Point","coordinates":[-63.53853,10.21511]},"properties":{"id":null,"CONTROL":"0002","SERIE":"01","LINEA":"204","COD_SEG":"001","COD_MANZA":9,"PISO":null,"actualizad":null}},
{"type":"Feature","geometry":{"type":"Point","coordinates":[-63.53819,10.21508]},"properties":{"id":null,"CONTROL":"0002","SERIE":"02","LINEA":"205","COD_SEG":"001","COD_MANZA":9,"PISO":null,"actualizad":null}},
{"type":"Feature","geometry":{"type":"Point","coordinates":[-63.5384,10.21503]},"properties":{"id":null,"CONTROL":"0002","SERIE":"03","LINEA":"206","COD_SEG":"001","COD_MANZA":9,"PISO":null,"actualizad":null}},
{"type":"Feature","geometry":{"type":"Point","coordinates":[-63.53875,10.21494]},"properties":{"id":null,"CONTROL":"0002","SERIE":"04","LINEA":"207","COD_SEG":"001","COD_MANZA":9,"PISO":null,"actualizad":null}},
{"type":"Feature","geometry":{"type":"Point","coordinates":[-63.53888,10.2149]},"properties":{"id":null,"CONTROL":"0002","SERIE":"05","LINEA":"208","COD_SEG":"001","COD_MANZA":9,"PISO":null,"actualizad":null}},
{"type":"Feature","geometry":{"type":"Point","coordinates":[-63.539,10.21495]},"properties":{"id":null,"CONTROL":"0002","SERIE":"06","LINEA":"209","COD_SEG":"001","COD_MANZA":9,"PISO":null,"actualizad":null}},
{"type":"Feature","geometry":{"type":"Point","coordinates":[-63.53907,10.21483]},"properties":{"id":null,"CONTROL":"0002","SERIE":"07","LINEA":"210","COD_SEG":"001","COD_MANZA":9,"PISO":null,"actualizad":null}},
{"type":"Feature","geometry":{"type":"Point","coordinates":[-63.5392,10.21483]},"properties":{"id":null,"CONTROL":"0002","SERIE":"08","LINEA":"211","COD_SEG":"001","COD_MANZA":9,"PISO":null,"actualizad":null}},
{"type":"Feature","geometry":{"type":"Point","coordinates":[-63.53927,10.21477]},"properties":{"id":null,"CONTROL":"0002","SERIE":"09","LINEA":"212","COD_SEG":"001","COD_MANZA":9,"PISO":null,"actualizad":null}},
{"type":"Feature","geometry":{"type":"Point","coordinates":[-63.53938,10.21477]},"properties":{"id":null,"CONTROL":"0002","SERIE":"10","LINEA":"213","COD_SEG":"001","COD_MANZA":9,"PISO":null,"actualizad":null}},
{"type":"Feature","geometry":{"type":"Point","coordinates":[-63.53956,10.21469]},"properties":{"id":null,"CONTROL":"0002","SERIE":"11","LINEA":"214","COD_SEG":"001","COD_MANZA":9,"PISO":null,"actualizad":null}},
{"type":"Feature","geometry":{"type":"Point","coordinates":[-63.53967,10.21467]},"properties":{"id":null,"CONTROL":"0002","SERIE":"12","LINEA":"215","COD_SEG":"001","COD_MANZA":9,"PISO":null,"actualizad":null}},
{"type":"Feature","geometry":{"type":"Point","coordinates":[-63.5399,10.21464]},"properties":{"id":null,"CONTROL":"0002","SERIE":"13","LINEA":"216","COD_SEG":"001","COD_MANZA":9,"PISO":null,"actualizad":null}},
{"type":"Feature","geometry":{"type":"Point","coordinates":[-63.54,10.21461]},"properties":{"id":null,"CONTROL":"0002","SERIE":"14","LINEA":"217","COD_SEG":"001","COD_MANZA":9,"PISO":null,"actualizad":null}},
{"type":"Feature","geometry":{"type":"Point","coordinates":[-63.5401,10.2146]},"properties":{"id":null,"CONTROL":"0002","SERIE":"15","LINEA":"218","COD_SEG":"001","COD_MANZA":9,"PISO":null,"actualizad":null}},
{"type":"Feature","geometry":{"type":"Point","coordinates":[-63.53986,10.21465]},"properties":{"id":null,"CONTROL":"0002","SERIE":"16","LINEA":"219","COD_SEG":"001","COD_MANZA":9,"PISO":null,"actualizad":null}},
{"type":"Feature","geometry":{"type":"Point","coordinates":[-63.53988,10.21462]},"properties":{"id":null,"CONTROL":"0002","SERIE":"17","LINEA":"220","COD_SEG":"001","COD_MANZA":9,"PISO":null,"actualizad":null}},
{"type":"Feature","geometry":{"type":"Point","coordinates":[-63.53984,10.21461]},"properties":{"id":null,"CONTROL":"0002","SERIE":"18","LINEA":"221","COD_SEG":"001","COD_MANZA":9,"PISO":null,"actualizad":null}},
{"type":"Feature","geometry":{"type":"Point","coordinates":[-63.53985,10.21458]},"properties":{"id":null,"CONTROL":"0002","SERIE":"19","LINEA":"222","COD_SEG":"001","COD_MANZA":9,"PISO":null,"actualizad":null}},
{"type":"Feature","geometry":{"type":"Point","coordinates":[-63.20194,9.71358]},"properties":{"id":null,"CONTROL":"0079","SERIE":"01","LINEA":"029","COD_SEG":"105","COD_MANZA":2,"PISO":null,"actualizad":null}},
{"type":"Feature","geometry":{"type":"Point","coordinates":[-63.20193,9.71355]},"properties":{"id":null,"CONTROL":"0079","SERIE":"02","LINEA":"044","COD_SEG":"105","COD_MANZA":2,"PISO":null,"actualizad":null}},
{"type":"Feature","geometry":{"type":"Point","coordinates":[-63.20192,9.71352]},"properties":{"id":null,"CONTROL":"0079","SERIE":"03\n","LINEA":"046","COD_SEG":"105","COD_MANZA":2,"PISO":null,"actualizad":null}},
{"type":"Feature","geometry":{"type":"Point","coordinates":[-63.20188,9.71346]},"properties":{"id":null,"CONTROL":"0079","SERIE":"04","LINEA":"030","COD_SEG":"105","COD_MANZA":2,"PISO":null,"actualizad":null}},
{"type":"Feature","geometry":{"type":"Point","coordinates":[-63.20183,9.71336]},"properties":{"id":null,"CONTROL":"0079","SERIE":"05","LINEA":"031","COD_SEG":"105","COD_MANZA":2,"PISO":null,"actualizad":null}},
{"type":"Feature","geometry":{"type":"Point","coordinates":[-63.20195,9.7133]},"properties":{"id":null,"CONTROL":"0079","SERIE":"06","LINEA":"032","COD_SEG":"105","COD_MANZA":2,"PISO":null,"actualizad":null}},
{"type":"Feature","geometry":{"type":"Point","coordinates":[-63.20201,9.71327]},"properties":{"id":null,"CONTROL":"0079","SERIE":"07","LINEA":"045","COD_SEG":"105","COD_MANZA":2,"PISO":null,"actualizad":null}},
{"type":"Feature","geometry":{"type":"Point","coordinates":[-63.20212,9.71322]},"properties":{"id":null,"CONTROL":"0079","SERIE":"08","LINEA":"033","COD_SEG":"105","COD_MANZA":2,"PISO":null,"actualizad":null}},
{"type":"Feature","geometry":{"type":"Point","coordinates":[-63.20221,9.71318]},"properties":{"id":null,"CONTROL":"0079","SERIE":"09","LINEA":"034","COD_SEG":"105","COD_MANZA":2,"PISO":null,"actualizad":null}},
{"type":"Feature","geometry":{"type":"Point","coordinates":[-63.20229,9.71313]},"properties":{"id":null,"CONTROL":"0079","SERIE":"10","LINEA":"035","COD_SEG":"105","COD_MANZA":2,"PISO":null,"actualizad":null}},
{"type":"Feature","geometry":{"type":"Point","coordinates":[-63.20237,9.71309]},"properties":{"id":null,"CONTROL":"0079","SERIE":"11","LINEA":"036","COD_SEG":"105","COD_MANZA":2,"PISO":null,"actualizad":null}},
{"type":"Feature","geometry":{"type":"Point","coordinates":[-63.20246,9.71305]},"properties":{"id":null,"CONTROL":"0079","SERIE":"12","LINEA":"037","COD_SEG":"105","COD_MANZA":2,"PISO":null,"actualizad":null}},
{"type":"Feature","geometry":{"type":"Point","coordinates":[-63.20191,9.71308]},"properties":{"id":null,"CONTROL":"0079","SERIE":"13","LINEA":"038","COD_SEG":"105","COD_MANZA":3,"PISO":null,"actualizad":null}},
{"type":"Feature","geometry":{"type":"Point","coordinates":[-63.20175,9.71317]},"properties":{"id":null,"CONTROL":"0079","SERIE":"14","LINEA":"039","COD_SEG":"105","COD_MANZA":3,"PISO":null,"actualizad":null}},
{"type":"Feature","geometry":{"type":"Point","coordinates":[-63.2017,9.71309]},"properties":{"id":null,"CONTROL":"0079","SERIE":"15","LINEA":"040","COD_SEG":"105","COD_MANZA":3,"PISO":null,"actualizad":null}},
{"type":"Feature","geometry":{"type":"Point","coordinates":[-63.20166,9.71302]},"properties":{"id":null,"CONTROL":"0079","SERIE":"16","LINEA":"041","COD_SEG":"105","COD_MANZA":3,"PISO":null,"actualizad":null}},
{"type":"Feature","geometry":{"type":"Point","coordinates":[-63.20161,9.71293]},"properties":{"id":null,"CONTROL":"0079","SERIE":"17","LINEA":"042","COD_SEG":"105","COD_MANZA":3,"PISO":null,"actualizad":null}},
{"type":"Feature","geometry":{"type":"Point","coordinates":[-63.20158,9.71286]},"properties":{"id":null,"CONTROL":"0079","SERIE":"18","LINEA":"043","COD_SEG":"105","COD_MANZA":3,"PISO":null,"actualizad":null}},
{"type":"Feature","geometry":{"type":"Point","coordinates":[-63.26207,9.71283]},"properties":{"id":null,"CONTROL":"2037","SERIE":"06","LINEA":"547","COD_SEG":"017","COD_MANZA":4,"PISO":null,"actualizad":null}},
{"type":"Feature","geometry":{"type":"Point","coordinates":[-63.26212,9.71286]},"properties":{"id":null,"CONTROL":"2037","SERIE":"05","LINEA":"546","COD_SEG":"017","COD_MANZA":4,"PISO":null,"actualizad":null}},
{"type":"Feature","geometry":{"type":"Point","coordinates":[-63.26216,9.71289]},"properties":{"id":null,"CONTROL":"2037","SERIE":"04","LINEA":"545","COD_SEG":"017","COD_MANZA":4,"PISO":null,"actualizad":null}},
{"type":"Feature","geometry":{"type":"Point","coordinates":[-63.26221,9.71293]},"properties":{"id":null,"CONTROL":"2037","SERIE":"03","LINEA":"544","COD_SEG":"017","COD_MANZA":4,"PISO":null,"actualizad":null}},
{"type":"Feature","geometry":{"type":"Point","coordinates":[-63.26226,9.71295]},"properties":{"id":null,"CONTROL":"2037","SERIE":"02","LINEA":"543","COD_SEG":"017","COD_MANZA":4,"PISO":null,"actualizad":null}},
{"type":"Feature","geometry":{"type":"Point","coordinates":[-63.2623,9.71298]},"properties":{"id":null,"CONTROL":"2037","SERIE":"01","LINEA":"542","COD_SEG":"017","COD_MANZA":4,"PISO":null,"actualizad":null}},
{"type":"Feature","geometry":{"type":"Point","coordinates":[-63.26227,9.71255]},"properties":{"id":null,"CONTROL":"2037","SERIE":"07","LINEA":"548","COD_SEG":"017","COD_MANZA":4,"PISO":null,"actualizad":null}},
{"type":"Feature","geometry":{"type":"Point","coordinates":[-63.26232,9.71258]},"properties":{"id":null,"CONTROL":"2037","SERIE":"08","LINEA":"549","COD_SEG":"017","COD_MANZA":4,"PISO":null,"actualizad":null}},
{"type":"Feature","geometry":{"type":"Point","coordinates":[-63.26236,9.7126]},"properties":{"id":null,"CONTROL":"2037","SERIE":"09","LINEA":"550","COD_SEG":"017","COD_MANZA":4,"PISO":null,"actualizad":null}},
{"type":"Feature","geometry":{"type":"Point","coordinates":[-63.26241,9.71263]},"properties":{"id":null,"CONTROL":"2037","SERIE":"10","LINEA":"551","COD_SEG":"017","COD_MANZA":4,"PISO":null,"actualizad":null}},
{"type":"Feature","geometry":{"type":"Point","coordinates":[-63.26245,9.71267]},"properties":{"id":null,"CONTROL":"2037","SERIE":"11","LINEA":"552","COD_SEG":"017","COD_MANZA":4,"PISO":null,"actualizad":null}},
{"type":"Feature","geometry":{"type":"Point","coordinates":[-63.2625,9.71269]},"properties":{"id":null,"CONTROL":"2037","SERIE":"12","LINEA":"553","COD_SEG":"017","COD_MANZA":4,"PISO":null,"actualizad":null}},
{"type":"Feature","geometry":{"type":"Point","coordinates":[-63.26255,9.71273]},"properties":{"id":null,"CONTROL":"2037","SERIE":"13","LINEA":"554","COD_SEG":"017","COD_MANZA":4,"PISO":null,"actualizad":null}},
{"type":"Feature","geometry":{"type":"Point","coordinates":[-63.26261,9.71276]},"properties":{"id":null,"CONTROL":"2037","SERIE":"14","LINEA":"555","COD_SEG":"017","COD_MANZA":4,"PISO":null,"actualizad":null}},
{"type":"Feature","geometry":{"type":"Point","coordinates":[-63.2621,9.71348]},"properties":{"id":null,"CONTROL":"2037","SERIE":"15","LINEA":"556","COD_SEG":"017","COD_MANZA":5,"PISO":null,"actualizad":null}},
{"type":"Feature","geometry":{"type":"Point","coordinates":[-63.26204,9.71345]},"properties":{"id":null,"CONTROL":"2037","SERIE":"16","LINEA":"557","COD_SEG":"017","COD_MANZA":5,"PISO":null,"actualizad":null}},
{"type":"Feature","geometry":{"type":"Point","coordinates":[-63.06521,9.79305]},"properties":{"id":null,"CONTROL":"3043","SERIE":"01","LINEA":"211","COD_SEG":"004","COD_MANZA":7,"PISO":null,"actualizad":null}},
{"type":"Feature","geometry":{"type":"Point","coordinates":[-63.06522,9.79296]},"properties":{"id":null,"CONTROL":"3043","SERIE":"02","LINEA":"212","COD_SEG":"004","COD_MANZA":7,"PISO":null,"actualizad":null}},
{"type":"Feature","geometry":{"type":"Point","coordinates":[-63.06522,9.7929]},"properties":{"id":null,"CONTROL":"3043","SERIE":"03","LINEA":"213","COD_SEG":"004","COD_MANZA":7,"PISO":null,"actualizad":null}},
{"type":"Feature","geometry":{"type":"Point","coordinates":[-63.06536,9.79292]},"properties":{"id":null,"CONTROL":"3043","SERIE":"04","LINEA":"214","COD_SEG":"004","COD_MANZA":7,"PISO":null,"actualizad":null}},
{"type":"Feature","geometry":{"type":"Point","coordinates":[-63.06547,9.79293]},"properties":{"id":null,"CONTROL":"3043","SERIE":"05","LINEA":"215","COD_SEG":"004","COD_MANZA":7,"PISO":null,"actualizad":null}},
{"type":"Feature","geometry":{"type":"Point","coordinates":[-63.06563,9.7929]},"properties":{"id":null,"CONTROL":"3043","SERIE":"06","LINEA":"216","COD_SEG":"004","COD_MANZA":7,"PISO":null,"actualizad":null}},
{"type":"Feature","geometry":{"type":"Point","coordinates":[-63.06577,9.79288]},"properties":{"id":null,"CONTROL":"3043","SERIE":"07","LINEA":"217","COD_SEG":"004","COD_MANZA":7,"PISO":null,"actualizad":null}},
{"type":"Feature","geometry":{"type":"Point","coordinates":[-63.06591,9.7929]},"properties":{"id":null,"CONTROL":"3043","SERIE":"08","LINEA":"218","COD_SEG":"004","COD_MANZA":7,"PISO":null,"actualizad":null}},
{"type":"Feature","geometry":{"type":"Point","coordinates":[-63.06601,9.79295]},"properties":{"id":null,"CONTROL":"3043","SERIE":"09","LINEA":"219","COD_SEG":"004","COD_MANZA":7,"PISO":null,"actualizad":null}},
{"type":"Feature","geometry":{"type":"Point","coordinates":[-63.0662,9.79293]},"properties":{"id":null,"CONTROL":"3043","SERIE":"10","LINEA":"220","COD_SEG":"004","COD_MANZA":7,"PISO":null,"actualizad":null}},
{"type":"Feature","geometry":{"type":"Point","coordinates":[-63.06642,9.79295]},"properties":{"id":null,"CONTROL":"3043","SERIE":"11","LINEA":"221","COD_SEG":"004","COD_MANZA":7,"PISO":null,"actualizad":null}},
{"type":"Feature","geometry":{"type":"Point","coordinates":[-63.06661,9.79297]},"properties":{"id":null,"CONTROL":"3043","SERIE":"12","LINEA":"222","COD_SEG":"004","COD_MANZA":7,"PISO":null,"actualizad":null}},
{"type":"Feature","geometry":{"type":"Point","coordinates":[-63.06673,9.79297]},"properties":{"id":null,"CONTROL":"3043","SERIE":"13","LINEA":"223","COD_SEG":"004","COD_MANZA":7,"PISO":null,"actualizad":null}},
{"type":"Feature","geometry":{"type":"Point","coordinates":[-63.06742,9.79299]},"properties":{"id":null,"CONTROL":"3043","SERIE":"14","LINEA":"224","COD_SEG":"004","COD_MANZA":7,"PISO":null,"actualizad":null}},
{"type":"Feature","geometry":{"type":"Point","coordinates":[-63.06755,9.79298]},"properties":{"id":null,"CONTROL":"3043","SERIE":"15","LINEA":"225","COD_SEG":"004","COD_MANZA":7,"PISO":null,"actualizad":null}},
{"type":"Feature","geometry":{"type":"Point","coordinates":[-63.15759,9.7105]},"properties":{"id":null,"CONTROL":"6003","SERIE":"01","LINEA":"256","COD_SEG":"132","COD_MANZA":1,"PISO":null,"actualizad":null}},
{"type":"Feature","geometry":{"type":"Point","coordinates":[-63.15769,9.7105]},"properties":{"id":null,"CONTROL":"6003","SERIE":"02","LINEA":"257","COD_SEG":"132","COD_MANZA":1,"PISO":null,"actualizad":null}},
{"type":"Feature","geometry":{"type":"Point","coordinates":[-63.15778,9.7105]},"properties":{"id":null,"CONTROL":"6003","SERIE":"03","LINEA":"258","COD_SEG":"132","COD_MANZA":1,"PISO":null,"actualizad":null}},
{"type":"Feature","geometry":{"type":"Point","coordinates":[-63.15808,9.7105]},"properties":{"id":null,"CONTROL":"6003","SERIE":"04","LINEA":"259","COD_SEG":"132","COD_MANZA":1,"PISO":null,"actualizad":null}},
{"type":"Feature","geometry":{"type":"Point","coordinates":[-63.15815,9.71049]},"properties":{"id":null,"CONTROL":"6003","SERIE":"05","LINEA":"260","COD_SEG":"132","COD_MANZA":1,"PISO":null,"actualizad":null}},
{"type":"Feature","geometry":{"type":"Point","coordinates":[-63.15823,9.7105]},"properties":{"id":null,"CONTROL":"6003","SERIE":"06","LINEA":"261","COD_SEG":"132","COD_MANZA":1,"PISO":null,"actualizad":null}},
{"type":"Feature","geometry":{"type":"Point","coordinates":[-63.1583,9.71051]},"properties":{"id":null,"CONTROL":"6003","SERIE":"07","LINEA":"262","COD_SEG":"132","COD_MANZA":1,"PISO":null,"actualizad":null}},
{"type":"Feature","geometry":{"type":"Point","coordinates":[-63.15842,9.71051]},"properties":{"id":null,"CONTROL":"6003","SERIE":"08","LINEA":"263","COD_SEG":"132","COD_MANZA":1,"PISO":null,"actualizad":null}},
{"type":"Feature","geometry":{"type":"Point","coordinates":[-63.15848,9.7105]},"properties":{"id":null,"CONTROL":"6003","SERIE":"09","LINEA":"264","COD_SEG":"132","COD_MANZA":1,"PISO":null,"actualizad":null}},
{"type":"Feature","geometry":{"type":"Point","coordinates":[-63.15849,9.71069]},"properties":{"id":null,"CONTROL":"6003","SERIE":"10","LINEA":"265","COD_SEG":"132","COD_MANZA":1,"PISO":null,"actualizad":null}},
{"type":"Feature","geometry":{"type":"Point","coordinates":[-63.15841,9.71068]},"properties":{"id":null,"CONTROL":"6003","SERIE":"11","LINEA":"266","COD_SEG":"132","COD_MANZA":1,"PISO":null,"actualizad":null}},
{"type":"Feature","geometry":{"type":"Point","coordinates":[-63.1583,9.71068]},"properties":{"id":null,"CONTROL":"6003","SERIE":"12","LINEA":"267","COD_SEG":"132","COD_MANZA":1,"PISO":null,"actualizad":null}},
{"type":"Feature","geometry":{"type":"Point","coordinates":[-63.15822,9.71069]},"properties":{"id":null,"CONTROL":"6003","SERIE":"13","LINEA":"268","COD_SEG":"132","COD_MANZA":1,"PISO":null,"actualizad":null}},
{"type":"Feature","geometry":{"type":"Point","coordinates":[-63.15813,9.71068]},"properties":{"id":null,"CONTROL":"6003","SERIE":"14","LINEA":"269","COD_SEG":"132","COD_MANZA":1,"PISO":null,"actualizad":null}},
{"type":"Feature","geometry":{"type":"Point","coordinates":[-63.15806,9.71068]},"properties":{"id":null,"CONTROL":"6003","SERIE":"15","LINEA":"270","COD_SEG":"132","COD_MANZA":1,"PISO":null,"actualizad":null}},
{"type":"Feature","geometry":{"type":"Point","coordinates":[-63.11131,10.11517]},"properties":{"id":null,"CONTROL":"2002","SERIE":"01","LINEA":"103","COD_SEG":"018","COD_MANZA":4,"PISO":null,"actualizad":null}},
{"type":"Feature","geometry":{"type":"Point","coordinates":[-63.11138,10.11522]},"properties":{"id":null,"CONTROL":"2002","SERIE":"02","LINEA":"104","COD_SEG":"018","COD_MANZA":4,"PISO":null,"actualizad":null}},
{"type":"Feature","geometry":{"type":"Point","coordinates":[-63.11135,10.1153]},"properties":{"id":null,"CONTROL":"2002","SERIE":"03","LINEA":"105","COD_SEG":"018","COD_MANZA":4,"PISO":null,"actualizad":null}},
{"type":"Feature","geometry":{"type":"Point","coordinates":[-63.11133,10.11539]},"properties":{"id":null,"CONTROL":"2002","SERIE":"04","LINEA":"106","COD_SEG":"018","COD_MANZA":4,"PISO":null,"actualizad":null}},
{"type":"Feature","geometry":{"type":"Point","coordinates":[-63.1113,10.11545]},"properties":{"id":null,"CONTROL":"2002","SERIE":"05","LINEA":"107","COD_SEG":"018","COD_MANZA":4,"PISO":null,"actualizad":null}},
{"type":"Feature","geometry":{"type":"Point","coordinates":[-63.11128,10.11553]},"properties":{"id":null,"CONTROL":"2002","SERIE":"06","LINEA":"108","COD_SEG":"018","COD_MANZA":4,"PISO":null,"actualizad":null}},
{"type":"Feature","geometry":{"type":"Point","coordinates":[-63.1114,10.11562]},"properties":{"id":null,"CONTROL":"2002","SERIE":"07","LINEA":"109","COD_SEG":"018","COD_MANZA":4,"PISO":null,"actualizad":null}},
{"type":"Feature","geometry":{"type":"Point","coordinates":[-63.11143,10.11557]},"properties":{"id":null,"CONTROL":"2002","SERIE":"08","LINEA":"110","COD_SEG":"018","COD_MANZA":4,"PISO":null,"actualizad":null}},
{"type":"Feature","geometry":{"type":"Point","coordinates":[-63.11145,10.1155]},"properties":{"id":null,"CONTROL":"2002","SERIE":"09","LINEA":"111","COD_SEG":"018","COD_MANZA":4,"PISO":null,"actualizad":null}},
{"type":"Feature","geometry":{"type":"Point","coordinates":[-63.11148,10.11543]},"properties":{"id":null,"CONTROL":"2002","SERIE":"10","LINEA":"112","COD_SEG":"018","COD_MANZA":4,"PISO":null,"actualizad":null}},
{"type":"Feature","geometry":{"type":"Point","coordinates":[-63.1115,10.11529]},"properties":{"id":null,"CONTROL":"2002","SERIE":"11","LINEA":"113","COD_SEG":"018","COD_MANZA":4,"PISO":null,"actualizad":null}},
{"type":"Feature","geometry":{"type":"Point","coordinates":[-63.1116,10.11528]},"properties":{"id":null,"CONTROL":"2002","SERIE":"12","LINEA":"114","COD_SEG":"018","COD_MANZA":4,"PISO":null,"actualizad":null}},
{"type":"Feature","geometry":{"type":"Point","coordinates":[-63.11168,10.1153]},"properties":{"id":null,"CONTROL":"2002","SERIE":"13","LINEA":"115","COD_SEG":"018","COD_MANZA":4,"PISO":null,"actualizad":null}},
{"type":"Feature","geometry":{"type":"Point","coordinates":[-63.11175,10.11534]},"properties":{"id":null,"CONTROL":"2002","SERIE":"14","LINEA":"116","COD_SEG":"018","COD_MANZA":4,"PISO":null,"actualizad":null}},
{"type":"Feature","geometry":{"type":"Point","coordinates":[-63.1118,10.11537]},"properties":{"id":null,"CONTROL":"2002","SERIE":"15","LINEA":"117","COD_SEG":"018","COD_MANZA":4,"PISO":null,"actualizad":null}},
{"type":"Feature","geometry":{"type":"Point","coordinates":[-63.50859,10.1685]},"properties":{"id":null,"CONTROL":"2004","SERIE":"01","LINEA":"092","COD_SEG":"009","COD_MANZA":3,"PISO":null,"actualizad":null}},
{"type":"Feature","geometry":{"type":"Point","coordinates":[-63.50848,10.16844]},"properties":{"id":null,"CONTROL":"2004","SERIE":"02","LINEA":"093","COD_SEG":"009","COD_MANZA":3,"PISO":null,"actualizad":null}},
{"type":"Feature","geometry":{"type":"Point","coordinates":[-63.50841,10.16853]},"properties":{"id":null,"CONTROL":"2004","SERIE":"03","LINEA":"095","COD_SEG":"009","COD_MANZA":3,"PISO":null,"actualizad":null}},
{"type":"Feature","geometry":{"type":"Point","coordinates":[-63.50834,10.16844]},"properties":{"id":null,"CONTROL":"2004","SERIE":"13","LINEA":"110","COD_SEG":"009","COD_MANZA":3,"PISO":null,"actualizad":null}},
{"type":"Feature","geometry":{"type":"Point","coordinates":[-63.50813,10.1683]},"properties":{"id":null,"CONTROL":"2004","SERIE":"04","LINEA":"108","COD_SEG":"009","COD_MANZA":3,"PISO":null,"actualizad":null}},
{"type":"Feature","geometry":{"type":"Point","coordinates":[-63.50828,10.16862]},"properties":{"id":null,"CONTROL":"2004","SERIE":"05","LINEA":"109","COD_SEG":"009","COD_MANZA":3,"PISO":null,"actualizad":null}},
{"type":"Feature","geometry":{"type":"Point","coordinates":[-63.50839,10.16876]},"properties":{"id":null,"CONTROL":"2004","SERIE":"06","LINEA":"096","COD_SEG":"009","COD_MANZA":3,"PISO":null,"actualizad":null}},
{"type":"Feature","geometry":{"type":"Point","coordinates":[-63.50839,10.16885]},"properties":{"id":null,"CONTROL":"2004","SERIE":"07","LINEA":"097","COD_SEG":"009","COD_MANZA":3,"PISO":null,"actualizad":null}},
{"type":"Feature","geometry":{"type":"Point","coordinates":[-63.5084,10.16892]},"properties":{"id":null,"CONTROL":"2004","SERIE":"08","LINEA":"098","COD_SEG":"009","COD_MANZA":3,"PISO":null,"actualizad":null}},
{"type":"Feature","geometry":{"type":"Point","coordinates":[-63.50836,10.16911]},"properties":{"id":null,"CONTROL":"2004","SERIE":"FESTEJOS MARIVIC","LINEA":null,"COD_SEG":"009","COD_MANZA":3,"PISO":null,"actualizad":null}},
{"type":"Feature","geometry":{"type":"Point","coordinates":[-63.50831,10.16921]},"properties":{"id":null,"CONTROL":"2004","SERIE":"09","LINEA":"094","COD_SEG":"009","COD_MANZA":3,"PISO":null,"actualizad":null}},
{"type":"Feature","geometry":{"type":"Point","coordinates":[-63.50835,10.1692]},"properties":{"id":null,"CONTROL":"2004","SERIE":"10","LINEA":"112","COD_SEG":"009","COD_MANZA":3,"PISO":null,"actualizad":null}},
{"type":"Feature","geometry":{"type":"Point","coordinates":[-63.50838,10.16919]},"properties":{"id":null,"CONTROL":"2004","SERIE":"11","LINEA":"113","COD_SEG":"009","COD_MANZA":3,"PISO":null,"actualizad":null}},
{"type":"Feature","geometry":{"type":"Point","coordinates":[-63.50825,10.16924]},"properties":{"id":null,"CONTROL":"2004","SERIE":"LICORERIA","LINEA":null,"COD_SEG":"009","COD_MANZA":3,"PISO":null,"actualizad":null}},
{"type":"Feature","geometry":{"type":"Point","coordinates":[-63.50816,10.16924]},"properties":{"id":null,"CONTROL":"2004","SERIE":"12","LINEA":"101","COD_SEG":"009","COD_MANZA":3,"PISO":null,"actualizad":null}},
{"type":"Feature","geometry":{"type":"Point","coordinates":[-63.79648,9.75057]},"properties":{"id":null,"CONTROL":"3016","SERIE":"01","LINEA":"091","COD_SEG":"001","COD_MANZA":5,"PISO":null,"actualizad":null}},
{"type":"Feature","geometry":{"type":"Point","coordinates":[-63.79643,9.7505]},"properties":{"id":null,"CONTROL":"3016","SERIE":"02","LINEA":"092","COD_SEG":"001","COD_MANZA":5,"PISO":null,"actualizad":null}},
{"type":"Feature","geometry":{"type":"Point","coordinates":[-63.79699,9.75036]},"properties":{"id":null,"CONTROL":"3016","SERIE":"03","LINEA":"093","COD_SEG":"001","COD_MANZA":5,"PISO":null,"actualizad":null}},
{"type":"Feature","geometry":{"type":"Point","coordinates":[-63.79728,9.75042]},"properties":{"id":null,"CONTROL":"3016","SERIE":"04","LINEA":"094","COD_SEG":"001","COD_MANZA":5,"PISO":null,"actualizad":null}},
{"type":"Feature","geometry":{"type":"Point","coordinates":[-63.79728,9.75076]},"properties":{"id":null,"CONTROL":"3016","SERIE":"05","LINEA":"095","COD_SEG":"001","COD_MANZA":5,"PISO":null,"actualizad":null}},
{"type":"Feature","geometry":{"type":"Point","coordinates":[-63.79726,9.75089]},"properties":{"id":null,"CONTROL":"3016","SERIE":"06","LINEA":"096","COD_SEG":"001","COD_MANZA":5,"PISO":null,"actualizad":null}},
{"type":"Feature","geometry":{"type":"Point","coordinates":[-63.79756,9.75153]},"properties":{"id":null,"CONTROL":"3016","SERIE":"07","LINEA":"097","COD_SEG":"001","COD_MANZA":5,"PISO":null,"actualizad":null}},
{"type":"Feature","geometry":{"type":"Point","coordinates":[-63.79747,9.75196]},"properties":{"id":null,"CONTROL":"3016","SERIE":"08","LINEA":"098","COD_SEG":"001","COD_MANZA":5,"PISO":null,"actualizad":null}},
{"type":"Feature","geometry":{"type":"Point","coordinates":[-63.79727,9.75007]},"properties":{"id":null,"CONTROL":"3016","SERIE":"09","LINEA":"099","COD_SEG":"001","COD_MANZA":6,"PISO":null,"actualizad":null}},
{"type":"Feature","geometry":{"type":"Point","coordinates":[-63.79702,9.7501]},"properties":{"id":null,"CONTROL":"3016","SERIE":"10","LINEA":"100","COD_SEG":"001","COD_MANZA":6,"PISO":null,"actualizad":null}},
{"type":"Feature","geometry":{"type":"Point","coordinates":[-63.79656,9.75006]},"properties":{"id":null,"CONTROL":"3016","SERIE":"11","LINEA":"101","COD_SEG":"001","COD_MANZA":6,"PISO":null,"actualizad":null}},
{"type":"Feature","geometry":{"type":"Point","coordinates":[-63.79666,9.74977]},"properties":{"id":null,"CONTROL":"3016","SERIE":"12","LINEA":"102","COD_SEG":"001","COD_MANZA":6,"PISO":null,"actualizad":null}},
{"type":"Feature","geometry":{"type":"Point","coordinates":[-63.79678,9.7496]},"properties":{"id":null,"CONTROL":"3016","SERIE":"13","LINEA":"103","COD_SEG":"001","COD_MANZA":6,"PISO":null,"actualizad":null}},
{"type":"Feature","geometry":{"type":"Point","coordinates":[-63.79689,9.74943]},"properties":{"id":null,"CONTROL":"3016","SERIE":"14","LINEA":"104","COD_SEG":"001","COD_MANZA":6,"PISO":null,"actualizad":null}},
{"type":"Feature","geometry":{"type":"Point","coordinates":[-63.79701,9.749]},"properties":{"id":null,"CONTROL":"3016","SERIE":"15","LINEA":"105","COD_SEG":"001","COD_MANZA":6,"PISO":null,"actualizad":null}},
{"type":"Feature","geometry":{"type":"Point","coordinates":[-63.13079,9.77811]},"properties":{"id":null,"CONTROL":"0034","SERIE":"01","LINEA":"001","COD_SEG":"016","COD_MANZA":1,"PISO":null,"actualizad":null}},
{"type":"Feature","geometry":{"type":"Point","coordinates":[-63.13084,9.77809]},"properties":{"id":null,"CONTROL":"0034","SERIE":"02","LINEA":"002","COD_SEG":"016","COD_MANZA":1,"PISO":null,"actualizad":null}},
{"type":"Feature","geometry":{"type":"Point","coordinates":[-63.13091,9.77812]},"properties":{"id":null,"CONTROL":"0034","SERIE":"03","LINEA":"003","COD_SEG":"016","COD_MANZA":1,"PISO":null,"actualizad":null}},
{"type":"Feature","geometry":{"type":"Point","coordinates":[-63.13096,9.77811]},"properties":{"id":null,"CONTROL":"0034","SERIE":"04","LINEA":"004","COD_SEG":"016","COD_MANZA":1,"PISO":null,"actualizad":null}},
{"type":"Feature","geometry":{"type":"Point","coordinates":[-63.13102,9.77809]},"properties":{"id":null,"CONTROL":"0034","SERIE":"05","LINEA":"005","COD_SEG":"016","COD_MANZA":1,"PISO":null,"actualizad":null}},
{"type":"Feature","geometry":{"type":"Point","coordinates":[-63.13107,9.77808]},"properties":{"id":null,"CONTROL":"0034","SERIE":"06","LINEA":"006","COD_SEG":"016","COD_MANZA":1,"PISO":null,"actualizad":null}},
{"type":"Feature","geometry":{"type":"Point","coordinates":[-63.13111,9.77803]},"properties":{"id":null,"CONTROL":"0034","SERIE":"07","LINEA":"007","COD_SEG":"016","COD_MANZA":1,"PISO":null,"actualizad":null}},
{"type":"Feature","geometry":{"type":"Point","coordinates":[-63.13117,9.77803]},"properties":{"id":null,"CONTROL":"0034","SERIE":"08","LINEA":"008","COD_SEG":"016","COD_MANZA":1,"PISO":null,"actualizad":null}},
{"type":"Feature","geometry":{"type":"Point","coordinates":[-63.13122,9.77802]},"properties":{"id":null,"CONTROL":"0034","SERIE":"09","LINEA":"009","COD_SEG":"016","COD_MANZA":1,"PISO":null,"actualizad":null}},
{"type":"Feature","geometry":{"type":"Point","coordinates":[-63.13126,9.77799]},"properties":{"id":null,"CONTROL":"0034","SERIE":"10","LINEA":"010","COD_SEG":"016","COD_MANZA":1,"PISO":null,"actualizad":null}},
{"type":"Feature","geometry":{"type":"Point","coordinates":[-63.13131,9.77796]},"properties":{"id":null,"CONTROL":"0034","SERIE":"11","LINEA":"011","COD_SEG":"016","COD_MANZA":1,"PISO":null,"actualizad":null}},
{"type":"Feature","geometry":{"type":"Point","coordinates":[-63.13138,9.77794]},"properties":{"id":null,"CONTROL":"0034","SERIE":"12","LINEA":"012","COD_SEG":"016","COD_MANZA":1,"PISO":null,"actualizad":null}},
{"type":"Feature","geometry":{"type":"Point","coordinates":[-63.13143,9.77795]},"properties":{"id":null,"CONTROL":"0034","SERIE":"13","LINEA":"013","COD_SEG":"016","COD_MANZA":1,"PISO":null,"actualizad":null}},
{"type":"Feature","geometry":{"type":"Point","coordinates":[-63.13149,9.77797]},"properties":{"id":null,"CONTROL":"0034","SERIE":"14","LINEA":"014","COD_SEG":"016","COD_MANZA":1,"PISO":null,"actualizad":null}},
{"type":"Feature","geometry":{"type":"Point","coordinates":[-63.13155,9.77795]},"properties":{"id":null,"CONTROL":"0034","SERIE":"15","LINEA":"015","COD_SEG":"016","COD_MANZA":1,"PISO":null,"actualizad":null}},
{"type":"Feature","geometry":{"type":"Point","coordinates":[-63.09041,10.13393]},"properties":{"id":null,"CONTROL":"0061","SERIE":"01","LINEA":"057","COD_SEG":"003","COD_MANZA":2,"PISO":null,"actualizad":null}},
{"type":"Feature","geometry":{"type":"Point","coordinates":[-63.09044,10.13383]},"properties":{"id":null,"CONTROL":"0061","SERIE":"02","LINEA":"058","COD_SEG":"003","COD_MANZA":2,"PISO":null,"actualizad":null}},
{"type":"Feature","geometry":{"type":"Point","coordinates":[-63.09094,10.13388]},"properties":{"id":null,"CONTROL":"0061","SERIE":"03\n","LINEA":"059","COD_SEG":"003","COD_MANZA":2,"PISO":null,"actualizad":null}},
{"type":"Feature","geometry":{"type":"Point","coordinates":[-63.09093,10.13396]},"properties":{"id":null,"CONTROL":"0061","SERIE":"04\n","LINEA":"060","COD_SEG":"003","COD_MANZA":2,"PISO":null,"actualizad":null}},
{"type":"Feature","geometry":{"type":"Point","coordinates":[-63.09093,10.13401]},"properties":{"id":null,"CONTROL":"0061","SERIE":"05","LINEA":"061","COD_SEG":"003","COD_MANZA":2,"PISO":null,"actualizad":null}},
{"type":"Feature","geometry":{"type":"Point","coordinates":[-63.09092,10.13408]},"properties":{"id":null,"CONTROL":"0061","SERIE":"06","LINEA":"062","COD_SEG":"003","COD_MANZA":2,"PISO":null,"actualizad":null}},
{"type":"Feature","geometry":{"type":"Point","coordinates":[-63.09092,10.13415]},"properties":{"id":null,"CONTROL":"0061","SERIE":"07","LINEA":"063","COD_SEG":"003","COD_MANZA":2,"PISO":null,"actualizad":null}},
{"type":"Feature","geometry":{"type":"Point","coordinates":[-63.09092,10.13421]},"properties":{"id":null,"CONTROL":"0061","SERIE":"08","LINEA":"064","COD_SEG":"003","COD_MANZA":2,"PISO":null,"actualizad":null}},
{"type":"Feature","geometry":{"type":"Point","coordinates":[-63.09092,10.13428]},"properties":{"id":null,"CONTROL":"0061","SERIE":"09","LINEA":"065","COD_SEG":"003","COD_MANZA":2,"PISO":null,"actualizad":null}},
{"type":"Feature","geometry":{"type":"Point","coordinates":[-63.09092,10.13436]},"properties":{"id":null,"CONTROL":"0061","SERIE":"10","LINEA":"066","COD_SEG":"003","COD_MANZA":2,"PISO":null,"actualizad":null}},
{"type":"Feature","geometry":{"type":"Point","coordinates":[-63.09093,10.13444]},"properties":{"id":null,"CONTROL":"0061","SERIE":"11","LINEA":"067","COD_SEG":"003","COD_MANZA":2,"PISO":null,"actualizad":null}},
{"type":"Feature","geometry":{"type":"Point","coordinates":[-63.09094,10.13452]},"properties":{"id":null,"CONTROL":"0061","SERIE":"12 DEMOLIDA\n","LINEA":"068","COD_SEG":"003","COD_MANZA":2,"PISO":null,"actualizad":null}},
{"type":"Feature","geometry":{"type":"Point","coordinates":[-63.0917,10.13442]},"properties":{"id":null,"CONTROL":"0061","SERIE":"13","LINEA":"069","COD_SEG":"003","COD_MANZA":3,"PISO":null,"actualizad":null}},
{"type":"Feature","geometry":{"type":"Point","coordinates":[-63.09162,10.13443]},"properties":{"id":null,"CONTROL":"0061","SERIE":"14","LINEA":"070","COD_SEG":"003","COD_MANZA":3,"PISO":null,"actualizad":null}},
{"type":"Feature","geometry":{"type":"Point","coordinates":[-63.0917,10.13446]},"properties":{"id":null,"CONTROL":"0061","SERIE":"15","LINEA":"072","COD_SEG":"003","COD_MANZA":3,"PISO":null,"actualizad":null}},
{"type":"Feature","geometry":{"type":"Point","coordinates":[-63.19805,9.73303]},"properties":{"id":null,"CONTROL":"2012","SERIE":"02","LINEA":"161","COD_SEG":"020","COD_MANZA":4,"PISO":null,"actualizad":null}},
{"type":"Feature","geometry":{"type":"Point","coordinates":[-63.19836,9.73284]},"properties":{"id":null,"CONTROL":"2012","SERIE":"13","LINEA":"174","COD_SEG":"020","COD_MANZA":4,"PISO":null,"actualizad":null}},
{"type":"Feature","geometry":{"type":"Point","coordinates":[-63.19778,9.7333]},"properties":{"id":null,"CONTROL":"2012","SERIE":"01","LINEA":"160","COD_SEG":"020","COD_MANZA":4,"PISO":null,"actualizad":null}},
{"type":"Feature","geometry":{"type":"Point","coordinates":[-63.19816,9.73293]},"properties":{"id":null,"CONTROL":"2012","SERIE":"12","LINEA":"171","COD_SEG":"020","COD_MANZA":4,"PISO":null,"actualizad":null}},
{"type":"Feature","geometry":{"type":"Point","coordinates":[-63.24395,9.7223]},"properties":{"id":null,"CONTROL":"3041","SERIE":"01","LINEA":"331","COD_SEG":"063","COD_MANZA":1,"PISO":null,"actualizad":null}},
{"type":"Feature","geometry":{"type":"Point","coordinates":[-63.24403,9.72223]},"properties":{"id":null,"CONTROL":"3041","SERIE":"02","LINEA":"332","COD_SEG":"063","COD_MANZA":1,"PISO":null,"actualizad":null}},
{"type":"Feature","geometry":{"type":"Point","coordinates":[-63.24408,9.72219]},"properties":{"id":null,"CONTROL":"3041","SERIE":"04","LINEA":"334","COD_SEG":"063","COD_MANZA":1,"PISO":null,"actualizad":null}},
{"type":"Feature","geometry":{"type":"Point","coordinates":[-63.24412,9.72215]},"properties":{"id":null,"CONTROL":"3041","SERIE":"05","LINEA":"335","COD_SEG":"063","COD_MANZA":1,"PISO":null,"actualizad":null}},
{"type":"Feature","geometry":{"type":"Point","coordinates":[-63.24417,9.72211]},"properties":{"id":null,"CONTROL":"3041","SERIE":"07","LINEA":"337","COD_SEG":"063","COD_MANZA":1,"PISO":null,"actualizad":null}},
{"type":"Feature","geometry":{"type":"Point","coordinates":[-63.24424,9.72203]},"properties":{"id":null,"CONTROL":"3041","SERIE":"08","LINEA":"338","COD_SEG":"063","COD_MANZA":1,"PISO":null,"actualizad":null}},
{"type":"Feature","geometry":{"type":"Point","coordinates":[-63.24432,9.72196]},"properties":{"id":null,"CONTROL":"3041","SERIE":"09","LINEA":"339","COD_SEG":"063","COD_MANZA":1,"PISO":null,"actualizad":null}},
{"type":"Feature","geometry":{"type":"Point","coordinates":[-63.24438,9.72191]},"properties":{"id":null,"CONTROL":"3041","SERIE":"10","LINEA":"340","COD_SEG":"063","COD_MANZA":1,"PISO":null,"actualizad":null}},
{"type":"Feature","geometry":{"type":"Point","coordinates":[-63.24445,9.72185]},"properties":{"id":null,"CONTROL":"3041","SERIE":"11","LINEA":"341","COD_SEG":"063","COD_MANZA":1,"PISO":null,"actualizad":null}},
{"type":"Feature","geometry":{"type":"Point","coordinates":[-63.2445,9.72181]},"properties":{"id":null,"CONTROL":"3041","SERIE":"12","LINEA":"342","COD_SEG":"063","COD_MANZA":1,"PISO":null,"actualizad":null}},
{"type":"Feature","geometry":{"type":"Point","coordinates":[-63.24455,9.72177]},"properties":{"id":null,"CONTROL":"3041","SERIE":"13","LINEA":"343","COD_SEG":"063","COD_MANZA":1,"PISO":null,"actualizad":null}},
{"type":"Feature","geometry":{"type":"Point","coordinates":[-63.24466,9.72186]},"properties":{"id":null,"CONTROL":"3041","SERIE":"14","LINEA":"344","COD_SEG":"063","COD_MANZA":1,"PISO":null,"actualizad":null}},
{"type":"Feature","geometry":{"type":"Point","coordinates":[-63.24476,9.72197]},"properties":{"id":null,"CONTROL":"3041","SERIE":"15 IGLESIA MISIONERA GETSEMANI\n","LINEA":"345","COD_SEG":"063","COD_MANZA":1,"PISO":null,"actualizad":null}},
{"type":"Feature","geometry":{"type":"Point","coordinates":[-63.64088,9.91808]},"properties":{"id":null,"CONTROL":"0020","SERIE":"BODEGA","LINEA":null,"COD_SEG":"001","COD_MANZA":4,"PISO":null,"actualizad":null}},
{"type":"Feature","geometry":{"type":"Point","coordinates":[-63.64089,9.91782]},"properties":{"id":null,"CONTROL":"0020","SERIE":"MISION LOS CARDONES CASA DE LUZ DEL MUNDO","LINEA":null,"COD_SEG":"001","COD_MANZA":4,"PISO":null,"actualizad":null}},
{"type":"Feature","geometry":{"type":"Point","coordinates":[-63.64098,9.91809]},"properties":{"id":null,"CONTROL":"0020","SERIE":"01","LINEA":"087","COD_SEG":"001","COD_MANZA":4,"PISO":null,"actualizad":null}},
{"type":"Feature","geometry":{"type":"Point","coordinates":[-63.64111,9.91809]},"properties":{"id":null,"CONTROL":"0020","SERIE":"02","LINEA":"088","COD_SEG":"001","COD_MANZA":4,"PISO":null,"actualizad":null}},
{"type":"Feature","geometry":{"type":"Point","coordinates":[-63.64122,9.91808]},"properties":{"id":null,"CONTROL":"0020","SERIE":"03","LINEA":"089","COD_SEG":"001","COD_MANZA":4,"PISO":null,"actualizad":null}},
{"type":"Feature","geometry":{"type":"Point","coordinates":[-63.64131,9.91807]},"properties":{"id":null,"CONTROL":"0020","SERIE":"04","LINEA":"090","COD_SEG":"001","COD_MANZA":4,"PISO":null,"actualizad":null}},
{"type":"Feature","geometry":{"type":"Point","coordinates":[-63.64143,9.91806]},"properties":{"id":null,"CONTROL":"0020","SERIE":"SIMONCITO SENIFA","LINEA":null,"COD_SEG":"001","COD_MANZA":4,"PISO":null,"actualizad":null}},
{"type":"Feature","geometry":{"type":"Point","coordinates":[-63.64154,9.91806]},"properties":{"id":null,"CONTROL":"0020","SERIE":"05","LINEA":"091","COD_SEG":"001","COD_MANZA":4,"PISO":null,"actualizad":null}},
{"type":"Feature","geometry":{"type":"Point","coordinates":[-63.64166,9.91803]},"properties":{"id":null,"CONTROL":"0020","SERIE":"06","LINEA":"092","COD_SEG":"001","COD_MANZA":4,"PISO":null,"actualizad":null}},
{"type":"Feature","geometry":{"type":"Point","coordinates":[-63.64177,9.91799]},"properties":{"id":null,"CONTROL":"0020","SERIE":"07","LINEA":"093","COD_SEG":"001","COD_MANZA":4,"PISO":null,"actualizad":null}},
{"type":"Feature","geometry":{"type":"Point","coordinates":[-63.64187,9.91796]},"properties":{"id":null,"CONTROL":"0020","SERIE":"08","LINEA":"094","COD_SEG":"001","COD_MANZA":4,"PISO":null,"actualizad":null}},
{"type":"Feature","geometry":{"type":"Point","coordinates":[-63.642,9.91792]},"properties":{"id":null,"CONTROL":"0020","SERIE":"17","LINEA":"268","COD_SEG":"001","COD_MANZA":4,"PISO":null,"actualizad":null}},
{"type":"Feature","geometry":{"type":"Point","coordinates":[-63.64211,9.91788]},"properties":{"id":null,"CONTROL":"0020","SERIE":"10","LINEA":"096","COD_SEG":"001","COD_MANZA":4,"PISO":null,"actualizad":null}},
{"type":"Feature","geometry":{"type":"Point","coordinates":[-63.6422,9.91785]},"properties":{"id":null,"CONTROL":"0020","SERIE":"DISPENSARIO","LINEA":null,"COD_SEG":"001","COD_MANZA":4,"PISO":null,"actualizad":null}},
{"type":"Feature","geometry":{"type":"Point","coordinates":[-63.6423,9.91781]},"properties":{"id":null,"CONTROL":"0020","SERIE":"12","LINEA":"267","COD_SEG":"001","COD_MANZA":4,"PISO":null,"actualizad":null}},
{"type":"Feature","geometry":{"type":"Point","coordinates":[-63.6424,9.91776]},"properties":{"id":null,"CONTROL":"0020","SERIE":"13","LINEA":"100","COD_SEG":"001","COD_MANZA":4,"PISO":null,"actualizad":null}},
{"type":"Feature","geometry":{"type":"Point","coordinates":[-63.64251,9.91771]},"properties":{"id":null,"CONTROL":"0020","SERIE":"14","LINEA":"101","COD_SEG":"001","COD_MANZA":4,"PISO":null,"actualizad":null}},
{"type":"Feature","geometry":{"type":"Point","coordinates":[-63.64516,9.91678]},"properties":{"id":null,"CONTROL":"0020","SERIE":"LOCAL PSUV","LINEA":null,"COD_SEG":"001","COD_MANZA":4,"PISO":null,"actualizad":null}},
{"type":"Feature","geometry":{"type":"Point","coordinates":[-62.65141,9.00825]},"properties":{"id":null,"CONTROL":"2010","SERIE":"01","LINEA":"076","COD_SEG":"009","COD_MANZA":18,"PISO":null,"actualizad":null}},
{"type":"Feature","geometry":{"type":"Point","coordinates":[-62.65141,9.00817]},"properties":{"id":null,"CONTROL":"2010","SERIE":"02","LINEA":"077","COD_SEG":"009","COD_MANZA":18,"PISO":null,"actualizad":null}},
{"type":"Feature","geometry":{"type":"Point","coordinates":[-62.6514,9.00809]},"properties":{"id":null,"CONTROL":"2010","SERIE":"03","LINEA":"078","COD_SEG":"009","COD_MANZA":18,"PISO":null,"actualizad":null}},
{"type":"Feature","geometry":{"type":"Point","coordinates":[-62.6514,9.00802]},"properties":{"id":null,"CONTROL":"2010","SERIE":"04","LINEA":"079","COD_SEG":"009","COD_MANZA":18,"PISO":null,"actualizad":null}},
{"type":"Feature","geometry":{"type":"Point","coordinates":[-62.65139,9.00794]},"properties":{"id":null,"CONTROL":"2010","SERIE":"05","LINEA":"080","COD_SEG":"009","COD_MANZA":18,"PISO":null,"actualizad":null}},
{"type":"Feature","geometry":{"type":"Point","coordinates":[-62.65126,9.00797]},"properties":{"id":null,"CONTROL":"2010","SERIE":"06","LINEA":"082","COD_SEG":"009","COD_MANZA":18,"PISO":null,"actualizad":null}},
{"type":"Feature","geometry":{"type":"Point","coordinates":[-62.65128,9.00818]},"properties":{"id":null,"CONTROL":"2010","SERIE":"07","LINEA":"083","COD_SEG":"009","COD_MANZA":18,"PISO":null,"actualizad":null}},
{"type":"Feature","geometry":{"type":"Point","coordinates":[-62.65121,9.00818]},"properties":{"id":null,"CONTROL":"2010","SERIE":"08","LINEA":"092","COD_SEG":"009","COD_MANZA":18,"PISO":null,"actualizad":null}},
{"type":"Feature","geometry":{"type":"Point","coordinates":[-62.65114,9.00819]},"properties":{"id":null,"CONTROL":"2010","SERIE":"09","LINEA":"084","COD_SEG":"009","COD_MANZA":18,"PISO":null,"actualizad":null}},
{"type":"Feature","geometry":{"type":"Point","coordinates":[-62.65105,9.00819]},"properties":{"id":null,"CONTROL":"2010","SERIE":"10","LINEA":"085","COD_SEG":"009","COD_MANZA":18,"PISO":null,"actualizad":null}},
{"type":"Feature","geometry":{"type":"Point","coordinates":[-62.65095,9.0082]},"properties":{"id":null,"CONTROL":"2010","SERIE":"11","LINEA":"086","COD_SEG":"009","COD_MANZA":18,"PISO":null,"actualizad":null}},
{"type":"Feature","geometry":{"type":"Point","coordinates":[-62.65086,9.0082]},"properties":{"id":null,"CONTROL":"2010","SERIE":"12","LINEA":"087","COD_SEG":"009","COD_MANZA":18,"PISO":null,"actualizad":null}},
{"type":"Feature","geometry":{"type":"Point","coordinates":[-62.65083,9.00785]},"properties":{"id":null,"CONTROL":"2010","SERIE":"13","LINEA":"088","COD_SEG":"009","COD_MANZA":18,"PISO":null,"actualizad":null}},
{"type":"Feature","geometry":{"type":"Point","coordinates":[-62.65064,9.00784]},"properties":{"id":null,"CONTROL":"2010","SERIE":"14","LINEA":"089","COD_SEG":"009","COD_MANZA":18,"PISO":null,"actualizad":null}},
{"type":"Feature","geometry":{"type":"Point","coordinates":[-62.65052,9.00788]},"properties":{"id":null,"CONTROL":"2010","SERIE":"15","LINEA":"090","COD_SEG":"009","COD_MANZA":18,"PISO":null,"actualizad":null}},
{"type":"Feature","geometry":{"type":"Point","coordinates":[-62.65039,9.00788]},"properties":{"id":null,"CONTROL":"2010","SERIE":"16","LINEA":"091","COD_SEG":"009","COD_MANZA":18,"PISO":null,"actualizad":null}},
{"type":"Feature","geometry":{"type":"Point","coordinates":[-62.64867,9.00689]},"properties":{"id":null,"CONTROL":"2010","SERIE":"MERCAL TEMBLADOR","LINEA":null,"COD_SEG":"009","COD_MANZA":18,"PISO":null,"actualizad":null}},
{"type":"Feature","geometry":{"type":"Point","coordinates":[-62.35086,8.9912]},"properties":{"id":null,"CONTROL":"2049","SERIE":"09","LINEA":"084","COD_SEG":"005","COD_MANZA":8,"PISO":null,"actualizad":null}},
{"type":"Feature","geometry":{"type":"Point","coordinates":[-62.35088,8.99146]},"properties":{"id":null,"CONTROL":"2049","SERIE":"10","LINEA":"086","COD_SEG":"005","COD_MANZA":8,"PISO":null,"actualizad":null}},
{"type":"Feature","geometry":{"type":"Point","coordinates":[-62.35089,8.99157]},"properties":{"id":null,"CONTROL":"2049","SERIE":"11","LINEA":"087","COD_SEG":"005","COD_MANZA":8,"PISO":null,"actualizad":null}},
{"type":"Feature","geometry":{"type":"Point","coordinates":[-62.35089,8.99166]},"properties":{"id":null,"CONTROL":"2049","SERIE":"12","LINEA":"088","COD_SEG":"005","COD_MANZA":8,"PISO":null,"actualizad":null}},
{"type":"Feature","geometry":{"type":"Point","coordinates":[-62.3509,8.99175]},"properties":{"id":null,"CONTROL":"2049","SERIE":"20","LINEA":"096","COD_SEG":"005","COD_MANZA":8,"PISO":null,"actualizad":null}},
{"type":"Feature","geometry":{"type":"Point","coordinates":[-62.3509,8.99185]},"properties":{"id":null,"CONTROL":"2049","SERIE":"13","LINEA":"089","COD_SEG":"005","COD_MANZA":8,"PISO":null,"actualizad":null}},
{"type":"Feature","geometry":{"type":"Point","coordinates":[-62.35089,8.99196]},"properties":{"id":null,"CONTROL":"2049","SERIE":"14","LINEA":"090","COD_SEG":"005","COD_MANZA":8,"PISO":null,"actualizad":null}},
{"type":"Feature","geometry":{"type":"Point","coordinates":[-62.3509,8.99209]},"properties":{"id":null,"CONTROL":"2049","SERIE":"16","LINEA":"092","COD_SEG":"005","COD_MANZA":8,"PISO":null,"actualizad":null}},
{"type":"Feature","geometry":{"type":"Point","coordinates":[-62.3509,8.9922]},"properties":{"id":null,"CONTROL":"2049","SERIE":"01","LINEA":"076","COD_SEG":"005","COD_MANZA":8,"PISO":null,"actualizad":null}},
{"type":"Feature","geometry":{"type":"Point","coordinates":[-62.3509,8.99231]},"properties":{"id":null,"CONTROL":"2049","SERIE":"02","LINEA":"077","COD_SEG":"005","COD_MANZA":8,"PISO":null,"actualizad":null}},
{"type":"Feature","geometry":{"type":"Point","coordinates":[-62.35067,8.99232]},"properties":{"id":null,"CONTROL":"2049","SERIE":"03","LINEA":"078","COD_SEG":"005","COD_MANZA":8,"PISO":null,"actualizad":null}},
{"type":"Feature","geometry":{"type":"Point","coordinates":[-62.35065,8.99223]},"properties":{"id":null,"CONTROL":"2049","SERIE":"04","LINEA":"079","COD_SEG":"005","COD_MANZA":8,"PISO":null,"actualizad":null}},
{"type":"Feature","geometry":{"type":"Point","coordinates":[-62.35063,8.99214]},"properties":{"id":null,"CONTROL":"2049","SERIE":"17","LINEA":"093","COD_SEG":"005","COD_MANZA":8,"PISO":null,"actualizad":null}},
{"type":"Feature","geometry":{"type":"Point","coordinates":[-62.35061,8.99202]},"properties":{"id":null,"CONTROL":"2049","SERIE":"15","LINEA":"091","COD_SEG":"005","COD_MANZA":8,"PISO":null,"actualizad":null}},
{"type":"Feature","geometry":{"type":"Point","coordinates":[-62.35059,8.99193]},"properties":{"id":null,"CONTROL":"2049","SERIE":"18","LINEA":"094","COD_SEG":"005","COD_MANZA":8,"PISO":null,"actualizad":null}},
{"type":"Feature","geometry":{"type":"Point","coordinates":[-62.35059,8.99181]},"properties":{"id":null,"CONTROL":"2049","SERIE":"19","LINEA":"095","COD_SEG":"005","COD_MANZA":8,"PISO":null,"actualizad":null}},
{"type":"Feature","geometry":{"type":"Point","coordinates":[-62.35057,8.99171]},"properties":{"id":null,"CONTROL":"2049","SERIE":"06","LINEA":"081","COD_SEG":"005","COD_MANZA":8,"PISO":null,"actualizad":null}},
{"type":"Feature","geometry":{"type":"Point","coordinates":[-62.35055,8.99161]},"properties":{"id":null,"CONTROL":"2049","SERIE":"07","LINEA":"082","COD_SEG":"005","COD_MANZA":8,"PISO":null,"actualizad":null}},
{"type":"Feature","geometry":{"type":"Point","coordinates":[-62.35054,8.99149]},"properties":{"id":null,"CONTROL":"2049","SERIE":"08","LINEA":"083","COD_SEG":"005","COD_MANZA":8,"PISO":null,"actualizad":null}},
{"type":"Feature","geometry":{"type":"Point","coordinates":[-63.20981,9.72214]},"properties":{"id":null,"CONTROL":"2014","SERIE":"01","LINEA":"091","COD_SEG":"052","COD_MANZA":3,"PISO":null,"actualizad":null}},
{"type":"Feature","geometry":{"type":"Point","coordinates":[-63.20972,9.72218]},"properties":{"id":null,"CONTROL":"2014","SERIE":"02","LINEA":"092","COD_SEG":"052","COD_MANZA":3,"PISO":null,"actualizad":null}},
{"type":"Feature","geometry":{"type":"Point","coordinates":[-63.20964,9.72222]},"properties":{"id":null,"CONTROL":"2014","SERIE":"03","LINEA":"093","COD_SEG":"052","COD_MANZA":3,"PISO":null,"actualizad":null}},
{"type":"Feature","geometry":{"type":"Point","coordinates":[-63.20955,9.72225]},"properties":{"id":null,"CONTROL":"2014","SERIE":"04","LINEA":"094","COD_SEG":"052","COD_MANZA":3,"PISO":null,"actualizad":null}},
{"type":"Feature","geometry":{"type":"Point","coordinates":[-63.20948,9.72229]},"properties":{"id":null,"CONTROL":"2014","SERIE":"05","LINEA":"095","COD_SEG":"052","COD_MANZA":3,"PISO":null,"actualizad":null}},
{"type":"Feature","geometry":{"type":"Point","coordinates":[-63.2094,9.72233]},"properties":{"id":null,"CONTROL":"2014","SERIE":"06","LINEA":"096","COD_SEG":"052","COD_MANZA":3,"PISO":null,"actualizad":null}},
{"type":"Feature","geometry":{"type":"Point","coordinates":[-63.20931,9.72237]},"properties":{"id":null,"CONTROL":"2014","SERIE":"07","LINEA":"097","COD_SEG":"052","COD_MANZA":3,"PISO":null,"actualizad":null}},
{"type":"Feature","geometry":{"type":"Point","coordinates":[-63.21044,9.72152]},"properties":{"id":null,"CONTROL":"2014","SERIE":"08","LINEA":"098","COD_SEG":"052","COD_MANZA":3,"PISO":null,"actualizad":null}},
{"type":"Feature","geometry":{"type":"Point","coordinates":[-63.21047,9.72158]},"properties":{"id":null,"CONTROL":"2014","SERIE":"09","LINEA":"099","COD_SEG":"052","COD_MANZA":3,"PISO":null,"actualizad":null}},
{"type":"Feature","geometry":{"type":"Point","coordinates":[-63.21052,9.72169]},"properties":{"id":null,"CONTROL":"2014","SERIE":"10","LINEA":"100","COD_SEG":"052","COD_MANZA":3,"PISO":null,"actualizad":null}},
{"type":"Feature","geometry":{"type":"Point","coordinates":[-63.21056,9.72175]},"properties":{"id":null,"CONTROL":"2014","SERIE":"11","LINEA":"101","COD_SEG":"052","COD_MANZA":3,"PISO":null,"actualizad":null}},
{"type":"Feature","geometry":{"type":"Point","coordinates":[-63.209,9.7217]},"properties":{"id":null,"CONTROL":"2014","SERIE":"12","LINEA":"102","COD_SEG":"052","COD_MANZA":4,"PISO":null,"actualizad":null}},
{"type":"Feature","geometry":{"type":"Point","coordinates":[-63.20908,9.72165]},"properties":{"id":null,"CONTROL":"2014","SERIE":"13","LINEA":"103","COD_SEG":"052","COD_MANZA":4,"PISO":null,"actualizad":null}},
{"type":"Feature","geometry":{"type":"Point","coordinates":[-63.20916,9.72161]},"properties":{"id":null,"CONTROL":"2014","SERIE":"14","LINEA":"104","COD_SEG":"052","COD_MANZA":4,"PISO":null,"actualizad":null}},
{"type":"Feature","geometry":{"type":"Point","coordinates":[-63.20923,9.72156]},"properties":{"id":null,"CONTROL":"2014","SERIE":"15","LINEA":"105","COD_SEG":"052","COD_MANZA":4,"PISO":null,"actualizad":null}},
{"type":"Feature","geometry":{"type":"Point","coordinates":[-63.24233,9.72029]},"properties":{"id":null,"CONTROL":"0046","SERIE":"01","LINEA":"046","COD_SEG":"058","COD_MANZA":1,"PISO":null,"actualizad":null}},
{"type":"Feature","geometry":{"type":"Point","coordinates":[-63.24233,9.72034]},"properties":{"id":null,"CONTROL":"0046","SERIE":"02","LINEA":"047","COD_SEG":"058","COD_MANZA":1,"PISO":null,"actualizad":null}},
{"type":"Feature","geometry":{"type":"Point","coordinates":[-63.24233,9.72039]},"properties":{"id":null,"CONTROL":"0046","SERIE":"03","LINEA":"048","COD_SEG":"058","COD_MANZA":1,"PISO":null,"actualizad":null}},
{"type":"Feature","geometry":{"type":"Point","coordinates":[-63.24233,9.72045]},"properties":{"id":null,"CONTROL":"0046","SERIE":"04","LINEA":"049","COD_SEG":"058","COD_MANZA":1,"PISO":null,"actualizad":null}},
{"type":"Feature","geometry":{"type":"Point","coordinates":[-63.24234,9.7205]},"properties":{"id":null,"CONTROL":"0046","SERIE":"05","LINEA":"050","COD_SEG":"058","COD_MANZA":1,"PISO":null,"actualizad":null}},
{"type":"Feature","geometry":{"type":"Point","coordinates":[-63.24234,9.7206]},"properties":{"id":null,"CONTROL":"0046","SERIE":"06","LINEA":"051","COD_SEG":"058","COD_MANZA":1,"PISO":null,"actualizad":null}},
{"type":"Feature","geometry":{"type":"Point","coordinates":[-63.24234,9.72066]},"properties":{"id":null,"CONTROL":"0046","SERIE":"07","LINEA":"052","COD_SEG":"058","COD_MANZA":1,"PISO":null,"actualizad":null}},
{"type":"Feature","geometry":{"type":"Point","coordinates":[-63.24235,9.72072]},"properties":{"id":null,"CONTROL":"0046","SERIE":"08","LINEA":"053","COD_SEG":"058","COD_MANZA":1,"PISO":null,"actualizad":null}},
{"type":"Feature","geometry":{"type":"Point","coordinates":[-63.24235,9.72077]},"properties":{"id":null,"CONTROL":"0046","SERIE":"09","LINEA":"054","COD_SEG":"058","COD_MANZA":1,"PISO":null,"actualizad":null}},
{"type":"Feature","geometry":{"type":"Point","coordinates":[-63.24236,9.72083]},"properties":{"id":null,"CONTROL":"0046","SERIE":"10","LINEA":"055","COD_SEG":"058","COD_MANZA":1,"PISO":null,"actualizad":null}},
{"type":"Feature","geometry":{"type":"Point","coordinates":[-63.24236,9.72089]},"properties":{"id":null,"CONTROL":"0046","SERIE":"11","LINEA":"056","COD_SEG":"058","COD_MANZA":1,"PISO":null,"actualizad":null}},
{"type":"Feature","geometry":{"type":"Point","coordinates":[-63.24236,9.72094]},"properties":{"id":null,"CONTROL":"0046","SERIE":"12","LINEA":"057","COD_SEG":"058","COD_MANZA":1,"PISO":null,"actualizad":null}},
{"type":"Feature","geometry":{"type":"Point","coordinates":[-63.24236,9.72098]},"properties":{"id":null,"CONTROL":"0046","SERIE":"13","LINEA":"058","COD_SEG":"058","COD_MANZA":1,"PISO":null,"actualizad":null}},
{"type":"Feature","geometry":{"type":"Point","coordinates":[-63.24236,9.72105]},"properties":{"id":null,"CONTROL":"0046","SERIE":"14","LINEA":"059","COD_SEG":"058","COD_MANZA":1,"PISO":null,"actualizad":null}},
{"type":"Feature","geometry":{"type":"Point","coordinates":[-63.24236,9.72111]},"properties":{"id":null,"CONTROL":"0046","SERIE":"15","LINEA":"060","COD_SEG":"058","COD_MANZA":1,"PISO":null,"actualizad":null}},
{"type":"Feature","geometry":{"type":"Point","coordinates":[-63.60814,9.7003]},"properties":{"id":null,"CONTROL":"0052","SERIE":"01","LINEA":"072","COD_SEG":"015","COD_MANZA":4,"PISO":null,"actualizad":null}},
{"type":"Feature","geometry":{"type":"Point","coordinates":[-63.6082,9.7007]},"properties":{"id":null,"CONTROL":"0052","SERIE":"02","LINEA":"073","COD_SEG":"015","COD_MANZA":4,"PISO":null,"actualizad":null}},
{"type":"Feature","geometry":{"type":"Point","coordinates":[-63.6082,9.70098]},"properties":{"id":null,"CONTROL":"0052","SERIE":"05","LINEA":"076","COD_SEG":"015","COD_MANZA":4,"PISO":null,"actualizad":null}},
{"type":"Feature","geometry":{"type":"Point","coordinates":[-63.60814,9.70114]},"properties":{"id":null,"CONTROL":"0052","SERIE":"03","LINEA":"074","COD_SEG":"015","COD_MANZA":4,"PISO":null,"actualizad":null}},
{"type":"Feature","geometry":{"type":"Point","coordinates":[-63.60799,9.70127]},"properties":{"id":null,"CONTROL":"0052","SERIE":"04","LINEA":"075","COD_SEG":"015","COD_MANZA":4,"PISO":null,"actualizad":null}},
{"type":"Feature","geometry":{"type":"Point","coordinates":[-63.60783,9.70139]},"properties":{"id":null,"CONTROL":"0052","SERIE":"16","LINEA":"088","COD_SEG":"015","COD_MANZA":4,"PISO":null,"actualizad":null}},
{"type":"Feature","geometry":{"type":"Point","coordinates":[-63.60799,9.69967]},"properties":{"id":null,"CONTROL":"0052","SERIE":"06","LINEA":"077","COD_SEG":"015","COD_MANZA":5,"PISO":null,"actualizad":null}},
{"type":"Feature","geometry":{"type":"Point","coordinates":[-63.60783,9.69967]},"properties":{"id":null,"CONTROL":"0052","SERIE":"07","LINEA":"078","COD_SEG":"015","COD_MANZA":5,"PISO":null,"actualizad":null}},
{"type":"Feature","geometry":{"type":"Point","coordinates":[-63.60772,9.69968]},"properties":{"id":null,"CONTROL":"0052","SERIE":"15","LINEA":"079","COD_SEG":"015","COD_MANZA":5,"PISO":null,"actualizad":null}},
{"type":"Feature","geometry":{"type":"Point","coordinates":[-63.60763,9.69968]},"properties":{"id":null,"CONTROL":"0052","SERIE":"08","LINEA":"080","COD_SEG":"015","COD_MANZA":5,"PISO":null,"actualizad":null}},
{"type":"Feature","geometry":{"type":"Point","coordinates":[-63.60744,9.69969]},"properties":{"id":null,"CONTROL":"0052","SERIE":"09","LINEA":"081","COD_SEG":"015","COD_MANZA":5,"PISO":null,"actualizad":null}},
{"type":"Feature","geometry":{"type":"Point","coordinates":[-63.60742,9.69949]},"properties":{"id":null,"CONTROL":"0052","SERIE":"10","LINEA":"082","COD_SEG":"015","COD_MANZA":5,"PISO":null,"actualizad":null}},
{"type":"Feature","geometry":{"type":"Point","coordinates":[-63.60747,9.69927]},"properties":{"id":null,"CONTROL":"0052","SERIE":"11","LINEA":"083","COD_SEG":"015","COD_MANZA":5,"PISO":null,"actualizad":null}},
{"type":"Feature","geometry":{"type":"Point","coordinates":[-63.60767,9.69924]},"properties":{"id":null,"CONTROL":"0052","SERIE":"12","LINEA":"084","COD_SEG":"015","COD_MANZA":5,"PISO":null,"actualizad":null}},
{"type":"Feature","geometry":{"type":"Point","coordinates":[-63.6079,9.69915]},"properties":{"id":null,"CONTROL":"0052","SERIE":"13","LINEA":"085","COD_SEG":"015","COD_MANZA":5,"PISO":null,"actualizad":null}},
{"type":"Feature","geometry":{"type":"Point","coordinates":[-63.60799,9.69922]},"properties":{"id":null,"CONTROL":"0052","SERIE":"14","LINEA":"086","COD_SEG":"015","COD_MANZA":5,"PISO":null,"actualizad":null}},
{"type":"Feature","geometry":{"type":"Point","coordinates":[-63.59724,9.6957]},"properties":{"id":null,"CONTROL":"0065","SERIE":"01","LINEA":"121","COD_SEG":"017","COD_MANZA":37,"PISO":null,"actualizad":null}},
{"type":"Feature","geometry":{"type":"Point","coordinates":[-63.59713,9.69569]},"properties":{"id":null,"CONTROL":"0065","SERIE":"02","LINEA":"122","COD_SEG":"017","COD_MANZA":37,"PISO":null,"actualizad":null}},
{"type":"Feature","geometry":{"type":"Point","coordinates":[-63.59699,9.69569]},"properties":{"id":null,"CONTROL":"0065","SERIE":"03","LINEA":"123","COD_SEG":"017","COD_MANZA":37,"PISO":null,"actualizad":null}},
{"type":"Feature","geometry":{"type":"Point","coordinates":[-63.59683,9.69567]},"properties":{"id":null,"CONTROL":"0065","SERIE":"04","LINEA":"124","COD_SEG":"017","COD_MANZA":37,"PISO":null,"actualizad":null}},
{"type":"Feature","geometry":{"type":"Point","coordinates":[-63.59666,9.69565]},"properties":{"id":null,"CONTROL":"0065","SERIE":"05","LINEA":"125","COD_SEG":"017","COD_MANZA":37,"PISO":null,"actualizad":null}},
{"type":"Feature","geometry":{"type":"Point","coordinates":[-63.5965,9.69563]},"properties":{"id":null,"CONTROL":"0065","SERIE":"06","LINEA":"126","COD_SEG":"017","COD_MANZA":37,"PISO":null,"actualizad":null}},
{"type":"Feature","geometry":{"type":"Point","coordinates":[-63.59653,9.6953]},"properties":{"id":null,"CONTROL":"0065","SERIE":"16","LINEA":"136","COD_SEG":"017","COD_MANZA":37,"PISO":null,"actualizad":null}},
{"type":"Feature","geometry":{"type":"Point","coordinates":[-63.59653,9.69539]},"properties":{"id":null,"CONTROL":"0065","SERIE":"07","LINEA":"127","COD_SEG":"017","COD_MANZA":37,"PISO":null,"actualizad":null}},
{"type":"Feature","geometry":{"type":"Point","coordinates":[-63.59673,9.69533]},"properties":{"id":null,"CONTROL":"0065","SERIE":"08","LINEA":"128","COD_SEG":"017","COD_MANZA":37,"PISO":null,"actualizad":null}},
{"type":"Feature","geometry":{"type":"Point","coordinates":[-63.59689,9.69536]},"properties":{"id":null,"CONTROL":"0065","SERIE":"09","LINEA":"129","COD_SEG":"017","COD_MANZA":37,"PISO":null,"actualizad":null}},
{"type":"Feature","geometry":{"type":"Point","coordinates":[-63.59702,9.69538]},"properties":{"id":null,"CONTROL":"0065","SERIE":"10","LINEA":"130","COD_SEG":"017","COD_MANZA":37,"PISO":null,"actualizad":null}},
{"type":"Feature","geometry":{"type":"Point","coordinates":[-63.59712,9.69548]},"properties":{"id":null,"CONTROL":"0065","SERIE":"11","LINEA":"131","COD_SEG":"017","COD_MANZA":37,"PISO":null,"actualizad":null}},
{"type":"Feature","geometry":{"type":"Point","coordinates":[-63.59711,9.69538]},"properties":{"id":null,"CONTROL":"0065","SERIE":"12","LINEA":"132","COD_SEG":"017","COD_MANZA":37,"PISO":null,"actualizad":null}},
{"type":"Feature","geometry":{"type":"Point","coordinates":[-63.59738,9.69541]},"properties":{"id":null,"CONTROL":"0065","SERIE":"13","LINEA":"133","COD_SEG":"017","COD_MANZA":37,"PISO":null,"actualizad":null}},
{"type":"Feature","geometry":{"type":"Point","coordinates":[-63.59752,9.69541]},"properties":{"id":null,"CONTROL":"0065","SERIE":"14","LINEA":"134","COD_SEG":"017","COD_MANZA":37,"PISO":null,"actualizad":null}},
{"type":"Feature","geometry":{"type":"Point","coordinates":[-63.59765,9.6954]},"properties":{"id":null,"CONTROL":"0065","SERIE":"15","LINEA":"135","COD_SEG":"017","COD_MANZA":37,"PISO":null,"actualizad":null}},
{"type":"Feature","geometry":{"type":"Point","coordinates":[-63.79904,9.75241]},"properties":{"id":null,"CONTROL":"2006","SERIE":"01","LINEA":"001","COD_SEG":"001","COD_MANZA":1,"PISO":null,"actualizad":null}},
{"type":"Feature","geometry":{"type":"Point","coordinates":[-63.79872,9.75196]},"properties":{"id":null,"CONTROL":"2006","SERIE":"02","LINEA":"002","COD_SEG":"001","COD_MANZA":1,"PISO":null,"actualizad":null}},
{"type":"Feature","geometry":{"type":"Point","coordinates":[-63.79784,9.75133]},"properties":{"id":null,"CONTROL":"2006","SERIE":"03","LINEA":"003","COD_SEG":"001","COD_MANZA":1,"PISO":null,"actualizad":null}},
{"type":"Feature","geometry":{"type":"Point","coordinates":[-63.79768,9.75038]},"properties":{"id":null,"CONTROL":"2006","SERIE":"04","LINEA":"004","COD_SEG":"001","COD_MANZA":1,"PISO":null,"actualizad":null}},
{"type":"Feature","geometry":{"type":"Point","coordinates":[-63.79769,9.74993]},"properties":{"id":null,"CONTROL":"2006","SERIE":"GALLERA LOS ACEITES","LINEA":null,"COD_SEG":"001","COD_MANZA":1,"PISO":null,"actualizad":null}},
{"type":"Feature","geometry":{"type":"Point","coordinates":[-63.79771,9.74983]},"properties":{"id":null,"CONTROL":"2006","SERIE":"05","LINEA":"006","COD_SEG":"001","COD_MANZA":1,"PISO":null,"actualizad":null}},
{"type":"Feature","geometry":{"type":"Point","coordinates":[-63.79762,9.74973]},"properties":{"id":null,"CONTROL":"2006","SERIE":"06","LINEA":"CLUB\"EL TINAJON DEL BORRACHO\" 007","COD_SEG":"001","COD_MANZA":1,"PISO":null,"actualizad":null}},
{"type":"Feature","geometry":{"type":"Point","coordinates":[-63.79757,9.74926]},"properties":{"id":null,"CONTROL":"2006","SERIE":"07","LINEA":"008","COD_SEG":"001","COD_MANZA":1,"PISO":null,"actualizad":null}},
{"type":"Feature","geometry":{"type":"Point","coordinates":[-63.79757,9.74901]},"properties":{"id":null,"CONTROL":"2006","SERIE":"08","LINEA":"010","COD_SEG":"001","COD_MANZA":1,"PISO":null,"actualizad":null}},
{"type":"Feature","geometry":{"type":"Point","coordinates":[-63.79816,9.74916]},"properties":{"id":null,"CONTROL":"2006","SERIE":"09","LINEA":"011","COD_SEG":"001","COD_MANZA":1,"PISO":null,"actualizad":null}},
{"type":"Feature","geometry":{"type":"Point","coordinates":[-63.79967,9.74907]},"properties":{"id":null,"CONTROL":"2006","SERIE":"10","LINEA":"012","COD_SEG":"001","COD_MANZA":1,"PISO":null,"actualizad":null}},
{"type":"Feature","geometry":{"type":"Point","coordinates":[-63.79758,9.74884]},"properties":{"id":null,"CONTROL":"2006","SERIE":"11","LINEA":"013","COD_SEG":"001","COD_MANZA":1,"PISO":null,"actualizad":null}},
{"type":"Feature","geometry":{"type":"Point","coordinates":[-63.1303,9.75502]},"properties":{"id":null,"CONTROL":"2029","SERIE":"01","LINEA":"123","COD_SEG":"081","COD_MANZA":4,"PISO":null,"actualizad":null}},
{"type":"Feature","geometry":{"type":"Point","coordinates":[-63.1302,9.75507]},"properties":{"id":null,"CONTROL":"2029","SERIE":"02","LINEA":"124","COD_SEG":"081","COD_MANZA":4,"PISO":null,"actualizad":null}},
{"type":"Feature","geometry":{"type":"Point","coordinates":[-63.13011,9.7551]},"properties":{"id":null,"CONTROL":"2029","SERIE":"03","LINEA":"125","COD_SEG":"081","COD_MANZA":4,"PISO":null,"actualizad":null}},
{"type":"Feature","geometry":{"type":"Point","coordinates":[-63.13,9.7551]},"properties":{"id":null,"CONTROL":"2029","SERIE":"04","LINEA":"126","COD_SEG":"081","COD_MANZA":4,"PISO":null,"actualizad":null}},
{"type":"Feature","geometry":{"type":"Point","coordinates":[-63.12988,9.75514]},"properties":{"id":null,"CONTROL":"2029","SERIE":"05","LINEA":"127","COD_SEG":"081","COD_MANZA":4,"PISO":null,"actualizad":null}},
{"type":"Feature","geometry":{"type":"Point","coordinates":[-63.12982,9.75515]},"properties":{"id":null,"CONTROL":"2029","SERIE":"06","LINEA":"128","COD_SEG":"081","COD_MANZA":4,"PISO":null,"actualizad":null}},
{"type":"Feature","geometry":{"type":"Point","coordinates":[-63.12963,9.75521]},"properties":{"id":null,"CONTROL":"2029","SERIE":"07","LINEA":"129","COD_SEG":"081","COD_MANZA":4,"PISO":null,"actualizad":null}},
{"type":"Feature","geometry":{"type":"Point","coordinates":[-63.12931,9.7543]},"properties":{"id":null,"CONTROL":"2029","SERIE":"08","LINEA":"130","COD_SEG":"081","COD_MANZA":5,"PISO":null,"actualizad":null}},
{"type":"Feature","geometry":{"type":"Point","coordinates":[-63.12922,9.75421]},"properties":{"id":null,"CONTROL":"2029","SERIE":"09","LINEA":"133","COD_SEG":"081","COD_MANZA":5,"PISO":null,"actualizad":null}},
{"type":"Feature","geometry":{"type":"Point","coordinates":[-63.12931,9.75416]},"properties":{"id":null,"CONTROL":"2029","SERIE":"10","LINEA":"134","COD_SEG":"081","COD_MANZA":5,"PISO":null,"actualizad":null}},
{"type":"Feature","geometry":{"type":"Point","coordinates":[-63.12948,9.75412]},"properties":{"id":null,"CONTROL":"2029","SERIE":"11","LINEA":"135","COD_SEG":"081","COD_MANZA":5,"PISO":null,"actualizad":null}},
{"type":"Feature","geometry":{"type":"Point","coordinates":[-63.1296,9.7541]},"properties":{"id":null,"CONTROL":"2029","SERIE":"12","LINEA":"136","COD_SEG":"081","COD_MANZA":5,"PISO":null,"actualizad":null}},
{"type":"Feature","geometry":{"type":"Point","coordinates":[-63.12967,9.75407]},"properties":{"id":null,"CONTROL":"2029","SERIE":"13","LINEA":"137","COD_SEG":"081","COD_MANZA":5,"PISO":null,"actualizad":null}},
{"type":"Feature","geometry":{"type":"Point","coordinates":[-63.12974,9.75403]},"properties":{"id":null,"CONTROL":"2029","SERIE":"14","LINEA":"138","COD_SEG":"081","COD_MANZA":5,"PISO":null,"actualizad":null}},
{"type":"Feature","geometry":{"type":"Point","coordinates":[-63.22627,9.68044]},"properties":{"id":null,"CONTROL":"2041","SERIE":"01","LINEA":"195","COD_SEG":"094","COD_MANZA":10,"PISO":null,"actualizad":null}},
{"type":"Feature","geometry":{"type":"Point","coordinates":[-63.22637,9.68043]},"properties":{"id":null,"CONTROL":"2041","SERIE":"02","LINEA":"196","COD_SEG":"094","COD_MANZA":10,"PISO":null,"actualizad":null}},
{"type":"Feature","geometry":{"type":"Point","coordinates":[-63.22646,9.68043]},"properties":{"id":null,"CONTROL":"2041","SERIE":"03","LINEA":"197","COD_SEG":"094","COD_MANZA":10,"PISO":null,"actualizad":null}},
{"type":"Feature","geometry":{"type":"Point","coordinates":[-63.22657,9.68043]},"properties":{"id":null,"CONTROL":"2041","SERIE":"04","LINEA":"198","COD_SEG":"094","COD_MANZA":10,"PISO":null,"actualizad":null}},
{"type":"Feature","geometry":{"type":"Point","coordinates":[-63.22669,9.68042]},"properties":{"id":null,"CONTROL":"2041","SERIE":"05","LINEA":"199","COD_SEG":"094","COD_MANZA":10,"PISO":null,"actualizad":null}},
{"type":"Feature","geometry":{"type":"Point","coordinates":[-63.2267,9.68063]},"properties":{"id":null,"CONTROL":"2041","SERIE":"06","LINEA":"200","COD_SEG":"094","COD_MANZA":10,"PISO":null,"actualizad":null}},
{"type":"Feature","geometry":{"type":"Point","coordinates":[-63.22659,9.68064]},"properties":{"id":null,"CONTROL":"2041","SERIE":"07","LINEA":"201","COD_SEG":"094","COD_MANZA":10,"PISO":null,"actualizad":null}},
{"type":"Feature","geometry":{"type":"Point","coordinates":[-63.22647,9.68063]},"properties":{"id":null,"CONTROL":"2041","SERIE":"08","LINEA":"202","COD_SEG":"094","COD_MANZA":10,"PISO":null,"actualizad":null}},
{"type":"Feature","geometry":{"type":"Point","coordinates":[-63.22638,9.68064]},"properties":{"id":null,"CONTROL":"2041","SERIE":"09","LINEA":"203","COD_SEG":"094","COD_MANZA":10,"PISO":null,"actualizad":null}},
{"type":"Feature","geometry":{"type":"Point","coordinates":[-63.22627,9.68064]},"properties":{"id":null,"CONTROL":"2041","SERIE":"10","LINEA":"204","COD_SEG":"094","COD_MANZA":10,"PISO":null,"actualizad":null}},
{"type":"Feature","geometry":{"type":"Point","coordinates":[-63.22619,9.68065]},"properties":{"id":null,"CONTROL":"2041","SERIE":"11","LINEA":"205","COD_SEG":"094","COD_MANZA":10,"PISO":null,"actualizad":null}},
{"type":"Feature","geometry":{"type":"Point","coordinates":[-63.2261,9.68064]},"properties":{"id":null,"CONTROL":"2041","SERIE":"12","LINEA":"206","COD_SEG":"094","COD_MANZA":10,"PISO":null,"actualizad":null}},
{"type":"Feature","geometry":{"type":"Point","coordinates":[-63.22601,9.68064]},"properties":{"id":null,"CONTROL":"2041","SERIE":"13","LINEA":"207","COD_SEG":"094","COD_MANZA":10,"PISO":null,"actualizad":null}},
{"type":"Feature","geometry":{"type":"Point","coordinates":[-63.22591,9.68064]},"properties":{"id":null,"CONTROL":"2041","SERIE":"14","LINEA":"208","COD_SEG":"094","COD_MANZA":10,"PISO":null,"actualizad":null}},
{"type":"Feature","geometry":{"type":"Point","coordinates":[-63.22582,9.68064]},"properties":{"id":null,"CONTROL":"2041","SERIE":"15","LINEA":"209","COD_SEG":"094","COD_MANZA":10,"PISO":null,"actualizad":null}},
{"type":"Feature","geometry":{"type":"Point","coordinates":[-63.50356,10.1703]},"properties":{"id":null,"CONTROL":"3015","SERIE":"01","LINEA":"130","COD_SEG":"008","COD_MANZA":7,"PISO":null,"actualizad":null}},
{"type":"Feature","geometry":{"type":"Point","coordinates":[-63.5036,10.17041]},"properties":{"id":null,"CONTROL":"3015","SERIE":"02","LINEA":"131","COD_SEG":"008","COD_MANZA":7,"PISO":null,"actualizad":null}},
{"type":"Feature","geometry":{"type":"Point","coordinates":[-63.50363,10.1705]},"properties":{"id":null,"CONTROL":"3015","SERIE":"03","LINEA":"132","COD_SEG":"008","COD_MANZA":7,"PISO":null,"actualizad":null}},
{"type":"Feature","geometry":{"type":"Point","coordinates":[-63.50367,10.17061]},"properties":{"id":null,"CONTROL":"3015","SERIE":"TALLER MECÁNICO\n","LINEA":null,"COD_SEG":"008","COD_MANZA":7,"PISO":null,"actualizad":null}},
{"type":"Feature","geometry":{"type":"Point","coordinates":[-63.50372,10.17071]},"properties":{"id":null,"CONTROL":"3015","SERIE":"04","LINEA":"133","COD_SEG":"008","COD_MANZA":7,"PISO":null,"actualizad":null}},
{"type":"Feature","geometry":{"type":"Point","coordinates":[-63.50377,10.17082]},"properties":{"id":null,"CONTROL":"3015","SERIE":"05","LINEA":"134","COD_SEG":"008","COD_MANZA":7,"PISO":null,"actualizad":null}},
{"type":"Feature","geometry":{"type":"Point","coordinates":[-63.50437,10.17067]},"properties":{"id":null,"CONTROL":"3015","SERIE":"06","LINEA":"135","COD_SEG":"008","COD_MANZA":8,"PISO":null,"actualizad":null}},
{"type":"Feature","geometry":{"type":"Point","coordinates":[-63.50424,10.17073]},"properties":{"id":null,"CONTROL":"3015","SERIE":"LOCAL S/N\n","LINEA":null,"COD_SEG":"008","COD_MANZA":8,"PISO":null,"actualizad":null}},
{"type":"Feature","geometry":{"type":"Point","coordinates":[-63.50415,10.17078]},"properties":{"id":null,"CONTROL":"3015","SERIE":"07","LINEA":"136","COD_SEG":"008","COD_MANZA":8,"PISO":null,"actualizad":null}},
{"type":"Feature","geometry":{"type":"Point","coordinates":[-63.50407,10.17081]},"properties":{"id":null,"CONTROL":"3015","SERIE":"CASA DE PARTIDO AD\n","LINEA":null,"COD_SEG":"008","COD_MANZA":8,"PISO":null,"actualizad":null}},
{"type":"Feature","geometry":{"type":"Point","coordinates":[-63.50398,10.17085]},"properties":{"id":null,"CONTROL":"3015","SERIE":"FUNERARIA LA PIEDAD\n","LINEA":null,"COD_SEG":"008","COD_MANZA":8,"PISO":null,"actualizad":null}},
{"type":"Feature","geometry":{"type":"Point","coordinates":[-63.50391,10.17069]},"properties":{"id":null,"CONTROL":"3015","SERIE":"08","LINEA":"137","COD_SEG":"008","COD_MANZA":8,"PISO":null,"actualizad":null}},
{"type":"Feature","geometry":{"type":"Point","coordinates":[-63.50382,10.1705]},"properties":{"id":null,"CONTROL":"3015","SERIE":"09","LINEA":"138","COD_SEG":"008","COD_MANZA":8,"PISO":null,"actualizad":null}},
{"type":"Feature","geometry":{"type":"Point","coordinates":[-63.50376,10.17039]},"properties":{"id":null,"CONTROL":"3015","SERIE":"11","LINEA":"140","COD_SEG":"008","COD_MANZA":8,"PISO":null,"actualizad":null}},
{"type":"Feature","geometry":{"type":"Point","coordinates":[-63.50372,10.17026]},"properties":{"id":null,"CONTROL":"3015","SERIE":"12","LINEA":"141","COD_SEG":"008","COD_MANZA":8,"PISO":null,"actualizad":null}},
{"type":"Feature","geometry":{"type":"Point","coordinates":[-63.5038,10.17022]},"properties":{"id":null,"CONTROL":"3015","SERIE":"13","LINEA":"142","COD_SEG":"008","COD_MANZA":8,"PISO":null,"actualizad":null}},
{"type":"Feature","geometry":{"type":"Point","coordinates":[-63.50391,10.17017]},"properties":{"id":null,"CONTROL":"3015","SERIE":"14","LINEA":"143","COD_SEG":"008","COD_MANZA":8,"PISO":null,"actualizad":null}},
{"type":"Feature","geometry":{"type":"Point","coordinates":[-63.50399,10.17013]},"properties":{"id":null,"CONTROL":"3015","SERIE":"15","LINEA":"144","COD_SEG":"008","COD_MANZA":8,"PISO":null,"actualizad":null}},
{"type":"Feature","geometry":{"type":"Point","coordinates":[-63.18833,9.78236]},"properties":{"id":null,"CONTROL":"2026","SERIE":"14","LINEA":"056","COD_SEG":"034","COD_MANZA":1,"PISO":null,"actualizad":null}},
{"type":"Feature","geometry":{"type":"Point","coordinates":[-63.18827,9.78238]},"properties":{"id":null,"CONTROL":"2026","SERIE":"13","LINEA":"055","COD_SEG":"034","COD_MANZA":1,"PISO":null,"actualizad":null}},
{"type":"Feature","geometry":{"type":"Point","coordinates":[-63.18822,9.78241]},"properties":{"id":null,"CONTROL":"2026","SERIE":"12","LINEA":"054","COD_SEG":"034","COD_MANZA":1,"PISO":null,"actualizad":null}},
{"type":"Feature","geometry":{"type":"Point","coordinates":[-63.18818,9.78244]},"properties":{"id":null,"CONTROL":"2026","SERIE":"11","LINEA":"053","COD_SEG":"034","COD_MANZA":1,"PISO":null,"actualizad":null}},
{"type":"Feature","geometry":{"type":"Point","coordinates":[-63.18813,9.78247]},"properties":{"id":null,"CONTROL":"2026","SERIE":"10","LINEA":"052","COD_SEG":"034","COD_MANZA":1,"PISO":null,"actualizad":null}},
{"type":"Feature","geometry":{"type":"Point","coordinates":[-63.18807,9.78249]},"properties":{"id":null,"CONTROL":"2026","SERIE":"09","LINEA":"051","COD_SEG":"034","COD_MANZA":1,"PISO":null,"actualizad":null}},
{"type":"Feature","geometry":{"type":"Point","coordinates":[-63.188,9.78253]},"properties":{"id":null,"CONTROL":"2026","SERIE":"08","LINEA":"050","COD_SEG":"034","COD_MANZA":1,"PISO":null,"actualizad":null}},
{"type":"Feature","geometry":{"type":"Point","coordinates":[-63.18788,9.7826]},"properties":{"id":null,"CONTROL":"2026","SERIE":"07","LINEA":"049","COD_SEG":"034","COD_MANZA":1,"PISO":null,"actualizad":null}},
{"type":"Feature","geometry":{"type":"Point","coordinates":[-63.18781,9.78264]},"properties":{"id":null,"CONTROL":"2026","SERIE":"06","LINEA":"048","COD_SEG":"034","COD_MANZA":1,"PISO":null,"actualizad":null}},
{"type":"Feature","geometry":{"type":"Point","coordinates":[-63.18775,9.78268]},"properties":{"id":null,"CONTROL":"2026","SERIE":"05","LINEA":"047","COD_SEG":"034","COD_MANZA":1,"PISO":null,"actualizad":null}},
{"type":"Feature","geometry":{"type":"Point","coordinates":[-63.18769,9.78272]},"properties":{"id":null,"CONTROL":"2026","SERIE":"04","LINEA":"046","COD_SEG":"034","COD_MANZA":1,"PISO":null,"actualizad":null}},
{"type":"Feature","geometry":{"type":"Point","coordinates":[-63.1876,9.7828]},"properties":{"id":null,"CONTROL":"2026","SERIE":"03","LINEA":"045","COD_SEG":"034","COD_MANZA":1,"PISO":null,"actualizad":null}},
{"type":"Feature","geometry":{"type":"Point","coordinates":[-63.18756,9.78275]},"properties":{"id":null,"CONTROL":"2026","SERIE":"02","LINEA":"044","COD_SEG":"034","COD_MANZA":1,"PISO":null,"actualizad":null}},
{"type":"Feature","geometry":{"type":"Point","coordinates":[-63.18754,9.7827]},"properties":{"id":null,"CONTROL":"2026","SERIE":"01","LINEA":"043","COD_SEG":"034","COD_MANZA":1,"PISO":null,"actualizad":null}},
{"type":"Feature","geometry":{"type":"Point","coordinates":[-63.13359,9.77476]},"properties":{"id":null,"CONTROL":"2027","SERIE":"01","LINEA":"088","COD_SEG":"014","COD_MANZA":3,"PISO":null,"actualizad":null}},
{"type":"Feature","geometry":{"type":"Point","coordinates":[-63.13338,9.77488]},"properties":{"id":null,"CONTROL":"2027","SERIE":"02","LINEA":"089","COD_SEG":"014","COD_MANZA":3,"PISO":null,"actualizad":null}},
{"type":"Feature","geometry":{"type":"Point","coordinates":[-63.13343,9.77492]},"properties":{"id":null,"CONTROL":"2027","SERIE":"03","LINEA":"090","COD_SEG":"014","COD_MANZA":3,"PISO":null,"actualizad":null}},
{"type":"Feature","geometry":{"type":"Point","coordinates":[-63.13346,9.77501]},"properties":{"id":null,"CONTROL":"2027","SERIE":"04","LINEA":"091","COD_SEG":"014","COD_MANZA":3,"PISO":null,"actualizad":null}},
{"type":"Feature","geometry":{"type":"Point","coordinates":[-63.13352,9.77507]},"properties":{"id":null,"CONTROL":"2027","SERIE":"05","LINEA":"092","COD_SEG":"014","COD_MANZA":3,"PISO":null,"actualizad":null}},
{"type":"Feature","geometry":{"type":"Point","coordinates":[-63.13357,9.77514]},"properties":{"id":null,"CONTROL":"2027","SERIE":"06","LINEA":"093","COD_SEG":"014","COD_MANZA":3,"PISO":null,"actualizad":null}},
{"type":"Feature","geometry":{"type":"Point","coordinates":[-63.13363,9.7752]},"properties":{"id":null,"CONTROL":"2027","SERIE":"07","LINEA":"094","COD_SEG":"014","COD_MANZA":3,"PISO":null,"actualizad":null}},
{"type":"Feature","geometry":{"type":"Point","coordinates":[-63.13366,9.77525]},"properties":{"id":null,"CONTROL":"2027","SERIE":"08","LINEA":"095","COD_SEG":"014","COD_MANZA":3,"PISO":null,"actualizad":null}},
{"type":"Feature","geometry":{"type":"Point","coordinates":[-63.13373,9.77533]},"properties":{"id":null,"CONTROL":"2027","SERIE":"09","LINEA":"096","COD_SEG":"014","COD_MANZA":3,"PISO":null,"actualizad":null}},
{"type":"Feature","geometry":{"type":"Point","coordinates":[-63.13379,9.7754]},"properties":{"id":null,"CONTROL":"2027","SERIE":"10","LINEA":"097","COD_SEG":"014","COD_MANZA":3,"PISO":null,"actualizad":null}},
{"type":"Feature","geometry":{"type":"Point","coordinates":[-63.13383,9.77547]},"properties":{"id":null,"CONTROL":"2027","SERIE":"11","LINEA":"098","COD_SEG":"014","COD_MANZA":3,"PISO":null,"actualizad":null}},
{"type":"Feature","geometry":{"type":"Point","coordinates":[-63.13387,9.77553]},"properties":{"id":null,"CONTROL":"2027","SERIE":"12","LINEA":"099","COD_SEG":"014","COD_MANZA":3,"PISO":null,"actualizad":null}},
{"type":"Feature","geometry":{"type":"Point","coordinates":[-63.13392,9.77557]},"properties":{"id":null,"CONTROL":"2027","SERIE":"13","LINEA":"100","COD_SEG":"014","COD_MANZA":3,"PISO":null,"actualizad":null}},
{"type":"Feature","geometry":{"type":"Point","coordinates":[-63.13396,9.77564]},"properties":{"id":null,"CONTROL":"2027","SERIE":"14","LINEA":"101","COD_SEG":"014","COD_MANZA":3,"PISO":null,"actualizad":null}},
{"type":"Feature","geometry":{"type":"Point","coordinates":[-63.13397,9.77577]},"properties":{"id":null,"CONTROL":"2027","SERIE":"15","LINEA":"102","COD_SEG":"014","COD_MANZA":3,"PISO":null,"actualizad":null}},
{"type":"Feature","geometry":{"type":"Point","coordinates":[-63.13318,9.74945]},"properties":{"id":null,"CONTROL":"2030","SERIE":"01","LINEA":"001","COD_SEG":"098","COD_MANZA":1,"PISO":null,"actualizad":null}},
{"type":"Feature","geometry":{"type":"Point","coordinates":[-63.13309,9.74946]},"properties":{"id":null,"CONTROL":"2030","SERIE":"02","LINEA":"002","COD_SEG":"098","COD_MANZA":1,"PISO":null,"actualizad":null}},
{"type":"Feature","geometry":{"type":"Point","coordinates":[-63.133,9.7495]},"properties":{"id":null,"CONTROL":"2030","SERIE":"03","LINEA":"003","COD_SEG":"098","COD_MANZA":1,"PISO":null,"actualizad":null}},
{"type":"Feature","geometry":{"type":"Point","coordinates":[-63.13291,9.74952]},"properties":{"id":null,"CONTROL":"2030","SERIE":"04","LINEA":"004","COD_SEG":"098","COD_MANZA":1,"PISO":null,"actualizad":null}},
{"type":"Feature","geometry":{"type":"Point","coordinates":[-63.13283,9.74953]},"properties":{"id":null,"CONTROL":"2030","SERIE":"05","LINEA":"005","COD_SEG":"098","COD_MANZA":1,"PISO":null,"actualizad":null}},
{"type":"Feature","geometry":{"type":"Point","coordinates":[-63.13275,9.74957]},"properties":{"id":null,"CONTROL":"2030","SERIE":"06","LINEA":"006","COD_SEG":"098","COD_MANZA":1,"PISO":null,"actualizad":null}},
{"type":"Feature","geometry":{"type":"Point","coordinates":[-63.13266,9.74959]},"properties":{"id":null,"CONTROL":"2030","SERIE":"07","LINEA":"007","COD_SEG":"098","COD_MANZA":1,"PISO":null,"actualizad":null}},
{"type":"Feature","geometry":{"type":"Point","coordinates":[-63.13255,9.74966]},"properties":{"id":null,"CONTROL":"2030","SERIE":"08","LINEA":"008","COD_SEG":"098","COD_MANZA":1,"PISO":null,"actualizad":null}},
{"type":"Feature","geometry":{"type":"Point","coordinates":[-63.13247,9.74963]},"properties":{"id":null,"CONTROL":"2030","SERIE":"09","LINEA":"009","COD_SEG":"098","COD_MANZA":1,"PISO":null,"actualizad":null}},
{"type":"Feature","geometry":{"type":"Point","coordinates":[-63.13239,9.74967]},"properties":{"id":null,"CONTROL":"2030","SERIE":"10","LINEA":"010","COD_SEG":"098","COD_MANZA":1,"PISO":null,"actualizad":null}},
{"type":"Feature","geometry":{"type":"Point","coordinates":[-63.13229,9.74971]},"properties":{"id":null,"CONTROL":"2030","SERIE":"11","LINEA":"011","COD_SEG":"098","COD_MANZA":1,"PISO":null,"actualizad":null}},
{"type":"Feature","geometry":{"type":"Point","coordinates":[-63.13219,9.7497]},"properties":{"id":null,"CONTROL":"2030","SERIE":"12","LINEA":"012","COD_SEG":"098","COD_MANZA":1,"PISO":null,"actualizad":null}},
{"type":"Feature","geometry":{"type":"Point","coordinates":[-63.13209,9.74977]},"properties":{"id":null,"CONTROL":"2030","SERIE":"13","LINEA":"014","COD_SEG":"098","COD_MANZA":1,"PISO":null,"actualizad":null}},
{"type":"Feature","geometry":{"type":"Point","coordinates":[-63.25508,9.69973]},"properties":{"id":null,"CONTROL":"2040","SERIE":"01","LINEA":"166","COD_SEG":"072","COD_MANZA":4,"PISO":null,"actualizad":null}},
{"type":"Feature","geometry":{"type":"Point","coordinates":[-63.25513,9.69983]},"properties":{"id":null,"CONTROL":"2040","SERIE":"02","LINEA":"167","COD_SEG":"072","COD_MANZA":4,"PISO":null,"actualizad":null}},
{"type":"Feature","geometry":{"type":"Point","coordinates":[-63.25517,9.69991]},"properties":{"id":null,"CONTROL":"2040","SERIE":"03","LINEA":"168","COD_SEG":"072","COD_MANZA":4,"PISO":null,"actualizad":null}},
{"type":"Feature","geometry":{"type":"Point","coordinates":[-63.25522,9.7]},"properties":{"id":null,"CONTROL":"2040","SERIE":"04","LINEA":"169","COD_SEG":"072","COD_MANZA":4,"PISO":null,"actualizad":null}},
{"type":"Feature","geometry":{"type":"Point","coordinates":[-63.25527,9.70007]},"properties":{"id":null,"CONTROL":"2040","SERIE":"05","LINEA":"170","COD_SEG":"072","COD_MANZA":4,"PISO":null,"actualizad":null}},
{"type":"Feature","geometry":{"type":"Point","coordinates":[-63.25532,9.70016]},"properties":{"id":null,"CONTROL":"2040","SERIE":"06","LINEA":"171","COD_SEG":"072","COD_MANZA":4,"PISO":null,"actualizad":null}},
{"type":"Feature","geometry":{"type":"Point","coordinates":[-63.25539,9.70027]},"properties":{"id":null,"CONTROL":"2040","SERIE":"07","LINEA":"172","COD_SEG":"072","COD_MANZA":4,"PISO":null,"actualizad":null}},
{"type":"Feature","geometry":{"type":"Point","coordinates":[-63.25504,9.70058]},"properties":{"id":null,"CONTROL":"2040","SERIE":"08","LINEA":"174","COD_SEG":"072","COD_MANZA":5,"PISO":null,"actualizad":null}},
{"type":"Feature","geometry":{"type":"Point","coordinates":[-63.25497,9.70046]},"properties":{"id":null,"CONTROL":"2040","SERIE":"09","LINEA":"175","COD_SEG":"072","COD_MANZA":5,"PISO":null,"actualizad":null}},
{"type":"Feature","geometry":{"type":"Point","coordinates":[-63.25493,9.70038]},"properties":{"id":null,"CONTROL":"2040","SERIE":"10","LINEA":"176","COD_SEG":"072","COD_MANZA":5,"PISO":null,"actualizad":null}},
{"type":"Feature","geometry":{"type":"Point","coordinates":[-63.25488,9.70029]},"properties":{"id":null,"CONTROL":"2040","SERIE":"11","LINEA":"177","COD_SEG":"072","COD_MANZA":5,"PISO":null,"actualizad":null}},
{"type":"Feature","geometry":{"type":"Point","coordinates":[-63.25483,9.70021]},"properties":{"id":null,"CONTROL":"2040","SERIE":"12","LINEA":"178","COD_SEG":"072","COD_MANZA":5,"PISO":null,"actualizad":null}},
{"type":"Feature","geometry":{"type":"Point","coordinates":[-63.2548,9.70015]},"properties":{"id":null,"CONTROL":"2040","SERIE":"13","LINEA":"179","COD_SEG":"072","COD_MANZA":5,"PISO":null,"actualizad":null}},
{"type":"Feature","geometry":{"type":"Point","coordinates":[-63.25475,9.70005]},"properties":{"id":null,"CONTROL":"2040","SERIE":"14","LINEA":"180","COD_SEG":null,"COD_MANZA":5,"PISO":null,"actualizad":null}},
{"type":"Feature","geometry":{"type":"Point","coordinates":[-63.16546,9.93612]},"properties":{"id":null,"CONTROL":"2047","SERIE":"01","LINEA":"001","COD_SEG":"008","COD_MANZA":5,"PISO":null,"actualizad":null}},
{"type":"Feature","geometry":{"type":"Point","coordinates":[-63.16532,9.93616]},"properties":{"id":null,"CONTROL":"2047","SERIE":"02","LINEA":"002","COD_SEG":"008","COD_MANZA":5,"PISO":null,"actualizad":null}},
{"type":"Feature","geometry":{"type":"Point","coordinates":[-63.16511,9.93622]},"properties":{"id":null,"CONTROL":"2047","SERIE":"03","LINEA":"004","COD_SEG":"008","COD_MANZA":5,"PISO":null,"actualizad":null}},
{"type":"Feature","geometry":{"type":"Point","coordinates":[-63.16494,9.93628]},"properties":{"id":null,"CONTROL":"2047","SERIE":"04","LINEA":"005","COD_SEG":"008","COD_MANZA":5,"PISO":null,"actualizad":null}},
{"type":"Feature","geometry":{"type":"Point","coordinates":[-63.16479,9.93631]},"properties":{"id":null,"CONTROL":"2047","SERIE":"05","LINEA":"007","COD_SEG":"008","COD_MANZA":5,"PISO":null,"actualizad":null}},
{"type":"Feature","geometry":{"type":"Point","coordinates":[-63.16467,9.93634]},"properties":{"id":null,"CONTROL":"2047","SERIE":"06","LINEA":"008","COD_SEG":"008","COD_MANZA":5,"PISO":null,"actualizad":null}},
{"type":"Feature","geometry":{"type":"Point","coordinates":[-63.16453,9.93638]},"properties":{"id":null,"CONTROL":"2047","SERIE":"07","LINEA":"010","COD_SEG":"008","COD_MANZA":5,"PISO":null,"actualizad":null}},
{"type":"Feature","geometry":{"type":"Point","coordinates":[-63.1644,9.93642]},"properties":{"id":null,"CONTROL":"2047","SERIE":"08","LINEA":"011","COD_SEG":"008","COD_MANZA":5,"PISO":null,"actualizad":null}},
{"type":"Feature","geometry":{"type":"Point","coordinates":[-63.16428,9.93645]},"properties":{"id":null,"CONTROL":"2047","SERIE":"09","LINEA":"013","COD_SEG":"008","COD_MANZA":5,"PISO":null,"actualizad":null}},
{"type":"Feature","geometry":{"type":"Point","coordinates":[-63.16415,9.93647]},"properties":{"id":null,"CONTROL":"2047","SERIE":"10","LINEA":"014","COD_SEG":"008","COD_MANZA":6,"PISO":null,"actualizad":null}},
{"type":"Feature","geometry":{"type":"Point","coordinates":[-63.16406,9.93649]},"properties":{"id":null,"CONTROL":"2047","SERIE":"11","LINEA":"015","COD_SEG":"008","COD_MANZA":6,"PISO":null,"actualizad":null}},
{"type":"Feature","geometry":{"type":"Point","coordinates":[-63.16393,9.93653]},"properties":{"id":null,"CONTROL":"2047","SERIE":"12","LINEA":"016","COD_SEG":"008","COD_MANZA":6,"PISO":null,"actualizad":null}},
{"type":"Feature","geometry":{"type":"Point","coordinates":[-63.20746,9.74417]},"properties":{"id":null,"CONTROL":"5007","SERIE":"01","LINEA":"160","COD_SEG":"007","COD_MANZA":1,"PISO":null,"actualizad":null}},
{"type":"Feature","geometry":{"type":"Point","coordinates":[-63.20702,9.74436]},"properties":{"id":null,"CONTROL":"5007","SERIE":"16","LINEA":"175","COD_SEG":"007","COD_MANZA":1,"PISO":null,"actualizad":null}},
{"type":"Feature","geometry":{"type":"Point","coordinates":[-63.20749,9.74427]},"properties":{"id":null,"CONTROL":"5007","SERIE":"02","LINEA":"161","COD_SEG":"007","COD_MANZA":1,"PISO":null,"actualizad":null}},
{"type":"Feature","geometry":{"type":"Point","coordinates":[-63.20751,9.74435]},"properties":{"id":null,"CONTROL":"5007","SERIE":"03","LINEA":"162","COD_SEG":"007","COD_MANZA":1,"PISO":null,"actualizad":null}},
{"type":"Feature","geometry":{"type":"Point","coordinates":[-63.20754,9.74446]},"properties":{"id":null,"CONTROL":"5007","SERIE":"04","LINEA":"163","COD_SEG":"007","COD_MANZA":1,"PISO":null,"actualizad":null}},
{"type":"Feature","geometry":{"type":"Point","coordinates":[-63.20757,9.74455]},"properties":{"id":null,"CONTROL":"5007","SERIE":"05","LINEA":"164","COD_SEG":"007","COD_MANZA":1,"PISO":null,"actualizad":null}},
{"type":"Feature","geometry":{"type":"Point","coordinates":[-63.2076,9.74464]},"properties":{"id":null,"CONTROL":"5007","SERIE":"06","LINEA":"165","COD_SEG":"007","COD_MANZA":1,"PISO":null,"actualizad":null}},
{"type":"Feature","geometry":{"type":"Point","coordinates":[-63.2075,9.74473]},"properties":{"id":null,"CONTROL":"5007","SERIE":"07","LINEA":"166","COD_SEG":"007","COD_MANZA":1,"PISO":null,"actualizad":null}},
{"type":"Feature","geometry":{"type":"Point","coordinates":[-63.20739,9.74481]},"properties":{"id":null,"CONTROL":"5007","SERIE":"08","LINEA":"167","COD_SEG":"007","COD_MANZA":1,"PISO":null,"actualizad":null}},
{"type":"Feature","geometry":{"type":"Point","coordinates":[-63.2073,9.74491]},"properties":{"id":null,"CONTROL":"5007","SERIE":"09","LINEA":"168","COD_SEG":"007","COD_MANZA":1,"PISO":null,"actualizad":null}},
{"type":"Feature","geometry":{"type":"Point","coordinates":[-63.2072,9.74497]},"properties":{"id":null,"CONTROL":"5007","SERIE":"10\n","LINEA":"169","COD_SEG":"007","COD_MANZA":1,"PISO":null,"actualizad":null}},
{"type":"Feature","geometry":{"type":"Point","coordinates":[-63.20713,9.74508]},"properties":{"id":null,"CONTROL":"5007","SERIE":"11","LINEA":"170","COD_SEG":"007","COD_MANZA":1,"PISO":null,"actualizad":null}},
{"type":"Feature","geometry":{"type":"Point","coordinates":[-63.20703,9.74513]},"properties":{"id":null,"CONTROL":"5007","SERIE":"12","LINEA":"171","COD_SEG":"007","COD_MANZA":1,"PISO":null,"actualizad":null}},
{"type":"Feature","geometry":{"type":"Point","coordinates":[-63.20694,9.74519]},"properties":{"id":null,"CONTROL":"5007","SERIE":"13","LINEA":"172","COD_SEG":"007","COD_MANZA":1,"PISO":null,"actualizad":null}},
{"type":"Feature","geometry":{"type":"Point","coordinates":[-63.2069,9.74528]},"properties":{"id":null,"CONTROL":"5007","SERIE":"14","LINEA":"173","COD_SEG":"007","COD_MANZA":1,"PISO":null,"actualizad":null}},
{"type":"Feature","geometry":{"type":"Point","coordinates":[-63.20685,9.74531]},"properties":{"id":null,"CONTROL":"5007","SERIE":"15","LINEA":"174","COD_SEG":"007","COD_MANZA":1,"PISO":null,"actualizad":null}},
{"type":"Feature","geometry":{"type":"Point","coordinates":[-63.60674,9.81375]},"properties":{"id":null,"CONTROL":"0039","SERIE":"01","LINEA":"168","COD_SEG":"014","COD_MANZA":8,"PISO":null,"actualizad":null}},
{"type":"Feature","geometry":{"type":"Point","coordinates":[-63.60675,9.81368]},"properties":{"id":null,"CONTROL":"0039","SERIE":"02","LINEA":"169","COD_SEG":"014","COD_MANZA":8,"PISO":null,"actualizad":null}},
{"type":"Feature","geometry":{"type":"Point","coordinates":[-63.60675,9.81357]},"properties":{"id":null,"CONTROL":"0039","SERIE":"03","LINEA":"170","COD_SEG":"014","COD_MANZA":8,"PISO":null,"actualizad":null}},
{"type":"Feature","geometry":{"type":"Point","coordinates":[-63.60675,9.81347]},"properties":{"id":null,"CONTROL":"0039","SERIE":"04","LINEA":"171","COD_SEG":"014","COD_MANZA":8,"PISO":null,"actualizad":null}},
{"type":"Feature","geometry":{"type":"Point","coordinates":[-63.60686,9.81347]},"properties":{"id":null,"CONTROL":"0039","SERIE":"05","LINEA":"172","COD_SEG":"014","COD_MANZA":8,"PISO":null,"actualizad":null}},
{"type":"Feature","geometry":{"type":"Point","coordinates":[-63.60695,9.81346]},"properties":{"id":null,"CONTROL":"0039","SERIE":"06","LINEA":"173","COD_SEG":"014","COD_MANZA":8,"PISO":null,"actualizad":null}},
{"type":"Feature","geometry":{"type":"Point","coordinates":[-63.6071,9.81346]},"properties":{"id":null,"CONTROL":"0039","SERIE":"07","LINEA":"174","COD_SEG":"014","COD_MANZA":8,"PISO":null,"actualizad":null}},
{"type":"Feature","geometry":{"type":"Point","coordinates":[-63.60722,9.81345]},"properties":{"id":null,"CONTROL":"0039","SERIE":"08","LINEA":"175","COD_SEG":"014","COD_MANZA":8,"PISO":null,"actualizad":null}},
{"type":"Feature","geometry":{"type":"Point","coordinates":[-63.60732,9.81346]},"properties":{"id":null,"CONTROL":"0039","SERIE":"09","LINEA":"176","COD_SEG":"014","COD_MANZA":8,"PISO":null,"actualizad":null}},
{"type":"Feature","geometry":{"type":"Point","coordinates":[-63.60731,9.81358]},"properties":{"id":null,"CONTROL":"0039","SERIE":"10","LINEA":"177","COD_SEG":"014","COD_MANZA":8,"PISO":null,"actualizad":null}},
{"type":"Feature","geometry":{"type":"Point","coordinates":[-63.60731,9.81368]},"properties":{"id":null,"CONTROL":"0039","SERIE":"11","LINEA":"178","COD_SEG":"014","COD_MANZA":8,"PISO":null,"actualizad":null}},
{"type":"Feature","geometry":{"type":"Point","coordinates":[-63.60732,9.81378]},"properties":{"id":null,"CONTROL":"0039","SERIE":"12","LINEA":"179","COD_SEG":"014","COD_MANZA":8,"PISO":null,"actualizad":null}},
{"type":"Feature","geometry":{"type":"Point","coordinates":[-63.60712,9.81334]},"properties":{"id":null,"CONTROL":"0039","SERIE":"14","LINEA":"181","COD_SEG":"014","COD_MANZA":9,"PISO":null,"actualizad":null}},
{"type":"Feature","geometry":{"type":"Point","coordinates":[-63.60701,9.81335]},"properties":{"id":null,"CONTROL":"0039","SERIE":"15","LINEA":"182","COD_SEG":"014","COD_MANZA":9,"PISO":null,"actualizad":null}},
{"type":"Feature","geometry":{"type":"Point","coordinates":[-63.60689,9.81334]},"properties":{"id":null,"CONTROL":"0039","SERIE":"16","LINEA":"183","COD_SEG":"014","COD_MANZA":9,"PISO":null,"actualizad":null}},
{"type":"Feature","geometry":{"type":"Point","coordinates":[-63.13318,9.74945]},"properties":{"id":null,"CONTROL":"2030","SERIE":"01","LINEA":"001","COD_SEG":"098","COD_MANZA":1,"PISO":null,"actualizad":null}},
{"type":"Feature","geometry":{"type":"Point","coordinates":[-63.13309,9.74946]},"properties":{"id":null,"CONTROL":"2030","SERIE":"02","LINEA":"002","COD_SEG":"098","COD_MANZA":1,"PISO":null,"actualizad":null}},
{"type":"Feature","geometry":{"type":"Point","coordinates":[-63.133,9.7495]},"properties":{"id":null,"CONTROL":"2030","SERIE":"03","LINEA":"003","COD_SEG":"098","COD_MANZA":1,"PISO":null,"actualizad":null}},
{"type":"Feature","geometry":{"type":"Point","coordinates":[-63.1329,9.74952]},"properties":{"id":null,"CONTROL":"2030","SERIE":"04","LINEA":"004","COD_SEG":"098","COD_MANZA":1,"PISO":null,"actualizad":null}},
{"type":"Feature","geometry":{"type":"Point","coordinates":[-63.13283,9.74953]},"properties":{"id":null,"CONTROL":"2030","SERIE":"05","LINEA":"005","COD_SEG":"098","COD_MANZA":1,"PISO":null,"actualizad":null}},
{"type":"Feature","geometry":{"type":"Point","coordinates":[-63.13275,9.74957]},"properties":{"id":null,"CONTROL":"2030","SERIE":"06","LINEA":"006","COD_SEG":"098","COD_MANZA":1,"PISO":null,"actualizad":null}},
{"type":"Feature","geometry":{"type":"Point","coordinates":[-63.13266,9.74959]},"properties":{"id":null,"CONTROL":"2030","SERIE":"07","LINEA":"007","COD_SEG":"098","COD_MANZA":1,"PISO":null,"actualizad":null}},
{"type":"Feature","geometry":{"type":"Point","coordinates":[-63.13255,9.74966]},"properties":{"id":null,"CONTROL":"2030","SERIE":"08","LINEA":"008","COD_SEG":"098","COD_MANZA":1,"PISO":null,"actualizad":null}},
{"type":"Feature","geometry":{"type":"Point","coordinates":[-63.13247,9.74963]},"properties":{"id":null,"CONTROL":"2030","SERIE":"09","LINEA":"009","COD_SEG":"098","COD_MANZA":1,"PISO":null,"actualizad":null}},
{"type":"Feature","geometry":{"type":"Point","coordinates":[-63.13239,9.74967]},"properties":{"id":null,"CONTROL":"2030","SERIE":"10","LINEA":"010","COD_SEG":"098","COD_MANZA":1,"PISO":null,"actualizad":null}},
{"type":"Feature","geometry":{"type":"Point","coordinates":[-63.13229,9.74971]},"properties":{"id":null,"CONTROL":"2030","SERIE":"11","LINEA":"011","COD_SEG":"098","COD_MANZA":1,"PISO":null,"actualizad":null}},
{"type":"Feature","geometry":{"type":"Point","coordinates":[-63.13219,9.7497]},"properties":{"id":null,"CONTROL":"2030","SERIE":"12","LINEA":"012","COD_SEG":"098","COD_MANZA":1,"PISO":null,"actualizad":null}},
{"type":"Feature","geometry":{"type":"Point","coordinates":[-63.13209,9.74977]},"properties":{"id":null,"CONTROL":"2030","SERIE":"13","LINEA":"014","COD_SEG":"098","COD_MANZA":1,"PISO":null,"actualizad":null}},
{"type":"Feature","geometry":{"type":"Point","coordinates":[-63.72799,10.16291]},"properties":{"id":null,"CONTROL":"3014","SERIE":"15","LINEA":"075","COD_SEG":"002","COD_MANZA":1,"PISO":null,"actualizad":null}},
{"type":"Feature","geometry":{"type":"Point","coordinates":[-63.72823,10.16263]},"properties":{"id":null,"CONTROL":"3014","SERIE":"06","LINEA":"066","COD_SEG":"002","COD_MANZA":1,"PISO":null,"actualizad":null}},
{"type":"Feature","geometry":{"type":"Point","coordinates":[-63.7284,10.16237]},"properties":{"id":null,"CONTROL":"3014","SERIE":"08","LINEA":"068","COD_SEG":"002","COD_MANZA":1,"PISO":null,"actualizad":null}},
{"type":"Feature","geometry":{"type":"Point","coordinates":[-63.72865,10.16205]},"properties":{"id":null,"CONTROL":"3014","SERIE":"12","LINEA":"072","COD_SEG":"002","COD_MANZA":1,"PISO":null,"actualizad":null}},
{"type":"Feature","geometry":{"type":"Point","coordinates":[-63.72907,10.16139]},"properties":{"id":null,"CONTROL":"3014","SERIE":"11","LINEA":"071","COD_SEG":"002","COD_MANZA":1,"PISO":null,"actualizad":null}},
{"type":"Feature","geometry":{"type":"Point","coordinates":[-63.72919,10.16129]},"properties":{"id":null,"CONTROL":"3014","SERIE":"08","LINEA":"070","COD_SEG":"002","COD_MANZA":1,"PISO":null,"actualizad":null}},
{"type":"Feature","geometry":{"type":"Point","coordinates":[-63.72931,10.16116]},"properties":{"id":null,"CONTROL":"3014","SERIE":"09","LINEA":"069","COD_SEG":"002","COD_MANZA":1,"PISO":null,"actualizad":null}},
{"type":"Feature","geometry":{"type":"Point","coordinates":[-63.72846,10.16175]},"properties":{"id":null,"CONTROL":"3014","SERIE":"13","LINEA":"073","COD_SEG":"002","COD_MANZA":1,"PISO":null,"actualizad":null}},
{"type":"Feature","geometry":{"type":"Point","coordinates":[-63.72814,10.16216]},"properties":{"id":null,"CONTROL":"3014","SERIE":"07","LINEA":"067","COD_SEG":"002","COD_MANZA":1,"PISO":null,"actualizad":null}},
{"type":"Feature","geometry":{"type":"Point","coordinates":[-63.7279,10.16224]},"properties":{"id":null,"CONTROL":"3014","SERIE":"05","LINEA":"065","COD_SEG":"002","COD_MANZA":1,"PISO":null,"actualizad":null}},
{"type":"Feature","geometry":{"type":"Point","coordinates":[-63.72769,10.16241]},"properties":{"id":null,"CONTROL":"3014","SERIE":"ESCUELA BASICA ALCALDIA","LINEA":null,"COD_SEG":"002","COD_MANZA":1,"PISO":null,"actualizad":null}},
{"type":"Feature","geometry":{"type":"Point","coordinates":[-63.72746,10.16226]},"properties":{"id":null,"CONTROL":"3014","SERIE":"04","LINEA":"064","COD_SEG":"002","COD_MANZA":1,"PISO":null,"actualizad":null}},
{"type":"Feature","geometry":{"type":"Point","coordinates":[-63.72732,10.1623]},"properties":{"id":null,"CONTROL":"3014","SERIE":"02","LINEA":"062","COD_SEG":"002","COD_MANZA":1,"PISO":null,"actualizad":null}},
{"type":"Feature","geometry":{"type":"Point","coordinates":[-63.72744,10.16243]},"properties":{"id":null,"CONTROL":"3014","SERIE":"03","LINEA":"063","COD_SEG":"002","COD_MANZA":1,"PISO":null,"actualizad":null}},
{"type":"Feature","geometry":{"type":"Point","coordinates":[-63.72688,10.1622]},"properties":{"id":null,"CONTROL":"3014","SERIE":"01","LINEA":"061","COD_SEG":"002","COD_MANZA":1,"PISO":null,"actualizad":null}},
{"type":"Feature","geometry":{"type":"Point","coordinates":[-63.47015,9.75679]},"properties":{"id":null,"CONTROL":"3042","SERIE":"CANCHA DEPORTIVA","LINEA":null,"COD_SEG":"007","COD_MANZA":14,"PISO":null,"actualizad":null}},
{"type":"Feature","geometry":{"type":"Point","coordinates":[-63.46977,9.75653]},"properties":{"id":null,"CONTROL":"3042","SERIE":"01","LINEA":"092","COD_SEG":"007","COD_MANZA":14,"PISO":null,"actualizad":null}},
{"type":"Feature","geometry":{"type":"Point","coordinates":[-63.4697,9.75632]},"properties":{"id":null,"CONTROL":"3042","SERIE":"02","LINEA":"093","COD_SEG":"007","COD_MANZA":14,"PISO":null,"actualizad":null}},
{"type":"Feature","geometry":{"type":"Point","coordinates":[-63.46965,9.75623]},"properties":{"id":null,"CONTROL":"3042","SERIE":"03","LINEA":"094","COD_SEG":"007","COD_MANZA":14,"PISO":null,"actualizad":null}},
{"type":"Feature","geometry":{"type":"Point","coordinates":[-63.46959,9.7561]},"properties":{"id":null,"CONTROL":"3042","SERIE":"04","LINEA":"095","COD_SEG":"007","COD_MANZA":14,"PISO":null,"actualizad":null}},
{"type":"Feature","geometry":{"type":"Point","coordinates":[-63.46954,9.75602]},"properties":{"id":null,"CONTROL":"3042","SERIE":"05","LINEA":"096","COD_SEG":"007","COD_MANZA":14,"PISO":null,"actualizad":null}},
{"type":"Feature","geometry":{"type":"Point","coordinates":[-63.46984,9.75592]},"properties":{"id":null,"CONTROL":"3042","SERIE":"06","LINEA":"097","COD_SEG":"007","COD_MANZA":14,"PISO":null,"actualizad":null}},
{"type":"Feature","geometry":{"type":"Point","coordinates":[-63.46995,9.75617]},"properties":{"id":null,"CONTROL":"3042","SERIE":"07","LINEA":"098","COD_SEG":"007","COD_MANZA":14,"PISO":null,"actualizad":null}},
{"type":"Feature","geometry":{"type":"Point","coordinates":[-63.47007,9.75638]},"properties":{"id":null,"CONTROL":"3042","SERIE":"08","LINEA":"099","COD_SEG":"007","COD_MANZA":14,"PISO":null,"actualizad":null}},
{"type":"Feature","geometry":{"type":"Point","coordinates":[-63.4701,9.75647]},"properties":{"id":null,"CONTROL":"3042","SERIE":"09","LINEA":"100","COD_SEG":"007","COD_MANZA":14,"PISO":null,"actualizad":null}},
{"type":"Feature","geometry":{"type":"Point","coordinates":[-63.46941,9.75577]},"properties":{"id":null,"CONTROL":"3042","SERIE":"10","LINEA":"101","COD_SEG":"007","COD_MANZA":15,"PISO":null,"actualizad":null}},
{"type":"Feature","geometry":{"type":"Point","coordinates":[-63.46932,9.75565]},"properties":{"id":null,"CONTROL":"3042","SERIE":"11","LINEA":"102","COD_SEG":"007","COD_MANZA":15,"PISO":null,"actualizad":null}},
{"type":"Feature","geometry":{"type":"Point","coordinates":[-63.46926,9.7556]},"properties":{"id":null,"CONTROL":"3042","SERIE":"12","LINEA":"103","COD_SEG":"007","COD_MANZA":15,"PISO":null,"actualizad":null}},
{"type":"Feature","geometry":{"type":"Point","coordinates":[-63.46913,9.75542]},"properties":{"id":null,"CONTROL":"3042","SERIE":"13","LINEA":"104","COD_SEG":"007","COD_MANZA":15,"PISO":null,"actualizad":null}},
{"type":"Feature","geometry":{"type":"Point","coordinates":[-63.46905,9.75536]},"properties":{"id":null,"CONTROL":"3042","SERIE":"14","LINEA":"105","COD_SEG":"007","COD_MANZA":15,"PISO":null,"actualizad":null}},
{"type":"Feature","geometry":{"type":"Point","coordinates":[-63.46933,9.7552]},"properties":{"id":null,"CONTROL":"3042","SERIE":"15","LINEA":"106","COD_SEG":"007","COD_MANZA":15,"PISO":null,"actualizad":null}},
{"type":"Feature","geometry":{"type":"Point","coordinates":[-63.4695,9.75539]},"properties":{"id":null,"CONTROL":"3042","SERIE":"16","LINEA":"107","COD_SEG":"007","COD_MANZA":15,"PISO":null,"actualizad":null}},
{"type":"Feature","geometry":{"type":"Point","coordinates":[-63.468,9.75597]},"properties":{"id":null,"CONTROL":"3042","SERIE":"FERRETERIA LA PETROLERA","LINEA":null,"COD_SEG":"007","COD_MANZA":15,"PISO":null,"actualizad":null}},
{"type":"Feature","geometry":{"type":"Point","coordinates":[-63.1507,9.76337]},"properties":{"id":null,"CONTROL":"0021","SERIE":"01","LINEA":"106","COD_SEG":"011","COD_MANZA":4,"PISO":null,"actualizad":null}},
{"type":"Feature","geometry":{"type":"Point","coordinates":[-63.15079,9.76332]},"properties":{"id":null,"CONTROL":"0021","SERIE":"02","LINEA":"107","COD_SEG":"011","COD_MANZA":4,"PISO":null,"actualizad":null}},
{"type":"Feature","geometry":{"type":"Point","coordinates":[-63.15089,9.76327]},"properties":{"id":null,"CONTROL":"0021","SERIE":"03","LINEA":"108","COD_SEG":"011","COD_MANZA":4,"PISO":null,"actualizad":null}},
{"type":"Feature","geometry":{"type":"Point","coordinates":[-63.15097,9.76321]},"properties":{"id":null,"CONTROL":"0021","SERIE":"04","LINEA":"109","COD_SEG":"011","COD_MANZA":4,"PISO":null,"actualizad":null}},
{"type":"Feature","geometry":{"type":"Point","coordinates":[-63.15104,9.76314]},"properties":{"id":null,"CONTROL":"0021","SERIE":"05","LINEA":"110","COD_SEG":"011","COD_MANZA":4,"PISO":null,"actualizad":null}},
{"type":"Feature","geometry":{"type":"Point","coordinates":[-63.15114,9.76319]},"properties":{"id":null,"CONTROL":"0021","SERIE":"06","LINEA":"111","COD_SEG":"011","COD_MANZA":4,"PISO":null,"actualizad":null}},
{"type":"Feature","geometry":{"type":"Point","coordinates":[-63.1512,9.76333]},"properties":{"id":null,"CONTROL":"0021","SERIE":"07","LINEA":"112","COD_SEG":"011","COD_MANZA":4,"PISO":null,"actualizad":null}},
{"type":"Feature","geometry":{"type":"Point","coordinates":[-63.15127,9.76343]},"properties":{"id":null,"CONTROL":"0021","SERIE":"08","LINEA":"113","COD_SEG":"011","COD_MANZA":4,"PISO":null,"actualizad":null}},
{"type":"Feature","geometry":{"type":"Point","coordinates":[-63.15117,9.76349]},"properties":{"id":null,"CONTROL":"0021","SERIE":"09","LINEA":"114","COD_SEG":"011","COD_MANZA":4,"PISO":null,"actualizad":null}},
{"type":"Feature","geometry":{"type":"Point","coordinates":[-63.15109,9.76355]},"properties":{"id":null,"CONTROL":"0021","SERIE":"10","LINEA":"115","COD_SEG":"011","COD_MANZA":4,"PISO":null,"actualizad":null}},
{"type":"Feature","geometry":{"type":"Point","coordinates":[-63.15101,9.76361]},"properties":{"id":null,"CONTROL":"0021","SERIE":"11","LINEA":"116","COD_SEG":"011","COD_MANZA":4,"PISO":null,"actualizad":null}},
{"type":"Feature","geometry":{"type":"Point","coordinates":[-63.15092,9.76365]},"properties":{"id":null,"CONTROL":"0021","SERIE":"12","LINEA":"117","COD_SEG":"011","COD_MANZA":4,"PISO":null,"actualizad":null}},
{"type":"Feature","geometry":{"type":"Point","coordinates":[-63.15085,9.7637]},"properties":{"id":null,"CONTROL":"0021","SERIE":"13","LINEA":"118","COD_SEG":"011","COD_MANZA":4,"PISO":null,"actualizad":null}},
{"type":"Feature","geometry":{"type":"Point","coordinates":[-63.15075,9.76373]},"properties":{"id":null,"CONTROL":"0021","SERIE":"14","LINEA":"119","COD_SEG":"011","COD_MANZA":4,"PISO":null,"actualizad":null}},
{"type":"Feature","geometry":{"type":"Point","coordinates":[-63.15068,9.76382]},"properties":{"id":null,"CONTROL":"0021","SERIE":"15","LINEA":"120","COD_SEG":"011","COD_MANZA":4,"PISO":null,"actualizad":null}},
{"type":"Feature","geometry":{"type":"Point","coordinates":[-63.25353,9.71336]},"properties":{"id":null,"CONTROL":"0033","SERIE":"01","LINEA":"057","COD_SEG":"022","COD_MANZA":2,"PISO":null,"actualizad":null}},
{"type":"Feature","geometry":{"type":"Point","coordinates":[-63.25356,9.71342]},"properties":{"id":null,"CONTROL":"0033","SERIE":"02","LINEA":"058","COD_SEG":"022","COD_MANZA":2,"PISO":null,"actualizad":null}},
{"type":"Feature","geometry":{"type":"Point","coordinates":[-63.25359,9.7135]},"properties":{"id":null,"CONTROL":"0033","SERIE":"03","LINEA":"059","COD_SEG":"022","COD_MANZA":2,"PISO":null,"actualizad":null}},
{"type":"Feature","geometry":{"type":"Point","coordinates":[-63.25305,9.71305]},"properties":{"id":null,"CONTROL":"0033","SERIE":"04","LINEA":"060","COD_SEG":"022","COD_MANZA":3,"PISO":null,"actualizad":null}},
{"type":"Feature","geometry":{"type":"Point","coordinates":[-63.25301,9.71297]},"properties":{"id":null,"CONTROL":"0033","SERIE":"05","LINEA":"061","COD_SEG":"022","COD_MANZA":3,"PISO":null,"actualizad":null}},
{"type":"Feature","geometry":{"type":"Point","coordinates":[-63.25299,9.71293]},"properties":{"id":null,"CONTROL":"0033","SERIE":"06","LINEA":"072","COD_SEG":"022","COD_MANZA":3,"PISO":null,"actualizad":null}},
{"type":"Feature","geometry":{"type":"Point","coordinates":[-63.25297,9.71288]},"properties":{"id":null,"CONTROL":"0033","SERIE":"07","LINEA":"063","COD_SEG":"022","COD_MANZA":3,"PISO":null,"actualizad":null}},
{"type":"Feature","geometry":{"type":"Point","coordinates":[-63.25294,9.71282]},"properties":{"id":null,"CONTROL":"0033","SERIE":"08","LINEA":"073","COD_SEG":"022","COD_MANZA":3,"PISO":null,"actualizad":null}},
{"type":"Feature","geometry":{"type":"Point","coordinates":[-63.25291,9.71278]},"properties":{"id":null,"CONTROL":"0033","SERIE":"09","LINEA":"065","COD_SEG":"022","COD_MANZA":3,"PISO":null,"actualizad":null}},
{"type":"Feature","geometry":{"type":"Point","coordinates":[-63.25288,9.71273]},"properties":{"id":null,"CONTROL":"0033","SERIE":"10","LINEA":"066","COD_SEG":"022","COD_MANZA":3,"PISO":null,"actualizad":null}},
{"type":"Feature","geometry":{"type":"Point","coordinates":[-63.25285,9.71268]},"properties":{"id":null,"CONTROL":"0033","SERIE":"11","LINEA":"067","COD_SEG":"022","COD_MANZA":3,"PISO":null,"actualizad":null}},
{"type":"Feature","geometry":{"type":"Point","coordinates":[-63.25278,9.71252]},"properties":{"id":null,"CONTROL":"0033","SERIE":"14","LINEA":"070","COD_SEG":"022","COD_MANZA":3,"PISO":null,"actualizad":null}},
{"type":"Feature","geometry":{"type":"Point","coordinates":[-63.25275,9.71247]},"properties":{"id":null,"CONTROL":"0033","SERIE":"15","LINEA":"071","COD_SEG":"022","COD_MANZA":3,"PISO":null,"actualizad":null}},
{"type":"Feature","geometry":{"type":"Point","coordinates":[-63.25283,9.71263]},"properties":{"id":null,"CONTROL":"0033","SERIE":"12","LINEA":"068","COD_SEG":"022","COD_MANZA":3,"PISO":null,"actualizad":null}},
{"type":"Feature","geometry":{"type":"Point","coordinates":[-63.25281,9.71257]},"properties":{"id":null,"CONTROL":"0033","SERIE":"13","LINEA":"069","COD_SEG":"022","COD_MANZA":3,"PISO":null,"actualizad":null}},
{"type":"Feature","geometry":{"type":"Point","coordinates":[-62.63599,9.00578]},"properties":{"id":null,"CONTROL":"2011","SERIE":"01\n","LINEA":"046","COD_SEG":"024","COD_MANZA":4,"PISO":null,"actualizad":null}},
{"type":"Feature","geometry":{"type":"Point","coordinates":[-62.63608,9.00578]},"properties":{"id":null,"CONTROL":"2011","SERIE":"02","LINEA":"047","COD_SEG":"024","COD_MANZA":4,"PISO":null,"actualizad":null}},
{"type":"Feature","geometry":{"type":"Point","coordinates":[-62.6362,9.00579]},"properties":{"id":null,"CONTROL":"2011","SERIE":"03","LINEA":"048","COD_SEG":"024","COD_MANZA":4,"PISO":null,"actualizad":null}},
{"type":"Feature","geometry":{"type":"Point","coordinates":[-62.6363,9.00578]},"properties":{"id":null,"CONTROL":"2011","SERIE":"LOCAL PRIMERO DE JUSTICIA\n","LINEA":null,"COD_SEG":"024","COD_MANZA":4,"PISO":null,"actualizad":null}},
{"type":"Feature","geometry":{"type":"Point","coordinates":[-62.63634,9.00592]},"properties":{"id":null,"CONTROL":"2011","SERIE":"04","LINEA":"051","COD_SEG":"024","COD_MANZA":4,"PISO":null,"actualizad":null}},
{"type":"Feature","geometry":{"type":"Point","coordinates":[-62.63634,9.00604]},"properties":{"id":null,"CONTROL":"2011","SERIE":"SANTIAGO MOTOS\n","LINEA":null,"COD_SEG":"024","COD_MANZA":4,"PISO":null,"actualizad":null}},
{"type":"Feature","geometry":{"type":"Point","coordinates":[-62.63633,9.00615]},"properties":{"id":null,"CONTROL":"2011","SERIE":"05","LINEA":"053","COD_SEG":"024","COD_MANZA":4,"PISO":null,"actualizad":null}},
{"type":"Feature","geometry":{"type":"Point","coordinates":[-62.63634,9.00621]},"properties":{"id":null,"CONTROL":"2011","SERIE":"06","LINEA":"054","COD_SEG":"024","COD_MANZA":4,"PISO":null,"actualizad":null}},
{"type":"Feature","geometry":{"type":"Point","coordinates":[-62.63634,9.00632]},"properties":{"id":null,"CONTROL":"2011","SERIE":"07","LINEA":"055","COD_SEG":"024","COD_MANZA":4,"PISO":null,"actualizad":null}},
{"type":"Feature","geometry":{"type":"Point","coordinates":[-62.63633,9.00641]},"properties":{"id":null,"CONTROL":"2011","SERIE":"CENTRO HIPICO\n","LINEA":null,"COD_SEG":"024","COD_MANZA":4,"PISO":null,"actualizad":null}},
{"type":"Feature","geometry":{"type":"Point","coordinates":[-62.63729,9.00639]},"properties":{"id":null,"CONTROL":"2011","SERIE":"08","LINEA":"056","COD_SEG":"024","COD_MANZA":5,"PISO":null,"actualizad":null}},
{"type":"Feature","geometry":{"type":"Point","coordinates":[-62.63718,9.00641]},"properties":{"id":null,"CONTROL":"2011","SERIE":"INVERSIONES MARIBEL\n","LINEA":null,"COD_SEG":"024","COD_MANZA":5,"PISO":null,"actualizad":null}},
{"type":"Feature","geometry":{"type":"Point","coordinates":[-62.6371,9.0064]},"properties":{"id":null,"CONTROL":"2011","SERIE":"CONTRALORIA MUNICIPAL\n","LINEA":null,"COD_SEG":"024","COD_MANZA":5,"PISO":null,"actualizad":null}},
{"type":"Feature","geometry":{"type":"Point","coordinates":[-62.63701,9.00641]},"properties":{"id":null,"CONTROL":"2011","SERIE":"OFICINA DE CONTADORES\n","LINEA":null,"COD_SEG":"024","COD_MANZA":5,"PISO":null,"actualizad":null}},
{"type":"Feature","geometry":{"type":"Point","coordinates":[-62.63692,9.00643]},"properties":{"id":null,"CONTROL":"2011","SERIE":"09","LINEA":null,"COD_SEG":"024","COD_MANZA":5,"PISO":null,"actualizad":null}},
{"type":"Feature","geometry":{"type":"Point","coordinates":[-63.19538,9.79501]},"properties":{"id":null,"CONTROL":"2024","SERIE":"01","LINEA":"071","COD_SEG":"029","COD_MANZA":1,"PISO":null,"actualizad":null}},
{"type":"Feature","geometry":{"type":"Point","coordinates":[-63.19542,9.79511]},"properties":{"id":null,"CONTROL":"2024","SERIE":"02","LINEA":"072","COD_SEG":"029","COD_MANZA":1,"PISO":null,"actualizad":null}},
{"type":"Feature","geometry":{"type":"Point","coordinates":[-63.19573,9.79507]},"properties":{"id":null,"CONTROL":"2024","SERIE":"03","LINEA":"073","COD_SEG":"029","COD_MANZA":1,"PISO":null,"actualizad":null}},
{"type":"Feature","geometry":{"type":"Point","coordinates":[-63.19569,9.79498]},"properties":{"id":null,"CONTROL":"2024","SERIE":"04","LINEA":"074","COD_SEG":"029","COD_MANZA":1,"PISO":null,"actualizad":null}},
{"type":"Feature","geometry":{"type":"Point","coordinates":[-63.19565,9.79489]},"properties":{"id":null,"CONTROL":"2024","SERIE":"05","LINEA":"075","COD_SEG":"029","COD_MANZA":1,"PISO":null,"actualizad":null}},
{"type":"Feature","geometry":{"type":"Point","coordinates":[-63.19561,9.7948]},"properties":{"id":null,"CONTROL":"2024","SERIE":"06","LINEA":"076","COD_SEG":"029","COD_MANZA":1,"PISO":null,"actualizad":null}},
{"type":"Feature","geometry":{"type":"Point","coordinates":[-63.19558,9.79473]},"properties":{"id":null,"CONTROL":"2024","SERIE":"07","LINEA":"077","COD_SEG":"029","COD_MANZA":1,"PISO":null,"actualizad":null}},
{"type":"Feature","geometry":{"type":"Point","coordinates":[-63.19575,9.79464]},"properties":{"id":null,"CONTROL":"2024","SERIE":"08","LINEA":"078","COD_SEG":"029","COD_MANZA":1,"PISO":null,"actualizad":null}},
{"type":"Feature","geometry":{"type":"Point","coordinates":[-63.19579,9.79472]},"properties":{"id":null,"CONTROL":"2024","SERIE":"09","LINEA":"079","COD_SEG":"029","COD_MANZA":1,"PISO":null,"actualizad":null}},
{"type":"Feature","geometry":{"type":"Point","coordinates":[-63.19585,9.79481]},"properties":{"id":null,"CONTROL":"2024","SERIE":"10","LINEA":"080","COD_SEG":"029","COD_MANZA":1,"PISO":null,"actualizad":null}},
{"type":"Feature","geometry":{"type":"Point","coordinates":[-63.19588,9.7949]},"properties":{"id":null,"CONTROL":"2024","SERIE":"11","LINEA":"081","COD_SEG":"029","COD_MANZA":1,"PISO":null,"actualizad":null}},
{"type":"Feature","geometry":{"type":"Point","coordinates":[-63.19591,9.795]},"properties":{"id":null,"CONTROL":"2024","SERIE":"12","LINEA":"082","COD_SEG":"029","COD_MANZA":1,"PISO":null,"actualizad":null}},
{"type":"Feature","geometry":{"type":"Point","coordinates":[-63.19611,9.7949]},"properties":{"id":null,"CONTROL":"2024","SERIE":"13","LINEA":"083","COD_SEG":"029","COD_MANZA":1,"PISO":null,"actualizad":null}},
{"type":"Feature","geometry":{"type":"Point","coordinates":[-63.19607,9.79479]},"properties":{"id":null,"CONTROL":"2024","SERIE":"14","LINEA":"084","COD_SEG":"029","COD_MANZA":1,"PISO":null,"actualizad":null}},
{"type":"Feature","geometry":{"type":"Point","coordinates":[-63.19008,9.73096]},"properties":{"id":null,"CONTROL":"3037","SERIE":"01","LINEA":"001","COD_SEG":"084","COD_MANZA":1,"PISO":null,"actualizad":null}},
{"type":"Feature","geometry":{"type":"Point","coordinates":[-63.19018,9.73082]},"properties":{"id":null,"CONTROL":"3037","SERIE":"02","LINEA":"002","COD_SEG":"084","COD_MANZA":1,"PISO":null,"actualizad":null}},
{"type":"Feature","geometry":{"type":"Point","coordinates":[-63.19022,9.73071]},"properties":{"id":null,"CONTROL":"3037","SERIE":"OE","LINEA":"LOCAL DESOCUPADO","COD_SEG":"084","COD_MANZA":1,"PISO":null,"actualizad":null}},
{"type":"Feature","geometry":{"type":"Point","coordinates":[-63.19031,9.73074]},"properties":{"id":null,"CONTROL":"3037","SERIE":"03","LINEA":"004","COD_SEG":"084","COD_MANZA":1,"PISO":null,"actualizad":null}},
{"type":"Feature","geometry":{"type":"Point","coordinates":[-63.19039,9.73077]},"properties":{"id":null,"CONTROL":"3037","SERIE":"04","LINEA":"005","COD_SEG":"084","COD_MANZA":1,"PISO":null,"actualizad":null}},
{"type":"Feature","geometry":{"type":"Point","coordinates":[-63.19043,9.73079]},"properties":{"id":null,"CONTROL":"3037","SERIE":"05","LINEA":"005","COD_SEG":"084","COD_MANZA":1,"PISO":null,"actualizad":null}},
{"type":"Feature","geometry":{"type":"Point","coordinates":[-63.19056,9.73087]},"properties":{"id":null,"CONTROL":"3037","SERIE":"06","LINEA":"006","COD_SEG":"084","COD_MANZA":1,"PISO":null,"actualizad":null}},
{"type":"Feature","geometry":{"type":"Point","coordinates":[-63.19065,9.73088]},"properties":{"id":null,"CONTROL":"3037","SERIE":"07","LINEA":"007","COD_SEG":"084","COD_MANZA":1,"PISO":null,"actualizad":null}},
{"type":"Feature","geometry":{"type":"Point","coordinates":[-63.19074,9.73094]},"properties":{"id":null,"CONTROL":"3037","SERIE":"08","LINEA":"008","COD_SEG":"084","COD_MANZA":1,"PISO":null,"actualizad":null}},
{"type":"Feature","geometry":{"type":"Point","coordinates":[-63.19082,9.73096]},"properties":{"id":null,"CONTROL":"3037","SERIE":"09","LINEA":"009","COD_SEG":"084","COD_MANZA":1,"PISO":null,"actualizad":null}},
{"type":"Feature","geometry":{"type":"Point","coordinates":[-63.19091,9.73101]},"properties":{"id":null,"CONTROL":"3037","SERIE":"10","LINEA":"010","COD_SEG":"084","COD_MANZA":1,"PISO":null,"actualizad":null}},
{"type":"Feature","geometry":{"type":"Point","coordinates":[-63.191,9.73105]},"properties":{"id":null,"CONTROL":"3037","SERIE":"11","LINEA":"011","COD_SEG":"084","COD_MANZA":1,"PISO":null,"actualizad":null}},
{"type":"Feature","geometry":{"type":"Point","coordinates":[-63.19107,9.73107]},"properties":{"id":null,"CONTROL":"3037","SERIE":"12","LINEA":"012","COD_SEG":"084","COD_MANZA":1,"PISO":null,"actualizad":null}},
{"type":"Feature","geometry":{"type":"Point","coordinates":[-63.19117,9.7311]},"properties":{"id":null,"CONTROL":"3037","SERIE":"13","LINEA":"013","COD_SEG":"084","COD_MANZA":1,"PISO":null,"actualizad":null}},
{"type":"Feature","geometry":{"type":"Point","coordinates":[-63.19127,9.73122]},"properties":{"id":null,"CONTROL":"3037","SERIE":"14","LINEA":"014","COD_SEG":"084","COD_MANZA":1,"PISO":null,"actualizad":null}},
{"type":"Feature","geometry":{"type":"Point","coordinates":[-63.19126,9.73137]},"properties":{"id":null,"CONTROL":"3037","SERIE":"15","LINEA":"015","COD_SEG":"084","COD_MANZA":1,"PISO":null,"actualizad":null}},
{"type":"Feature","geometry":{"type":"Point","coordinates":[-63.15488,9.73219]},"properties":{"id":null,"CONTROL":"6006","SERIE":"01","LINEA":"046","COD_SEG":"118","COD_MANZA":1,"PISO":null,"actualizad":null}},
{"type":"Feature","geometry":{"type":"Point","coordinates":[-63.15495,9.73225]},"properties":{"id":null,"CONTROL":"6006","SERIE":"02","LINEA":"047","COD_SEG":"118","COD_MANZA":1,"PISO":null,"actualizad":null}},
{"type":"Feature","geometry":{"type":"Point","coordinates":[-63.15501,9.73232]},"properties":{"id":null,"CONTROL":"6006","SERIE":"03","LINEA":"048","COD_SEG":"118","COD_MANZA":1,"PISO":null,"actualizad":null}},
{"type":"Feature","geometry":{"type":"Point","coordinates":[-63.15504,9.73237]},"properties":{"id":null,"CONTROL":"6006","SERIE":"04","LINEA":"049","COD_SEG":"118","COD_MANZA":1,"PISO":null,"actualizad":null}},
{"type":"Feature","geometry":{"type":"Point","coordinates":[-63.15511,9.73242]},"properties":{"id":null,"CONTROL":"6006","SERIE":"05","LINEA":"050","COD_SEG":"118","COD_MANZA":1,"PISO":null,"actualizad":null}},
{"type":"Feature","geometry":{"type":"Point","coordinates":[-63.15518,9.73247]},"properties":{"id":null,"CONTROL":"6006","SERIE":"06","LINEA":"051","COD_SEG":"118","COD_MANZA":1,"PISO":null,"actualizad":null}},
{"type":"Feature","geometry":{"type":"Point","coordinates":[-63.15524,9.73255]},"properties":{"id":null,"CONTROL":"6006","SERIE":"07","LINEA":"053","COD_SEG":"118","COD_MANZA":1,"PISO":null,"actualizad":null}},
{"type":"Feature","geometry":{"type":"Point","coordinates":[-63.1552,9.73262]},"properties":{"id":null,"CONTROL":"6006","SERIE":"08","LINEA":"054","COD_SEG":"118","COD_MANZA":1,"PISO":null,"actualizad":null}},
{"type":"Feature","geometry":{"type":"Point","coordinates":[-63.15515,9.73266]},"properties":{"id":null,"CONTROL":"6006","SERIE":"10","LINEA":"055","COD_SEG":"118","COD_MANZA":1,"PISO":null,"actualizad":null}},
{"type":"Feature","geometry":{"type":"Point","coordinates":[-63.15509,9.73272]},"properties":{"id":null,"CONTROL":"6006","SERIE":"11","LINEA":"056","COD_SEG":"118","COD_MANZA":1,"PISO":null,"actualizad":null}},
{"type":"Feature","geometry":{"type":"Point","coordinates":[-63.1551,9.73281]},"properties":{"id":null,"CONTROL":"6006","SERIE":"12","LINEA":"057","COD_SEG":"118","COD_MANZA":1,"PISO":null,"actualizad":null}},
{"type":"Feature","geometry":{"type":"Point","coordinates":[-63.15539,9.73271]},"properties":{"id":null,"CONTROL":"6006","SERIE":"13","LINEA":"058","COD_SEG":"118","COD_MANZA":1,"PISO":null,"actualizad":null}},
{"type":"Feature","geometry":{"type":"Point","coordinates":[-63.15535,9.73276]},"properties":{"id":null,"CONTROL":"6006","SERIE":"14","LINEA":"059","COD_SEG":"118","COD_MANZA":1,"PISO":null,"actualizad":null}},
{"type":"Feature","geometry":{"type":"Point","coordinates":[-63.86036,9.89242]},"properties":{"id":null,"CONTROL":"0016","SERIE":"01","LINEA":"001","COD_SEG":"SECTOR 009","COD_MANZA":0,"PISO":null,"actualizad":null}},
{"type":"Feature","geometry":{"type":"Point","coordinates":[-63.86009,9.89216]},"properties":{"id":null,"CONTROL":"0016","SERIE":"02","LINEA":"002","COD_SEG":"SECTOR 009","COD_MANZA":0,"PISO":null,"actualizad":null}},
{"type":"Feature","geometry":{"type":"Point","coordinates":[-63.85979,9.89181]},"properties":{"id":null,"CONTROL":"0016","SERIE":"03","LINEA":"003","COD_SEG":"SECTOR 009","COD_MANZA":0,"PISO":null,"actualizad":null}},
{"type":"Feature","geometry":{"type":"Point","coordinates":[-63.85968,9.89169]},"properties":{"id":null,"CONTROL":"0016","SERIE":"04","LINEA":"004","COD_SEG":"SECTOR 009","COD_MANZA":0,"PISO":null,"actualizad":null}},
{"type":"Feature","geometry":{"type":"Point","coordinates":[-63.85942,9.89144]},"properties":{"id":null,"CONTROL":"0016","SERIE":"05","LINEA":"005","COD_SEG":"SECTOR 009","COD_MANZA":0,"PISO":null,"actualizad":null}},
{"type":"Feature","geometry":{"type":"Point","coordinates":[-63.85933,9.89117]},"properties":{"id":null,"CONTROL":"0016","SERIE":"06","LINEA":"006","COD_SEG":"SECTOR 009","COD_MANZA":0,"PISO":null,"actualizad":null}},
{"type":"Feature","geometry":{"type":"Point","coordinates":[-63.85906,9.89109]},"properties":{"id":null,"CONTROL":"0016","SERIE":"07","LINEA":"007","COD_SEG":"SECTOR 009","COD_MANZA":0,"PISO":null,"actualizad":null}},
{"type":"Feature","geometry":{"type":"Point","coordinates":[-63.85889,9.89082]},"properties":{"id":null,"CONTROL":"0016","SERIE":"08","LINEA":"008","COD_SEG":"SECTOR 009","COD_MANZA":0,"PISO":null,"actualizad":null}},
{"type":"Feature","geometry":{"type":"Point","coordinates":[-63.85872,9.8907]},"properties":{"id":null,"CONTROL":"0016","SERIE":"09","LINEA":"009","COD_SEG":"SECTOR 009","COD_MANZA":0,"PISO":null,"actualizad":null}},
{"type":"Feature","geometry":{"type":"Point","coordinates":[-63.85841,9.89041]},"properties":{"id":null,"CONTROL":"0016","SERIE":"10","LINEA":"010","COD_SEG":"SECTOR 009","COD_MANZA":0,"PISO":null,"actualizad":null}},
{"type":"Feature","geometry":{"type":"Point","coordinates":[-63.85824,9.89022]},"properties":{"id":null,"CONTROL":"0016","SERIE":"11","LINEA":"011","COD_SEG":"SECTOR 009","COD_MANZA":0,"PISO":null,"actualizad":null}},
{"type":"Feature","geometry":{"type":"Point","coordinates":[-63.85814,9.89009]},"properties":{"id":null,"CONTROL":"0016","SERIE":"12","LINEA":"012","COD_SEG":"SECTOR 009","COD_MANZA":0,"PISO":null,"actualizad":null}},
{"type":"Feature","geometry":{"type":"Point","coordinates":[-63.85787,9.88971]},"properties":{"id":null,"CONTROL":"0016","SERIE":"13","LINEA":"103","COD_SEG":"SECTOR 009","COD_MANZA":0,"PISO":null,"actualizad":null}},
{"type":"Feature","geometry":{"type":"Point","coordinates":[-63.85773,9.88954]},"properties":{"id":null,"CONTROL":"0016","SERIE":"14","LINEA":"014","COD_SEG":"SECTOR 009","COD_MANZA":0,"PISO":null,"actualizad":null}},
{"type":"Feature","geometry":{"type":"Point","coordinates":[-63.85718,9.88898]},"properties":{"id":null,"CONTROL":"0016","SERIE":"15","LINEA":"015","COD_SEG":"SECTOR 009","COD_MANZA":0,"PISO":null,"actualizad":null}},
{"type":"Feature","geometry":{"type":"Point","coordinates":[-63.85699,9.88861]},"properties":{"id":null,"CONTROL":"0016","SERIE":"16","LINEA":"016","COD_SEG":"SECTOR 009","COD_MANZA":0,"PISO":null,"actualizad":null}},
{"type":"Feature","geometry":{"type":"Point","coordinates":[-63.85637,9.88805]},"properties":{"id":null,"CONTROL":"0016","SERIE":"IGLESIA","LINEA":"017","COD_SEG":"SECTOR 009","COD_MANZA":0,"PISO":null,"actualizad":null}},
{"type":"Feature","geometry":{"type":"Point","coordinates":[-63.85656,9.8874]},"properties":{"id":null,"CONTROL":"0016","SERIE":"ESCUELA BASICA SAN JUAN DE AREO","LINEA":"018","COD_SEG":"SECTOR 009","COD_MANZA":0,"PISO":null,"actualizad":null}},
{"type":"Feature","geometry":{"type":"Point","coordinates":[-63.85521,9.88438]},"properties":{"id":null,"CONTROL":"0016","SERIE":"AMBULATORIO RURAL TIPO I SAN JUAN DE AREO","LINEA":"019","COD_SEG":"SECTOR 009","COD_MANZA":0,"PISO":null,"actualizad":null}},
{"type":"Feature","geometry":{"type":"Point","coordinates":[-63.17714,9.74921]},"properties":{"id":null,"CONTROL":"2033","SERIE":"06","LINEA":"137","COD_SEG":"028","COD_MANZA":3,"PISO":null,"actualizad":null}},
{"type":"Feature","geometry":{"type":"Point","coordinates":[-63.17702,9.74921]},"properties":{"id":null,"CONTROL":"2033","SERIE":"07","LINEA":"138","COD_SEG":"028","COD_MANZA":3,"PISO":null,"actualizad":null}},
{"type":"Feature","geometry":{"type":"Point","coordinates":[-63.17708,9.74758]},"properties":{"id":null,"CONTROL":"2033","SERIE":"03","LINEA":"150","COD_SEG":"028","COD_MANZA":4,"PISO":null,"actualizad":null}},
{"type":"Feature","geometry":{"type":"Point","coordinates":[-63.17684,9.74919]},"properties":{"id":null,"CONTROL":"2033","SERIE":"01","LINEA":"143","COD_SEG":"028","COD_MANZA":3,"PISO":null,"actualizad":null}},
{"type":"Feature","geometry":{"type":"Point","coordinates":[-63.17674,9.74916]},"properties":{"id":null,"CONTROL":"2033","SERIE":"02","LINEA":"145","COD_SEG":"028","COD_MANZA":3,"PISO":null,"actualizad":null}},
{"type":"Feature","geometry":{"type":"Point","coordinates":[-63.17717,9.7476]},"properties":{"id":null,"CONTROL":"2033","SERIE":"04","LINEA":"151","COD_SEG":"028","COD_MANZA":4,"PISO":null,"actualizad":null}},
{"type":"Feature","geometry":{"type":"Point","coordinates":[-63.17724,9.74762]},"properties":{"id":null,"CONTROL":"2033","SERIE":"05","LINEA":"152","COD_SEG":"028","COD_MANZA":4,"PISO":null,"actualizad":null}},
{"type":"Feature","geometry":{"type":"Point","coordinates":[-63.20487,9.71969]},"properties":{"id":null,"CONTROL":"0075","SERIE":"01","LINEA":"106","COD_SEG":"050","COD_MANZA":12,"PISO":null,"actualizad":null}},
{"type":"Feature","geometry":{"type":"Point","coordinates":[-63.20491,9.71974]},"properties":{"id":null,"CONTROL":"0075","SERIE":"02","LINEA":"107","COD_SEG":"050","COD_MANZA":12,"PISO":null,"actualizad":null}},
{"type":"Feature","geometry":{"type":"Point","coordinates":[-63.20499,9.71985]},"properties":{"id":null,"CONTROL":"0075","SERIE":"04","LINEA":"109","COD_SEG":"050","COD_MANZA":12,"PISO":null,"actualizad":null}},
{"type":"Feature","geometry":{"type":"Point","coordinates":[-63.20504,9.7199]},"properties":{"id":null,"CONTROL":"0075","SERIE":"05","LINEA":"110","COD_SEG":"050","COD_MANZA":12,"PISO":null,"actualizad":null}},
{"type":"Feature","geometry":{"type":"Point","coordinates":[-63.2051,9.71999]},"properties":{"id":null,"CONTROL":"0075","SERIE":"06","LINEA":"011","COD_SEG":"050","COD_MANZA":12,"PISO":null,"actualizad":null}},
{"type":"Feature","geometry":{"type":"Point","coordinates":[-63.20515,9.72004]},"properties":{"id":null,"CONTROL":"0075","SERIE":"07\n","LINEA":"112","COD_SEG":"050","COD_MANZA":12,"PISO":null,"actualizad":null}},
{"type":"Feature","geometry":{"type":"Point","coordinates":[-63.2052,9.7201]},"properties":{"id":null,"CONTROL":"0075","SERIE":"16","LINEA":"121","COD_SEG":"050","COD_MANZA":12,"PISO":null,"actualizad":null}},
{"type":"Feature","geometry":{"type":"Point","coordinates":[-63.20494,9.71981]},"properties":{"id":null,"CONTROL":"0075","SERIE":"03","LINEA":"108","COD_SEG":"050","COD_MANZA":12,"PISO":null,"actualizad":null}},
{"type":"Feature","geometry":{"type":"Point","coordinates":[-63.2055,9.71981]},"properties":{"id":null,"CONTROL":"0075","SERIE":"08","LINEA":"113","COD_SEG":"050","COD_MANZA":13,"PISO":null,"actualizad":null}},
{"type":"Feature","geometry":{"type":"Point","coordinates":[-63.20534,9.71994]},"properties":{"id":null,"CONTROL":"0075","SERIE":"09","LINEA":"114","COD_SEG":"050","COD_MANZA":13,"PISO":null,"actualizad":null}},
{"type":"Feature","geometry":{"type":"Point","coordinates":[-63.20528,9.71986]},"properties":{"id":null,"CONTROL":"0075","SERIE":"10","LINEA":"115","COD_SEG":"050","COD_MANZA":13,"PISO":null,"actualizad":null}},
{"type":"Feature","geometry":{"type":"Point","coordinates":[-63.20521,9.71978]},"properties":{"id":null,"CONTROL":"0075","SERIE":"11","LINEA":"116","COD_SEG":"050","COD_MANZA":13,"PISO":null,"actualizad":null}},
{"type":"Feature","geometry":{"type":"Point","coordinates":[-63.20515,9.71971]},"properties":{"id":null,"CONTROL":"0075","SERIE":"12","LINEA":"117","COD_SEG":"050","COD_MANZA":13,"PISO":null,"actualizad":null}},
{"type":"Feature","geometry":{"type":"Point","coordinates":[-63.20509,9.71964]},"properties":{"id":null,"CONTROL":"0075","SERIE":"13","LINEA":"118","COD_SEG":"050","COD_MANZA":13,"PISO":null,"actualizad":null}},
{"type":"Feature","geometry":{"type":"Point","coordinates":[-63.20504,9.71957]},"properties":{"id":null,"CONTROL":"0075","SERIE":"14","LINEA":"119","COD_SEG":"050","COD_MANZA":13,"PISO":null,"actualizad":null}},
{"type":"Feature","geometry":{"type":"Point","coordinates":[-63.20518,9.71944]},"properties":{"id":null,"CONTROL":"0075","SERIE":"15","LINEA":"120","COD_SEG":"050","COD_MANZA":null,"PISO":null,"actualizad":null}},
{"type":"Feature","geometry":{"type":"Point","coordinates":[-63.14255,9.75926]},"properties":{"id":null,"CONTROL":"2028","SERIE":"01","LINEA":"076","COD_SEG":"027","COD_MANZA":3,"PISO":null,"actualizad":null}},
{"type":"Feature","geometry":{"type":"Point","coordinates":[-63.14268,9.75922]},"properties":{"id":null,"CONTROL":"2028","SERIE":"02","LINEA":"077","COD_SEG":"027","COD_MANZA":3,"PISO":null,"actualizad":null}},
{"type":"Feature","geometry":{"type":"Point","coordinates":[-63.14277,9.75919]},"properties":{"id":null,"CONTROL":"2028","SERIE":"03","LINEA":"078","COD_SEG":"027","COD_MANZA":3,"PISO":null,"actualizad":null}},
{"type":"Feature","geometry":{"type":"Point","coordinates":[-63.14286,9.75915]},"properties":{"id":null,"CONTROL":"2028","SERIE":"04","LINEA":"079","COD_SEG":"027","COD_MANZA":3,"PISO":null,"actualizad":null}},
{"type":"Feature","geometry":{"type":"Point","coordinates":[-63.14305,9.75907]},"properties":{"id":null,"CONTROL":"2028","SERIE":"05","LINEA":"080","COD_SEG":"027","COD_MANZA":3,"PISO":null,"actualizad":null}},
{"type":"Feature","geometry":{"type":"Point","coordinates":[-63.14315,9.75902]},"properties":{"id":null,"CONTROL":"2028","SERIE":"06","LINEA":"081","COD_SEG":"027","COD_MANZA":3,"PISO":null,"actualizad":null}},
{"type":"Feature","geometry":{"type":"Point","coordinates":[-63.14328,9.75896]},"properties":{"id":null,"CONTROL":"2028","SERIE":"07","LINEA":"082","COD_SEG":"027","COD_MANZA":3,"PISO":null,"actualizad":null}},
{"type":"Feature","geometry":{"type":"Point","coordinates":[-63.14338,9.75889]},"properties":{"id":null,"CONTROL":"2028","SERIE":"08","LINEA":"083","COD_SEG":"027","COD_MANZA":3,"PISO":null,"actualizad":null}},
{"type":"Feature","geometry":{"type":"Point","coordinates":[-63.14345,9.75886]},"properties":{"id":null,"CONTROL":"2028","SERIE":"09","LINEA":"084","COD_SEG":"027","COD_MANZA":3,"PISO":null,"actualizad":null}},
{"type":"Feature","geometry":{"type":"Point","coordinates":[-63.14351,9.75881]},"properties":{"id":null,"CONTROL":"2028","SERIE":"10","LINEA":"085","COD_SEG":"027","COD_MANZA":3,"PISO":null,"actualizad":null}},
{"type":"Feature","geometry":{"type":"Point","coordinates":[-63.14371,9.75872]},"properties":{"id":null,"CONTROL":"2028","SERIE":"11","LINEA":"086","COD_SEG":"027","COD_MANZA":3,"PISO":null,"actualizad":null}},
{"type":"Feature","geometry":{"type":"Point","coordinates":[-63.14378,9.75864]},"properties":{"id":null,"CONTROL":"2028","SERIE":"12","LINEA":"091","COD_SEG":"027","COD_MANZA":3,"PISO":null,"actualizad":null}},
{"type":"Feature","geometry":{"type":"Point","coordinates":[-63.14385,9.75861]},"properties":{"id":null,"CONTROL":"2028","SERIE":"13","LINEA":"087","COD_SEG":"027","COD_MANZA":3,"PISO":null,"actualizad":null}},
{"type":"Feature","geometry":{"type":"Point","coordinates":[-63.14399,9.75852]},"properties":{"id":null,"CONTROL":"2028","SERIE":"14","LINEA":"088","COD_SEG":"027","COD_MANZA":3,"PISO":null,"actualizad":null}},
{"type":"Feature","geometry":{"type":"Point","coordinates":[-63.14409,9.75846]},"properties":{"id":null,"CONTROL":"2028","SERIE":"15","LINEA":"089","COD_SEG":"027","COD_MANZA":3,"PISO":null,"actualizad":null}},
{"type":"Feature","geometry":{"type":"Point","coordinates":[-63.14419,9.75839]},"properties":{"id":null,"CONTROL":"2028","SERIE":"16","LINEA":"090","COD_SEG":"027","COD_MANZA":3,"PISO":null,"actualizad":null}},
{"type":"Feature","geometry":{"type":"Point","coordinates":[-63.21557,9.7102]},"properties":{"id":null,"CONTROL":"3028","SERIE":"01","LINEA":"001","COD_SEG":"110","COD_MANZA":1,"PISO":null,"actualizad":null}},
{"type":"Feature","geometry":{"type":"Point","coordinates":[-63.21551,9.71002]},"properties":{"id":null,"CONTROL":"3028","SERIE":"02","LINEA":"002","COD_SEG":"110","COD_MANZA":1,"PISO":null,"actualizad":null}},
{"type":"Feature","geometry":{"type":"Point","coordinates":[-63.21561,9.70998]},"properties":{"id":null,"CONTROL":"3028","SERIE":"03","LINEA":"003","COD_SEG":"110","COD_MANZA":1,"PISO":null,"actualizad":null}},
{"type":"Feature","geometry":{"type":"Point","coordinates":[-63.21571,9.70994]},"properties":{"id":null,"CONTROL":"3028","SERIE":"04","LINEA":"004","COD_SEG":"110","COD_MANZA":1,"PISO":null,"actualizad":null}},
{"type":"Feature","geometry":{"type":"Point","coordinates":[-63.21582,9.70991]},"properties":{"id":null,"CONTROL":"3028","SERIE":"05","LINEA":"005","COD_SEG":"110","COD_MANZA":1,"PISO":null,"actualizad":null}},
{"type":"Feature","geometry":{"type":"Point","coordinates":[-63.21592,9.70987]},"properties":{"id":null,"CONTROL":"3028","SERIE":"06","LINEA":"006","COD_SEG":"110","COD_MANZA":1,"PISO":null,"actualizad":null}},
{"type":"Feature","geometry":{"type":"Point","coordinates":[-63.21603,9.70984]},"properties":{"id":null,"CONTROL":"3028","SERIE":"07","LINEA":"007","COD_SEG":"110","COD_MANZA":1,"PISO":null,"actualizad":null}},
{"type":"Feature","geometry":{"type":"Point","coordinates":[-63.21612,9.7098]},"properties":{"id":null,"CONTROL":"3028","SERIE":"08","LINEA":"008","COD_SEG":"110","COD_MANZA":1,"PISO":null,"actualizad":null}},
{"type":"Feature","geometry":{"type":"Point","coordinates":[-63.21623,9.70976]},"properties":{"id":null,"CONTROL":"3028","SERIE":"09","LINEA":"009","COD_SEG":"110","COD_MANZA":1,"PISO":null,"actualizad":null}},
{"type":"Feature","geometry":{"type":"Point","coordinates":[-63.21636,9.71021]},"properties":{"id":null,"CONTROL":"3028","SERIE":"10","LINEA":"010","COD_SEG":"110","COD_MANZA":1,"PISO":null,"actualizad":null}},
{"type":"Feature","geometry":{"type":"Point","coordinates":[-63.2162,9.71027]},"properties":{"id":null,"CONTROL":"3028","SERIE":"11","LINEA":"011","COD_SEG":"110","COD_MANZA":1,"PISO":null,"actualizad":null}},
{"type":"Feature","geometry":{"type":"Point","coordinates":[-63.21607,9.7103]},"properties":{"id":null,"CONTROL":"3028","SERIE":"13","LINEA":"013","COD_SEG":"110","COD_MANZA":1,"PISO":null,"actualizad":null}},
{"type":"Feature","geometry":{"type":"Point","coordinates":[-63.21596,9.71034]},"properties":{"id":null,"CONTROL":"3028","SERIE":"14","LINEA":"014","COD_SEG":"110","COD_MANZA":1,"PISO":null,"actualizad":null}},
{"type":"Feature","geometry":{"type":"Point","coordinates":[-63.21586,9.71039]},"properties":{"id":null,"CONTROL":"3028","SERIE":"15","LINEA":"015","COD_SEG":"110","COD_MANZA":1,"PISO":null,"actualizad":null}},
{"type":"Feature","geometry":{"type":"Point","coordinates":[-63.15718,9.82427]},"properties":{"id":null,"CONTROL":"0005","SERIE":"02","LINEA":"002","COD_SEG":"008","COD_MANZA":1,"PISO":null,"actualizad":null}},
{"type":"Feature","geometry":{"type":"Point","coordinates":[-63.15726,9.82408]},"properties":{"id":null,"CONTROL":"0005","SERIE":"03","LINEA":"003","COD_SEG":"008","COD_MANZA":1,"PISO":null,"actualizad":null}},
{"type":"Feature","geometry":{"type":"Point","coordinates":[-63.15775,9.82369]},"properties":{"id":null,"CONTROL":"0005","SERIE":"04","LINEA":"004","COD_SEG":"008","COD_MANZA":1,"PISO":null,"actualizad":null}},
{"type":"Feature","geometry":{"type":"Point","coordinates":[-63.15826,9.8233]},"properties":{"id":null,"CONTROL":"0005","SERIE":"06","LINEA":"006","COD_SEG":"008","COD_MANZA":1,"PISO":null,"actualizad":null}},
{"type":"Feature","geometry":{"type":"Point","coordinates":[-63.15854,9.82306]},"properties":{"id":null,"CONTROL":"0005","SERIE":"07","LINEA":"007","COD_SEG":"008","COD_MANZA":1,"PISO":null,"actualizad":null}},
{"type":"Feature","geometry":{"type":"Point","coordinates":[-63.15892,9.82276]},"properties":{"id":null,"CONTROL":"0005","SERIE":"08","LINEA":"008","COD_SEG":"008","COD_MANZA":1,"PISO":null,"actualizad":null}},
{"type":"Feature","geometry":{"type":"Point","coordinates":[-63.15918,9.82253]},"properties":{"id":null,"CONTROL":"0005","SERIE":"09","LINEA":"009","COD_SEG":"008","COD_MANZA":1,"PISO":null,"actualizad":null}},
{"type":"Feature","geometry":{"type":"Point","coordinates":[-63.15964,9.82239]},"properties":{"id":null,"CONTROL":"0005","SERIE":"10","LINEA":"010","COD_SEG":"008","COD_MANZA":1,"PISO":null,"actualizad":null}},
{"type":"Feature","geometry":{"type":"Point","coordinates":[-63.15968,9.82253]},"properties":{"id":null,"CONTROL":"0005","SERIE":"11","LINEA":"011","COD_SEG":"008","COD_MANZA":1,"PISO":null,"actualizad":null}},
{"type":"Feature","geometry":{"type":"Point","coordinates":[-63.15971,9.82267]},"properties":{"id":null,"CONTROL":"0005","SERIE":"12","LINEA":"012","COD_SEG":"008","COD_MANZA":1,"PISO":null,"actualizad":null}},
{"type":"Feature","geometry":{"type":"Point","coordinates":[-63.15974,9.82279]},"properties":{"id":null,"CONTROL":"0005","SERIE":"13","LINEA":"013","COD_SEG":"008","COD_MANZA":1,"PISO":null,"actualizad":null}},
{"type":"Feature","geometry":{"type":"Point","coordinates":[-63.15978,9.82291]},"properties":{"id":null,"CONTROL":"0005","SERIE":"14","LINEA":"014","COD_SEG":"008","COD_MANZA":1,"PISO":null,"actualizad":null}},
{"type":"Feature","geometry":{"type":"Point","coordinates":[-63.15981,9.82307]},"properties":{"id":null,"CONTROL":"0005","SERIE":"15","LINEA":"015","COD_SEG":"008","COD_MANZA":1,"PISO":null,"actualizad":null}},
{"type":"Feature","geometry":{"type":"Point","coordinates":[-63.2138,9.81233]},"properties":{"id":null,"CONTROL":"2021","SERIE":"01","LINEA":"044","COD_SEG":"002","COD_MANZA":1,"PISO":null,"actualizad":null}},
{"type":"Feature","geometry":{"type":"Point","coordinates":[-63.21366,9.8124]},"properties":{"id":null,"CONTROL":"2021","SERIE":"02","LINEA":"045","COD_SEG":"002","COD_MANZA":1,"PISO":null,"actualizad":null}},
{"type":"Feature","geometry":{"type":"Point","coordinates":[-63.21354,9.81246]},"properties":{"id":null,"CONTROL":"2021","SERIE":"03","LINEA":"046","COD_SEG":"002","COD_MANZA":1,"PISO":null,"actualizad":null}},
{"type":"Feature","geometry":{"type":"Point","coordinates":[-63.2134,9.81255]},"properties":{"id":null,"CONTROL":"2021","SERIE":"04","LINEA":"047","COD_SEG":"002","COD_MANZA":1,"PISO":null,"actualizad":null}},
{"type":"Feature","geometry":{"type":"Point","coordinates":[-63.21327,9.81262]},"properties":{"id":null,"CONTROL":"2021","SERIE":"05","LINEA":"048","COD_SEG":"002","COD_MANZA":1,"PISO":null,"actualizad":null}},
{"type":"Feature","geometry":{"type":"Point","coordinates":[-63.21315,9.81269]},"properties":{"id":null,"CONTROL":"2021","SERIE":"06","LINEA":"049","COD_SEG":"002","COD_MANZA":1,"PISO":null,"actualizad":null}},
{"type":"Feature","geometry":{"type":"Point","coordinates":[-63.21306,9.81274]},"properties":{"id":null,"CONTROL":"2021","SERIE":"07","LINEA":"050","COD_SEG":"002","COD_MANZA":1,"PISO":null,"actualizad":null}},
{"type":"Feature","geometry":{"type":"Point","coordinates":[-63.21317,9.81304]},"properties":{"id":null,"CONTROL":"2021","SERIE":"08","LINEA":"051","COD_SEG":"002","COD_MANZA":1,"PISO":null,"actualizad":null}},
{"type":"Feature","geometry":{"type":"Point","coordinates":[-63.21329,9.81297]},"properties":{"id":null,"CONTROL":"2021","SERIE":"09","LINEA":"052","COD_SEG":"002","COD_MANZA":1,"PISO":null,"actualizad":null}},
{"type":"Feature","geometry":{"type":"Point","coordinates":[-63.21346,9.81292]},"properties":{"id":null,"CONTROL":"2021","SERIE":"10","LINEA":"053","COD_SEG":"002","COD_MANZA":1,"PISO":null,"actualizad":null}},
{"type":"Feature","geometry":{"type":"Point","coordinates":[-63.21357,9.81287]},"properties":{"id":null,"CONTROL":"2021","SERIE":"11","LINEA":"054","COD_SEG":"002","COD_MANZA":1,"PISO":null,"actualizad":null}},
{"type":"Feature","geometry":{"type":"Point","coordinates":[-63.21376,9.81279]},"properties":{"id":null,"CONTROL":"2021","SERIE":"12","LINEA":"055","COD_SEG":"002","COD_MANZA":1,"PISO":null,"actualizad":null}},
{"type":"Feature","geometry":{"type":"Point","coordinates":[-63.21386,9.81274]},"properties":{"id":null,"CONTROL":"2021","SERIE":"13","LINEA":"056","COD_SEG":"002","COD_MANZA":1,"PISO":null,"actualizad":null}},
{"type":"Feature","geometry":{"type":"Point","coordinates":[-63.21402,9.81265]},"properties":{"id":null,"CONTROL":"2021","SERIE":"14","LINEA":"057","COD_SEG":"002","COD_MANZA":1,"PISO":null,"actualizad":null}},
{"type":"Feature","geometry":{"type":"Point","coordinates":[-63.21411,9.8126]},"properties":{"id":null,"CONTROL":"2021","SERIE":"15","LINEA":"058","COD_SEG":"002","COD_MANZA":1,"PISO":null,"actualizad":null}},
{"type":"Feature","geometry":{"type":"Point","coordinates":[-63.61978,9.67738]},"properties":{"id":null,"CONTROL":"3019","SERIE":"01","LINEA":"013","COD_SEG":"055","COD_MANZA":4,"PISO":null,"actualizad":null}},
{"type":"Feature","geometry":{"type":"Point","coordinates":[-63.6198,9.67725]},"properties":{"id":null,"CONTROL":"3019","SERIE":"02","LINEA":"014","COD_SEG":"055","COD_MANZA":4,"PISO":null,"actualizad":null}},
{"type":"Feature","geometry":{"type":"Point","coordinates":[-63.62005,9.67727]},"properties":{"id":null,"CONTROL":"3019","SERIE":"03","LINEA":"015","COD_SEG":"055","COD_MANZA":4,"PISO":null,"actualizad":null}},
{"type":"Feature","geometry":{"type":"Point","coordinates":[-63.6201,9.67742]},"properties":{"id":null,"CONTROL":"3019","SERIE":"04","LINEA":"016","COD_SEG":"055","COD_MANZA":4,"PISO":null,"actualizad":null}},
{"type":"Feature","geometry":{"type":"Point","coordinates":[-63.6201,9.67758]},"properties":{"id":null,"CONTROL":"3019","SERIE":"05","LINEA":"017","COD_SEG":"055","COD_MANZA":4,"PISO":null,"actualizad":null}},
{"type":"Feature","geometry":{"type":"Point","coordinates":[-63.62011,9.67772]},"properties":{"id":null,"CONTROL":"3019","SERIE":"07","LINEA":"018","COD_SEG":"055","COD_MANZA":4,"PISO":null,"actualizad":null}},
{"type":"Feature","geometry":{"type":"Point","coordinates":[-63.62012,9.67783]},"properties":{"id":null,"CONTROL":"3019","SERIE":"08","LINEA":"019","COD_SEG":"055","COD_MANZA":4,"PISO":null,"actualizad":null}},
{"type":"Feature","geometry":{"type":"Point","coordinates":[-63.62012,9.67793]},"properties":{"id":null,"CONTROL":"3019","SERIE":"09","LINEA":"020","COD_SEG":"055","COD_MANZA":4,"PISO":null,"actualizad":null}},
{"type":"Feature","geometry":{"type":"Point","coordinates":[-63.6201,9.67813]},"properties":{"id":null,"CONTROL":"3019","SERIE":"10","LINEA":"021","COD_SEG":"055","COD_MANZA":4,"PISO":null,"actualizad":null}},
{"type":"Feature","geometry":{"type":"Point","coordinates":[-63.6201,9.67825]},"properties":{"id":null,"CONTROL":"3019","SERIE":"11","LINEA":"022","COD_SEG":"055","COD_MANZA":4,"PISO":null,"actualizad":null}},
{"type":"Feature","geometry":{"type":"Point","coordinates":[-63.62013,9.6784]},"properties":{"id":null,"CONTROL":"3019","SERIE":"12","LINEA":"023","COD_SEG":"055","COD_MANZA":4,"PISO":null,"actualizad":null}},
{"type":"Feature","geometry":{"type":"Point","coordinates":[-63.62011,9.67853]},"properties":{"id":null,"CONTROL":"3019","SERIE":"13","LINEA":"024","COD_SEG":"055","COD_MANZA":4,"PISO":null,"actualizad":null}},
{"type":"Feature","geometry":{"type":"Point","coordinates":[-63.6201,9.6787]},"properties":{"id":null,"CONTROL":"3019","SERIE":"14","LINEA":"025","COD_SEG":"055","COD_MANZA":4,"PISO":null,"actualizad":null}},
{"type":"Feature","geometry":{"type":"Point","coordinates":[-63.62008,9.6788]},"properties":{"id":null,"CONTROL":"3019","SERIE":"15","LINEA":"026","COD_SEG":"055","COD_MANZA":4,"PISO":null,"actualizad":null}},
{"type":"Feature","geometry":{"type":"Point","coordinates":[-63.20748,9.72488]},"properties":{"id":null,"CONTROL":"2013","SERIE":"01","LINEA":"106","COD_SEG":"040","COD_MANZA":9,"PISO":null,"actualizad":null}},
{"type":"Feature","geometry":{"type":"Point","coordinates":[-63.20755,9.72502]},"properties":{"id":null,"CONTROL":"2013","SERIE":"02","LINEA":"107","COD_SEG":"040","COD_MANZA":9,"PISO":null,"actualizad":null}},
{"type":"Feature","geometry":{"type":"Point","coordinates":[-63.20723,9.72507]},"properties":{"id":null,"CONTROL":"2013","SERIE":"03","LINEA":"108","COD_SEG":"040","COD_MANZA":11,"PISO":null,"actualizad":null}},
{"type":"Feature","geometry":{"type":"Point","coordinates":[-63.20714,9.72512]},"properties":{"id":null,"CONTROL":"2013","SERIE":"04","LINEA":"109","COD_SEG":"040","COD_MANZA":11,"PISO":null,"actualizad":null}},
{"type":"Feature","geometry":{"type":"Point","coordinates":[-63.20703,9.72517]},"properties":{"id":null,"CONTROL":"2013","SERIE":"05","LINEA":"110","COD_SEG":"040","COD_MANZA":11,"PISO":null,"actualizad":null}},
{"type":"Feature","geometry":{"type":"Point","coordinates":[-63.20693,9.725]},"properties":{"id":null,"CONTROL":"2013","SERIE":"06","LINEA":"111","COD_SEG":"040","COD_MANZA":11,"PISO":null,"actualizad":null}},
{"type":"Feature","geometry":{"type":"Point","coordinates":[-63.20706,9.72494]},"properties":{"id":null,"CONTROL":"2013","SERIE":"07","LINEA":"112","COD_SEG":"040","COD_MANZA":11,"PISO":null,"actualizad":null}},
{"type":"Feature","geometry":{"type":"Point","coordinates":[-63.20714,9.7249]},"properties":{"id":null,"CONTROL":"2013","SERIE":"08","LINEA":"113","COD_SEG":"040","COD_MANZA":11,"PISO":null,"actualizad":null}},
{"type":"Feature","geometry":{"type":"Point","coordinates":[-63.20683,9.72557]},"properties":{"id":null,"CONTROL":"2013","SERIE":"09","LINEA":"114","COD_SEG":"040","COD_MANZA":12,"PISO":null,"actualizad":null}},
{"type":"Feature","geometry":{"type":"Point","coordinates":[-63.20676,9.7256]},"properties":{"id":null,"CONTROL":"2013","SERIE":"10","LINEA":"115","COD_SEG":"040","COD_MANZA":12,"PISO":null,"actualizad":null}},
{"type":"Feature","geometry":{"type":"Point","coordinates":[-63.20668,9.72564]},"properties":{"id":null,"CONTROL":"2013","SERIE":"11","LINEA":"121","COD_SEG":"040","COD_MANZA":12,"PISO":null,"actualizad":null}},
{"type":"Feature","geometry":{"type":"Point","coordinates":[-63.20668,9.72542]},"properties":{"id":null,"CONTROL":"2013","SERIE":"12","LINEA":"116","COD_SEG":"040","COD_MANZA":12,"PISO":null,"actualizad":null}},
{"type":"Feature","geometry":{"type":"Point","coordinates":[-63.20666,9.72537]},"properties":{"id":null,"CONTROL":"2013","SERIE":"13","LINEA":"117","COD_SEG":"040","COD_MANZA":12,"PISO":null,"actualizad":null}},
{"type":"Feature","geometry":{"type":"Point","coordinates":[-63.20663,9.72531]},"properties":{"id":null,"CONTROL":"2013","SERIE":"14","LINEA":"118","COD_SEG":"040","COD_MANZA":12,"PISO":null,"actualizad":null}},
{"type":"Feature","geometry":{"type":"Point","coordinates":[-63.2066,9.72525]},"properties":{"id":null,"CONTROL":"2013","SERIE":"15","LINEA":"119","COD_SEG":"040","COD_MANZA":12,"PISO":null,"actualizad":null}},
{"type":"Feature","geometry":{"type":"Point","coordinates":[-63.20657,9.72519]},"properties":{"id":null,"CONTROL":"2013","SERIE":"16","LINEA":"120","COD_SEG":"040","COD_MANZA":12,"PISO":null,"actualizad":null}},
{"type":"Feature","geometry":{"type":"Point","coordinates":[-62.46757,8.80269]},"properties":{"id":null,"CONTROL":"0012","SERIE":"01","LINEA":"071","COD_SEG":"SECTOR 010","COD_MANZA":0,"PISO":null,"actualizad":null}},
{"type":"Feature","geometry":{"type":"Point","coordinates":[-62.46724,8.80238]},"properties":{"id":null,"CONTROL":"0012","SERIE":"02","LINEA":"072","COD_SEG":"SECTOR 010","COD_MANZA":0,"PISO":null,"actualizad":null}},
{"type":"Feature","geometry":{"type":"Point","coordinates":[-62.46741,8.80219]},"properties":{"id":null,"CONTROL":"0012","SERIE":"03","LINEA":"073","COD_SEG":"SECTOR 010","COD_MANZA":0,"PISO":null,"actualizad":null}},
{"type":"Feature","geometry":{"type":"Point","coordinates":[-62.46751,8.80208]},"properties":{"id":null,"CONTROL":"0012","SERIE":"04","LINEA":"074","COD_SEG":"SECTOR 010","COD_MANZA":0,"PISO":null,"actualizad":null}},
{"type":"Feature","geometry":{"type":"Point","coordinates":[-62.4676,8.80198]},"properties":{"id":null,"CONTROL":"0012","SERIE":"05","LINEA":"075","COD_SEG":"SECTOR 010","COD_MANZA":0,"PISO":null,"actualizad":null}},
{"type":"Feature","geometry":{"type":"Point","coordinates":[-62.4677,8.80188]},"properties":{"id":null,"CONTROL":"0012","SERIE":"06","LINEA":"076","COD_SEG":"SECTOR 010","COD_MANZA":0,"PISO":null,"actualizad":null}},
{"type":"Feature","geometry":{"type":"Point","coordinates":[-62.46778,8.80177]},"properties":{"id":null,"CONTROL":"0012","SERIE":"07","LINEA":"077","COD_SEG":"SECTOR 010","COD_MANZA":0,"PISO":null,"actualizad":null}},
{"type":"Feature","geometry":{"type":"Point","coordinates":[-62.46786,8.80164]},"properties":{"id":null,"CONTROL":"0012","SERIE":"08","LINEA":"078","COD_SEG":"SECTOR 010","COD_MANZA":0,"PISO":null,"actualizad":null}},
{"type":"Feature","geometry":{"type":"Point","coordinates":[-62.46794,8.80152]},"properties":{"id":null,"CONTROL":"0012","SERIE":"16","LINEA":"086","COD_SEG":"SECTOR 010","COD_MANZA":0,"PISO":null,"actualizad":null}},
{"type":"Feature","geometry":{"type":"Point","coordinates":[-62.46815,8.80178]},"properties":{"id":null,"CONTROL":"0012","SERIE":"15","LINEA":"085","COD_SEG":"SECTOR 010","COD_MANZA":0,"PISO":null,"actualizad":null}},
{"type":"Feature","geometry":{"type":"Point","coordinates":[-62.46836,8.80206]},"properties":{"id":null,"CONTROL":"0012","SERIE":"09","LINEA":"079","COD_SEG":"SECTOR 010","COD_MANZA":0,"PISO":null,"actualizad":null}},
{"type":"Feature","geometry":{"type":"Point","coordinates":[-62.46825,8.80215]},"properties":{"id":null,"CONTROL":"0012","SERIE":"10","LINEA":"080","COD_SEG":"SECTOR 010","COD_MANZA":0,"PISO":null,"actualizad":null}},
{"type":"Feature","geometry":{"type":"Point","coordinates":[-62.46814,8.80225]},"properties":{"id":null,"CONTROL":"0012","SERIE":"11","LINEA":"081","COD_SEG":"SECTOR 010","COD_MANZA":0,"PISO":null,"actualizad":null}},
{"type":"Feature","geometry":{"type":"Point","coordinates":[-62.46803,8.80237]},"properties":{"id":null,"CONTROL":"0012","SERIE":"12","LINEA":"082","COD_SEG":"SECTOR 010","COD_MANZA":0,"PISO":null,"actualizad":null}},
{"type":"Feature","geometry":{"type":"Point","coordinates":[-62.46793,8.80246]},"properties":{"id":null,"CONTROL":"0012","SERIE":"13","LINEA":"083","COD_SEG":"SECTOR 010","COD_MANZA":0,"PISO":null,"actualizad":null}},
{"type":"Feature","geometry":{"type":"Point","coordinates":[-62.46784,8.80255]},"properties":{"id":null,"CONTROL":"0012","SERIE":"14","LINEA":"084","COD_SEG":"SECTOR 010","COD_MANZA":0,"PISO":null,"actualizad":null}},
{"type":"Feature","geometry":{"type":"Point","coordinates":[-62.46711,8.80252]},"properties":{"id":null,"CONTROL":"0012","SERIE":"CANCHA DE BOLAS CRIOLLAS","LINEA":null,"COD_SEG":"SECTOR 010","COD_MANZA":0,"PISO":null,"actualizad":null}},
{"type":"Feature","geometry":{"type":"Point","coordinates":[-62.46846,8.80235]},"properties":{"id":null,"CONTROL":"0012","SERIE":"CASA DEL PARTIDO PRIMERO JUSTICIA","LINEA":null,"COD_SEG":"SECTOR 010","COD_MANZA":0,"PISO":null,"actualizad":null}},
{"type":"Feature","geometry":{"type":"Point","coordinates":[-62.46834,8.80247]},"properties":{"id":null,"CONTROL":"0012","SERIE":"CLUB \"LA AMISTAD\"","LINEA":null,"COD_SEG":"SECTOR 010","COD_MANZA":0,"PISO":null,"actualizad":null}},
{"type":"Feature","geometry":{"type":"Point","coordinates":[-62.46779,8.80129]},"properties":{"id":null,"CONTROL":"0012","SERIE":"IGLESIA PENTECOSTAL \"RIOS DE AGUA VIVA\"","LINEA":null,"COD_SEG":"SECTOR 010","COD_MANZA":0,"PISO":null,"actualizad":null}},
{"type":"Feature","geometry":{"type":"Point","coordinates":[-62.46936,8.80171]},"properties":{"id":null,"CONTROL":"0012","SERIE":"U.E BOLIVARIANA \"PASO NUEVO\"","LINEA":null,"COD_SEG":"SECTOR 010","COD_MANZA":0,"PISO":null,"actualizad":null}},
{"type":"Feature","geometry":{"type":"Point","coordinates":[-62.47017,8.80184]},"properties":{"id":null,"CONTROL":"0012","SERIE":"AMBULATORIO PASO NUEVO","LINEA":null,"COD_SEG":"SECTOR 010","COD_MANZA":0,"PISO":null,"actualizad":null}},
{"type":"Feature","geometry":{"type":"Point","coordinates":[-62.46984,8.80226]},"properties":{"id":null,"CONTROL":"0012","SERIE":"PLAZA","LINEA":null,"COD_SEG":"SECTOR 010","COD_MANZA":0,"PISO":null,"actualizad":null}},
{"type":"Feature","geometry":{"type":"Point","coordinates":[-62.46945,8.80212]},"properties":{"id":null,"CONTROL":"0012","SERIE":"CANCHA","LINEA":null,"COD_SEG":"SECTOR 010","COD_MANZA":0,"PISO":null,"actualizad":null}},
{"type":"Feature","geometry":{"type":"Point","coordinates":[-63.21322,9.73311]},"properties":{"id":null,"CONTROL":"0042","SERIE":"01","LINEA":"046","COD_SEG":"016","COD_MANZA":3,"PISO":null,"actualizad":null}},
{"type":"Feature","geometry":{"type":"Point","coordinates":[-63.21326,9.73317]},"properties":{"id":null,"CONTROL":"0042","SERIE":"02","LINEA":"047","COD_SEG":"016","COD_MANZA":3,"PISO":null,"actualizad":null}},
{"type":"Feature","geometry":{"type":"Point","coordinates":[-63.2119,9.73303]},"properties":{"id":null,"CONTROL":"0042","SERIE":"16","LINEA":"202","COD_SEG":"016","COD_MANZA":4,"PISO":null,"actualizad":null}},
{"type":"Feature","geometry":{"type":"Point","coordinates":[-63.21186,9.73308]},"properties":{"id":null,"CONTROL":"0042","SERIE":"05","LINEA":"050","COD_SEG":"016","COD_MANZA":4,"PISO":null,"actualizad":null}},
{"type":"Feature","geometry":{"type":"Point","coordinates":[-63.21185,9.73314]},"properties":{"id":null,"CONTROL":"0042","SERIE":"17","LINEA":"204","COD_SEG":"016","COD_MANZA":4,"PISO":null,"actualizad":null}},
{"type":"Feature","geometry":{"type":"Point","coordinates":[-63.21205,9.73298]},"properties":{"id":null,"CONTROL":"0042","SERIE":"06","LINEA":"051","COD_SEG":"016","COD_MANZA":4,"PISO":null,"actualizad":null}},
{"type":"Feature","geometry":{"type":"Point","coordinates":[-63.21215,9.73293]},"properties":{"id":null,"CONTROL":"0042","SERIE":"07","LINEA":"052","COD_SEG":"016","COD_MANZA":4,"PISO":null,"actualizad":null}},
{"type":"Feature","geometry":{"type":"Point","coordinates":[-63.21223,9.73291]},"properties":{"id":null,"CONTROL":"0042","SERIE":"08","LINEA":"053","COD_SEG":"016","COD_MANZA":4,"PISO":null,"actualizad":null}},
{"type":"Feature","geometry":{"type":"Point","coordinates":[-63.21232,9.7329]},"properties":{"id":null,"CONTROL":"0042","SERIE":"09","LINEA":"054","COD_SEG":"016","COD_MANZA":4,"PISO":null,"actualizad":null}},
{"type":"Feature","geometry":{"type":"Point","coordinates":[-63.21239,9.73284]},"properties":{"id":null,"CONTROL":"0042","SERIE":"10","LINEA":"055","COD_SEG":"016","COD_MANZA":4,"PISO":null,"actualizad":null}},
{"type":"Feature","geometry":{"type":"Point","coordinates":[-63.21249,9.73282]},"properties":{"id":null,"CONTROL":"0042","SERIE":"11","LINEA":"056","COD_SEG":"016","COD_MANZA":4,"PISO":null,"actualizad":null}},
{"type":"Feature","geometry":{"type":"Point","coordinates":[-63.21258,9.73279]},"properties":{"id":null,"CONTROL":"0042","SERIE":"12","LINEA":"057","COD_SEG":"016","COD_MANZA":4,"PISO":null,"actualizad":null}},
{"type":"Feature","geometry":{"type":"Point","coordinates":[-63.21269,9.73275]},"properties":{"id":null,"CONTROL":"0042","SERIE":"13","LINEA":"056","COD_SEG":"016","COD_MANZA":4,"PISO":null,"actualizad":null}},
{"type":"Feature","geometry":{"type":"Point","coordinates":[-63.21275,9.73272]},"properties":{"id":null,"CONTROL":"0042","SERIE":"14","LINEA":"059","COD_SEG":"016","COD_MANZA":4,"PISO":null,"actualizad":null}},
{"type":"Feature","geometry":{"type":"Point","coordinates":[-63.21284,9.73267]},"properties":{"id":null,"CONTROL":"0042","SERIE":"15","LINEA":"060","COD_SEG":"016","COD_MANZA":4,"PISO":null,"actualizad":null}},
{"type":"Feature","geometry":{"type":"Point","coordinates":[-62.65409,8.49674]},"properties":{"id":null,"CONTROL":"0084","SERIE":"01","LINEA":"015","COD_SEG":"SECTOR 03","COD_MANZA":1,"PISO":null,"actualizad":null}},
{"type":"Feature","geometry":{"type":"Point","coordinates":[-62.65454,8.49631]},"properties":{"id":null,"CONTROL":"0084","SERIE":"14","LINEA":"028","COD_SEG":"SECTOR 003","COD_MANZA":1,"PISO":null,"actualizad":null}},
{"type":"Feature","geometry":{"type":"Point","coordinates":[-62.65468,8.49609]},"properties":{"id":null,"CONTROL":"0084","SERIE":"15","LINEA":"029","COD_SEG":"SECTOR 003","COD_MANZA":1,"PISO":null,"actualizad":null}},
{"type":"Feature","geometry":{"type":"Point","coordinates":[-62.65343,8.49563]},"properties":{"id":null,"CONTROL":"0084","SERIE":"13","LINEA":"027","COD_SEG":"SECTOR 003","COD_MANZA":1,"PISO":null,"actualizad":null}},
{"type":"Feature","geometry":{"type":"Point","coordinates":[-62.65302,8.49581]},"properties":{"id":null,"CONTROL":"0084","SERIE":"02","LINEA":"016","COD_SEG":"SECTOR 003","COD_MANZA":1,"PISO":null,"actualizad":null}},
{"type":"Feature","geometry":{"type":"Point","coordinates":[-62.65277,8.49557]},"properties":{"id":null,"CONTROL":"0084","SERIE":"03","LINEA":"017","COD_SEG":"SECTOR 003","COD_MANZA":1,"PISO":null,"actualizad":null}},
{"type":"Feature","geometry":{"type":"Point","coordinates":[-62.65261,8.49542]},"properties":{"id":null,"CONTROL":"0084","SERIE":"04","LINEA":"018","COD_SEG":"SECTOR 003","COD_MANZA":1,"PISO":null,"actualizad":null}},
{"type":"Feature","geometry":{"type":"Point","coordinates":[-62.65248,8.49525]},"properties":{"id":null,"CONTROL":"0084","SERIE":"05","LINEA":"019","COD_SEG":"SECTOR 003","COD_MANZA":1,"PISO":null,"actualizad":null}},
{"type":"Feature","geometry":{"type":"Point","coordinates":[-62.65227,8.49502]},"properties":{"id":null,"CONTROL":"0084","SERIE":"06","LINEA":"020","COD_SEG":"SECTOR 003","COD_MANZA":1,"PISO":null,"actualizad":null}},
{"type":"Feature","geometry":{"type":"Point","coordinates":[-62.65206,8.49483]},"properties":{"id":null,"CONTROL":"0084","SERIE":"07","LINEA":"021","COD_SEG":"SECTOR 003","COD_MANZA":1,"PISO":null,"actualizad":null}},
{"type":"Feature","geometry":{"type":"Point","coordinates":[-62.65185,8.49466]},"properties":{"id":null,"CONTROL":"0084","SERIE":"08","LINEA":"025","COD_SEG":"SECTOR 003","COD_MANZA":1,"PISO":null,"actualizad":null}},
{"type":"Feature","geometry":{"type":"Point","coordinates":[-62.65154,8.49434]},"properties":{"id":null,"CONTROL":"0084","SERIE":"09","LINEA":"023","COD_SEG":"SECTOR 003","COD_MANZA":1,"PISO":null,"actualizad":null}},
{"type":"Feature","geometry":{"type":"Point","coordinates":[-62.65178,8.49419]},"properties":{"id":null,"CONTROL":"0084","SERIE":"10","LINEA":"024","COD_SEG":"SECTOR 003","COD_MANZA":1,"PISO":null,"actualizad":null}},
{"type":"Feature","geometry":{"type":"Point","coordinates":[-62.65199,8.49401]},"properties":{"id":null,"CONTROL":"0084","SERIE":"11","LINEA":"025","COD_SEG":"SECTOR 003","COD_MANZA":1,"PISO":null,"actualizad":null}},
{"type":"Feature","geometry":{"type":"Point","coordinates":[-62.65225,8.49385]},"properties":{"id":null,"CONTROL":"0084","SERIE":"12","LINEA":"026","COD_SEG":"SECTOR 003","COD_MANZA":1,"PISO":null,"actualizad":null}},
{"type":"Feature","geometry":{"type":"Point","coordinates":[-62.65105,8.49556]},"properties":{"id":null,"CONTROL":"0084","SERIE":"GALLERA","LINEA":null,"COD_SEG":"SECTOR 003","COD_MANZA":1,"PISO":null,"actualizad":null}},
{"type":"Feature","geometry":{"type":"Point","coordinates":[-62.65077,8.49533]},"properties":{"id":null,"CONTROL":"0084","SERIE":"CANCHA DE USOS MULTIPLES","LINEA":null,"COD_SEG":"SECTOR 003","COD_MANZA":1,"PISO":null,"actualizad":null}},
{"type":"Feature","geometry":{"type":"Point","coordinates":[-62.6506,8.49521]},"properties":{"id":null,"CONTROL":"0084","SERIE":"PREESCOLAR ","LINEA":null,"COD_SEG":"SECTOR 003","COD_MANZA":1,"PISO":null,"actualizad":null}},
{"type":"Feature","geometry":{"type":"Point","coordinates":[-62.65061,8.49512]},"properties":{"id":null,"CONTROL":"0084","SERIE":"PARADA","LINEA":null,"COD_SEG":"SECTOR 003","COD_MANZA":1,"PISO":null,"actualizad":null}},
{"type":"Feature","geometry":{"type":"Point","coordinates":[-63.21336,9.71235]},"properties":{"id":null,"CONTROL":"2015","SERIE":"01","LINEA":"075","COD_SEG":"109","COD_MANZA":6,"PISO":null,"actualizad":null}},
{"type":"Feature","geometry":{"type":"Point","coordinates":[-63.21329,9.71237]},"properties":{"id":null,"CONTROL":"2015","SERIE":"02","LINEA":"076","COD_SEG":"109","COD_MANZA":6,"PISO":null,"actualizad":null}},
{"type":"Feature","geometry":{"type":"Point","coordinates":[-63.21314,9.71238]},"properties":{"id":null,"CONTROL":"2015","SERIE":"03","LINEA":"090","COD_SEG":"109","COD_MANZA":6,"PISO":null,"actualizad":null}},
{"type":"Feature","geometry":{"type":"Point","coordinates":[-63.21311,9.7123]},"properties":{"id":null,"CONTROL":"2015","SERIE":"04","LINEA":"091","COD_SEG":"109","COD_MANZA":6,"PISO":null,"actualizad":null}},
{"type":"Feature","geometry":{"type":"Point","coordinates":[-63.21311,9.71222]},"properties":{"id":null,"CONTROL":"2015","SERIE":"05","LINEA":"092","COD_SEG":"109","COD_MANZA":6,"PISO":null,"actualizad":null}},
{"type":"Feature","geometry":{"type":"Point","coordinates":[-63.21309,9.71212]},"properties":{"id":null,"CONTROL":"2015","SERIE":"06","LINEA":"077","COD_SEG":"109","COD_MANZA":6,"PISO":null,"actualizad":null}},
{"type":"Feature","geometry":{"type":"Point","coordinates":[-63.21307,9.71202]},"properties":{"id":null,"CONTROL":"2015","SERIE":"07","LINEA":"078","COD_SEG":"109","COD_MANZA":6,"PISO":null,"actualizad":null}},
{"type":"Feature","geometry":{"type":"Point","coordinates":[-63.21321,9.71197]},"properties":{"id":null,"CONTROL":"2015","SERIE":"08","LINEA":"079","COD_SEG":"109","COD_MANZA":6,"PISO":null,"actualizad":null}},
{"type":"Feature","geometry":{"type":"Point","coordinates":[-63.21325,9.71195]},"properties":{"id":null,"CONTROL":"2015","SERIE":"09","LINEA":"080","COD_SEG":"109","COD_MANZA":6,"PISO":null,"actualizad":null}},
{"type":"Feature","geometry":{"type":"Point","coordinates":[-63.2133,9.71195]},"properties":{"id":null,"CONTROL":"2015","SERIE":"10","LINEA":"093","COD_SEG":"109","COD_MANZA":6,"PISO":null,"actualizad":null}},
{"type":"Feature","geometry":{"type":"Point","coordinates":[-63.21335,9.71193]},"properties":{"id":null,"CONTROL":"2015","SERIE":"11","LINEA":"094","COD_SEG":"109","COD_MANZA":6,"PISO":null,"actualizad":null}},
{"type":"Feature","geometry":{"type":"Point","coordinates":[-63.21339,9.71192]},"properties":{"id":null,"CONTROL":"2015","SERIE":"12","LINEA":"095","COD_SEG":"109","COD_MANZA":6,"PISO":null,"actualizad":null}},
{"type":"Feature","geometry":{"type":"Point","coordinates":[-63.21358,9.71193]},"properties":{"id":null,"CONTROL":"2015","SERIE":"13","LINEA":"082","COD_SEG":"109","COD_MANZA":6,"PISO":null,"actualizad":null}},
{"type":"Feature","geometry":{"type":"Point","coordinates":[-63.21362,9.71206]},"properties":{"id":null,"CONTROL":"2015","SERIE":"14","LINEA":"083","COD_SEG":"109","COD_MANZA":6,"PISO":null,"actualizad":null}},
{"type":"Feature","geometry":{"type":"Point","coordinates":[-63.21364,9.71217]},"properties":{"id":null,"CONTROL":"2015","SERIE":"15","LINEA":"084","COD_SEG":"109","COD_MANZA":6,"PISO":null,"actualizad":null}},
{"type":"Feature","geometry":{"type":"Point","coordinates":[-63.21391,9.71225]},"properties":{"id":null,"CONTROL":"2015","SERIE":"19","LINEA":"088","COD_SEG":"109","COD_MANZA":7,"PISO":null,"actualizad":null}},
{"type":"Feature","geometry":{"type":"Point","coordinates":[-63.21378,9.71194]},"properties":{"id":null,"CONTROL":"2015","SERIE":"20","LINEA":"089","COD_SEG":"109","COD_MANZA":7,"PISO":null,"actualizad":null}},
{"type":"Feature","geometry":{"type":"Point","coordinates":[-63.21406,9.71223]},"properties":{"id":null,"CONTROL":"2015","SERIE":"18","LINEA":"087","COD_SEG":"109","COD_MANZA":7,"PISO":null,"actualizad":null}},
{"type":"Feature","geometry":{"type":"Point","coordinates":[-63.21416,9.71221]},"properties":{"id":null,"CONTROL":"2015","SERIE":"17","LINEA":"086","COD_SEG":"109","COD_MANZA":7,"PISO":null,"actualizad":null}},
{"type":"Feature","geometry":{"type":"Point","coordinates":[-63.21421,9.7122]},"properties":{"id":null,"CONTROL":"2015","SERIE":"16","LINEA":"085","COD_SEG":"109","COD_MANZA":7,"PISO":null,"actualizad":null}},
{"type":"Feature","geometry":{"type":"Point","coordinates":[-63.1834,9.74364]},"properties":{"id":null,"CONTROL":"2034","SERIE":"01","LINEA":"090","COD_SEG":"047","COD_MANZA":6,"PISO":null,"actualizad":null}},
{"type":"Feature","geometry":{"type":"Point","coordinates":[-63.18334,9.74363]},"properties":{"id":null,"CONTROL":"2034","SERIE":"02","LINEA":"091","COD_SEG":"047","COD_MANZA":6,"PISO":null,"actualizad":null}},
{"type":"Feature","geometry":{"type":"Point","coordinates":[-63.18322,9.7436]},"properties":{"id":null,"CONTROL":"2034","SERIE":"03","LINEA":"092","COD_SEG":"047","COD_MANZA":6,"PISO":null,"actualizad":null}},
{"type":"Feature","geometry":{"type":"Point","coordinates":[-63.18323,9.74355]},"properties":{"id":null,"CONTROL":"2034","SERIE":"04","LINEA":"105","COD_SEG":"047","COD_MANZA":6,"PISO":null,"actualizad":null}},
{"type":"Feature","geometry":{"type":"Point","coordinates":[-63.18326,9.7435]},"properties":{"id":null,"CONTROL":"2034","SERIE":"05","LINEA":"093","COD_SEG":"047","COD_MANZA":6,"PISO":null,"actualizad":null}},
{"type":"Feature","geometry":{"type":"Point","coordinates":[-63.18328,9.74346]},"properties":{"id":null,"CONTROL":"2034","SERIE":"06","LINEA":"106","COD_SEG":"047","COD_MANZA":6,"PISO":null,"actualizad":null}},
{"type":"Feature","geometry":{"type":"Point","coordinates":[-63.18328,9.7434]},"properties":{"id":null,"CONTROL":"2034","SERIE":"07","LINEA":"094","COD_SEG":"047","COD_MANZA":6,"PISO":null,"actualizad":null}},
{"type":"Feature","geometry":{"type":"Point","coordinates":[-63.18332,9.74337]},"properties":{"id":null,"CONTROL":"2034","SERIE":"08","LINEA":"095","COD_SEG":"047","COD_MANZA":6,"PISO":null,"actualizad":null}},
{"type":"Feature","geometry":{"type":"Point","coordinates":[-63.1833,9.74332]},"properties":{"id":null,"CONTROL":"2034","SERIE":"09","LINEA":"096","COD_SEG":"047","COD_MANZA":6,"PISO":null,"actualizad":null}},
{"type":"Feature","geometry":{"type":"Point","coordinates":[-63.18331,9.74327]},"properties":{"id":null,"CONTROL":"2034","SERIE":"10","LINEA":"098","COD_SEG":"047","COD_MANZA":6,"PISO":null,"actualizad":null}},
{"type":"Feature","geometry":{"type":"Point","coordinates":[-63.18333,9.74321]},"properties":{"id":null,"CONTROL":"2034","SERIE":"11","LINEA":"099","COD_SEG":"047","COD_MANZA":6,"PISO":null,"actualizad":null}},
{"type":"Feature","geometry":{"type":"Point","coordinates":[-63.18334,9.74315]},"properties":{"id":null,"CONTROL":"2034","SERIE":"12","LINEA":"100","COD_SEG":"047","COD_MANZA":6,"PISO":null,"actualizad":null}},
{"type":"Feature","geometry":{"type":"Point","coordinates":[-63.18336,9.74305]},"properties":{"id":null,"CONTROL":"2034","SERIE":"13","LINEA":"101","COD_SEG":"047","COD_MANZA":6,"PISO":null,"actualizad":null}},
{"type":"Feature","geometry":{"type":"Point","coordinates":[-63.18337,9.74295]},"properties":{"id":null,"CONTROL":"2034","SERIE":"14","LINEA":"102","COD_SEG":"047","COD_MANZA":6,"PISO":null,"actualizad":null}},
{"type":"Feature","geometry":{"type":"Point","coordinates":[-63.18339,9.74288]},"properties":{"id":null,"CONTROL":"2034","SERIE":"15","LINEA":"107","COD_SEG":"047","COD_MANZA":6,"PISO":null,"actualizad":null}},
{"type":"Feature","geometry":{"type":"Point","coordinates":[-63.18341,9.74281]},"properties":{"id":null,"CONTROL":"2034","SERIE":"16","LINEA":"103","COD_SEG":"047","COD_MANZA":6,"PISO":null,"actualizad":null}},
{"type":"Feature","geometry":{"type":"Point","coordinates":[-63.18349,9.7427]},"properties":{"id":null,"CONTROL":"2034","SERIE":"17","LINEA":"104","COD_SEG":"047","COD_MANZA":6,"PISO":null,"actualizad":null}},
{"type":"Feature","geometry":{"type":"Point","coordinates":[-63.18373,9.74237]},"properties":{"id":null,"CONTROL":"2034","SERIE":"BANCO MERCANTIL","LINEA":null,"COD_SEG":"047","COD_MANZA":6,"PISO":null,"actualizad":null}},
{"type":"Feature","geometry":{"type":"Point","coordinates":[-63.30832,9.70802]},"properties":{"id":null,"CONTROL":"2044","SERIE":"01","LINEA":"058","COD_SEG":"005","COD_MANZA":2,"PISO":null,"actualizad":null}},
{"type":"Feature","geometry":{"type":"Point","coordinates":[-63.30828,9.70826]},"properties":{"id":null,"CONTROL":"2044","SERIE":"02","LINEA":"073","COD_SEG":"005","COD_MANZA":2,"PISO":null,"actualizad":null}},
{"type":"Feature","geometry":{"type":"Point","coordinates":[-63.30829,9.70847]},"properties":{"id":null,"CONTROL":"2044","SERIE":"03","LINEA":"059","COD_SEG":"005","COD_MANZA":2,"PISO":null,"actualizad":null}},
{"type":"Feature","geometry":{"type":"Point","coordinates":[-63.30826,9.70864]},"properties":{"id":null,"CONTROL":"2044","SERIE":"04","LINEA":"054","COD_SEG":"005","COD_MANZA":2,"PISO":null,"actualizad":null}},
{"type":"Feature","geometry":{"type":"Point","coordinates":[-63.30826,9.70879]},"properties":{"id":null,"CONTROL":"2044","SERIE":"05","LINEA":"060","COD_SEG":"005","COD_MANZA":2,"PISO":null,"actualizad":null}},
{"type":"Feature","geometry":{"type":"Point","coordinates":[-63.30824,9.70894]},"properties":{"id":null,"CONTROL":"2044","SERIE":"06","LINEA":"075","COD_SEG":"005","COD_MANZA":2,"PISO":null,"actualizad":null}},
{"type":"Feature","geometry":{"type":"Point","coordinates":[-63.30825,9.70905]},"properties":{"id":null,"CONTROL":"2044","SERIE":"07","LINEA":"061","COD_SEG":"005","COD_MANZA":2,"PISO":null,"actualizad":null}},
{"type":"Feature","geometry":{"type":"Point","coordinates":[-63.30826,9.70922]},"properties":{"id":null,"CONTROL":"2044","SERIE":"08","LINEA":"062","COD_SEG":"005","COD_MANZA":2,"PISO":null,"actualizad":null}},
{"type":"Feature","geometry":{"type":"Point","coordinates":[-63.30827,9.70935]},"properties":{"id":null,"CONTROL":"2044","SERIE":"18","LINEA":"078","COD_SEG":"005","COD_MANZA":2,"PISO":null,"actualizad":null}},
{"type":"Feature","geometry":{"type":"Point","coordinates":[-63.30827,9.70949]},"properties":{"id":null,"CONTROL":"2044","SERIE":"09","LINEA":"064","COD_SEG":"005","COD_MANZA":2,"PISO":null,"actualizad":null}},
{"type":"Feature","geometry":{"type":"Point","coordinates":[-63.30827,9.70956]},"properties":{"id":null,"CONTROL":"2044","SERIE":"10","LINEA":"065","COD_SEG":"005","COD_MANZA":2,"PISO":null,"actualizad":null}},
{"type":"Feature","geometry":{"type":"Point","coordinates":[-63.30873,9.70834]},"properties":{"id":null,"CONTROL":"2044","SERIE":"11","LINEA":"068","COD_SEG":"005","COD_MANZA":3,"PISO":null,"actualizad":null}},
{"type":"Feature","geometry":{"type":"Point","coordinates":[-63.30866,9.70799]},"properties":{"id":null,"CONTROL":"2044","SERIE":"12","LINEA":"069","COD_SEG":"005","COD_MANZA":3,"PISO":null,"actualizad":null}},
{"type":"Feature","geometry":{"type":"Point","coordinates":[-63.30865,9.70773]},"properties":{"id":null,"CONTROL":"2044","SERIE":"13","LINEA":"070","COD_SEG":"005","COD_MANZA":3,"PISO":null,"actualizad":null}},
{"type":"Feature","geometry":{"type":"Point","coordinates":[-63.30864,9.70758]},"properties":{"id":null,"CONTROL":"2044","SERIE":"14","LINEA":"076","COD_SEG":"005","COD_MANZA":3,"PISO":null,"actualizad":null}},
{"type":"Feature","geometry":{"type":"Point","coordinates":[-63.30914,9.70754]},"properties":{"id":null,"CONTROL":"2044","SERIE":"15","LINEA":"071","COD_SEG":"005","COD_MANZA":3,"PISO":null,"actualizad":null}},
{"type":"Feature","geometry":{"type":"Point","coordinates":[-63.30919,9.70786]},"properties":{"id":null,"CONTROL":"2044","SERIE":"16","LINEA":"072","COD_SEG":"005","COD_MANZA":3,"PISO":null,"actualizad":null}},
{"type":"Feature","geometry":{"type":"Point","coordinates":[-63.30921,9.70806]},"properties":{"id":null,"CONTROL":"2044","SERIE":"17","LINEA":"077","COD_SEG":"005","COD_MANZA":3,"PISO":null,"actualizad":null}},
{"type":"Feature","geometry":{"type":"Point","coordinates":[-63.135,9.75151]},"properties":{"id":null,"CONTROL":"3033","SERIE":"01","LINEA":"091","COD_SEG":"085","COD_MANZA":4,"PISO":null,"actualizad":null}},
{"type":"Feature","geometry":{"type":"Point","coordinates":[-63.135,9.75141]},"properties":{"id":null,"CONTROL":"3033","SERIE":"02","LINEA":"092","COD_SEG":"085","COD_MANZA":4,"PISO":null,"actualizad":null}},
{"type":"Feature","geometry":{"type":"Point","coordinates":[-63.13501,9.75133]},"properties":{"id":null,"CONTROL":"3033","SERIE":"03","LINEA":"093","COD_SEG":"085","COD_MANZA":4,"PISO":null,"actualizad":null}},
{"type":"Feature","geometry":{"type":"Point","coordinates":[-63.1353,9.75135]},"properties":{"id":null,"CONTROL":"3033","SERIE":"04","LINEA":"094","COD_SEG":"085","COD_MANZA":4,"PISO":null,"actualizad":null}},
{"type":"Feature","geometry":{"type":"Point","coordinates":[-63.13526,9.75142]},"properties":{"id":null,"CONTROL":"3033","SERIE":"05","LINEA":"095","COD_SEG":"085","COD_MANZA":4,"PISO":null,"actualizad":null}},
{"type":"Feature","geometry":{"type":"Point","coordinates":[-63.13521,9.75149]},"properties":{"id":null,"CONTROL":"3033","SERIE":"06","LINEA":"096","COD_SEG":"085","COD_MANZA":4,"PISO":null,"actualizad":null}},
{"type":"Feature","geometry":{"type":"Point","coordinates":[-63.13526,9.75152]},"properties":{"id":null,"CONTROL":"3033","SERIE":"07","LINEA":"097","COD_SEG":"085","COD_MANZA":4,"PISO":null,"actualizad":null}},
{"type":"Feature","geometry":{"type":"Point","coordinates":[-63.13524,9.75158]},"properties":{"id":null,"CONTROL":"3033","SERIE":"08","LINEA":"098","COD_SEG":"085","COD_MANZA":4,"PISO":null,"actualizad":null}},
{"type":"Feature","geometry":{"type":"Point","coordinates":[-63.13522,9.7517]},"properties":{"id":null,"CONTROL":"3033","SERIE":"10","LINEA":"100","COD_SEG":"085","COD_MANZA":4,"PISO":null,"actualizad":null}},
{"type":"Feature","geometry":{"type":"Point","coordinates":[-63.13523,9.75179]},"properties":{"id":null,"CONTROL":"3033","SERIE":"11","LINEA":"101","COD_SEG":"085","COD_MANZA":4,"PISO":null,"actualizad":null}},
{"type":"Feature","geometry":{"type":"Point","coordinates":[-63.13519,9.75188]},"properties":{"id":null,"CONTROL":"3033","SERIE":"12","LINEA":"102","COD_SEG":"085","COD_MANZA":4,"PISO":null,"actualizad":null}},
{"type":"Feature","geometry":{"type":"Point","coordinates":[-63.1352,9.75197]},"properties":{"id":null,"CONTROL":"3033","SERIE":"13","LINEA":"103","COD_SEG":"085","COD_MANZA":4,"PISO":null,"actualizad":null}},
{"type":"Feature","geometry":{"type":"Point","coordinates":[-63.13517,9.75206]},"properties":{"id":null,"CONTROL":"3033","SERIE":"14","LINEA":"104","COD_SEG":"085","COD_MANZA":4,"PISO":null,"actualizad":null}},
{"type":"Feature","geometry":{"type":"Point","coordinates":[-63.13516,9.75216]},"properties":{"id":null,"CONTROL":"3033","SERIE":"15","LINEA":"105","COD_SEG":"085","COD_MANZA":4,"PISO":null,"actualizad":null}},
{"type":"Feature","geometry":{"type":"Point","coordinates":[-63.48843,9.97067]},"properties":{"id":null,"CONTROL":"2045","SERIE":"01","LINEA":"106","COD_SEG":"006","COD_MANZA":7,"PISO":null,"actualizad":null}},
{"type":"Feature","geometry":{"type":"Point","coordinates":[-63.4884,9.97058]},"properties":{"id":null,"CONTROL":"2045","SERIE":"02","LINEA":"109","COD_SEG":"006","COD_MANZA":7,"PISO":null,"actualizad":null}},
{"type":"Feature","geometry":{"type":"Point","coordinates":[-63.48837,9.97049]},"properties":{"id":null,"CONTROL":"2045","SERIE":"03","LINEA":"110","COD_SEG":"006","COD_MANZA":7,"PISO":null,"actualizad":null}},
{"type":"Feature","geometry":{"type":"Point","coordinates":[-63.48836,9.97037]},"properties":{"id":null,"CONTROL":"2045","SERIE":"04","LINEA":"111","COD_SEG":"006","COD_MANZA":7,"PISO":null,"actualizad":null}},
{"type":"Feature","geometry":{"type":"Point","coordinates":[-63.48868,9.9704]},"properties":{"id":null,"CONTROL":"2045","SERIE":"05","LINEA":"113","COD_SEG":"006","COD_MANZA":7,"PISO":null,"actualizad":null}},
{"type":"Feature","geometry":{"type":"Point","coordinates":[-63.48871,9.97061]},"properties":{"id":null,"CONTROL":"2045","SERIE":"06","LINEA":"121","COD_SEG":"006","COD_MANZA":7,"PISO":null,"actualizad":null}},
{"type":"Feature","geometry":{"type":"Point","coordinates":[-63.48876,9.9708]},"properties":{"id":null,"CONTROL":"2045","SERIE":"07","LINEA":"114","COD_SEG":"006","COD_MANZA":7,"PISO":null,"actualizad":null}},
{"type":"Feature","geometry":{"type":"Point","coordinates":[-63.48887,9.97117]},"properties":{"id":null,"CONTROL":"2045","SERIE":"08","LINEA":"115","COD_SEG":"006","COD_MANZA":7,"PISO":null,"actualizad":null}},
{"type":"Feature","geometry":{"type":"Point","coordinates":[-63.48891,9.97132]},"properties":{"id":null,"CONTROL":"2045","SERIE":"09","LINEA":"116","COD_SEG":"006","COD_MANZA":7,"PISO":null,"actualizad":null}},
{"type":"Feature","geometry":{"type":"Point","coordinates":[-63.48923,9.97288]},"properties":{"id":null,"CONTROL":"2045","SERIE":"PLAZA ROMULO BETANCOURT","LINEA":null,"COD_SEG":"006","COD_MANZA":7,"PISO":null,"actualizad":null}},
{"type":"Feature","geometry":{"type":"Point","coordinates":[-63.48866,9.97029]},"properties":{"id":null,"CONTROL":"2045","SERIE":"PANADERIA Y CHARCUTERIA LO MEJOR DEL PAN ANDINO","LINEA":null,"COD_SEG":"006","COD_MANZA":7,"PISO":null,"actualizad":null}},
{"type":"Feature","geometry":{"type":"Point","coordinates":[-63.48864,9.97098]},"properties":{"id":null,"CONTROL":"2045","SERIE":"IGLESIA NUEVA VIDA EVANGELICA","LINEA":null,"COD_SEG":"006","COD_MANZA":7,"PISO":null,"actualizad":null}},
{"type":"Feature","geometry":{"type":"Point","coordinates":[-63.48809,9.97182]},"properties":{"id":null,"CONTROL":"2045","SERIE":"10","LINEA":"119","COD_SEG":"006","COD_MANZA":8,"PISO":null,"actualizad":null}},
{"type":"Feature","geometry":{"type":"Point","coordinates":[-63.4878,9.97192]},"properties":{"id":null,"CONTROL":"2045","SERIE":"PLAZA AGUSTIN DIAZ","LINEA":null,"COD_SEG":"006","COD_MANZA":8,"PISO":null,"actualizad":null}},
{"type":"Feature","geometry":{"type":"Point","coordinates":[-63.48961,9.97313]},"properties":{"id":null,"CONTROL":"2045","SERIE":"LICORERIA LOS CUÑADOS","LINEA":null,"COD_SEG":"006","COD_MANZA":8,"PISO":null,"actualizad":null}},
{"type":"Feature","geometry":{"type":"Point","coordinates":[-63.61487,9.68303]},"properties":{"id":null,"CONTROL":"3018","SERIE":"02","LINEA":"047","COD_SEG":"053","COD_MANZA":3,"PISO":null,"actualizad":null}},
{"type":"Feature","geometry":{"type":"Point","coordinates":[-63.61503,9.68306]},"properties":{"id":null,"CONTROL":"3018","SERIE":"03","LINEA":"048","COD_SEG":"053","COD_MANZA":3,"PISO":null,"actualizad":null}},
{"type":"Feature","geometry":{"type":"Point","coordinates":[-63.61514,9.68312]},"properties":{"id":null,"CONTROL":"3018","SERIE":"04","LINEA":"049","COD_SEG":"053","COD_MANZA":3,"PISO":null,"actualizad":null}},
{"type":"Feature","geometry":{"type":"Point","coordinates":[-63.61522,9.6832]},"properties":{"id":null,"CONTROL":"3018","SERIE":"05","LINEA":"050","COD_SEG":"053","COD_MANZA":3,"PISO":null,"actualizad":null}},
{"type":"Feature","geometry":{"type":"Point","coordinates":[-63.61532,9.68315]},"properties":{"id":null,"CONTROL":"3018","SERIE":"06","LINEA":"051","COD_SEG":"053","COD_MANZA":3,"PISO":null,"actualizad":null}},
{"type":"Feature","geometry":{"type":"Point","coordinates":[-63.61543,9.68331]},"properties":{"id":null,"CONTROL":"3018","SERIE":"07","LINEA":"053","COD_SEG":"053","COD_MANZA":3,"PISO":null,"actualizad":null}},
{"type":"Feature","geometry":{"type":"Point","coordinates":[-63.61568,9.68328]},"properties":{"id":null,"CONTROL":"3018","SERIE":"08","LINEA":"054","COD_SEG":"053","COD_MANZA":3,"PISO":null,"actualizad":null}},
{"type":"Feature","geometry":{"type":"Point","coordinates":[-63.61585,9.68336]},"properties":{"id":null,"CONTROL":"3018","SERIE":"09","LINEA":"055","COD_SEG":"053","COD_MANZA":3,"PISO":null,"actualizad":null}},
{"type":"Feature","geometry":{"type":"Point","coordinates":[-63.61596,9.68334]},"properties":{"id":null,"CONTROL":"3018","SERIE":"11","LINEA":"057","COD_SEG":"053","COD_MANZA":3,"PISO":null,"actualizad":null}},
{"type":"Feature","geometry":{"type":"Point","coordinates":[-63.61602,9.68334]},"properties":{"id":null,"CONTROL":"3018","SERIE":"12","LINEA":"058","COD_SEG":"053","COD_MANZA":3,"PISO":null,"actualizad":null}},
{"type":"Feature","geometry":{"type":"Point","coordinates":[-63.61611,9.68336]},"properties":{"id":null,"CONTROL":"3018","SERIE":"15","LINEA":"052","COD_SEG":"053","COD_MANZA":3,"PISO":null,"actualizad":null}},
{"type":"Feature","geometry":{"type":"Point","coordinates":[-63.61625,9.68417]},"properties":{"id":null,"CONTROL":"3018","SERIE":"13","LINEA":"059","COD_SEG":"053","COD_MANZA":3,"PISO":null,"actualizad":null}},
{"type":"Feature","geometry":{"type":"Point","coordinates":[-63.61617,9.68434]},"properties":{"id":null,"CONTROL":"3018","SERIE":"14","LINEA":"060","COD_SEG":"053","COD_MANZA":3,"PISO":null,"actualizad":null}},
{"type":"Feature","geometry":{"type":"Point","coordinates":[-63.24818,9.68857]},"properties":{"id":null,"CONTROL":"0058","SERIE":"01","LINEA":"106","COD_SEG":"031","COD_MANZA":6,"PISO":null,"actualizad":null}},
{"type":"Feature","geometry":{"type":"Point","coordinates":[-63.2481,9.68851]},"properties":{"id":null,"CONTROL":"0058","SERIE":"02","LINEA":"107","COD_SEG":"031","COD_MANZA":6,"PISO":null,"actualizad":null}},
{"type":"Feature","geometry":{"type":"Point","coordinates":[-63.24816,9.68841]},"properties":{"id":null,"CONTROL":"0058","SERIE":"03","LINEA":"108","COD_SEG":"031","COD_MANZA":6,"PISO":null,"actualizad":null}},
{"type":"Feature","geometry":{"type":"Point","coordinates":[-63.24821,9.68833]},"properties":{"id":null,"CONTROL":"0058","SERIE":"04","LINEA":"109","COD_SEG":"031","COD_MANZA":6,"PISO":null,"actualizad":null}},
{"type":"Feature","geometry":{"type":"Point","coordinates":[-63.24828,9.68823]},"properties":{"id":null,"CONTROL":"0058","SERIE":"05","LINEA":"110","COD_SEG":"031","COD_MANZA":6,"PISO":null,"actualizad":null}},
{"type":"Feature","geometry":{"type":"Point","coordinates":[-63.24834,9.68813]},"properties":{"id":null,"CONTROL":"0058","SERIE":"06","LINEA":"111","COD_SEG":"031","COD_MANZA":6,"PISO":null,"actualizad":null}},
{"type":"Feature","geometry":{"type":"Point","coordinates":[-63.24838,9.68803]},"properties":{"id":null,"CONTROL":"0058","SERIE":"07","LINEA":"112","COD_SEG":"031","COD_MANZA":6,"PISO":null,"actualizad":null}},
{"type":"Feature","geometry":{"type":"Point","coordinates":[-63.24845,9.68792]},"properties":{"id":null,"CONTROL":"0058","SERIE":"08","LINEA":"113","COD_SEG":"031","COD_MANZA":6,"PISO":null,"actualizad":null}},
{"type":"Feature","geometry":{"type":"Point","coordinates":[-63.24871,9.68806]},"properties":{"id":null,"CONTROL":"0058","SERIE":"09","LINEA":"114","COD_SEG":"031","COD_MANZA":6,"PISO":null,"actualizad":null}},
{"type":"Feature","geometry":{"type":"Point","coordinates":[-63.24866,9.68818]},"properties":{"id":null,"CONTROL":"0058","SERIE":"10","LINEA":"115","COD_SEG":"031","COD_MANZA":6,"PISO":null,"actualizad":null}},
{"type":"Feature","geometry":{"type":"Point","coordinates":[-63.24863,9.68825]},"properties":{"id":null,"CONTROL":"0058","SERIE":"11","LINEA":"116","COD_SEG":"031","COD_MANZA":6,"PISO":null,"actualizad":null}},
{"type":"Feature","geometry":{"type":"Point","coordinates":[-63.24854,9.68834]},"properties":{"id":null,"CONTROL":"0058","SERIE":"12","LINEA":"117","COD_SEG":"031","COD_MANZA":6,"PISO":null,"actualizad":null}},
{"type":"Feature","geometry":{"type":"Point","coordinates":[-63.24845,9.68851]},"properties":{"id":null,"CONTROL":"0058","SERIE":"14","LINEA":"119","COD_SEG":"031","COD_MANZA":6,"PISO":null,"actualizad":null}},
{"type":"Feature","geometry":{"type":"Point","coordinates":[-63.2485,9.68843]},"properties":{"id":null,"CONTROL":"0058","SERIE":"13","LINEA":"118","COD_SEG":"031","COD_MANZA":6,"PISO":null,"actualizad":null}},
{"type":"Feature","geometry":{"type":"Point","coordinates":[-63.24798,9.68846]},"properties":{"id":null,"CONTROL":"0058","SERIE":"15","LINEA":"120","COD_SEG":"031","COD_MANZA":7,"PISO":null,"actualizad":null}},
{"type":"Feature","geometry":{"type":"Point","coordinates":[-63.19677,9.73598]},"properties":{"id":null,"CONTROL":"0009","SERIE":"01","LINEA":"074","COD_SEG":"060","COD_MANZA":2,"PISO":null,"actualizad":null}},
{"type":"Feature","geometry":{"type":"Point","coordinates":[-63.19687,9.73598]},"properties":{"id":null,"CONTROL":"0009","SERIE":"02","LINEA":"075","COD_SEG":"060","COD_MANZA":2,"PISO":null,"actualizad":null}},
{"type":"Feature","geometry":{"type":"Point","coordinates":[-63.19689,9.73613]},"properties":{"id":null,"CONTROL":"0009","SERIE":"03","LINEA":"076","COD_SEG":"060","COD_MANZA":2,"PISO":null,"actualizad":null}},
{"type":"Feature","geometry":{"type":"Point","coordinates":[-63.19691,9.73623]},"properties":{"id":null,"CONTROL":"0009","SERIE":"04","LINEA":"077","COD_SEG":"060","COD_MANZA":2,"PISO":null,"actualizad":null}},
{"type":"Feature","geometry":{"type":"Point","coordinates":[-63.19696,9.73629]},"properties":{"id":null,"CONTROL":"0009","SERIE":"05","LINEA":"078","COD_SEG":"060","COD_MANZA":2,"PISO":null,"actualizad":null}},
{"type":"Feature","geometry":{"type":"Point","coordinates":[-63.19692,9.73641]},"properties":{"id":null,"CONTROL":"0009","SERIE":"06","LINEA":"079","COD_SEG":"060","COD_MANZA":2,"PISO":null,"actualizad":null}},
{"type":"Feature","geometry":{"type":"Point","coordinates":[-63.1968,9.73644]},"properties":{"id":null,"CONTROL":"0009","SERIE":"07","LINEA":"080","COD_SEG":"060","COD_MANZA":2,"PISO":null,"actualizad":null}},
{"type":"Feature","geometry":{"type":"Point","coordinates":[-63.19672,9.73647]},"properties":{"id":null,"CONTROL":"0009","SERIE":"08","LINEA":"081","COD_SEG":"060","COD_MANZA":2,"PISO":null,"actualizad":null}},
{"type":"Feature","geometry":{"type":"Point","coordinates":[-63.19666,9.7365]},"properties":{"id":null,"CONTROL":"0009","SERIE":"09","LINEA":"082","COD_SEG":"060","COD_MANZA":2,"PISO":null,"actualizad":null}},
{"type":"Feature","geometry":{"type":"Point","coordinates":[-63.1966,9.73655]},"properties":{"id":null,"CONTROL":"0009","SERIE":"10","LINEA":"083","COD_SEG":"060","COD_MANZA":2,"PISO":null,"actualizad":null}},
{"type":"Feature","geometry":{"type":"Point","coordinates":[-63.19653,9.73659]},"properties":{"id":null,"CONTROL":"0009","SERIE":"11","LINEA":"084","COD_SEG":"060","COD_MANZA":2,"PISO":null,"actualizad":null}},
{"type":"Feature","geometry":{"type":"Point","coordinates":[-63.19646,9.73661]},"properties":{"id":null,"CONTROL":"0009","SERIE":"12","LINEA":"085","COD_SEG":"060","COD_MANZA":2,"PISO":null,"actualizad":null}},
{"type":"Feature","geometry":{"type":"Point","coordinates":[-63.19639,9.73662]},"properties":{"id":null,"CONTROL":"0009","SERIE":"13","LINEA":"086","COD_SEG":"060","COD_MANZA":2,"PISO":null,"actualizad":null}},
{"type":"Feature","geometry":{"type":"Point","coordinates":[-63.19631,9.73666]},"properties":{"id":null,"CONTROL":"0009","SERIE":"14","LINEA":"087","COD_SEG":"060","COD_MANZA":2,"PISO":null,"actualizad":null}},
{"type":"Feature","geometry":{"type":"Point","coordinates":[-63.19625,9.73669]},"properties":{"id":null,"CONTROL":"0009","SERIE":"15","LINEA":"083","COD_SEG":"060","COD_MANZA":2,"PISO":null,"actualizad":null}},
{"type":"Feature","geometry":{"type":"Point","coordinates":[-63.23224,9.73035]},"properties":{"id":null,"CONTROL":"0059","SERIE":"01","LINEA":"043","COD_SEG":"001","COD_MANZA":6,"PISO":null,"actualizad":null}},
{"type":"Feature","geometry":{"type":"Point","coordinates":[-63.23214,9.73041]},"properties":{"id":null,"CONTROL":"0059","SERIE":"02","LINEA":"044","COD_SEG":"001","COD_MANZA":6,"PISO":null,"actualizad":null}},
{"type":"Feature","geometry":{"type":"Point","coordinates":[-63.23203,9.73046]},"properties":{"id":null,"CONTROL":"0059","SERIE":"03","LINEA":"045","COD_SEG":"001","COD_MANZA":6,"PISO":null,"actualizad":null}},
{"type":"Feature","geometry":{"type":"Point","coordinates":[-63.23191,9.73028]},"properties":{"id":null,"CONTROL":"0059","SERIE":"04","LINEA":"046","COD_SEG":"001","COD_MANZA":6,"PISO":null,"actualizad":null}},
{"type":"Feature","geometry":{"type":"Point","coordinates":[-63.2318,9.73032]},"properties":{"id":null,"CONTROL":"0059","SERIE":"05","LINEA":"047","COD_SEG":"001","COD_MANZA":6,"PISO":null,"actualizad":null}},
{"type":"Feature","geometry":{"type":"Point","coordinates":[-63.23171,9.73032]},"properties":{"id":null,"CONTROL":"0059","SERIE":"06","LINEA":"048","COD_SEG":"001","COD_MANZA":6,"PISO":null,"actualizad":null}},
{"type":"Feature","geometry":{"type":"Point","coordinates":[-63.23163,9.73032]},"properties":{"id":null,"CONTROL":"0059","SERIE":"07","LINEA":"049","COD_SEG":"001","COD_MANZA":6,"PISO":null,"actualizad":null}},
{"type":"Feature","geometry":{"type":"Point","coordinates":[-63.23155,9.73028]},"properties":{"id":null,"CONTROL":"0059","SERIE":"CASA COMUNAL\n","LINEA":null,"COD_SEG":"001","COD_MANZA":6,"PISO":null,"actualizad":null}},
{"type":"Feature","geometry":{"type":"Point","coordinates":[-63.23145,9.73029]},"properties":{"id":null,"CONTROL":"0059","SERIE":"08","LINEA":"050","COD_SEG":"001","COD_MANZA":6,"PISO":null,"actualizad":null}},
{"type":"Feature","geometry":{"type":"Point","coordinates":[-63.23133,9.7303]},"properties":{"id":null,"CONTROL":"0059","SERIE":"09","LINEA":"051","COD_SEG":"001","COD_MANZA":6,"PISO":null,"actualizad":null}},
{"type":"Feature","geometry":{"type":"Point","coordinates":[-63.2312,9.73031]},"properties":{"id":null,"CONTROL":"0059","SERIE":"10","LINEA":"052","COD_SEG":"001","COD_MANZA":6,"PISO":null,"actualizad":null}},
{"type":"Feature","geometry":{"type":"Point","coordinates":[-63.23111,9.73032]},"properties":{"id":null,"CONTROL":"0059","SERIE":"11","LINEA":"053","COD_SEG":"001","COD_MANZA":6,"PISO":null,"actualizad":null}},
{"type":"Feature","geometry":{"type":"Point","coordinates":[-63.23102,9.73035]},"properties":{"id":null,"CONTROL":"0059","SERIE":"12","LINEA":"054","COD_SEG":"001","COD_MANZA":6,"PISO":null,"actualizad":null}},
{"type":"Feature","geometry":{"type":"Point","coordinates":[-63.23092,9.73035]},"properties":{"id":null,"CONTROL":"0059","SERIE":"13","LINEA":"055","COD_SEG":"001","COD_MANZA":6,"PISO":null,"actualizad":null}},
{"type":"Feature","geometry":{"type":"Point","coordinates":[-63.23081,9.73035]},"properties":{"id":null,"CONTROL":"0059","SERIE":"14","LINEA":"056","COD_SEG":"001","COD_MANZA":6,"PISO":null,"actualizad":null}},
{"type":"Feature","geometry":{"type":"Point","coordinates":[-63.72819,10.12788]},"properties":{"id":null,"CONTROL":"0050","SERIE":"01","LINEA":"117","COD_SEG":"002","COD_MANZA":7,"PISO":null,"actualizad":null}},
{"type":"Feature","geometry":{"type":"Point","coordinates":[-63.72825,10.12775]},"properties":{"id":null,"CONTROL":"0050","SERIE":"02","LINEA":"118","COD_SEG":"002","COD_MANZA":7,"PISO":null,"actualizad":null}},
{"type":"Feature","geometry":{"type":"Point","coordinates":[-63.7283,10.12763]},"properties":{"id":null,"CONTROL":"0050","SERIE":"03","LINEA":"120","COD_SEG":"002","COD_MANZA":7,"PISO":null,"actualizad":null}},
{"type":"Feature","geometry":{"type":"Point","coordinates":[-63.72836,10.12752]},"properties":{"id":null,"CONTROL":"0050","SERIE":"04","LINEA":"121","COD_SEG":"002","COD_MANZA":7,"PISO":null,"actualizad":null}},
{"type":"Feature","geometry":{"type":"Point","coordinates":[-63.72844,10.12739]},"properties":{"id":null,"CONTROL":"0050","SERIE":"05","LINEA":"122","COD_SEG":"002","COD_MANZA":7,"PISO":null,"actualizad":null}},
{"type":"Feature","geometry":{"type":"Point","coordinates":[-63.7285,10.12725]},"properties":{"id":null,"CONTROL":"0050","SERIE":"06","LINEA":"132","COD_SEG":"002","COD_MANZA":7,"PISO":null,"actualizad":null}},
{"type":"Feature","geometry":{"type":"Point","coordinates":[-63.72855,10.12714]},"properties":{"id":null,"CONTROL":"0050","SERIE":"07","LINEA":"124","COD_SEG":"002","COD_MANZA":7,"PISO":null,"actualizad":null}},
{"type":"Feature","geometry":{"type":"Point","coordinates":[-63.72871,10.12715]},"properties":{"id":null,"CONTROL":"0050","SERIE":"14","LINEA":"125","COD_SEG":"002","COD_MANZA":7,"PISO":null,"actualizad":null}},
{"type":"Feature","geometry":{"type":"Point","coordinates":[-63.72882,10.12724]},"properties":{"id":null,"CONTROL":"0050","SERIE":"15","LINEA":"126","COD_SEG":"002","COD_MANZA":7,"PISO":null,"actualizad":null}},
{"type":"Feature","geometry":{"type":"Point","coordinates":[-63.72889,10.12734]},"properties":{"id":null,"CONTROL":"0050","SERIE":"08","LINEA":"133","COD_SEG":"002","COD_MANZA":7,"PISO":null,"actualizad":null}},
{"type":"Feature","geometry":{"type":"Point","coordinates":[-63.7288,10.12743]},"properties":{"id":null,"CONTROL":"0050","SERIE":"09","LINEA":"128","COD_SEG":"002","COD_MANZA":7,"PISO":null,"actualizad":null}},
{"type":"Feature","geometry":{"type":"Point","coordinates":[-63.72875,10.12752]},"properties":{"id":null,"CONTROL":"0050","SERIE":"10","LINEA":"129","COD_SEG":"002","COD_MANZA":7,"PISO":null,"actualizad":null}},
{"type":"Feature","geometry":{"type":"Point","coordinates":[-63.7287,10.12764]},"properties":{"id":null,"CONTROL":"0050","SERIE":"11","LINEA":"130","COD_SEG":"002","COD_MANZA":7,"PISO":null,"actualizad":null}},
{"type":"Feature","geometry":{"type":"Point","coordinates":[-63.72863,10.12778]},"properties":{"id":null,"CONTROL":"0050","SERIE":"12","LINEA":"131","COD_SEG":"002","COD_MANZA":7,"PISO":null,"actualizad":null}},
{"type":"Feature","geometry":{"type":"Point","coordinates":[-63.20101,9.70001]},"properties":{"id":null,"CONTROL":"2018","SERIE":"01","LINEA":"133","COD_SEG":"005","COD_MANZA":8,"PISO":null,"actualizad":null}},
{"type":"Feature","geometry":{"type":"Point","coordinates":[-63.20109,9.69998]},"properties":{"id":null,"CONTROL":"2018","SERIE":"02","LINEA":"134","COD_SEG":"005","COD_MANZA":8,"PISO":null,"actualizad":null}},
{"type":"Feature","geometry":{"type":"Point","coordinates":[-63.20134,9.69983]},"properties":{"id":null,"CONTROL":"2018","SERIE":"03","LINEA":"135","COD_SEG":"005","COD_MANZA":8,"PISO":null,"actualizad":null}},
{"type":"Feature","geometry":{"type":"Point","coordinates":[-63.20149,9.69976]},"properties":{"id":null,"CONTROL":"2018","SERIE":"04","LINEA":"137","COD_SEG":"005","COD_MANZA":8,"PISO":null,"actualizad":null}},
{"type":"Feature","geometry":{"type":"Point","coordinates":[-63.20154,9.69984]},"properties":{"id":null,"CONTROL":"2018","SERIE":"05","LINEA":"139","COD_SEG":"005","COD_MANZA":8,"PISO":null,"actualizad":null}},
{"type":"Feature","geometry":{"type":"Point","coordinates":[-63.2016,9.7]},"properties":{"id":null,"CONTROL":"2018","SERIE":"06","LINEA":"140","COD_SEG":"005","COD_MANZA":8,"PISO":null,"actualizad":null}},
{"type":"Feature","geometry":{"type":"Point","coordinates":[-63.20164,9.70009]},"properties":{"id":null,"CONTROL":"2018","SERIE":"07","LINEA":"148","COD_SEG":"005","COD_MANZA":8,"PISO":null,"actualizad":null}},
{"type":"Feature","geometry":{"type":"Point","coordinates":[-63.2014,9.70019]},"properties":{"id":null,"CONTROL":"2018","SERIE":"08","LINEA":"141","COD_SEG":"005","COD_MANZA":8,"PISO":null,"actualizad":null}},
{"type":"Feature","geometry":{"type":"Point","coordinates":[-63.20124,9.70025]},"properties":{"id":null,"CONTROL":"2018","SERIE":"10","LINEA":"143","COD_SEG":"005","COD_MANZA":8,"PISO":null,"actualizad":null}},
{"type":"Feature","geometry":{"type":"Point","coordinates":[-63.20115,9.7003]},"properties":{"id":null,"CONTROL":"2018","SERIE":"11","LINEA":"144","COD_SEG":"005","COD_MANZA":8,"PISO":null,"actualizad":null}},
{"type":"Feature","geometry":{"type":"Point","coordinates":[-63.20099,9.70038]},"properties":{"id":null,"CONTROL":"2018","SERIE":"12","LINEA":"146","COD_SEG":"005","COD_MANZA":8,"PISO":null,"actualizad":null}},
{"type":"Feature","geometry":{"type":"Point","coordinates":[-63.20011,9.70023]},"properties":{"id":null,"CONTROL":"2018","SERIE":"AMBULATORIO SAGRADO CORAZON DE JESUS II","LINEA":null,"COD_SEG":"005","COD_MANZA":9,"PISO":null,"actualizad":null}},
{"type":"Feature","geometry":{"type":"Point","coordinates":[-63.20119,9.69995]},"properties":{"id":null,"CONTROL":"2018","SERIE":"TALLER DE LATONERIA Y PINTURA","LINEA":null,"COD_SEG":"005","COD_MANZA":8,"PISO":null,"actualizad":null}},
{"type":"Feature","geometry":{"type":"Point","coordinates":[-63.20079,9.70016]},"properties":{"id":null,"CONTROL":"2018","SERIE":"VENTA DE CERVEZA AMADO","LINEA":null,"COD_SEG":"005","COD_MANZA":8,"PISO":null,"actualizad":null}},
{"type":"Feature","geometry":{"type":"Point","coordinates":[-63.19974,9.70073]},"properties":{"id":null,"CONTROL":"2018","SERIE":"14","LINEA":"149","COD_SEG":"005","COD_MANZA":9,"PISO":null,"actualizad":null}},
{"type":"Feature","geometry":{"type":"Point","coordinates":[-63.19978,9.70063]},"properties":{"id":null,"CONTROL":"2018","SERIE":"13","LINEA":"147","COD_SEG":"005","COD_MANZA":9,"PISO":null,"actualizad":null}},
{"type":"Feature","geometry":{"type":"Point","coordinates":[-62.20567,8.70451]},"properties":{"id":null,"CONTROL":"2048","SERIE":"01","LINEA":"144","COD_SEG":"006","COD_MANZA":8,"PISO":null,"actualizad":null}},
{"type":"Feature","geometry":{"type":"Point","coordinates":[-62.2056,8.70459]},"properties":{"id":null,"CONTROL":"2048","SERIE":"02","LINEA":"145","COD_SEG":"006","COD_MANZA":8,"PISO":null,"actualizad":null}},
{"type":"Feature","geometry":{"type":"Point","coordinates":[-62.2055,8.7047]},"properties":{"id":null,"CONTROL":"2048","SERIE":"03","LINEA":"146","COD_SEG":"006","COD_MANZA":8,"PISO":null,"actualizad":null}},
{"type":"Feature","geometry":{"type":"Point","coordinates":[-62.2054,8.70481]},"properties":{"id":null,"CONTROL":"2048","SERIE":"04","LINEA":"147","COD_SEG":"006","COD_MANZA":8,"PISO":null,"actualizad":null}},
{"type":"Feature","geometry":{"type":"Point","coordinates":[-62.20529,8.7049]},"properties":{"id":null,"CONTROL":"2048","SERIE":"05","LINEA":"160","COD_SEG":"006","COD_MANZA":8,"PISO":null,"actualizad":null}},
{"type":"Feature","geometry":{"type":"Point","coordinates":[-62.20523,8.70498]},"properties":{"id":null,"CONTROL":"2048","SERIE":"06","LINEA":"149","COD_SEG":"006","COD_MANZA":8,"PISO":null,"actualizad":null}},
{"type":"Feature","geometry":{"type":"Point","coordinates":[-62.20514,8.70509]},"properties":{"id":null,"CONTROL":"2048","SERIE":"07","LINEA":"150","COD_SEG":"006","COD_MANZA":8,"PISO":null,"actualizad":null}},
{"type":"Feature","geometry":{"type":"Point","coordinates":[-62.20505,8.70514]},"properties":{"id":null,"CONTROL":"2048","SERIE":"08","LINEA":"151","COD_SEG":"006","COD_MANZA":8,"PISO":null,"actualizad":null}},
{"type":"Feature","geometry":{"type":"Point","coordinates":[-62.20498,8.70524]},"properties":{"id":null,"CONTROL":"2048","SERIE":"09","LINEA":"152","COD_SEG":"006","COD_MANZA":8,"PISO":null,"actualizad":null}},
{"type":"Feature","geometry":{"type":"Point","coordinates":[-62.2049,8.70533]},"properties":{"id":null,"CONTROL":"2048","SERIE":"10","LINEA":"153","COD_SEG":"006","COD_MANZA":8,"PISO":null,"actualizad":null}},
{"type":"Feature","geometry":{"type":"Point","coordinates":[-62.20483,8.70541]},"properties":{"id":null,"CONTROL":"2048","SERIE":"11","LINEA":"154","COD_SEG":"006","COD_MANZA":8,"PISO":null,"actualizad":null}},
{"type":"Feature","geometry":{"type":"Point","coordinates":[-62.20467,8.70552]},"properties":{"id":null,"CONTROL":"2048","SERIE":"12","LINEA":"155","COD_SEG":"006","COD_MANZA":8,"PISO":null,"actualizad":null}},
{"type":"Feature","geometry":{"type":"Point","coordinates":[-62.20493,8.7042]},"properties":{"id":null,"CONTROL":"2048","SERIE":"13","LINEA":"156","COD_SEG":"006","COD_MANZA":9,"PISO":null,"actualizad":null}},
{"type":"Feature","geometry":{"type":"Point","coordinates":[-62.20488,8.70416]},"properties":{"id":null,"CONTROL":"2048","SERIE":"14","LINEA":"157","COD_SEG":"006","COD_MANZA":9,"PISO":null,"actualizad":null}},
{"type":"Feature","geometry":{"type":"Point","coordinates":[-62.20481,8.7041]},"properties":{"id":null,"CONTROL":"2048","SERIE":"15","LINEA":"159","COD_SEG":"006","COD_MANZA":9,"PISO":null,"actualizad":null}},
{"type":"Feature","geometry":{"type":"Point","coordinates":[-62.20474,8.70405]},"properties":{"id":null,"CONTROL":"2048","SERIE":"16","LINEA":"158","COD_SEG":"006","COD_MANZA":9,"PISO":null,"actualizad":null}},
{"type":"Feature","geometry":{"type":"Point","coordinates":[-63.737,10.12373]},"properties":{"id":null,"CONTROL":"3007","SERIE":"01","LINEA":"135","COD_SEG":"001","COD_MANZA":14,"PISO":null,"actualizad":null}},
{"type":"Feature","geometry":{"type":"Point","coordinates":[-63.73688,10.12367]},"properties":{"id":null,"CONTROL":"3007","SERIE":"02","LINEA":"136","COD_SEG":"001","COD_MANZA":14,"PISO":null,"actualizad":null}},
{"type":"Feature","geometry":{"type":"Point","coordinates":[-63.73679,10.12363]},"properties":{"id":null,"CONTROL":"3007","SERIE":"03","LINEA":"137","COD_SEG":"001","COD_MANZA":14,"PISO":null,"actualizad":null}},
{"type":"Feature","geometry":{"type":"Point","coordinates":[-63.73667,10.12357]},"properties":{"id":null,"CONTROL":"3007","SERIE":"04","LINEA":"138","COD_SEG":"001","COD_MANZA":14,"PISO":null,"actualizad":null}},
{"type":"Feature","geometry":{"type":"Point","coordinates":[-63.73659,10.12354]},"properties":{"id":null,"CONTROL":"3007","SERIE":"05","LINEA":"139","COD_SEG":"001","COD_MANZA":14,"PISO":null,"actualizad":null}},
{"type":"Feature","geometry":{"type":"Point","coordinates":[-63.73647,10.12347]},"properties":{"id":null,"CONTROL":"3007","SERIE":"06","LINEA":"140","COD_SEG":"001","COD_MANZA":14,"PISO":null,"actualizad":null}},
{"type":"Feature","geometry":{"type":"Point","coordinates":[-63.73617,10.12308]},"properties":{"id":null,"CONTROL":"3007","SERIE":"07","LINEA":"141","COD_SEG":"001","COD_MANZA":14,"PISO":null,"actualizad":null}},
{"type":"Feature","geometry":{"type":"Point","coordinates":[-63.73609,10.12303]},"properties":{"id":null,"CONTROL":"3007","SERIE":"08","LINEA":"142","COD_SEG":"001","COD_MANZA":14,"PISO":null,"actualizad":null}},
{"type":"Feature","geometry":{"type":"Point","coordinates":[-63.73593,10.12279]},"properties":{"id":null,"CONTROL":"3007","SERIE":"09","LINEA":"143","COD_SEG":"001","COD_MANZA":14,"PISO":null,"actualizad":null}},
{"type":"Feature","geometry":{"type":"Point","coordinates":[-63.7357,10.12276]},"properties":{"id":null,"CONTROL":"3007","SERIE":"10","LINEA":"144","COD_SEG":"001","COD_MANZA":14,"PISO":null,"actualizad":null}},
{"type":"Feature","geometry":{"type":"Point","coordinates":[-63.73562,10.12266]},"properties":{"id":null,"CONTROL":"3007","SERIE":"11","LINEA":"145","COD_SEG":"001","COD_MANZA":14,"PISO":null,"actualizad":null}},
{"type":"Feature","geometry":{"type":"Point","coordinates":[-63.73542,10.12252]},"properties":{"id":null,"CONTROL":"3007","SERIE":"12","LINEA":"146","COD_SEG":"001","COD_MANZA":14,"PISO":null,"actualizad":null}},
{"type":"Feature","geometry":{"type":"Point","coordinates":[-63.73528,10.12245]},"properties":{"id":null,"CONTROL":"3007","SERIE":"13","LINEA":"147","COD_SEG":"001","COD_MANZA":14,"PISO":null,"actualizad":null}},
{"type":"Feature","geometry":{"type":"Point","coordinates":[-63.73521,10.12242]},"properties":{"id":null,"CONTROL":"3007","SERIE":"14","LINEA":"148","COD_SEG":"001","COD_MANZA":14,"PISO":null,"actualizad":null}},
{"type":"Feature","geometry":{"type":"Point","coordinates":[-63.73517,10.12238]},"properties":{"id":null,"CONTROL":"3007","SERIE":"15","LINEA":"149","COD_SEG":"001","COD_MANZA":14,"PISO":null,"actualizad":null}},
{"type":"Feature","geometry":{"type":"Point","coordinates":[-63.1777,9.72163]},"properties":{"id":null,"CONTROL":"3010","SERIE":"01","LINEA":"061","COD_SEG":"096","COD_MANZA":4,"PISO":null,"actualizad":null}},
{"type":"Feature","geometry":{"type":"Point","coordinates":[-63.17775,9.72169]},"properties":{"id":null,"CONTROL":"3010","SERIE":"03","LINEA":"063","COD_SEG":"096","COD_MANZA":4,"PISO":null,"actualizad":null}},
{"type":"Feature","geometry":{"type":"Point","coordinates":[-63.17781,9.72176]},"properties":{"id":null,"CONTROL":"3010","SERIE":"04","LINEA":"064","COD_SEG":"096","COD_MANZA":4,"PISO":null,"actualizad":null}},
{"type":"Feature","geometry":{"type":"Point","coordinates":[-63.17786,9.72181]},"properties":{"id":null,"CONTROL":"3010","SERIE":"05","LINEA":"065","COD_SEG":"096","COD_MANZA":4,"PISO":null,"actualizad":null}},
{"type":"Feature","geometry":{"type":"Point","coordinates":[-63.17669,9.72152]},"properties":{"id":null,"CONTROL":"3010","SERIE":"06","LINEA":"066","COD_SEG":"096","COD_MANZA":5,"PISO":null,"actualizad":null}},
{"type":"Feature","geometry":{"type":"Point","coordinates":[-63.17664,9.72145]},"properties":{"id":null,"CONTROL":"3010","SERIE":"07","LINEA":"067","COD_SEG":"096","COD_MANZA":5,"PISO":null,"actualizad":null}},
{"type":"Feature","geometry":{"type":"Point","coordinates":[-63.17658,9.72137]},"properties":{"id":null,"CONTROL":"3010","SERIE":"08","LINEA":"068","COD_SEG":"096","COD_MANZA":5,"PISO":null,"actualizad":null}},
{"type":"Feature","geometry":{"type":"Point","coordinates":[-63.17654,9.72131]},"properties":{"id":null,"CONTROL":"3010","SERIE":"10\n","LINEA":"070","COD_SEG":"096","COD_MANZA":5,"PISO":null,"actualizad":null}},
{"type":"Feature","geometry":{"type":"Point","coordinates":[-63.17648,9.72123]},"properties":{"id":null,"CONTROL":"3010","SERIE":"11","LINEA":"071","COD_SEG":"096","COD_MANZA":5,"PISO":null,"actualizad":null}},
{"type":"Feature","geometry":{"type":"Point","coordinates":[-63.17641,9.72113]},"properties":{"id":null,"CONTROL":"3010","SERIE":"12","LINEA":"072","COD_SEG":"096","COD_MANZA":5,"PISO":null,"actualizad":null}},
{"type":"Feature","geometry":{"type":"Point","coordinates":[-63.17631,9.72102]},"properties":{"id":null,"CONTROL":"3010","SERIE":"13","LINEA":"073","COD_SEG":"096","COD_MANZA":5,"PISO":null,"actualizad":null}},
{"type":"Feature","geometry":{"type":"Point","coordinates":[-63.17626,9.72095]},"properties":{"id":null,"CONTROL":"3010","SERIE":"14","LINEA":"074","COD_SEG":"096","COD_MANZA":5,"PISO":null,"actualizad":null}},
{"type":"Feature","geometry":{"type":"Point","coordinates":[-63.1762,9.7209]},"properties":{"id":null,"CONTROL":"3010","SERIE":"15","LINEA":"075","COD_SEG":"096","COD_MANZA":5,"PISO":null,"actualizad":null}},
{"type":"Feature","geometry":{"type":"Point","coordinates":[-63.17631,9.72056]},"properties":{"id":null,"CONTROL":"3010","SERIE":"COMERCIAL LOS HERMNOS LIZCANO\n","LINEA":null,"COD_SEG":"096","COD_MANZA":5,"PISO":null,"actualizad":null}},
{"type":"Feature","geometry":{"type":"Point","coordinates":[-63.22196,9.81676]},"properties":{"id":null,"CONTROL":"2020","SERIE":"01","LINEA":"029","COD_SEG":"002","COD_MANZA":19,"PISO":null,"actualizad":null}},
{"type":"Feature","geometry":{"type":"Point","coordinates":[-63.2217,9.81685]},"properties":{"id":null,"CONTROL":"2020","SERIE":"02","LINEA":"030","COD_SEG":"002","COD_MANZA":19,"PISO":null,"actualizad":null}},
{"type":"Feature","geometry":{"type":"Point","coordinates":[-63.22153,9.81652]},"properties":{"id":null,"CONTROL":"2020","SERIE":"03","LINEA":"031","COD_SEG":"002","COD_MANZA":19,"PISO":null,"actualizad":null}},
{"type":"Feature","geometry":{"type":"Point","coordinates":[-63.22181,9.81641]},"properties":{"id":null,"CONTROL":"2020","SERIE":"04","LINEA":"032","COD_SEG":"002","COD_MANZA":19,"PISO":null,"actualizad":null}},
{"type":"Feature","geometry":{"type":"Point","coordinates":[-63.2221,9.81632]},"properties":{"id":null,"CONTROL":"2020","SERIE":"05","LINEA":"033","COD_SEG":"002","COD_MANZA":19,"PISO":null,"actualizad":null}},
{"type":"Feature","geometry":{"type":"Point","coordinates":[-63.22166,9.81551]},"properties":{"id":null,"CONTROL":"2020","SERIE":"06","LINEA":"036","COD_SEG":"002","COD_MANZA":21,"PISO":null,"actualizad":null}},
{"type":"Feature","geometry":{"type":"Point","coordinates":[-63.22126,9.81572]},"properties":{"id":null,"CONTROL":"2020","SERIE":"07","LINEA":"036","COD_SEG":"002","COD_MANZA":21,"PISO":null,"actualizad":null}},
{"type":"Feature","geometry":{"type":"Point","coordinates":[-63.22085,9.8146]},"properties":{"id":null,"CONTROL":"2020","SERIE":"08","LINEA":"037","COD_SEG":"002","COD_MANZA":22,"PISO":null,"actualizad":null}},
{"type":"Feature","geometry":{"type":"Point","coordinates":[-63.22073,9.81439]},"properties":{"id":null,"CONTROL":"2020","SERIE":"09","LINEA":"043","COD_SEG":"002","COD_MANZA":22,"PISO":null,"actualizad":null}},
{"type":"Feature","geometry":{"type":"Point","coordinates":[-63.22073,9.81593]},"properties":{"id":null,"CONTROL":"2020","SERIE":"10","LINEA":"038","COD_SEG":"002","COD_MANZA":32,"PISO":null,"actualizad":null}},
{"type":"Feature","geometry":{"type":"Point","coordinates":[-63.22042,9.81529]},"properties":{"id":null,"CONTROL":"2020","SERIE":"11","LINEA":"041","COD_SEG":"002","COD_MANZA":32,"PISO":null,"actualizad":null}},
{"type":"Feature","geometry":{"type":"Point","coordinates":[-63.2203,9.81506]},"properties":{"id":null,"CONTROL":"2020","SERIE":"12","LINEA":"042","COD_SEG":"002","COD_MANZA":32,"PISO":null,"actualizad":null}},
{"type":"Feature","geometry":{"type":"Point","coordinates":[-63.20916,9.71691]},"properties":{"id":null,"CONTROL":"0022","SERIE":"01","LINEA":"016","COD_SEG":"080","COD_MANZA":1,"PISO":null,"actualizad":null}},
{"type":"Feature","geometry":{"type":"Point","coordinates":[-63.20906,9.71692]},"properties":{"id":null,"CONTROL":"0022","SERIE":"02","LINEA":"017","COD_SEG":"080","COD_MANZA":1,"PISO":null,"actualizad":null}},
{"type":"Feature","geometry":{"type":"Point","coordinates":[-63.20899,9.71694]},"properties":{"id":null,"CONTROL":"0022","SERIE":"03","LINEA":"018","COD_SEG":"080","COD_MANZA":1,"PISO":null,"actualizad":null}},
{"type":"Feature","geometry":{"type":"Point","coordinates":[-63.20889,9.71695]},"properties":{"id":null,"CONTROL":"0022","SERIE":"04","LINEA":"019","COD_SEG":"080","COD_MANZA":1,"PISO":null,"actualizad":null}},
{"type":"Feature","geometry":{"type":"Point","coordinates":[-63.20882,9.71697]},"properties":{"id":null,"CONTROL":"0022","SERIE":"05","LINEA":"020","COD_SEG":"080","COD_MANZA":1,"PISO":null,"actualizad":null}},
{"type":"Feature","geometry":{"type":"Point","coordinates":[-63.20873,9.71698]},"properties":{"id":null,"CONTROL":"0022","SERIE":"06","LINEA":"021","COD_SEG":"080","COD_MANZA":1,"PISO":null,"actualizad":null}},
{"type":"Feature","geometry":{"type":"Point","coordinates":[-63.20864,9.71699]},"properties":{"id":null,"CONTROL":"0022","SERIE":"07","LINEA":"022","COD_SEG":"080","COD_MANZA":1,"PISO":null,"actualizad":null}},
{"type":"Feature","geometry":{"type":"Point","coordinates":[-63.20833,9.7169]},"properties":{"id":null,"CONTROL":"0022","SERIE":"08","LINEA":"023","COD_SEG":"080","COD_MANZA":1,"PISO":null,"actualizad":null}},
{"type":"Feature","geometry":{"type":"Point","coordinates":[-63.20833,9.71684]},"properties":{"id":null,"CONTROL":"0022","SERIE":"09","LINEA":"021","COD_SEG":"080","COD_MANZA":1,"PISO":null,"actualizad":null}},
{"type":"Feature","geometry":{"type":"Point","coordinates":[-63.20842,9.71675]},"properties":{"id":null,"CONTROL":"0022","SERIE":"16","LINEA":"032","COD_SEG":"080","COD_MANZA":1,"PISO":null,"actualizad":null}},
{"type":"Feature","geometry":{"type":"Point","coordinates":[-63.20841,9.71661]},"properties":{"id":null,"CONTROL":"0022","SERIE":"10","LINEA":"025","COD_SEG":"080","COD_MANZA":1,"PISO":null,"actualizad":null}},
{"type":"Feature","geometry":{"type":"Point","coordinates":[-63.20844,9.71645]},"properties":{"id":null,"CONTROL":"0022","SERIE":"11","LINEA":"026","COD_SEG":"080","COD_MANZA":1,"PISO":null,"actualizad":null}},
{"type":"Feature","geometry":{"type":"Point","coordinates":[-63.2085,9.7163]},"properties":{"id":null,"CONTROL":"0022","SERIE":"12","LINEA":"027","COD_SEG":"080","COD_MANZA":1,"PISO":null,"actualizad":null}},
{"type":"Feature","geometry":{"type":"Point","coordinates":[-63.20851,9.71623]},"properties":{"id":null,"CONTROL":"0022","SERIE":"13","LINEA":"028","COD_SEG":"080","COD_MANZA":1,"PISO":null,"actualizad":null}},
{"type":"Feature","geometry":{"type":"Point","coordinates":[-63.20852,9.71618]},"properties":{"id":null,"CONTROL":"0022","SERIE":"14","LINEA":"029","COD_SEG":"080","COD_MANZA":1,"PISO":null,"actualizad":null}},
{"type":"Feature","geometry":{"type":"Point","coordinates":[-63.20852,9.71615]},"properties":{"id":null,"CONTROL":"0022","SERIE":"15","LINEA":"030","COD_SEG":"080","COD_MANZA":1,"PISO":null,"actualizad":null}},
{"type":"Feature","geometry":{"type":"Point","coordinates":[-63.14675,9.74986]},"properties":{"id":null,"CONTROL":"0070","SERIE":"01","LINEA":"235","COD_SEG":"089","COD_MANZA":3,"PISO":null,"actualizad":null}},
{"type":"Feature","geometry":{"type":"Point","coordinates":[-63.14687,9.74984]},"properties":{"id":null,"CONTROL":"0070","SERIE":"02","LINEA":"236","COD_SEG":"089","COD_MANZA":3,"PISO":null,"actualizad":null}},
{"type":"Feature","geometry":{"type":"Point","coordinates":[-63.14695,9.74978]},"properties":{"id":null,"CONTROL":"0070","SERIE":"03","LINEA":"237","COD_SEG":"089","COD_MANZA":3,"PISO":null,"actualizad":null}},
{"type":"Feature","geometry":{"type":"Point","coordinates":[-63.14703,9.74975]},"properties":{"id":null,"CONTROL":"0070","SERIE":"04","LINEA":"238","COD_SEG":"089","COD_MANZA":3,"PISO":null,"actualizad":null}},
{"type":"Feature","geometry":{"type":"Point","coordinates":[-63.14716,9.74971]},"properties":{"id":null,"CONTROL":"0070","SERIE":"05","LINEA":"239","COD_SEG":"089","COD_MANZA":3,"PISO":null,"actualizad":null}},
{"type":"Feature","geometry":{"type":"Point","coordinates":[-63.14719,9.74962]},"properties":{"id":null,"CONTROL":"0070","SERIE":"16","LINEA":"250","COD_SEG":"089","COD_MANZA":3,"PISO":null,"actualizad":null}},
{"type":"Feature","geometry":{"type":"Point","coordinates":[-63.14714,9.74948]},"properties":{"id":null,"CONTROL":"0070","SERIE":"06","LINEA":"240","COD_SEG":"089","COD_MANZA":3,"PISO":null,"actualizad":null}},
{"type":"Feature","geometry":{"type":"Point","coordinates":[-63.14715,9.74939]},"properties":{"id":null,"CONTROL":"0070","SERIE":"07","LINEA":"241","COD_SEG":"089","COD_MANZA":3,"PISO":null,"actualizad":null}},
{"type":"Feature","geometry":{"type":"Point","coordinates":[-63.14711,9.74929]},"properties":{"id":null,"CONTROL":"0070","SERIE":"08","LINEA":"242","COD_SEG":"089","COD_MANZA":3,"PISO":null,"actualizad":null}},
{"type":"Feature","geometry":{"type":"Point","coordinates":[-63.14709,9.74921]},"properties":{"id":null,"CONTROL":"0070","SERIE":"09","LINEA":"243","COD_SEG":"089","COD_MANZA":3,"PISO":null,"actualizad":null}},
{"type":"Feature","geometry":{"type":"Point","coordinates":[-63.14707,9.74913]},"properties":{"id":null,"CONTROL":"0070","SERIE":"10","LINEA":"244","COD_SEG":"089","COD_MANZA":3,"PISO":null,"actualizad":null}},
{"type":"Feature","geometry":{"type":"Point","coordinates":[-63.14707,9.74904]},"properties":{"id":null,"CONTROL":"0070","SERIE":"11","LINEA":"245","COD_SEG":"089","COD_MANZA":3,"PISO":null,"actualizad":null}},
{"type":"Feature","geometry":{"type":"Point","coordinates":[-63.14704,9.74893]},"properties":{"id":null,"CONTROL":"0070","SERIE":"12","LINEA":"246","COD_SEG":"089","COD_MANZA":3,"PISO":null,"actualizad":null}},
{"type":"Feature","geometry":{"type":"Point","coordinates":[-63.14696,9.74904]},"properties":{"id":null,"CONTROL":"0070","SERIE":"13","LINEA":"247","COD_SEG":"089","COD_MANZA":3,"PISO":null,"actualizad":null}},
{"type":"Feature","geometry":{"type":"Point","coordinates":[-63.14685,9.74912]},"properties":{"id":null,"CONTROL":"0070","SERIE":"14","LINEA":"248","COD_SEG":"089","COD_MANZA":3,"PISO":null,"actualizad":null}},
{"type":"Feature","geometry":{"type":"Point","coordinates":[-63.1467,9.74916]},"properties":{"id":null,"CONTROL":"0070","SERIE":"15","LINEA":"249","COD_SEG":"089","COD_MANZA":3,"PISO":null,"actualizad":null}},
{"type":"Feature","geometry":{"type":"Point","coordinates":[-63.79697,9.74848]},"properties":{"id":null,"CONTROL":"3009","SERIE":"01","LINEA":"121","COD_SEG":"001","COD_MANZA":7,"PISO":null,"actualizad":null}},
{"type":"Feature","geometry":{"type":"Point","coordinates":[-63.79692,9.74859]},"properties":{"id":null,"CONTROL":"3009","SERIE":"02","LINEA":"122","COD_SEG":"001","COD_MANZA":7,"PISO":null,"actualizad":null}},
{"type":"Feature","geometry":{"type":"Point","coordinates":[-63.79684,9.74871]},"properties":{"id":null,"CONTROL":"3009","SERIE":"03","LINEA":"123","COD_SEG":"001","COD_MANZA":7,"PISO":null,"actualizad":null}},
{"type":"Feature","geometry":{"type":"Point","coordinates":[-63.79679,9.74883]},"properties":{"id":null,"CONTROL":"3009","SERIE":"04","LINEA":"124","COD_SEG":"001","COD_MANZA":7,"PISO":null,"actualizad":null}},
{"type":"Feature","geometry":{"type":"Point","coordinates":[-63.79675,9.74894]},"properties":{"id":null,"CONTROL":"3009","SERIE":"05","LINEA":"125","COD_SEG":"001","COD_MANZA":7,"PISO":null,"actualizad":null}},
{"type":"Feature","geometry":{"type":"Point","coordinates":[-63.79709,9.74712]},"properties":{"id":null,"CONTROL":"3009","SERIE":"06","LINEA":"126","COD_SEG":"001","COD_MANZA":8,"PISO":null,"actualizad":null}},
{"type":"Feature","geometry":{"type":"Point","coordinates":[-63.79691,9.74706]},"properties":{"id":null,"CONTROL":"3009","SERIE":"07","LINEA":"127","COD_SEG":"001","COD_MANZA":8,"PISO":null,"actualizad":null}},
{"type":"Feature","geometry":{"type":"Point","coordinates":[-63.79662,9.747]},"properties":{"id":null,"CONTROL":"3009","SERIE":"08","LINEA":"128","COD_SEG":"001","COD_MANZA":8,"PISO":null,"actualizad":null}},
{"type":"Feature","geometry":{"type":"Point","coordinates":[-63.79665,9.7469]},"properties":{"id":null,"CONTROL":"3009","SERIE":"09","LINEA":"129","COD_SEG":"001","COD_MANZA":8,"PISO":null,"actualizad":null}},
{"type":"Feature","geometry":{"type":"Point","coordinates":[-63.79676,9.74662]},"properties":{"id":null,"CONTROL":"3009","SERIE":"CANCHA DEPORTIVA","LINEA":null,"COD_SEG":"001","COD_MANZA":8,"PISO":null,"actualizad":null}},
{"type":"Feature","geometry":{"type":"Point","coordinates":[-63.79677,9.74636]},"properties":{"id":null,"CONTROL":"3009","SERIE":"10","LINEA":"130","COD_SEG":"001","COD_MANZA":8,"PISO":null,"actualizad":null}},
{"type":"Feature","geometry":{"type":"Point","coordinates":[-63.79678,9.74631]},"properties":{"id":null,"CONTROL":"3009","SERIE":"11","LINEA":"131","COD_SEG":"001","COD_MANZA":8,"PISO":null,"actualizad":null}},
{"type":"Feature","geometry":{"type":"Point","coordinates":[-63.79677,9.74626]},"properties":{"id":null,"CONTROL":"3009","SERIE":"12","LINEA":"132","COD_SEG":"001","COD_MANZA":8,"PISO":null,"actualizad":null}},
{"type":"Feature","geometry":{"type":"Point","coordinates":[-63.79679,9.7461]},"properties":{"id":null,"CONTROL":"3009","SERIE":"13","LINEA":"133","COD_SEG":"001","COD_MANZA":8,"PISO":null,"actualizad":null}},
{"type":"Feature","geometry":{"type":"Point","coordinates":[-63.79697,9.74553]},"properties":{"id":null,"CONTROL":"3009","SERIE":"14","LINEA":"134","COD_SEG":"001","COD_MANZA":8,"PISO":null,"actualizad":null}},
{"type":"Feature","geometry":{"type":"Point","coordinates":[-63.7971,9.74555]},"properties":{"id":null,"CONTROL":"3009","SERIE":"15","LINEA":"135","COD_SEG":"001","COD_MANZA":8,"PISO":null,"actualizad":null}},
{"type":"Feature","geometry":{"type":"Point","coordinates":[-63.25051,9.70066]},"properties":{"id":null,"CONTROL":"0010","SERIE":"M-8 LOS JARDINES\n","LINEA":null,"COD_SEG":"073","COD_MANZA":1,"PISO":null,"actualizad":null}},
{"type":"Feature","geometry":{"type":"Point","coordinates":[-63.24985,9.70008]},"properties":{"id":null,"CONTROL":"0010","SERIE":"01","LINEA":"121","COD_SEG":"073","COD_MANZA":1,"PISO":null,"actualizad":null}},
{"type":"Feature","geometry":{"type":"Point","coordinates":[-63.24966,9.70019]},"properties":{"id":null,"CONTROL":"0010","SERIE":"02","LINEA":"122","COD_SEG":"073","COD_MANZA":1,"PISO":null,"actualizad":null}},
{"type":"Feature","geometry":{"type":"Point","coordinates":[-63.24961,9.70011]},"properties":{"id":null,"CONTROL":"0010","SERIE":"03","LINEA":"123","COD_SEG":"073","COD_MANZA":1,"PISO":null,"actualizad":null}},
{"type":"Feature","geometry":{"type":"Point","coordinates":[-63.24956,9.70003]},"properties":{"id":null,"CONTROL":"0010","SERIE":"04","LINEA":"124","COD_SEG":"073","COD_MANZA":1,"PISO":null,"actualizad":null}},
{"type":"Feature","geometry":{"type":"Point","coordinates":[-63.2495,9.69993]},"properties":{"id":null,"CONTROL":"0010","SERIE":"05","LINEA":"125","COD_SEG":"073","COD_MANZA":1,"PISO":null,"actualizad":null}},
{"type":"Feature","geometry":{"type":"Point","coordinates":[-63.24946,9.69984]},"properties":{"id":null,"CONTROL":"0010","SERIE":"06","LINEA":"126","COD_SEG":"073","COD_MANZA":1,"PISO":null,"actualizad":null}},
{"type":"Feature","geometry":{"type":"Point","coordinates":[-63.2494,9.69976]},"properties":{"id":null,"CONTROL":"0010","SERIE":"07","LINEA":"127","COD_SEG":"073","COD_MANZA":1,"PISO":null,"actualizad":null}},
{"type":"Feature","geometry":{"type":"Point","coordinates":[-63.24924,9.69993]},"properties":{"id":null,"CONTROL":"0010","SERIE":"08","LINEA":"128","COD_SEG":"073","COD_MANZA":1,"PISO":null,"actualizad":null}},
{"type":"Feature","geometry":{"type":"Point","coordinates":[-63.24928,9.7]},"properties":{"id":null,"CONTROL":"0010","SERIE":"09","LINEA":"129","COD_SEG":"073","COD_MANZA":1,"PISO":null,"actualizad":null}},
{"type":"Feature","geometry":{"type":"Point","coordinates":[-63.24933,9.7001]},"properties":{"id":null,"CONTROL":"0010","SERIE":"10","LINEA":"130","COD_SEG":"073","COD_MANZA":1,"PISO":null,"actualizad":null}},
{"type":"Feature","geometry":{"type":"Point","coordinates":[-63.24939,9.70017]},"properties":{"id":null,"CONTROL":"0010","SERIE":"11","LINEA":"131","COD_SEG":"073","COD_MANZA":1,"PISO":null,"actualizad":null}},
{"type":"Feature","geometry":{"type":"Point","coordinates":[-63.24943,9.70025]},"properties":{"id":null,"CONTROL":"0010","SERIE":"12","LINEA":"132","COD_SEG":"073","COD_MANZA":1,"PISO":null,"actualizad":null}},
{"type":"Feature","geometry":{"type":"Point","coordinates":[-63.24949,9.70033]},"properties":{"id":null,"CONTROL":"0010","SERIE":"13","LINEA":"133","COD_SEG":"073","COD_MANZA":1,"PISO":null,"actualizad":null}},
{"type":"Feature","geometry":{"type":"Point","coordinates":[-63.24924,9.70047]},"properties":{"id":null,"CONTROL":"0010","SERIE":"14","LINEA":"134","COD_SEG":"073","COD_MANZA":1,"PISO":null,"actualizad":null}},
{"type":"Feature","geometry":{"type":"Point","coordinates":[-63.24919,9.70039]},"properties":{"id":null,"CONTROL":"0010","SERIE":"15","LINEA":"135","COD_SEG":"073","COD_MANZA":1,"PISO":null,"actualizad":null}},
{"type":"Feature","geometry":{"type":"Point","coordinates":[-63.13422,9.75914]},"properties":{"id":null,"CONTROL":"0047","SERIE":"01","LINEA":"104","COD_SEG":"058","COD_MANZA":3,"PISO":null,"actualizad":null}},
{"type":"Feature","geometry":{"type":"Point","coordinates":[-63.13401,9.75922]},"properties":{"id":null,"CONTROL":"0047","SERIE":"02","LINEA":"105","COD_SEG":"058","COD_MANZA":3,"PISO":null,"actualizad":null}},
{"type":"Feature","geometry":{"type":"Point","coordinates":[-63.1339,9.75924]},"properties":{"id":null,"CONTROL":"0047","SERIE":"03","LINEA":"106","COD_SEG":"058","COD_MANZA":3,"PISO":null,"actualizad":null}},
{"type":"Feature","geometry":{"type":"Point","coordinates":[-63.13382,9.75927]},"properties":{"id":null,"CONTROL":"0047","SERIE":"04","LINEA":"107","COD_SEG":"058","COD_MANZA":3,"PISO":null,"actualizad":null}},
{"type":"Feature","geometry":{"type":"Point","coordinates":[-63.13371,9.75928]},"properties":{"id":null,"CONTROL":"0047","SERIE":"05","LINEA":"108","COD_SEG":"058","COD_MANZA":3,"PISO":null,"actualizad":null}},
{"type":"Feature","geometry":{"type":"Point","coordinates":[-63.13359,9.75932]},"properties":{"id":null,"CONTROL":"0047","SERIE":"06","LINEA":"109","COD_SEG":"058","COD_MANZA":3,"PISO":null,"actualizad":null}},
{"type":"Feature","geometry":{"type":"Point","coordinates":[-63.1335,9.75935]},"properties":{"id":null,"CONTROL":"0047","SERIE":"07","LINEA":"110","COD_SEG":"058","COD_MANZA":3,"PISO":null,"actualizad":null}},
{"type":"Feature","geometry":{"type":"Point","coordinates":[-63.13339,9.75937]},"properties":{"id":null,"CONTROL":"0047","SERIE":"08","LINEA":"111","COD_SEG":"058","COD_MANZA":3,"PISO":null,"actualizad":null}},
{"type":"Feature","geometry":{"type":"Point","coordinates":[-63.13331,9.75939]},"properties":{"id":null,"CONTROL":"0047","SERIE":"09","LINEA":"112","COD_SEG":"058","COD_MANZA":3,"PISO":null,"actualizad":null}},
{"type":"Feature","geometry":{"type":"Point","coordinates":[-63.1332,9.75943]},"properties":{"id":null,"CONTROL":"0047","SERIE":"10","LINEA":"113","COD_SEG":"058","COD_MANZA":3,"PISO":null,"actualizad":null}},
{"type":"Feature","geometry":{"type":"Point","coordinates":[-63.1336,9.75745]},"properties":{"id":null,"CONTROL":"0047","SERIE":"11","LINEA":"114","COD_SEG":"058","COD_MANZA":4,"PISO":null,"actualizad":null}},
{"type":"Feature","geometry":{"type":"Point","coordinates":[-63.1337,9.75769]},"properties":{"id":null,"CONTROL":"0047","SERIE":"12","LINEA":"115","COD_SEG":"058","COD_MANZA":4,"PISO":null,"actualizad":null}},
{"type":"Feature","geometry":{"type":"Point","coordinates":[-63.1338,9.75794]},"properties":{"id":null,"CONTROL":"0047","SERIE":"13","LINEA":"116","COD_SEG":"058","COD_MANZA":4,"PISO":null,"actualizad":null}},
{"type":"Feature","geometry":{"type":"Point","coordinates":[-63.13384,9.75803]},"properties":{"id":null,"CONTROL":"0047","SERIE":"14","LINEA":"117","COD_SEG":"058","COD_MANZA":4,"PISO":null,"actualizad":null}},
{"type":"Feature","geometry":{"type":"Point","coordinates":[-63.13385,9.75811]},"properties":{"id":null,"CONTROL":"0047","SERIE":"15","LINEA":"118","COD_SEG":"058","COD_MANZA":4,"PISO":null,"actualizad":null}},
{"type":"Feature","geometry":{"type":"Point","coordinates":[-63.12975,9.75688]},"properties":{"id":null,"CONTROL":"0062","SERIE":"12","LINEA":"125","COD_SEG":"059","COD_MANZA":6,"PISO":null,"actualizad":null}},
{"type":"Feature","geometry":{"type":"Point","coordinates":[-63.12976,9.75682]},"properties":{"id":null,"CONTROL":"0062","SERIE":"13","LINEA":"126","COD_SEG":"059","COD_MANZA":6,"PISO":null,"actualizad":null}},
{"type":"Feature","geometry":{"type":"Point","coordinates":[-63.12973,9.75675]},"properties":{"id":null,"CONTROL":"0062","SERIE":"17","LINEA":"130","COD_SEG":"059","COD_MANZA":6,"PISO":null,"actualizad":null}},
{"type":"Feature","geometry":{"type":"Point","coordinates":[-63.12968,9.75663]},"properties":{"id":null,"CONTROL":"0062","SERIE":"14","LINEA":"127","COD_SEG":"059","COD_MANZA":6,"PISO":null,"actualizad":null}},
{"type":"Feature","geometry":{"type":"Point","coordinates":[-63.12961,9.75649]},"properties":{"id":null,"CONTROL":"0062","SERIE":"18","LINEA":"132","COD_SEG":"059","COD_MANZA":6,"PISO":null,"actualizad":null}},
{"type":"Feature","geometry":{"type":"Point","coordinates":[-63.12949,9.75657]},"properties":{"id":null,"CONTROL":"0062","SERIE":"11","LINEA":"124","COD_SEG":"059","COD_MANZA":6,"PISO":null,"actualizad":null}},
{"type":"Feature","geometry":{"type":"Point","coordinates":[-63.1294,9.75661]},"properties":{"id":null,"CONTROL":"0062","SERIE":"10","LINEA":"123","COD_SEG":"059","COD_MANZA":6,"PISO":null,"actualizad":null}},
{"type":"Feature","geometry":{"type":"Point","coordinates":[-63.12931,9.75666]},"properties":{"id":null,"CONTROL":"0062","SERIE":"09","LINEA":"122","COD_SEG":"059","COD_MANZA":6,"PISO":null,"actualizad":null}},
{"type":"Feature","geometry":{"type":"Point","coordinates":[-63.12918,9.7567]},"properties":{"id":null,"CONTROL":"0062","SERIE":"PARCELA 06 ANTENA\n","LINEA":null,"COD_SEG":"059","COD_MANZA":6,"PISO":null,"actualizad":null}},
{"type":"Feature","geometry":{"type":"Point","coordinates":[-63.12902,9.75678]},"properties":{"id":null,"CONTROL":"0062","SERIE":"08","LINEA":"121","COD_SEG":"059","COD_MANZA":6,"PISO":null,"actualizad":null}},
{"type":"Feature","geometry":{"type":"Point","coordinates":[-63.12908,9.75685]},"properties":{"id":null,"CONTROL":"0062","SERIE":"07","LINEA":"120","COD_SEG":"059","COD_MANZA":6,"PISO":null,"actualizad":null}},
{"type":"Feature","geometry":{"type":"Point","coordinates":[-63.12913,9.75694]},"properties":{"id":null,"CONTROL":"0062","SERIE":"06","LINEA":"119","COD_SEG":"059","COD_MANZA":6,"PISO":null,"actualizad":null}},
{"type":"Feature","geometry":{"type":"Point","coordinates":[-63.12917,9.75705]},"properties":{"id":null,"CONTROL":"0062","SERIE":"05","LINEA":"118","COD_SEG":"059","COD_MANZA":6,"PISO":null,"actualizad":null}},
{"type":"Feature","geometry":{"type":"Point","coordinates":[-63.12923,9.75716]},"properties":{"id":null,"CONTROL":"0062","SERIE":"04","LINEA":"117","COD_SEG":"059","COD_MANZA":6,"PISO":null,"actualizad":null}},
{"type":"Feature","geometry":{"type":"Point","coordinates":[-63.12934,9.75735]},"properties":{"id":null,"CONTROL":"0062","SERIE":"IGLESIA EVANGELICA FUENTE DE LUZ\n","LINEA":null,"COD_SEG":"059","COD_MANZA":6,"PISO":null,"actualizad":null}},
{"type":"Feature","geometry":{"type":"Point","coordinates":[-63.12905,9.75748]},"properties":{"id":null,"CONTROL":"0062","SERIE":"01","LINEA":"114","COD_SEG":"059","COD_MANZA":5,"PISO":null,"actualizad":null}},
{"type":"Feature","geometry":{"type":"Point","coordinates":[-63.1289,9.75748]},"properties":{"id":null,"CONTROL":"0062","SERIE":"02","LINEA":"115","COD_SEG":"059","COD_MANZA":5,"PISO":null,"actualizad":null}},
{"type":"Feature","geometry":{"type":"Point","coordinates":[-63.12882,9.75751]},"properties":{"id":null,"CONTROL":"0062","SERIE":"16","LINEA":"129","COD_SEG":"059","COD_MANZA":5,"PISO":null,"actualizad":null}},
{"type":"Feature","geometry":{"type":"Point","coordinates":[-63.12863,9.75759]},"properties":{"id":null,"CONTROL":"0062","SERIE":"03","LINEA":"116","COD_SEG":"059","COD_MANZA":5,"PISO":null,"actualizad":null}},
{"type":"Feature","geometry":{"type":"Point","coordinates":[-63.19791,9.71892]},"properties":{"id":null,"CONTROL":"0076","SERIE":"01","LINEA":"166","COD_SEG":"077","COD_MANZA":17,"PISO":null,"actualizad":null}},
{"type":"Feature","geometry":{"type":"Point","coordinates":[-63.19802,9.71884]},"properties":{"id":null,"CONTROL":"0076","SERIE":"02","LINEA":"167","COD_SEG":"077","COD_MANZA":17,"PISO":null,"actualizad":null}},
{"type":"Feature","geometry":{"type":"Point","coordinates":[-63.1981,9.71877]},"properties":{"id":null,"CONTROL":"0076","SERIE":"03","LINEA":"168","COD_SEG":"077","COD_MANZA":17,"PISO":null,"actualizad":null}},
{"type":"Feature","geometry":{"type":"Point","coordinates":[-63.19815,9.71887]},"properties":{"id":null,"CONTROL":"0076","SERIE":"04","LINEA":"169","COD_SEG":"077","COD_MANZA":17,"PISO":null,"actualizad":null}},
{"type":"Feature","geometry":{"type":"Point","coordinates":[-63.19823,9.71894]},"properties":{"id":null,"CONTROL":"0076","SERIE":"05","LINEA":"170","COD_SEG":"077","COD_MANZA":17,"PISO":null,"actualizad":null}},
{"type":"Feature","geometry":{"type":"Point","coordinates":[-63.1982,9.71892]},"properties":{"id":null,"CONTROL":"0076","SERIE":"06","LINEA":"171","COD_SEG":"077","COD_MANZA":17,"PISO":null,"actualizad":null}},
{"type":"Feature","geometry":{"type":"Point","coordinates":[-63.19735,9.71942]},"properties":{"id":null,"CONTROL":"0076","SERIE":"07","LINEA":"172","COD_SEG":"077","COD_MANZA":18,"PISO":null,"actualizad":null}},
{"type":"Feature","geometry":{"type":"Point","coordinates":[-63.19746,9.71935]},"properties":{"id":null,"CONTROL":"0076","SERIE":"08","LINEA":"173","COD_SEG":"077","COD_MANZA":18,"PISO":null,"actualizad":null}},
{"type":"Feature","geometry":{"type":"Point","coordinates":[-63.19756,9.71927]},"properties":{"id":null,"CONTROL":"0076","SERIE":"09","LINEA":"174","COD_SEG":"077","COD_MANZA":18,"PISO":null,"actualizad":null}},
{"type":"Feature","geometry":{"type":"Point","coordinates":[-63.19765,9.71919]},"properties":{"id":null,"CONTROL":"0076","SERIE":"10","LINEA":"175","COD_SEG":"077","COD_MANZA":18,"PISO":null,"actualizad":null}},
{"type":"Feature","geometry":{"type":"Point","coordinates":[-63.19772,9.71911]},"properties":{"id":null,"CONTROL":"0076","SERIE":"11","LINEA":"176","COD_SEG":"077","COD_MANZA":18,"PISO":null,"actualizad":null}},
{"type":"Feature","geometry":{"type":"Point","coordinates":[-63.19757,9.71942]},"properties":{"id":null,"CONTROL":"0076","SERIE":"12","LINEA":"177","COD_SEG":"077","COD_MANZA":18,"PISO":null,"actualizad":null}},
{"type":"Feature","geometry":{"type":"Point","coordinates":[-63.19751,9.71958]},"properties":{"id":null,"CONTROL":"0076","SERIE":"13","LINEA":"178","COD_SEG":"077","COD_MANZA":18,"PISO":null,"actualizad":null}},
{"type":"Feature","geometry":{"type":"Point","coordinates":[-63.19744,9.71951]},"properties":{"id":null,"CONTROL":"0076","SERIE":"14","LINEA":"179","COD_SEG":"077","COD_MANZA":18,"PISO":null,"actualizad":null}},
{"type":"Feature","geometry":{"type":"Point","coordinates":[-63.19722,9.71979]},"properties":{"id":null,"CONTROL":"0076","SERIE":"15","LINEA":"180","COD_SEG":"077","COD_MANZA":19,"PISO":null,"actualizad":null}},
{"type":"Feature","geometry":{"type":"Point","coordinates":[-63.14082,9.7255]},"properties":{"id":null,"CONTROL":"2031","SERIE":"01","LINEA":"136","COD_SEG":"129","COD_MANZA":7,"PISO":null,"actualizad":null}},
{"type":"Feature","geometry":{"type":"Point","coordinates":[-63.14093,9.7255]},"properties":{"id":null,"CONTROL":"2031","SERIE":"02","LINEA":"137","COD_SEG":"129","COD_MANZA":7,"PISO":null,"actualizad":null}},
{"type":"Feature","geometry":{"type":"Point","coordinates":[-63.14103,9.72549]},"properties":{"id":null,"CONTROL":"2031","SERIE":"03","LINEA":"140","COD_SEG":"129","COD_MANZA":7,"PISO":null,"actualizad":null}},
{"type":"Feature","geometry":{"type":"Point","coordinates":[-63.14117,9.72545]},"properties":{"id":null,"CONTROL":"2031","SERIE":"04","LINEA":"141","COD_SEG":"129","COD_MANZA":7,"PISO":null,"actualizad":null}},
{"type":"Feature","geometry":{"type":"Point","coordinates":[-63.14118,9.72557]},"properties":{"id":null,"CONTROL":"2031","SERIE":"05","LINEA":"142","COD_SEG":"129","COD_MANZA":7,"PISO":null,"actualizad":null}},
{"type":"Feature","geometry":{"type":"Point","coordinates":[-63.14115,9.7257]},"properties":{"id":null,"CONTROL":"2031","SERIE":"13","LINEA":"150","COD_SEG":"129","COD_MANZA":7,"PISO":null,"actualizad":null}},
{"type":"Feature","geometry":{"type":"Point","coordinates":[-63.14114,9.7258]},"properties":{"id":null,"CONTROL":"2031","SERIE":"14","LINEA":"151","COD_SEG":"129","COD_MANZA":7,"PISO":null,"actualizad":null}},
{"type":"Feature","geometry":{"type":"Point","coordinates":[-63.14105,9.7258]},"properties":{"id":null,"CONTROL":"2031","SERIE":"08","LINEA":"145","COD_SEG":"129","COD_MANZA":7,"PISO":null,"actualizad":null}},
{"type":"Feature","geometry":{"type":"Point","coordinates":[-63.14096,9.72579]},"properties":{"id":null,"CONTROL":"2031","SERIE":"09","LINEA":"146","COD_SEG":"129","COD_MANZA":7,"PISO":null,"actualizad":null}},
{"type":"Feature","geometry":{"type":"Point","coordinates":[-63.14076,9.72578]},"properties":{"id":null,"CONTROL":"2031","SERIE":"10","LINEA":"147","COD_SEG":"129","COD_MANZA":7,"PISO":null,"actualizad":null}},
{"type":"Feature","geometry":{"type":"Point","coordinates":[-63.14064,9.72582]},"properties":{"id":null,"CONTROL":"2031","SERIE":"11","LINEA":"148","COD_SEG":"129","COD_MANZA":7,"PISO":null,"actualizad":null}},
{"type":"Feature","geometry":{"type":"Point","coordinates":[-63.14057,9.72582]},"properties":{"id":null,"CONTROL":"2031","SERIE":"12","LINEA":"149","COD_SEG":"129","COD_MANZA":7,"PISO":null,"actualizad":null}},
{"type":"Feature","geometry":{"type":"Point","coordinates":[-63.25832,9.72679]},"properties":{"id":null,"CONTROL":"2036","SERIE":"01","LINEA":"073","COD_SEG":"013","COD_MANZA":6,"PISO":null,"actualizad":null}},
{"type":"Feature","geometry":{"type":"Point","coordinates":[-63.25829,9.72668]},"properties":{"id":null,"CONTROL":"2036","SERIE":"02","LINEA":"058","COD_SEG":"013","COD_MANZA":6,"PISO":null,"actualizad":null}},
{"type":"Feature","geometry":{"type":"Point","coordinates":[-63.25828,9.7266]},"properties":{"id":null,"CONTROL":"2036","SERIE":"03","LINEA":"059","COD_SEG":"013","COD_MANZA":6,"PISO":null,"actualizad":null}},
{"type":"Feature","geometry":{"type":"Point","coordinates":[-63.25825,9.7265]},"properties":{"id":null,"CONTROL":"2036","SERIE":"04","LINEA":"061","COD_SEG":"013","COD_MANZA":6,"PISO":null,"actualizad":null}},
{"type":"Feature","geometry":{"type":"Point","coordinates":[-63.25823,9.72637]},"properties":{"id":null,"CONTROL":"2036","SERIE":"05","LINEA":"063","COD_SEG":"013","COD_MANZA":6,"PISO":null,"actualizad":null}},
{"type":"Feature","geometry":{"type":"Point","coordinates":[-63.25822,9.72603]},"properties":{"id":null,"CONTROL":"2036","SERIE":"COMEDOR POPULAR\n","LINEA":null,"COD_SEG":"013","COD_MANZA":6,"PISO":null,"actualizad":null}},
{"type":"Feature","geometry":{"type":"Point","coordinates":[-63.2584,9.72603]},"properties":{"id":null,"CONTROL":"2036","SERIE":"06","LINEA":"064","COD_SEG":"013","COD_MANZA":6,"PISO":null,"actualizad":null}},
{"type":"Feature","geometry":{"type":"Point","coordinates":[-63.25858,9.72603]},"properties":{"id":null,"CONTROL":"2036","SERIE":"07","LINEA":"065","COD_SEG":"013","COD_MANZA":6,"PISO":null,"actualizad":null}},
{"type":"Feature","geometry":{"type":"Point","coordinates":[-63.2586,9.72616]},"properties":{"id":null,"CONTROL":"2036","SERIE":"08","LINEA":"066","COD_SEG":"013","COD_MANZA":6,"PISO":null,"actualizad":null}},
{"type":"Feature","geometry":{"type":"Point","coordinates":[-63.25862,9.72629]},"properties":{"id":null,"CONTROL":"2036","SERIE":"09","LINEA":"067","COD_SEG":"013","COD_MANZA":6,"PISO":null,"actualizad":null}},
{"type":"Feature","geometry":{"type":"Point","coordinates":[-63.25866,9.72644]},"properties":{"id":null,"CONTROL":"2036","SERIE":"10","LINEA":"068","COD_SEG":"013","COD_MANZA":6,"PISO":null,"actualizad":null}},
{"type":"Feature","geometry":{"type":"Point","coordinates":[-63.2587,9.72667]},"properties":{"id":null,"CONTROL":"2036","SERIE":"11","LINEA":"069","COD_SEG":"013","COD_MANZA":6,"PISO":null,"actualizad":null}},
{"type":"Feature","geometry":{"type":"Point","coordinates":[-63.25869,9.72656]},"properties":{"id":null,"CONTROL":"2036","SERIE":"14","LINEA":"072","COD_SEG":"013","COD_MANZA":6,"PISO":null,"actualizad":null}},
{"type":"Feature","geometry":{"type":"Point","coordinates":[-63.25835,9.72582]},"properties":{"id":null,"CONTROL":"2036","SERIE":"12","LINEA":"070","COD_SEG":"013","COD_MANZA":7,"PISO":null,"actualizad":null}},
{"type":"Feature","geometry":{"type":"Point","coordinates":[-63.25825,9.7258]},"properties":{"id":null,"CONTROL":"2036","SERIE":"13","LINEA":"071","COD_SEG":"013","COD_MANZA":7,"PISO":null,"actualizad":null}},
{"type":"Feature","geometry":{"type":"Point","coordinates":[-63.16971,9.74907]},"properties":{"id":null,"CONTROL":"3012","SERIE":"01","LINEA":"001","COD_SEG":"034","COD_MANZA":1,"PISO":null,"actualizad":null}},
{"type":"Feature","geometry":{"type":"Point","coordinates":[-63.16979,9.74897]},"properties":{"id":null,"CONTROL":"3012","SERIE":"02","LINEA":"002","COD_SEG":"034","COD_MANZA":1,"PISO":null,"actualizad":null}},
{"type":"Feature","geometry":{"type":"Point","coordinates":[-63.16979,9.7489]},"properties":{"id":null,"CONTROL":"3020","SERIE":"ESTACIONAMIENTO\n","LINEA":"003","COD_SEG":"034","COD_MANZA":1,"PISO":null,"actualizad":null}},
{"type":"Feature","geometry":{"type":"Point","coordinates":[-63.16985,9.74876]},"properties":{"id":null,"CONTROL":"3012","SERIE":"04","LINEA":"004","COD_SEG":"034","COD_MANZA":1,"PISO":null,"actualizad":null}},
{"type":"Feature","geometry":{"type":"Point","coordinates":[-63.16978,9.74877]},"properties":{"id":null,"CONTROL":"3012","SERIE":"05 TALLER MECÁNICO\n","LINEA":"005","COD_SEG":"034","COD_MANZA":1,"PISO":null,"actualizad":null}},
{"type":"Feature","geometry":{"type":"Point","coordinates":[-63.16994,9.74876]},"properties":{"id":null,"CONTROL":"3012","SERIE":"06 FREONCA C.A\n","LINEA":"006","COD_SEG":"034","COD_MANZA":1,"PISO":null,"actualizad":null}},
{"type":"Feature","geometry":{"type":"Point","coordinates":[-63.17005,9.74869]},"properties":{"id":null,"CONTROL":"3012","SERIE":"07 LEGUMBRES HORTALIZAS\n","LINEA":"007","COD_SEG":"034","COD_MANZA":1,"PISO":null,"actualizad":null}},
{"type":"Feature","geometry":{"type":"Point","coordinates":[-63.17014,9.74867]},"properties":{"id":null,"CONTROL":"3012","SERIE":"08","LINEA":"008","COD_SEG":"034","COD_MANZA":1,"PISO":null,"actualizad":null}},
{"type":"Feature","geometry":{"type":"Point","coordinates":[-63.17022,9.74868]},"properties":{"id":null,"CONTROL":"3012","SERIE":"09","LINEA":"009","COD_SEG":"034","COD_MANZA":1,"PISO":null,"actualizad":null}},
{"type":"Feature","geometry":{"type":"Point","coordinates":[-63.17029,9.74869]},"properties":{"id":null,"CONTROL":"3012","SERIE":"10","LINEA":"010","COD_SEG":"034","COD_MANZA":1,"PISO":null,"actualizad":null}},
{"type":"Feature","geometry":{"type":"Point","coordinates":[-63.17036,9.74868]},"properties":{"id":null,"CONTROL":"3012","SERIE":"11","LINEA":"011","COD_SEG":"034","COD_MANZA":1,"PISO":null,"actualizad":null}},
{"type":"Feature","geometry":{"type":"Point","coordinates":[-63.17042,9.74869]},"properties":{"id":null,"CONTROL":"3012","SERIE":"12","LINEA":"012","COD_SEG":"034","COD_MANZA":1,"PISO":null,"actualizad":null}},
{"type":"Feature","geometry":{"type":"Point","coordinates":[-63.17048,9.7487]},"properties":{"id":null,"CONTROL":"3012","SERIE":"13","LINEA":"013","COD_SEG":"034","COD_MANZA":1,"PISO":null,"actualizad":null}},
{"type":"Feature","geometry":{"type":"Point","coordinates":[-63.17058,9.7487]},"properties":{"id":null,"CONTROL":"3012","SERIE":"MOTO RESPUESTO EL GAVILAN\n","LINEA":null,"COD_SEG":"03.4","COD_MANZA":1,"PISO":null,"actualizad":null}},
{"type":"Feature","geometry":{"type":"Point","coordinates":[-63.17069,9.7487]},"properties":{"id":null,"CONTROL":"3012","SERIE":"14","LINEA":"014","COD_SEG":"034","COD_MANZA":1,"PISO":null,"actualizad":null}},
{"type":"Feature","geometry":{"type":"Point","coordinates":[-63.10857,10.10492]},"properties":{"id":null,"CONTROL":"2003","SERIE":"01","LINEA":"153","COD_SEG":"035","COD_MANZA":3,"PISO":null,"actualizad":null}},
{"type":"Feature","geometry":{"type":"Point","coordinates":[-63.10852,10.105]},"properties":{"id":null,"CONTROL":"2003","SERIE":"02","LINEA":"154","COD_SEG":"035","COD_MANZA":3,"PISO":null,"actualizad":null}},
{"type":"Feature","geometry":{"type":"Point","coordinates":[-63.10849,10.10507]},"properties":{"id":null,"CONTROL":"2003","SERIE":"03","LINEA":"155","COD_SEG":"035","COD_MANZA":3,"PISO":null,"actualizad":null}},
{"type":"Feature","geometry":{"type":"Point","coordinates":[-63.10844,10.10514]},"properties":{"id":null,"CONTROL":"2003","SERIE":"04","LINEA":"156","COD_SEG":"035","COD_MANZA":3,"PISO":null,"actualizad":null}},
{"type":"Feature","geometry":{"type":"Point","coordinates":[-63.10842,10.10462]},"properties":{"id":null,"CONTROL":"2003","SERIE":"05","LINEA":"157","COD_SEG":"035","COD_MANZA":4,"PISO":null,"actualizad":null}},
{"type":"Feature","geometry":{"type":"Point","coordinates":[-63.10835,10.10456]},"properties":{"id":null,"CONTROL":"2003","SERIE":"06","LINEA":"158","COD_SEG":"035","COD_MANZA":4,"PISO":null,"actualizad":null}},
{"type":"Feature","geometry":{"type":"Point","coordinates":[-63.10826,10.10453]},"properties":{"id":null,"CONTROL":"2003","SERIE":"07","LINEA":"159","COD_SEG":"035","COD_MANZA":4,"PISO":null,"actualizad":null}},
{"type":"Feature","geometry":{"type":"Point","coordinates":[-63.10818,10.10448]},"properties":{"id":null,"CONTROL":"2003","SERIE":"08","LINEA":"160","COD_SEG":"035","COD_MANZA":4,"PISO":null,"actualizad":null}},
{"type":"Feature","geometry":{"type":"Point","coordinates":[-63.10811,10.10445]},"properties":{"id":null,"CONTROL":"2003","SERIE":"09","LINEA":"161","COD_SEG":"035","COD_MANZA":4,"PISO":null,"actualizad":null}},
{"type":"Feature","geometry":{"type":"Point","coordinates":[-63.10798,10.10441]},"properties":{"id":null,"CONTROL":"2003","SERIE":"10","LINEA":"162","COD_SEG":"035","COD_MANZA":4,"PISO":null,"actualizad":null}},
{"type":"Feature","geometry":{"type":"Point","coordinates":[-63.108,10.1043]},"properties":{"id":null,"CONTROL":"2003","SERIE":"11","LINEA":"163","COD_SEG":"035","COD_MANZA":4,"PISO":null,"actualizad":null}},
{"type":"Feature","geometry":{"type":"Point","coordinates":[-63.10808,10.10424]},"properties":{"id":null,"CONTROL":"2003","SERIE":"12","LINEA":"164","COD_SEG":"035","COD_MANZA":4,"PISO":null,"actualizad":null}},
{"type":"Feature","geometry":{"type":"Point","coordinates":[-63.10811,10.10417]},"properties":{"id":null,"CONTROL":"2003","SERIE":"13","LINEA":"165","COD_SEG":"035","COD_MANZA":4,"PISO":null,"actualizad":null}},
{"type":"Feature","geometry":{"type":"Point","coordinates":[-63.10823,10.10428]},"properties":{"id":null,"CONTROL":"2003","SERIE":"14","LINEA":"166","COD_SEG":"035","COD_MANZA":4,"PISO":null,"actualizad":null}},
{"type":"Feature","geometry":{"type":"Point","coordinates":[-63.10828,10.1043]},"properties":{"id":null,"CONTROL":"2003","SERIE":"15","LINEA":"167","COD_SEG":"035","COD_MANZA":4,"PISO":null,"actualizad":null}},
{"type":"Feature","geometry":{"type":"Point","coordinates":[-63.10838,10.10434]},"properties":{"id":null,"CONTROL":"2003","SERIE":"16","LINEA":"168","COD_SEG":"035","COD_MANZA":4,"PISO":null,"actualizad":null}},
{"type":"Feature","geometry":{"type":"Point","coordinates":[-63.21249,9.79663]},"properties":{"id":null,"CONTROL":"2022","SERIE":"11","LINEA":"172","COD_SEG":"011","COD_MANZA":1,"PISO":null,"actualizad":null}},
{"type":"Feature","geometry":{"type":"Point","coordinates":[-63.21257,9.7966]},"properties":{"id":null,"CONTROL":"2022","SERIE":"12","LINEA":"173","COD_SEG":"011","COD_MANZA":1,"PISO":null,"actualizad":null}},
{"type":"Feature","geometry":{"type":"Point","coordinates":[-63.21264,9.79663]},"properties":{"id":null,"CONTROL":"2022","SERIE":"13","LINEA":"174","COD_SEG":"011","COD_MANZA":1,"PISO":null,"actualizad":null}},
{"type":"Feature","geometry":{"type":"Point","coordinates":[-63.21271,9.79656]},"properties":{"id":null,"CONTROL":"2022","SERIE":"14","LINEA":"175","COD_SEG":"011","COD_MANZA":1,"PISO":null,"actualizad":null}},
{"type":"Feature","geometry":{"type":"Point","coordinates":[-63.21278,9.79654]},"properties":{"id":null,"CONTROL":"2022","SERIE":"15","LINEA":"176","COD_SEG":"011","COD_MANZA":1,"PISO":null,"actualizad":null}},
{"type":"Feature","geometry":{"type":"Point","coordinates":[-63.21234,9.79642]},"properties":{"id":null,"CONTROL":"2022","SERIE":"10","LINEA":"171","COD_SEG":"011","COD_MANZA":1,"PISO":null,"actualizad":null}},
{"type":"Feature","geometry":{"type":"Point","coordinates":[-63.21239,9.79641]},"properties":{"id":null,"CONTROL":"2022","SERIE":"09","LINEA":"170","COD_SEG":"011","COD_MANZA":1,"PISO":null,"actualizad":null}},
{"type":"Feature","geometry":{"type":"Point","coordinates":[-63.21248,9.79637]},"properties":{"id":null,"CONTROL":"2022","SERIE":"08","LINEA":"169","COD_SEG":"011","COD_MANZA":1,"PISO":null,"actualizad":null}},
{"type":"Feature","geometry":{"type":"Point","coordinates":[-63.21254,9.79636]},"properties":{"id":null,"CONTROL":"2022","SERIE":"07","LINEA":"168","COD_SEG":"011","COD_MANZA":1,"PISO":null,"actualizad":null}},
{"type":"Feature","geometry":{"type":"Point","coordinates":[-63.21263,9.79633]},"properties":{"id":null,"CONTROL":"2022","SERIE":"06","LINEA":"167","COD_SEG":"011","COD_MANZA":1,"PISO":null,"actualizad":null}},
{"type":"Feature","geometry":{"type":"Point","coordinates":[-63.2127,9.79632]},"properties":{"id":null,"CONTROL":"2022","SERIE":"05","LINEA":"166","COD_SEG":"011","COD_MANZA":1,"PISO":null,"actualizad":null}},
{"type":"Feature","geometry":{"type":"Point","coordinates":[-63.21277,9.7963]},"properties":{"id":null,"CONTROL":"2022","SERIE":"04","LINEA":"165","COD_SEG":"011","COD_MANZA":1,"PISO":null,"actualizad":null}},
{"type":"Feature","geometry":{"type":"Point","coordinates":[-63.21282,9.79627]},"properties":{"id":null,"CONTROL":"2022","SERIE":"03","LINEA":"164","COD_SEG":"011","COD_MANZA":1,"PISO":null,"actualizad":null}},
{"type":"Feature","geometry":{"type":"Point","coordinates":[-63.21287,9.79619]},"properties":{"id":null,"CONTROL":"2022","SERIE":"02","LINEA":"163","COD_SEG":"011","COD_MANZA":1,"PISO":null,"actualizad":null}},
{"type":"Feature","geometry":{"type":"Point","coordinates":[-63.21295,9.79614]},"properties":{"id":null,"CONTROL":"2022","SERIE":"01","LINEA":"162","COD_SEG":"011","COD_MANZA":1,"PISO":null,"actualizad":null}},
{"type":"Feature","geometry":{"type":"Point","coordinates":[-63.1893,9.78422]},"properties":{"id":null,"CONTROL":"0030","SERIE":"11","LINEA":"161","COD_SEG":"033","COD_MANZA":5,"PISO":null,"actualizad":null}},
{"type":"Feature","geometry":{"type":"Point","coordinates":[-63.18933,9.78451]},"properties":{"id":null,"CONTROL":"0030","SERIE":"12","LINEA":"162","COD_SEG":"033","COD_MANZA":5,"PISO":null,"actualizad":null}},
{"type":"Feature","geometry":{"type":"Point","coordinates":[-63.18935,9.78463]},"properties":{"id":null,"CONTROL":"0030","SERIE":"13","LINEA":"163","COD_SEG":"033","COD_MANZA":5,"PISO":null,"actualizad":null}},
{"type":"Feature","geometry":{"type":"Point","coordinates":[-63.18935,9.78474]},"properties":{"id":null,"CONTROL":"0030","SERIE":"14","LINEA":"164","COD_SEG":"033","COD_MANZA":5,"PISO":null,"actualizad":null}},
{"type":"Feature","geometry":{"type":"Point","coordinates":[-63.18937,9.78487]},"properties":{"id":null,"CONTROL":"0030","SERIE":"15","LINEA":"165","COD_SEG":"033","COD_MANZA":5,"PISO":null,"actualizad":null}},
{"type":"Feature","geometry":{"type":"Point","coordinates":[-63.188,9.78495]},"properties":{"id":null,"CONTROL":"0030","SERIE":"10","LINEA":"160","COD_SEG":"033","COD_MANZA":5,"PISO":null,"actualizad":null}},
{"type":"Feature","geometry":{"type":"Point","coordinates":[-63.18803,9.78501]},"properties":{"id":null,"CONTROL":"0030","SERIE":"09","LINEA":"159","COD_SEG":"033","COD_MANZA":5,"PISO":null,"actualizad":null}},
{"type":"Feature","geometry":{"type":"Point","coordinates":[-63.18806,9.78508]},"properties":{"id":null,"CONTROL":"0030","SERIE":"08","LINEA":"158","COD_SEG":"033","COD_MANZA":5,"PISO":null,"actualizad":null}},
{"type":"Feature","geometry":{"type":"Point","coordinates":[-63.18807,9.78514]},"properties":{"id":null,"CONTROL":"0030","SERIE":"07","LINEA":"157","COD_SEG":"033","COD_MANZA":5,"PISO":null,"actualizad":null}},
{"type":"Feature","geometry":{"type":"Point","coordinates":[-63.18812,9.78522]},"properties":{"id":null,"CONTROL":"0030","SERIE":"06","LINEA":"156","COD_SEG":"033","COD_MANZA":5,"PISO":null,"actualizad":null}},
{"type":"Feature","geometry":{"type":"Point","coordinates":[-63.18816,9.78528]},"properties":{"id":null,"CONTROL":"0030","SERIE":"05","LINEA":"155","COD_SEG":"033","COD_MANZA":5,"PISO":null,"actualizad":null}},
{"type":"Feature","geometry":{"type":"Point","coordinates":[-63.18821,9.78542]},"properties":{"id":null,"CONTROL":"0030","SERIE":"04","LINEA":"154","COD_SEG":"033","COD_MANZA":5,"PISO":null,"actualizad":null}},
{"type":"Feature","geometry":{"type":"Point","coordinates":[-63.18825,9.78554]},"properties":{"id":null,"CONTROL":"0030","SERIE":"03","LINEA":"153","COD_SEG":"033","COD_MANZA":5,"PISO":null,"actualizad":null}},
{"type":"Feature","geometry":{"type":"Point","coordinates":[-63.18834,9.78573]},"properties":{"id":null,"CONTROL":"0030","SERIE":"02","LINEA":"152","COD_SEG":"033","COD_MANZA":5,"PISO":null,"actualizad":null}},
{"type":"Feature","geometry":{"type":"Point","coordinates":[-63.18842,9.78596]},"properties":{"id":null,"CONTROL":"0030","SERIE":"01","LINEA":"151","COD_SEG":"033","COD_MANZA":5,"PISO":null,"actualizad":null}},
{"type":"Feature","geometry":{"type":"Point","coordinates":[-63.20242,9.77116]},"properties":{"id":null,"CONTROL":"2023","SERIE":"01","LINEA":"077","COD_SEG":"022","COD_MANZA":1,"PISO":null,"actualizad":null}},
{"type":"Feature","geometry":{"type":"Point","coordinates":[-63.20244,9.77084]},"properties":{"id":null,"CONTROL":"2023","SERIE":"02","LINEA":"077","COD_SEG":"022","COD_MANZA":1,"PISO":null,"actualizad":null}},
{"type":"Feature","geometry":{"type":"Point","coordinates":[-63.20256,9.77149]},"properties":{"id":null,"CONTROL":"2023","SERIE":"13","LINEA":"100","COD_SEG":"022","COD_MANZA":1,"PISO":null,"actualizad":null}},
{"type":"Feature","geometry":{"type":"Point","coordinates":[-63.20256,9.77082]},"properties":{"id":null,"CONTROL":"2023","SERIE":"03","LINEA":"078","COD_SEG":"022","COD_MANZA":1,"PISO":null,"actualizad":null}},
{"type":"Feature","geometry":{"type":"Point","coordinates":[-63.20255,9.77128]},"properties":{"id":null,"CONTROL":"2023","SERIE":"04","LINEA":"091","COD_SEG":"022","COD_MANZA":1,"PISO":null,"actualizad":null}},
{"type":"Feature","geometry":{"type":"Point","coordinates":[-63.20256,9.77138]},"properties":{"id":null,"CONTROL":"2023","SERIE":"05","LINEA":"092","COD_SEG":"022","COD_MANZA":1,"PISO":null,"actualizad":null}},
{"type":"Feature","geometry":{"type":"Point","coordinates":[-63.20255,9.77163]},"properties":{"id":null,"CONTROL":"2023","SERIE":"06","LINEA":"093","COD_SEG":"022","COD_MANZA":1,"PISO":null,"actualizad":null}},
{"type":"Feature","geometry":{"type":"Point","coordinates":[-63.20294,9.77195]},"properties":{"id":null,"CONTROL":"2023","SERIE":"09","LINEA":"080","COD_SEG":"022","COD_MANZA":1,"PISO":null,"actualizad":null}},
{"type":"Feature","geometry":{"type":"Point","coordinates":[-63.2028,9.77197]},"properties":{"id":null,"CONTROL":"2023","SERIE":"08","LINEA":"079","COD_SEG":"022","COD_MANZA":1,"PISO":null,"actualizad":null}},
{"type":"Feature","geometry":{"type":"Point","coordinates":[-63.20271,9.77199]},"properties":{"id":null,"CONTROL":"2023","SERIE":"07","LINEA":"094","COD_SEG":"022","COD_MANZA":1,"PISO":null,"actualizad":null}},
{"type":"Feature","geometry":{"type":"Point","coordinates":[-63.20286,9.77178]},"properties":{"id":null,"CONTROL":"2023","SERIE":"10","LINEA":"081","COD_SEG":"022","COD_MANZA":1,"PISO":null,"actualizad":null}},
{"type":"Feature","geometry":{"type":"Point","coordinates":[-63.20284,9.77169]},"properties":{"id":null,"CONTROL":"2023","SERIE":"11","LINEA":"082","COD_SEG":"022","COD_MANZA":1,"PISO":null,"actualizad":null}},
{"type":"Feature","geometry":{"type":"Point","coordinates":[-63.2028,9.77157]},"properties":{"id":null,"CONTROL":"2023","SERIE":"12","LINEA":"083","COD_SEG":"022","COD_MANZA":1,"PISO":null,"actualizad":null}},
{"type":"Feature","geometry":{"type":"Point","coordinates":[-62.65075,8.49398]},"properties":{"id":null,"CONTROL":"0069","SERIE":"01","LINEA":"071","COD_SEG":"SECTOR 3","COD_MANZA":1,"PISO":null,"actualizad":null}},
{"type":"Feature","geometry":{"type":"Point","coordinates":[-62.65078,8.49412]},"properties":{"id":null,"CONTROL":"0069","SERIE":"02","LINEA":"072","COD_SEG":"SECTOR 3","COD_MANZA":1,"PISO":null,"actualizad":null}},
{"type":"Feature","geometry":{"type":"Point","coordinates":[-62.65097,8.49419]},"properties":{"id":null,"CONTROL":"0069","SERIE":"03","LINEA":"073","COD_SEG":"SECTOR 3","COD_MANZA":1,"PISO":null,"actualizad":null}},
{"type":"Feature","geometry":{"type":"Point","coordinates":[-62.65106,8.49429]},"properties":{"id":null,"CONTROL":"0069","SERIE":"04","LINEA":"074","COD_SEG":"SECTOR 3","COD_MANZA":1,"PISO":null,"actualizad":null}},
{"type":"Feature","geometry":{"type":"Point","coordinates":[-62.65098,8.49374]},"properties":{"id":null,"CONTROL":"0069","SERIE":"05","LINEA":"075","COD_SEG":"SECTOR 3","COD_MANZA":1,"PISO":null,"actualizad":null}},
{"type":"Feature","geometry":{"type":"Point","coordinates":[-62.65063,8.49344]},"properties":{"id":null,"CONTROL":"0069","SERIE":"06","LINEA":"076","COD_SEG":"SECTOR 3","COD_MANZA":1,"PISO":null,"actualizad":null}},
{"type":"Feature","geometry":{"type":"Point","coordinates":[-62.65031,8.49315]},"properties":{"id":null,"CONTROL":"0069","SERIE":"07","LINEA":"077","COD_SEG":"SECTOR 3","COD_MANZA":1,"PISO":null,"actualizad":null}},
{"type":"Feature","geometry":{"type":"Point","coordinates":[-62.64997,8.49284]},"properties":{"id":null,"CONTROL":"0069","SERIE":"08","LINEA":"078","COD_SEG":"SECTOR 3","COD_MANZA":1,"PISO":null,"actualizad":null}},
{"type":"Feature","geometry":{"type":"Point","coordinates":[-62.65024,8.49241]},"properties":{"id":null,"CONTROL":"0069","SERIE":"09","LINEA":"079","COD_SEG":"SECTOR 3","COD_MANZA":1,"PISO":null,"actualizad":null}},
{"type":"Feature","geometry":{"type":"Point","coordinates":[-62.65052,8.49238]},"properties":{"id":null,"CONTROL":"0069","SERIE":"10","LINEA":"080","COD_SEG":"SECTOR 3","COD_MANZA":1,"PISO":null,"actualizad":null}},
{"type":"Feature","geometry":{"type":"Point","coordinates":[-62.65079,8.4926]},"properties":{"id":null,"CONTROL":"0069","SERIE":"11","LINEA":"081","COD_SEG":"SECTOR 3","COD_MANZA":1,"PISO":null,"actualizad":null}},
{"type":"Feature","geometry":{"type":"Point","coordinates":[-62.65115,8.49291]},"properties":{"id":null,"CONTROL":"0069","SERIE":"12","LINEA":"082","COD_SEG":"SECTOR 3","COD_MANZA":1,"PISO":null,"actualizad":null}},
{"type":"Feature","geometry":{"type":"Point","coordinates":[-62.65147,8.49321]},"properties":{"id":null,"CONTROL":"0069","SERIE":"13","LINEA":"083","COD_SEG":"SECTOR 3","COD_MANZA":1,"PISO":null,"actualizad":null}},
{"type":"Feature","geometry":{"type":"Point","coordinates":[-62.65179,8.4935]},"properties":{"id":null,"CONTROL":"0069","SERIE":"14","LINEA":"084","COD_SEG":"SECTOR 3","COD_MANZA":1,"PISO":null,"actualizad":null}},
{"type":"Feature","geometry":{"type":"Point","coordinates":[-62.72578,8.45231]},"properties":{"id":null,"CONTROL":"0081","SERIE":"01","LINEA":"090","COD_SEG":"001","COD_MANZA":13,"PISO":null,"actualizad":null}},
{"type":"Feature","geometry":{"type":"Point","coordinates":[-62.72607,8.45229]},"properties":{"id":null,"CONTROL":"0081","SERIE":"02","LINEA":"091","COD_SEG":"001","COD_MANZA":13,"PISO":null,"actualizad":null}},
{"type":"Feature","geometry":{"type":"Point","coordinates":[-62.72611,8.4525]},"properties":{"id":null,"CONTROL":"0081","SERIE":"03","LINEA":"092","COD_SEG":"001","COD_MANZA":13,"PISO":null,"actualizad":null}},
{"type":"Feature","geometry":{"type":"Point","coordinates":[-62.72629,8.45417]},"properties":{"id":null,"CONTROL":"0081","SERIE":"04","LINEA":"093","COD_SEG":"001","COD_MANZA":14,"PISO":null,"actualizad":null}},
{"type":"Feature","geometry":{"type":"Point","coordinates":[-62.72598,8.4542]},"properties":{"id":null,"CONTROL":"0081","SERIE":"05","LINEA":"094","COD_SEG":"001","COD_MANZA":14,"PISO":null,"actualizad":null}},
{"type":"Feature","geometry":{"type":"Point","coordinates":[-62.72586,8.4542]},"properties":{"id":null,"CONTROL":"0081","SERIE":"06","LINEA":"105","COD_SEG":"001","COD_MANZA":14,"PISO":null,"actualizad":null}},
{"type":"Feature","geometry":{"type":"Point","coordinates":[-62.72559,8.45412]},"properties":{"id":null,"CONTROL":"0081","SERIE":"07","LINEA":"095","COD_SEG":"001","COD_MANZA":14,"PISO":null,"actualizad":null}},
{"type":"Feature","geometry":{"type":"Point","coordinates":[-62.72546,8.45381]},"properties":{"id":null,"CONTROL":"0081","SERIE":"08","LINEA":"096","COD_SEG":"001","COD_MANZA":14,"PISO":null,"actualizad":null}},
{"type":"Feature","geometry":{"type":"Point","coordinates":[-62.72658,8.45364]},"properties":{"id":null,"CONTROL":"0081","SERIE":"09","LINEA":"097","COD_SEG":"001","COD_MANZA":15,"PISO":null,"actualizad":null}},
{"type":"Feature","geometry":{"type":"Point","coordinates":[-62.72652,8.45338]},"properties":{"id":null,"CONTROL":"0081","SERIE":"10","LINEA":"098","COD_SEG":"001","COD_MANZA":15,"PISO":null,"actualizad":null}},
{"type":"Feature","geometry":{"type":"Point","coordinates":[-62.72641,8.45322]},"properties":{"id":null,"CONTROL":"0081","SERIE":"11","LINEA":"099","COD_SEG":"001","COD_MANZA":15,"PISO":null,"actualizad":null}},
{"type":"Feature","geometry":{"type":"Point","coordinates":[-62.7265,8.45309]},"properties":{"id":null,"CONTROL":"0081","SERIE":"12","LINEA":"100","COD_SEG":"001","COD_MANZA":15,"PISO":null,"actualizad":null}},
{"type":"Feature","geometry":{"type":"Point","coordinates":[-62.72652,8.45276]},"properties":{"id":null,"CONTROL":"0081","SERIE":"13","LINEA":"101","COD_SEG":"001","COD_MANZA":15,"PISO":null,"actualizad":null}},
{"type":"Feature","geometry":{"type":"Point","coordinates":[-62.72687,8.45278]},"properties":{"id":null,"CONTROL":"0081","SERIE":"14","LINEA":"102","COD_SEG":"001","COD_MANZA":15,"PISO":null,"actualizad":null}},
{"type":"Feature","geometry":{"type":"Point","coordinates":[-62.72648,8.45224]},"properties":{"id":null,"CONTROL":"0081","SERIE":"15","LINEA":"103","COD_SEG":"001","COD_MANZA":15,"PISO":null,"actualizad":null}},
{"type":"Feature","geometry":{"type":"Point","coordinates":[-62.72687,8.45215]},"properties":{"id":null,"CONTROL":"0081","SERIE":"16","LINEA":"104","COD_SEG":"001","COD_MANZA":15,"PISO":null,"actualizad":null}},
{"type":"Feature","geometry":{"type":"Point","coordinates":[-63.13956,9.7418]},"properties":{"id":null,"CONTROL":"0007","SERIE":"01\n","LINEA":"288","COD_SEG":"109","COD_MANZA":2,"PISO":null,"actualizad":null}},
{"type":"Feature","geometry":{"type":"Point","coordinates":[-63.13953,9.74174]},"properties":{"id":null,"CONTROL":"0007","SERIE":"02\n","LINEA":"289","COD_SEG":"109","COD_MANZA":2,"PISO":null,"actualizad":null}},
{"type":"Feature","geometry":{"type":"Point","coordinates":[-63.13946,9.74184]},"properties":{"id":null,"CONTROL":"0007","SERIE":"18\n","LINEA":"322","COD_SEG":"109","COD_MANZA":2,"PISO":null,"actualizad":null}},
{"type":"Feature","geometry":{"type":"Point","coordinates":[-63.13936,9.74187]},"properties":{"id":null,"CONTROL":"0007","SERIE":"03\n","LINEA":"290","COD_SEG":"109","COD_MANZA":2,"PISO":null,"actualizad":null}},
{"type":"Feature","geometry":{"type":"Point","coordinates":[-63.13927,9.74191]},"properties":{"id":null,"CONTROL":"0007","SERIE":"04\n","LINEA":"291","COD_SEG":"109","COD_MANZA":2,"PISO":null,"actualizad":null}},
{"type":"Feature","geometry":{"type":"Point","coordinates":[-63.13934,9.74205]},"properties":{"id":null,"CONTROL":"0007","SERIE":"05\n","LINEA":"292","COD_SEG":"109","COD_MANZA":2,"PISO":null,"actualizad":null}},
{"type":"Feature","geometry":{"type":"Point","coordinates":[-63.13943,9.74204]},"properties":{"id":null,"CONTROL":"0007","SERIE":"06\n","LINEA":"293","COD_SEG":"109","COD_MANZA":2,"PISO":null,"actualizad":null}},
{"type":"Feature","geometry":{"type":"Point","coordinates":[-63.13951,9.74201]},"properties":{"id":null,"CONTROL":"0007","SERIE":"07\n","LINEA":"294","COD_SEG":"109","COD_MANZA":2,"PISO":null,"actualizad":null}},
{"type":"Feature","geometry":{"type":"Point","coordinates":[-63.13958,9.74199]},"properties":{"id":null,"CONTROL":"0007","SERIE":"08\n","LINEA":"295","COD_SEG":"109","COD_MANZA":2,"PISO":null,"actualizad":null}},
{"type":"Feature","geometry":{"type":"Point","coordinates":[-63.13966,9.74198]},"properties":{"id":null,"CONTROL":"0007","SERIE":"09\n","LINEA":"296","COD_SEG":"109","COD_MANZA":2,"PISO":null,"actualizad":null}},
{"type":"Feature","geometry":{"type":"Point","coordinates":[-63.13972,9.74195]},"properties":{"id":null,"CONTROL":"0007","SERIE":"10\n","LINEA":"297","COD_SEG":"109","COD_MANZA":2,"PISO":null,"actualizad":null}},
{"type":"Feature","geometry":{"type":"Point","coordinates":[-63.13982,9.74191]},"properties":{"id":null,"CONTROL":"0007","SERIE":"12\n","LINEA":"302","COD_SEG":"109","COD_MANZA":2,"PISO":null,"actualizad":null}},
{"type":"Feature","geometry":{"type":"Point","coordinates":[-63.13985,9.742]},"properties":{"id":null,"CONTROL":"0007","SERIE":"11\n","LINEA":"301","COD_SEG":"109","COD_MANZA":2,"PISO":null,"actualizad":null}},
{"type":"Feature","geometry":{"type":"Point","coordinates":[-63.13991,9.7419]},"properties":{"id":null,"CONTROL":"0007","SERIE":"14\n","LINEA":"298","COD_SEG":"109","COD_MANZA":2,"PISO":null,"actualizad":null}},
{"type":"Feature","geometry":{"type":"Point","coordinates":[-63.14001,9.74189]},"properties":{"id":null,"CONTROL":"0007","SERIE":"15\n","LINEA":"320","COD_SEG":"109","COD_MANZA":2,"PISO":null,"actualizad":null}},
{"type":"Feature","geometry":{"type":"Point","coordinates":[-63.14012,9.74186]},"properties":{"id":null,"CONTROL":"0007","SERIE":"16\n","LINEA":"299","COD_SEG":"109","COD_MANZA":2,"PISO":null,"actualizad":null}},
{"type":"Feature","geometry":{"type":"Point","coordinates":[-63.14024,9.74181]},"properties":{"id":null,"CONTROL":"0007","SERIE":"17\n","LINEA":"300","COD_SEG":"109","COD_MANZA":2,"PISO":null,"actualizad":null}},
{"type":"Feature","geometry":{"type":"Point","coordinates":[-62.68261,8.39658]},"properties":{"id":null,"CONTROL":"0067","SERIE":"01","LINEA":"015","COD_SEG":"002","COD_MANZA":4,"PISO":null,"actualizad":null}},
{"type":"Feature","geometry":{"type":"Point","coordinates":[-62.68259,8.3965]},"properties":{"id":null,"CONTROL":"0067","SERIE":"02","LINEA":"016","COD_SEG":"002","COD_MANZA":4,"PISO":null,"actualizad":null}},
{"type":"Feature","geometry":{"type":"Point","coordinates":[-62.68299,8.39648]},"properties":{"id":null,"CONTROL":"0067","SERIE":"03","LINEA":"029","COD_SEG":"002","COD_MANZA":4,"PISO":null,"actualizad":null}},
{"type":"Feature","geometry":{"type":"Point","coordinates":[-62.68257,8.39642]},"properties":{"id":null,"CONTROL":"0067","SERIE":"04\n","LINEA":"017","COD_SEG":"002","COD_MANZA":4,"PISO":null,"actualizad":null}},
{"type":"Feature","geometry":{"type":"Point","coordinates":[-62.68255,8.39634]},"properties":{"id":null,"CONTROL":"0067","SERIE":"05","LINEA":"018","COD_SEG":"002","COD_MANZA":4,"PISO":null,"actualizad":null}},
{"type":"Feature","geometry":{"type":"Point","coordinates":[-62.68257,8.39624]},"properties":{"id":null,"CONTROL":"0067","SERIE":"06","LINEA":"019","COD_SEG":"002","COD_MANZA":4,"PISO":null,"actualizad":null}},
{"type":"Feature","geometry":{"type":"Point","coordinates":[-62.68255,8.39613]},"properties":{"id":null,"CONTROL":"0067","SERIE":"07","LINEA":"020","COD_SEG":"002","COD_MANZA":4,"PISO":null,"actualizad":null}},
{"type":"Feature","geometry":{"type":"Point","coordinates":[-62.68255,8.39605]},"properties":{"id":null,"CONTROL":"0067","SERIE":"08","LINEA":"021","COD_SEG":"002","COD_MANZA":4,"PISO":null,"actualizad":null}},
{"type":"Feature","geometry":{"type":"Point","coordinates":[-62.68258,8.39585]},"properties":{"id":null,"CONTROL":"0067","SERIE":"09","LINEA":"022","COD_SEG":"002","COD_MANZA":4,"PISO":null,"actualizad":null}},
{"type":"Feature","geometry":{"type":"Point","coordinates":[-62.68259,8.39558]},"properties":{"id":null,"CONTROL":"0067","SERIE":"10","LINEA":"030","COD_SEG":"002","COD_MANZA":4,"PISO":null,"actualizad":null}},
{"type":"Feature","geometry":{"type":"Point","coordinates":[-62.68256,8.39546]},"properties":{"id":null,"CONTROL":"0067","SERIE":"11","LINEA":"023","COD_SEG":"002","COD_MANZA":4,"PISO":null,"actualizad":null}},
{"type":"Feature","geometry":{"type":"Point","coordinates":[-62.68249,8.39525]},"properties":{"id":null,"CONTROL":"0067","SERIE":"12","LINEA":"031","COD_SEG":"002","COD_MANZA":4,"PISO":null,"actualizad":null}},
{"type":"Feature","geometry":{"type":"Point","coordinates":[-62.68243,8.39507]},"properties":{"id":null,"CONTROL":"0067","SERIE":"13","LINEA":"024","COD_SEG":"002","COD_MANZA":4,"PISO":null,"actualizad":null}},
{"type":"Feature","geometry":{"type":"Point","coordinates":[-62.68244,8.39493]},"properties":{"id":null,"CONTROL":"0067","SERIE":"14","LINEA":"032","COD_SEG":"002","COD_MANZA":4,"PISO":null,"actualizad":null}},
{"type":"Feature","geometry":{"type":"Point","coordinates":[-62.68244,8.39478]},"properties":{"id":null,"CONTROL":"0067","SERIE":"15","LINEA":"033","COD_SEG":"002","COD_MANZA":4,"PISO":null,"actualizad":null}},
{"type":"Feature","geometry":{"type":"Point","coordinates":[-62.68243,8.39467]},"properties":{"id":null,"CONTROL":"0067","SERIE":"16","LINEA":"025","COD_SEG":"002","COD_MANZA":4,"PISO":null,"actualizad":null}},
{"type":"Feature","geometry":{"type":"Point","coordinates":[-62.68243,8.39455]},"properties":{"id":null,"CONTROL":"0067","SERIE":"17","LINEA":"026","COD_SEG":"002","COD_MANZA":4,"PISO":null,"actualizad":null}},
{"type":"Feature","geometry":{"type":"Point","coordinates":[-62.68244,8.39443]},"properties":{"id":null,"CONTROL":"0067","SERIE":"18","LINEA":"027","COD_SEG":"002","COD_MANZA":4,"PISO":null,"actualizad":null}},
{"type":"Feature","geometry":{"type":"Point","coordinates":[-62.68244,8.39432]},"properties":{"id":null,"CONTROL":"0067","SERIE":"19","LINEA":"028","COD_SEG":"002","COD_MANZA":4,"PISO":null,"actualizad":null}},
{"type":"Feature","geometry":{"type":"Point","coordinates":[-63.21524,9.70603]},"properties":{"id":null,"CONTROL":"0036","SERIE":"15","LINEA":"225","COD_SEG":"082","COD_MANZA":1,"PISO":null,"actualizad":null}},
{"type":"Feature","geometry":{"type":"Point","coordinates":[-63.21515,9.70607]},"properties":{"id":null,"CONTROL":"0036","SERIE":"14","LINEA":"224","COD_SEG":"082","COD_MANZA":1,"PISO":null,"actualizad":null}},
{"type":"Feature","geometry":{"type":"Point","coordinates":[-63.21524,9.70637]},"properties":{"id":null,"CONTROL":"0036","SERIE":"13","LINEA":"223","COD_SEG":"082","COD_MANZA":1,"PISO":null,"actualizad":null}},
{"type":"Feature","geometry":{"type":"Point","coordinates":[-63.21533,9.70633]},"properties":{"id":null,"CONTROL":"0036","SERIE":"12","LINEA":"222","COD_SEG":"082","COD_MANZA":1,"PISO":null,"actualizad":null}},
{"type":"Feature","geometry":{"type":"Point","coordinates":[-63.21544,9.70629]},"properties":{"id":null,"CONTROL":"0036","SERIE":"11","LINEA":"221","COD_SEG":"082","COD_MANZA":1,"PISO":null,"actualizad":null}},
{"type":"Feature","geometry":{"type":"Point","coordinates":[-63.21555,9.70625]},"properties":{"id":null,"CONTROL":"0036","SERIE":"10","LINEA":"220","COD_SEG":"082","COD_MANZA":1,"PISO":null,"actualizad":null}},
{"type":"Feature","geometry":{"type":"Point","coordinates":[-63.21565,9.70621]},"properties":{"id":null,"CONTROL":"0036","SERIE":"09","LINEA":"219","COD_SEG":"082","COD_MANZA":1,"PISO":null,"actualizad":null}},
{"type":"Feature","geometry":{"type":"Point","coordinates":[-63.21576,9.70618]},"properties":{"id":null,"CONTROL":"0036","SERIE":"08","LINEA":"218","COD_SEG":"082","COD_MANZA":1,"PISO":null,"actualizad":null}},
{"type":"Feature","geometry":{"type":"Point","coordinates":[-63.21587,9.70614]},"properties":{"id":null,"CONTROL":"0036","SERIE":"07","LINEA":"217","COD_SEG":"082","COD_MANZA":1,"PISO":null,"actualizad":null}},
{"type":"Feature","geometry":{"type":"Point","coordinates":[-63.21594,9.70607]},"properties":{"id":null,"CONTROL":"0036","SERIE":"06","LINEA":"216","COD_SEG":"082","COD_MANZA":1,"PISO":null,"actualizad":null}},
{"type":"Feature","geometry":{"type":"Point","coordinates":[-63.2161,9.70623]},"properties":{"id":null,"CONTROL":"0036","SERIE":"05","LINEA":"215","COD_SEG":"082","COD_MANZA":1,"PISO":null,"actualizad":null}},
{"type":"Feature","geometry":{"type":"Point","coordinates":[-63.21614,9.7063]},"properties":{"id":null,"CONTROL":"0036","SERIE":"04","LINEA":"214","COD_SEG":"082","COD_MANZA":1,"PISO":null,"actualizad":null}},
{"type":"Feature","geometry":{"type":"Point","coordinates":[-63.21616,9.70636]},"properties":{"id":null,"CONTROL":"0036","SERIE":"03","LINEA":"213","COD_SEG":"082","COD_MANZA":1,"PISO":null,"actualizad":null}},
{"type":"Feature","geometry":{"type":"Point","coordinates":[-63.21618,9.70645]},"properties":{"id":null,"CONTROL":"0036","SERIE":"02","LINEA":"212","COD_SEG":"082","COD_MANZA":1,"PISO":null,"actualizad":null}},
{"type":"Feature","geometry":{"type":"Point","coordinates":[-63.21621,9.70652]},"properties":{"id":null,"CONTROL":"0036","SERIE":"01","LINEA":"211","COD_SEG":"082","COD_MANZA":1,"PISO":null,"actualizad":null}},
{"type":"Feature","geometry":{"type":"Point","coordinates":[-62.65785,9.01092]},"properties":{"id":null,"CONTROL":"2086","SERIE":"01","LINEA":"175","COD_SEG":"001","COD_MANZA":6,"PISO":null,"actualizad":null}},
{"type":"Feature","geometry":{"type":"Point","coordinates":[-62.65745,9.01108]},"properties":{"id":null,"CONTROL":"2086","SERIE":"02","LINEA":"176","COD_SEG":"001","COD_MANZA":6,"PISO":null,"actualizad":null}},
{"type":"Feature","geometry":{"type":"Point","coordinates":[-62.65718,9.01128]},"properties":{"id":null,"CONTROL":"2086","SERIE":"03","LINEA":"177","COD_SEG":"001","COD_MANZA":6,"PISO":null,"actualizad":null}},
{"type":"Feature","geometry":{"type":"Point","coordinates":[-62.65689,9.0113]},"properties":{"id":null,"CONTROL":"2086","SERIE":"04","LINEA":"178","COD_SEG":"001","COD_MANZA":6,"PISO":null,"actualizad":null}},
{"type":"Feature","geometry":{"type":"Point","coordinates":[-62.65667,9.01157]},"properties":{"id":null,"CONTROL":"2086","SERIE":"05","LINEA":"179","COD_SEG":"001","COD_MANZA":6,"PISO":null,"actualizad":null}},
{"type":"Feature","geometry":{"type":"Point","coordinates":[-62.65631,9.01171]},"properties":{"id":null,"CONTROL":"2086","SERIE":"06","LINEA":"180","COD_SEG":"001","COD_MANZA":6,"PISO":null,"actualizad":null}},
{"type":"Feature","geometry":{"type":"Point","coordinates":[-62.6561,9.01187]},"properties":{"id":null,"CONTROL":"2086","SERIE":"07","LINEA":"181","COD_SEG":"001","COD_MANZA":6,"PISO":null,"actualizad":null}},
{"type":"Feature","geometry":{"type":"Point","coordinates":[-62.65575,9.01201]},"properties":{"id":null,"CONTROL":"2086","SERIE":"08","LINEA":"182","COD_SEG":"001","COD_MANZA":6,"PISO":null,"actualizad":null}},
{"type":"Feature","geometry":{"type":"Point","coordinates":[-62.65476,9.01135]},"properties":{"id":null,"CONTROL":"2086","SERIE":"09","LINEA":"183","COD_SEG":"001","COD_MANZA":7,"PISO":null,"actualizad":null}},
{"type":"Feature","geometry":{"type":"Point","coordinates":[-62.65463,9.01144]},"properties":{"id":null,"CONTROL":"2086","SERIE":"10","LINEA":"184","COD_SEG":"001","COD_MANZA":7,"PISO":null,"actualizad":null}},
{"type":"Feature","geometry":{"type":"Point","coordinates":[-62.65456,9.01146]},"properties":{"id":null,"CONTROL":"2086","SERIE":"11","LINEA":"185","COD_SEG":"001","COD_MANZA":7,"PISO":null,"actualizad":null}},
{"type":"Feature","geometry":{"type":"Point","coordinates":[-62.65438,9.01149]},"properties":{"id":null,"CONTROL":"2086","SERIE":"12","LINEA":"186","COD_SEG":"001","COD_MANZA":7,"PISO":null,"actualizad":null}},
{"type":"Feature","geometry":{"type":"Point","coordinates":[-62.65419,9.0116]},"properties":{"id":null,"CONTROL":"2086","SERIE":"13","LINEA":"187","COD_SEG":"001","COD_MANZA":7,"PISO":null,"actualizad":null}},
{"type":"Feature","geometry":{"type":"Point","coordinates":[-62.65419,9.0115]},"properties":{"id":null,"CONTROL":"2086","SERIE":"14","LINEA":"188","COD_SEG":"001","COD_MANZA":7,"PISO":null,"actualizad":null}},
{"type":"Feature","geometry":{"type":"Point","coordinates":[-62.65419,9.01137]},"properties":{"id":null,"CONTROL":"2086","SERIE":"15","LINEA":"189","COD_SEG":"001","COD_MANZA":7,"PISO":null,"actualizad":null}},
{"type":"Feature","geometry":{"type":"Point","coordinates":[-62.65663,9.01103]},"properties":{"id":null,"CONTROL":"2086","SERIE":"IGLESIA","LINEA":null,"COD_SEG":"001","COD_MANZA":null,"PISO":null,"actualizad":null}},
{"type":"Feature","geometry":{"type":"Point","coordinates":[-63.60621,9.60729]},"properties":{"id":null,"CONTROL":"3046","SERIE":"01","LINEA":"029","COD_SEG":"009","COD_MANZA":2,"PISO":null,"actualizad":null}},
{"type":"Feature","geometry":{"type":"Point","coordinates":[-63.60621,9.60713]},"properties":{"id":null,"CONTROL":"3046","SERIE":"02","LINEA":"030","COD_SEG":"009","COD_MANZA":2,"PISO":null,"actualizad":null}},
{"type":"Feature","geometry":{"type":"Point","coordinates":[-63.60618,9.60704]},"properties":{"id":null,"CONTROL":"3046","SERIE":"03","LINEA":"031","COD_SEG":"009","COD_MANZA":2,"PISO":null,"actualizad":null}},
{"type":"Feature","geometry":{"type":"Point","coordinates":[-63.60619,9.60689]},"properties":{"id":null,"CONTROL":"3046","SERIE":"04","LINEA":"032","COD_SEG":"009","COD_MANZA":2,"PISO":null,"actualizad":null}},
{"type":"Feature","geometry":{"type":"Point","coordinates":[-63.60619,9.60669]},"properties":{"id":null,"CONTROL":"3046","SERIE":"05","LINEA":"033","COD_SEG":"009","COD_MANZA":2,"PISO":null,"actualizad":null}},
{"type":"Feature","geometry":{"type":"Point","coordinates":[-63.60658,9.60662]},"properties":{"id":null,"CONTROL":"3046","SERIE":"06","LINEA":"034","COD_SEG":"009","COD_MANZA":2,"PISO":null,"actualizad":null}},
{"type":"Feature","geometry":{"type":"Point","coordinates":[-63.6066,9.60685]},"properties":{"id":null,"CONTROL":"3046","SERIE":"07","LINEA":"035","COD_SEG":"009","COD_MANZA":2,"PISO":null,"actualizad":null}},
{"type":"Feature","geometry":{"type":"Point","coordinates":[-63.60662,9.60696]},"properties":{"id":null,"CONTROL":"3046","SERIE":"08","LINEA":"036","COD_SEG":"009","COD_MANZA":2,"PISO":null,"actualizad":null}},
{"type":"Feature","geometry":{"type":"Point","coordinates":[-63.60664,9.60704]},"properties":{"id":null,"CONTROL":"3046","SERIE":"09","LINEA":"037","COD_SEG":"009","COD_MANZA":2,"PISO":null,"actualizad":null}},
{"type":"Feature","geometry":{"type":"Point","coordinates":[-63.60665,9.6071]},"properties":{"id":null,"CONTROL":"3046","SERIE":"10","LINEA":"038","COD_SEG":"009","COD_MANZA":2,"PISO":null,"actualizad":null}},
{"type":"Feature","geometry":{"type":"Point","coordinates":[-63.60666,9.60719]},"properties":{"id":null,"CONTROL":"3046","SERIE":"11","LINEA":"039","COD_SEG":"009","COD_MANZA":2,"PISO":null,"actualizad":null}},
{"type":"Feature","geometry":{"type":"Point","coordinates":[-63.60669,9.60729]},"properties":{"id":null,"CONTROL":"3046","SERIE":"12","LINEA":"040","COD_SEG":"009","COD_MANZA":2,"PISO":null,"actualizad":null}},
{"type":"Feature","geometry":{"type":"Point","coordinates":[-63.60669,9.60739]},"properties":{"id":null,"CONTROL":"3046","SERIE":"13","LINEA":"041","COD_SEG":"009","COD_MANZA":2,"PISO":null,"actualizad":null}},
{"type":"Feature","geometry":{"type":"Point","coordinates":[-63.6067,9.60748]},"properties":{"id":null,"CONTROL":"3046","SERIE":"14","LINEA":"042","COD_SEG":"009","COD_MANZA":2,"PISO":null,"actualizad":null}},
{"type":"Feature","geometry":{"type":"Point","coordinates":[-63.60954,9.80729]},"properties":{"id":null,"CONTROL":"0077","SERIE":"13","LINEA":"043","COD_SEG":"016","COD_MANZA":1,"PISO":null,"actualizad":null}},
{"type":"Feature","geometry":{"type":"Point","coordinates":[-63.60964,9.80735]},"properties":{"id":null,"CONTROL":"0077","SERIE":"01","LINEA":"044","COD_SEG":"016","COD_MANZA":1,"PISO":null,"actualizad":null}},
{"type":"Feature","geometry":{"type":"Point","coordinates":[-63.60971,9.80744]},"properties":{"id":null,"CONTROL":"0077","SERIE":"02","LINEA":"045","COD_SEG":"016","COD_MANZA":1,"PISO":null,"actualizad":null}},
{"type":"Feature","geometry":{"type":"Point","coordinates":[-63.60978,9.80752]},"properties":{"id":null,"CONTROL":"0077","SERIE":"03","LINEA":"046","COD_SEG":"016","COD_MANZA":1,"PISO":null,"actualizad":null}},
{"type":"Feature","geometry":{"type":"Point","coordinates":[-63.60986,9.80759]},"properties":{"id":null,"CONTROL":"0077","SERIE":"04","LINEA":"047","COD_SEG":"016","COD_MANZA":1,"PISO":null,"actualizad":null}},
{"type":"Feature","geometry":{"type":"Point","coordinates":[-63.60993,9.80767]},"properties":{"id":null,"CONTROL":"0077","SERIE":"05","LINEA":"048","COD_SEG":"016","COD_MANZA":1,"PISO":null,"actualizad":null}},
{"type":"Feature","geometry":{"type":"Point","coordinates":[-63.61001,9.80774]},"properties":{"id":null,"CONTROL":"0077","SERIE":"06","LINEA":"049","COD_SEG":"016","COD_MANZA":1,"PISO":null,"actualizad":null}},
{"type":"Feature","geometry":{"type":"Point","coordinates":[-63.6101,9.80783]},"properties":{"id":null,"CONTROL":"0077","SERIE":"07","LINEA":"050","COD_SEG":"016","COD_MANZA":1,"PISO":null,"actualizad":null}},
{"type":"Feature","geometry":{"type":"Point","coordinates":[-63.6102,9.80794]},"properties":{"id":null,"CONTROL":"0077","SERIE":"14","LINEA":"051","COD_SEG":"016","COD_MANZA":1,"PISO":null,"actualizad":null}},
{"type":"Feature","geometry":{"type":"Point","coordinates":[-63.61022,9.80808]},"properties":{"id":null,"CONTROL":"0077","SERIE":"08","LINEA":"052","COD_SEG":"016","COD_MANZA":1,"PISO":null,"actualizad":null}},
{"type":"Feature","geometry":{"type":"Point","coordinates":[-63.6102,9.80817]},"properties":{"id":null,"CONTROL":"0077","SERIE":"09","LINEA":"053","COD_SEG":"016","COD_MANZA":1,"PISO":null,"actualizad":null}},
{"type":"Feature","geometry":{"type":"Point","coordinates":[-63.61022,9.8083]},"properties":{"id":null,"CONTROL":"0077","SERIE":"10","LINEA":"054","COD_SEG":"016","COD_MANZA":1,"PISO":null,"actualizad":null}},
{"type":"Feature","geometry":{"type":"Point","coordinates":[-63.61022,9.80841]},"properties":{"id":null,"CONTROL":"0077","SERIE":"11","LINEA":"055","COD_SEG":"016","COD_MANZA":1,"PISO":null,"actualizad":null}},
{"type":"Feature","geometry":{"type":"Point","coordinates":[-63.61022,9.80853]},"properties":{"id":null,"CONTROL":"0077","SERIE":"12","LINEA":"056","COD_SEG":"016","COD_MANZA":1,"PISO":null,"actualizad":null}},
{"type":"Feature","geometry":{"type":"Point","coordinates":[-63.61104,9.80834]},"properties":{"id":null,"CONTROL":"0077","SERIE":"CANCHA DEPORTIVA","LINEA":null,"COD_SEG":"016","COD_MANZA":1,"PISO":null,"actualizad":null}},
{"type":"Feature","geometry":{"type":"Point","coordinates":[-63.61055,9.80806]},"properties":{"id":null,"CONTROL":"0077","SERIE":"MODULO","LINEA":null,"COD_SEG":"016","COD_MANZA":1,"PISO":null,"actualizad":null}},
{"type":"Feature","geometry":{"type":"Point","coordinates":[-63.61166,9.8075]},"properties":{"id":null,"CONTROL":"0077","SERIE":"IGLESIA","LINEA":null,"COD_SEG":"017","COD_MANZA":1,"PISO":null,"actualizad":null}},
{"type":"Feature","geometry":{"type":"Point","coordinates":[-63.11962,10.11435]},"properties":{"id":null,"CONTROL":"0051","SERIE":"01","LINEA":"136","COD_SEG":"026","COD_MANZA":13,"PISO":null,"actualizad":null}},
{"type":"Feature","geometry":{"type":"Point","coordinates":[-63.11963,10.11427]},"properties":{"id":null,"CONTROL":"0051","SERIE":"02","LINEA":"137","COD_SEG":"026","COD_MANZA":13,"PISO":null,"actualizad":null}},
{"type":"Feature","geometry":{"type":"Point","coordinates":[-63.11964,10.11416]},"properties":{"id":null,"CONTROL":"0051","SERIE":"03","LINEA":"138","COD_SEG":"026","COD_MANZA":13,"PISO":null,"actualizad":null}},
{"type":"Feature","geometry":{"type":"Point","coordinates":[-63.11964,10.11408]},"properties":{"id":null,"CONTROL":"0051","SERIE":"04","LINEA":"139","COD_SEG":"026","COD_MANZA":13,"PISO":null,"actualizad":null}},
{"type":"Feature","geometry":{"type":"Point","coordinates":[-63.11965,10.11399]},"properties":{"id":null,"CONTROL":"0051","SERIE":"05","LINEA":"140","COD_SEG":"026","COD_MANZA":13,"PISO":null,"actualizad":null}},
{"type":"Feature","geometry":{"type":"Point","coordinates":[-63.11964,10.11391]},"properties":{"id":null,"CONTROL":"0051","SERIE":"06","LINEA":"141","COD_SEG":"026","COD_MANZA":13,"PISO":null,"actualizad":null}},
{"type":"Feature","geometry":{"type":"Point","coordinates":[-63.11963,10.1138]},"properties":{"id":null,"CONTROL":"0051","SERIE":"07","LINEA":"142","COD_SEG":"026","COD_MANZA":13,"PISO":null,"actualizad":null}},
{"type":"Feature","geometry":{"type":"Point","coordinates":[-63.11965,10.11372]},"properties":{"id":null,"CONTROL":"0051","SERIE":"08","LINEA":"143","COD_SEG":"026","COD_MANZA":13,"PISO":null,"actualizad":null}},
{"type":"Feature","geometry":{"type":"Point","coordinates":[-63.11985,10.11372]},"properties":{"id":null,"CONTROL":"0051","SERIE":"09","LINEA":"144","COD_SEG":"026","COD_MANZA":13,"PISO":null,"actualizad":null}},
{"type":"Feature","geometry":{"type":"Point","coordinates":[-63.11982,10.11381]},"properties":{"id":null,"CONTROL":"0051","SERIE":"10","LINEA":"145","COD_SEG":"026","COD_MANZA":13,"PISO":null,"actualizad":null}},
{"type":"Feature","geometry":{"type":"Point","coordinates":[-63.11983,10.11391]},"properties":{"id":null,"CONTROL":"0051","SERIE":"11","LINEA":"146","COD_SEG":"026","COD_MANZA":13,"PISO":null,"actualizad":null}},
{"type":"Feature","geometry":{"type":"Point","coordinates":[-63.11983,10.11399]},"properties":{"id":null,"CONTROL":"0051","SERIE":"12","LINEA":"147","COD_SEG":"026","COD_MANZA":13,"PISO":null,"actualizad":null}},
{"type":"Feature","geometry":{"type":"Point","coordinates":[-63.11983,10.11408]},"properties":{"id":null,"CONTROL":"0051","SERIE":"13","LINEA":"148","COD_SEG":"026","COD_MANZA":13,"PISO":null,"actualizad":null}},
{"type":"Feature","geometry":{"type":"Point","coordinates":[-63.11982,10.11416]},"properties":{"id":null,"CONTROL":"0051","SERIE":"14","LINEA":"149","COD_SEG":"026","COD_MANZA":13,"PISO":null,"actualizad":null}},
{"type":"Feature","geometry":{"type":"Point","coordinates":[-63.11982,10.11427]},"properties":{"id":null,"CONTROL":"0051","SERIE":"15","LINEA":"150","COD_SEG":"026","COD_MANZA":13,"PISO":null,"actualizad":null}},
{"type":"Feature","geometry":{"type":"Point","coordinates":[-63.1777,9.78614]},"properties":{"id":null,"CONTROL":"2054","SERIE":"01","LINEA":"147","COD_SEG":"031","COD_MANZA":1,"PISO":null,"actualizad":null}},
{"type":"Feature","geometry":{"type":"Point","coordinates":[-63.1776,9.78622]},"properties":{"id":null,"CONTROL":"2054","SERIE":"02","LINEA":"148","COD_SEG":"031","COD_MANZA":1,"PISO":null,"actualizad":null}},
{"type":"Feature","geometry":{"type":"Point","coordinates":[-63.17752,9.78628]},"properties":{"id":null,"CONTROL":"2054","SERIE":"03","LINEA":"149","COD_SEG":"031","COD_MANZA":1,"PISO":null,"actualizad":null}},
{"type":"Feature","geometry":{"type":"Point","coordinates":[-63.17743,9.78634]},"properties":{"id":null,"CONTROL":"2054","SERIE":"04","LINEA":"150","COD_SEG":"031","COD_MANZA":1,"PISO":null,"actualizad":null}},
{"type":"Feature","geometry":{"type":"Point","coordinates":[-63.17736,9.7864]},"properties":{"id":null,"CONTROL":"2054","SERIE":"05","LINEA":"151","COD_SEG":"031","COD_MANZA":1,"PISO":null,"actualizad":null}},
{"type":"Feature","geometry":{"type":"Point","coordinates":[-63.17724,9.78648]},"properties":{"id":null,"CONTROL":"2054","SERIE":"06","LINEA":"152","COD_SEG":"031","COD_MANZA":1,"PISO":null,"actualizad":null}},
{"type":"Feature","geometry":{"type":"Point","coordinates":[-63.17713,9.78655]},"properties":{"id":null,"CONTROL":"2054","SERIE":"07","LINEA":"153","COD_SEG":"031","COD_MANZA":1,"PISO":null,"actualizad":null}},
{"type":"Feature","geometry":{"type":"Point","coordinates":[-63.17721,9.78676]},"properties":{"id":null,"CONTROL":"2054","SERIE":"08","LINEA":"154","COD_SEG":"031","COD_MANZA":1,"PISO":null,"actualizad":null}},
{"type":"Feature","geometry":{"type":"Point","coordinates":[-63.17732,9.78668]},"properties":{"id":null,"CONTROL":"2054","SERIE":"09","LINEA":"155","COD_SEG":"031","COD_MANZA":1,"PISO":null,"actualizad":null}},
{"type":"Feature","geometry":{"type":"Point","coordinates":[-63.1774,9.78662]},"properties":{"id":null,"CONTROL":"2054","SERIE":"10","LINEA":"156","COD_SEG":"031","COD_MANZA":1,"PISO":null,"actualizad":null}},
{"type":"Feature","geometry":{"type":"Point","coordinates":[-63.1775,9.78656]},"properties":{"id":null,"CONTROL":"2054","SERIE":"11","LINEA":"157","COD_SEG":"031","COD_MANZA":1,"PISO":null,"actualizad":null}},
{"type":"Feature","geometry":{"type":"Point","coordinates":[-63.17757,9.78651]},"properties":{"id":null,"CONTROL":"2054","SERIE":"12","LINEA":"158","COD_SEG":"031","COD_MANZA":1,"PISO":null,"actualizad":null}},
{"type":"Feature","geometry":{"type":"Point","coordinates":[-63.17765,9.78645]},"properties":{"id":null,"CONTROL":"2054","SERIE":"13","LINEA":"159","COD_SEG":"031","COD_MANZA":1,"PISO":null,"actualizad":null}},
{"type":"Feature","geometry":{"type":"Point","coordinates":[-63.17772,9.7864]},"properties":{"id":null,"CONTROL":"2054","SERIE":"14","LINEA":"160","COD_SEG":"031","COD_MANZA":1,"PISO":null,"actualizad":null}},
{"type":"Feature","geometry":{"type":"Point","coordinates":[-63.17782,9.78633]},"properties":{"id":null,"CONTROL":"2054","SERIE":"15","LINEA":"161","COD_SEG":"031","COD_MANZA":1,"PISO":null,"actualizad":null}},
{"type":"Feature","geometry":{"type":"Point","coordinates":[-63.91862,9.28773]},"properties":{"id":null,"CONTROL":"0015","SERIE":"01","LINEA":"001","COD_SEG":"SECTOR 016","COD_MANZA":null,"PISO":null,"actualizad":null}},
{"type":"Feature","geometry":{"type":"Point","coordinates":[-63.91937,9.28785]},"properties":{"id":null,"CONTROL":"0015","SERIE":"02","LINEA":"002","COD_SEG":"SECTOR 016","COD_MANZA":null,"PISO":null,"actualizad":null}},
{"type":"Feature","geometry":{"type":"Point","coordinates":[-63.9208,9.28731]},"properties":{"id":null,"CONTROL":"0015","SERIE":"03","LINEA":"003","COD_SEG":"SECTOR 016","COD_MANZA":null,"PISO":null,"actualizad":null}},
{"type":"Feature","geometry":{"type":"Point","coordinates":[-63.92118,9.28722]},"properties":{"id":null,"CONTROL":"0015","SERIE":"04","LINEA":"004","COD_SEG":"SECTOR 016","COD_MANZA":null,"PISO":null,"actualizad":null}},
{"type":"Feature","geometry":{"type":"Point","coordinates":[-63.92259,9.28739]},"properties":{"id":null,"CONTROL":"0015","SERIE":"05","LINEA":"005","COD_SEG":"SECTOR 016","COD_MANZA":null,"PISO":null,"actualizad":null}},
{"type":"Feature","geometry":{"type":"Point","coordinates":[-63.92572,9.2898]},"properties":{"id":null,"CONTROL":"0015","SERIE":"06","LINEA":"006","COD_SEG":"SECTOR 016","COD_MANZA":null,"PISO":null,"actualizad":null}},
{"type":"Feature","geometry":{"type":"Point","coordinates":[-63.92565,9.29184]},"properties":{"id":null,"CONTROL":"0015","SERIE":"07","LINEA":"007","COD_SEG":"SECTOR 016","COD_MANZA":null,"PISO":null,"actualizad":null}},
{"type":"Feature","geometry":{"type":"Point","coordinates":[-63.92472,9.29366]},"properties":{"id":null,"CONTROL":"0015","SERIE":"08","LINEA":"008","COD_SEG":"SECTOR 016","COD_MANZA":null,"PISO":null,"actualizad":null}},
{"type":"Feature","geometry":{"type":"Point","coordinates":[-63.92894,9.29774]},"properties":{"id":null,"CONTROL":"0015","SERIE":"09","LINEA":"009","COD_SEG":"SECTOR 016","COD_MANZA":null,"PISO":null,"actualizad":null}},
{"type":"Feature","geometry":{"type":"Point","coordinates":[-63.92885,9.29776]},"properties":{"id":null,"CONTROL":"0015","SERIE":"10","LINEA":"010","COD_SEG":"SECTOR 016","COD_MANZA":null,"PISO":null,"actualizad":null}},
{"type":"Feature","geometry":{"type":"Point","coordinates":[-63.9286,9.29781]},"properties":{"id":null,"CONTROL":"0015","SERIE":"11","LINEA":"011","COD_SEG":"SECTOR 016","COD_MANZA":null,"PISO":null,"actualizad":null}},
{"type":"Feature","geometry":{"type":"Point","coordinates":[-63.92852,9.29783]},"properties":{"id":null,"CONTROL":"0015","SERIE":"12","LINEA":"012","COD_SEG":"SECTOR 016","COD_MANZA":null,"PISO":null,"actualizad":null}},
{"type":"Feature","geometry":{"type":"Point","coordinates":[-63.92839,9.29787]},"properties":{"id":null,"CONTROL":"0015","SERIE":"13","LINEA":"013","COD_SEG":"SECTOR 016","COD_MANZA":null,"PISO":null,"actualizad":null}},
{"type":"Feature","geometry":{"type":"Point","coordinates":[-63.9283,9.29792]},"properties":{"id":null,"CONTROL":"0015","SERIE":"14","LINEA":"014","COD_SEG":"SECTOR 016","COD_MANZA":null,"PISO":null,"actualizad":null}},
{"type":"Feature","geometry":{"type":"Point","coordinates":[-63.92811,9.29797]},"properties":{"id":null,"CONTROL":"0015","SERIE":"15","LINEA":"015","COD_SEG":"SECTOR 016","COD_MANZA":null,"PISO":null,"actualizad":null}},
{"type":"Feature","geometry":{"type":"Point","coordinates":[-63.92792,9.29803]},"properties":{"id":null,"CONTROL":"0015","SERIE":"16","LINEA":null,"COD_SEG":"SECTOR 016","COD_MANZA":null,"PISO":null,"actualizad":null}},
{"type":"Feature","geometry":{"type":"Point","coordinates":[-63.92772,9.29801]},"properties":{"id":null,"CONTROL":"0015","SERIE":"MEDICATURA","LINEA":null,"COD_SEG":"SECTOR 016","COD_MANZA":null,"PISO":null,"actualizad":null}},
{"type":"Feature","geometry":{"type":"Point","coordinates":[-63.92788,9.29849]},"properties":{"id":null,"CONTROL":"0015","SERIE":"ESCUELA","LINEA":null,"COD_SEG":"SECTOR 016","COD_MANZA":null,"PISO":null,"actualizad":null}},
{"type":"Feature","geometry":{"type":"Point","coordinates":[-63.92754,9.29717]},"properties":{"id":null,"CONTROL":"0015","SERIE":"CANCHA","LINEA":null,"COD_SEG":"SECTOR 016","COD_MANZA":null,"PISO":null,"actualizad":null}},
{"type":"Feature","geometry":{"type":"Point","coordinates":[-63.72785,9.4245]},"properties":{"id":null,"CONTROL":"2001","SERIE":"01","LINEA":"046","COD_SEG":"006","COD_MANZA":3,"PISO":null,"actualizad":null}},
{"type":"Feature","geometry":{"type":"Point","coordinates":[-63.7276,9.42451]},"properties":{"id":null,"CONTROL":"2001","SERIE":"02","LINEA":"048","COD_SEG":"006","COD_MANZA":3,"PISO":null,"actualizad":null}},
{"type":"Feature","geometry":{"type":"Point","coordinates":[-63.72747,9.42452]},"properties":{"id":null,"CONTROL":"2001","SERIE":"03","LINEA":"049","COD_SEG":"006","COD_MANZA":3,"PISO":null,"actualizad":null}},
{"type":"Feature","geometry":{"type":"Point","coordinates":[-63.72714,9.42461]},"properties":{"id":null,"CONTROL":"2001","SERIE":"04","LINEA":"050","COD_SEG":"006","COD_MANZA":3,"PISO":null,"actualizad":null}},
{"type":"Feature","geometry":{"type":"Point","coordinates":[-63.72697,9.42463]},"properties":{"id":null,"CONTROL":"2001","SERIE":"05","LINEA":"052","COD_SEG":"006","COD_MANZA":3,"PISO":null,"actualizad":null}},
{"type":"Feature","geometry":{"type":"Point","coordinates":[-63.72682,9.42465]},"properties":{"id":null,"CONTROL":"2001","SERIE":"06","LINEA":"053","COD_SEG":"006","COD_MANZA":3,"PISO":null,"actualizad":null}},
{"type":"Feature","geometry":{"type":"Point","coordinates":[-63.7267,9.42468]},"properties":{"id":null,"CONTROL":"2001","SERIE":"07","LINEA":"054","COD_SEG":"006","COD_MANZA":3,"PISO":null,"actualizad":null}},
{"type":"Feature","geometry":{"type":"Point","coordinates":[-63.72656,9.4247]},"properties":{"id":null,"CONTROL":"2001","SERIE":"08","LINEA":"055","COD_SEG":"006","COD_MANZA":3,"PISO":null,"actualizad":null}},
{"type":"Feature","geometry":{"type":"Point","coordinates":[-63.72641,9.4247]},"properties":{"id":null,"CONTROL":"2001","SERIE":"09","LINEA":"056","COD_SEG":"006","COD_MANZA":3,"PISO":null,"actualizad":null}},
{"type":"Feature","geometry":{"type":"Point","coordinates":[-63.72624,9.42475]},"properties":{"id":null,"CONTROL":"2001","SERIE":"10","LINEA":"058","COD_SEG":"006","COD_MANZA":3,"PISO":null,"actualizad":null}},
{"type":"Feature","geometry":{"type":"Point","coordinates":[-63.72611,9.42477]},"properties":{"id":null,"CONTROL":"2001","SERIE":"11","LINEA":"059","COD_SEG":"006","COD_MANZA":3,"PISO":null,"actualizad":null}},
{"type":"Feature","geometry":{"type":"Point","coordinates":[-63.72592,9.4248]},"properties":{"id":null,"CONTROL":"2001","SERIE":"12","LINEA":"060","COD_SEG":"006","COD_MANZA":3,"PISO":null,"actualizad":null}},
{"type":"Feature","geometry":{"type":"Point","coordinates":[-62.87574,9.69212]},"properties":{"id":null,"CONTROL":"0054","SERIE":"01","LINEA":"001","COD_SEG":"SECTOR 005","COD_MANZA":null,"PISO":null,"actualizad":null}},
{"type":"Feature","geometry":{"type":"Point","coordinates":[-62.87535,9.69216]},"properties":{"id":null,"CONTROL":"0054","SERIE":"02","LINEA":"002","COD_SEG":"SECTOR 005","COD_MANZA":null,"PISO":null,"actualizad":null}},
{"type":"Feature","geometry":{"type":"Point","coordinates":[-62.87523,9.69224]},"properties":{"id":null,"CONTROL":"0054","SERIE":"03","LINEA":"003","COD_SEG":"SECTOR 005","COD_MANZA":null,"PISO":null,"actualizad":null}},
{"type":"Feature","geometry":{"type":"Point","coordinates":[-62.87508,9.69224]},"properties":{"id":null,"CONTROL":"0054","SERIE":"04","LINEA":"004","COD_SEG":"SECTOR 005","COD_MANZA":null,"PISO":null,"actualizad":null}},
{"type":"Feature","geometry":{"type":"Point","coordinates":[-62.87489,9.69225]},"properties":{"id":null,"CONTROL":"0054","SERIE":"05","LINEA":"005","COD_SEG":"SECTOR 005","COD_MANZA":null,"PISO":null,"actualizad":null}},
{"type":"Feature","geometry":{"type":"Point","coordinates":[-62.87465,9.69231]},"properties":{"id":null,"CONTROL":"0054","SERIE":"06","LINEA":"006","COD_SEG":"SECTOR 005","COD_MANZA":null,"PISO":null,"actualizad":null}},
{"type":"Feature","geometry":{"type":"Point","coordinates":[-62.8745,9.69234]},"properties":{"id":null,"CONTROL":"0054","SERIE":"07","LINEA":"007","COD_SEG":"SECTOR 005","COD_MANZA":null,"PISO":null,"actualizad":null}},
{"type":"Feature","geometry":{"type":"Point","coordinates":[-62.87428,9.69237]},"properties":{"id":null,"CONTROL":"0054","SERIE":"08","LINEA":"008","COD_SEG":"SECTOR 005","COD_MANZA":null,"PISO":null,"actualizad":null}},
{"type":"Feature","geometry":{"type":"Point","coordinates":[-62.87459,9.69253]},"properties":{"id":null,"CONTROL":"0054","SERIE":"09","LINEA":"009","COD_SEG":"SECTOR 005","COD_MANZA":null,"PISO":null,"actualizad":null}},
{"type":"Feature","geometry":{"type":"Point","coordinates":[-62.87513,9.69243]},"properties":{"id":null,"CONTROL":"0054","SERIE":"10","LINEA":"010","COD_SEG":"SECTOR 005","COD_MANZA":null,"PISO":null,"actualizad":null}},
{"type":"Feature","geometry":{"type":"Point","coordinates":[-62.87554,9.69238]},"properties":{"id":null,"CONTROL":"0054","SERIE":"11","LINEA":"011","COD_SEG":"SECTOR 005","COD_MANZA":null,"PISO":null,"actualizad":null}},
{"type":"Feature","geometry":{"type":"Point","coordinates":[-62.876,9.69245]},"properties":{"id":null,"CONTROL":"0054","SERIE":"12","LINEA":"012","COD_SEG":"SECTOR 005","COD_MANZA":null,"PISO":null,"actualizad":null}},
{"type":"Feature","geometry":{"type":"Point","coordinates":[-62.87701,9.69212]},"properties":{"id":null,"CONTROL":"0054","SERIE":"15","LINEA":"015","COD_SEG":"SECTOR 005","COD_MANZA":null,"PISO":null,"actualizad":null}},
{"type":"Feature","geometry":{"type":"Point","coordinates":[-62.87664,9.69259]},"properties":{"id":null,"CONTROL":"0054","SERIE":"14","LINEA":"014","COD_SEG":"SECTOR 005","COD_MANZA":null,"PISO":null,"actualizad":null}},
{"type":"Feature","geometry":{"type":"Point","coordinates":[-62.87653,9.69288]},"properties":{"id":null,"CONTROL":"0054","SERIE":"13","LINEA":"013","COD_SEG":"SECTOR 005","COD_MANZA":null,"PISO":null,"actualizad":null}},
{"type":"Feature","geometry":{"type":"Point","coordinates":[-62.87485,9.69251]},"properties":{"id":null,"CONTROL":"0054","SERIE":"ESCUELA","LINEA":null,"COD_SEG":"SECTOR 005","COD_MANZA":null,"PISO":null,"actualizad":null}},
{"type":"Feature","geometry":{"type":"Point","coordinates":[-63.59944,9.69251]},"properties":{"id":null,"CONTROL":"2008","SERIE":"01","LINEA":"129","COD_SEG":"027","COD_MANZA":6,"PISO":null,"actualizad":null}},
{"type":"Feature","geometry":{"type":"Point","coordinates":[-63.5995,9.69251]},"properties":{"id":null,"CONTROL":"2008","SERIE":"02","LINEA":"130","COD_SEG":"027","COD_MANZA":6,"PISO":null,"actualizad":null}},
{"type":"Feature","geometry":{"type":"Point","coordinates":[-63.59955,9.69252]},"properties":{"id":null,"CONTROL":"2008","SERIE":"03","LINEA":"131","COD_SEG":"027","COD_MANZA":6,"PISO":null,"actualizad":null}},
{"type":"Feature","geometry":{"type":"Point","coordinates":[-63.59961,9.69253]},"properties":{"id":null,"CONTROL":"2008","SERIE":"04","LINEA":"132","COD_SEG":"027","COD_MANZA":6,"PISO":null,"actualizad":null}},
{"type":"Feature","geometry":{"type":"Point","coordinates":[-63.59966,9.69253]},"properties":{"id":null,"CONTROL":"2008","SERIE":"05","LINEA":"132","COD_SEG":"027","COD_MANZA":6,"PISO":null,"actualizad":null}},
{"type":"Feature","geometry":{"type":"Point","coordinates":[-63.59972,9.69254]},"properties":{"id":null,"CONTROL":"2008","SERIE":"06","LINEA":"134","COD_SEG":"027","COD_MANZA":6,"PISO":null,"actualizad":null}},
{"type":"Feature","geometry":{"type":"Point","coordinates":[-63.59977,9.69255]},"properties":{"id":null,"CONTROL":"2008","SERIE":"07","LINEA":"135","COD_SEG":"027","COD_MANZA":6,"PISO":null,"actualizad":null}},
{"type":"Feature","geometry":{"type":"Point","coordinates":[-63.59984,9.69255]},"properties":{"id":null,"CONTROL":"2008","SERIE":"08","LINEA":"136","COD_SEG":"027","COD_MANZA":6,"PISO":null,"actualizad":null}},
{"type":"Feature","geometry":{"type":"Point","coordinates":[-63.59989,9.69255]},"properties":{"id":null,"CONTROL":"2008","SERIE":"09","LINEA":"137","COD_SEG":"027","COD_MANZA":6,"PISO":null,"actualizad":null}},
{"type":"Feature","geometry":{"type":"Point","coordinates":[-63.59994,9.69256]},"properties":{"id":null,"CONTROL":"2008","SERIE":"10","LINEA":"138","COD_SEG":"027","COD_MANZA":6,"PISO":null,"actualizad":null}},
{"type":"Feature","geometry":{"type":"Point","coordinates":[-63.6,9.69256]},"properties":{"id":null,"CONTROL":"2008","SERIE":"11","LINEA":"139","COD_SEG":"027","COD_MANZA":6,"PISO":null,"actualizad":null}},
{"type":"Feature","geometry":{"type":"Point","coordinates":[-63.60005,9.69257]},"properties":{"id":null,"CONTROL":"2008","SERIE":"12","LINEA":"140","COD_SEG":"027","COD_MANZA":6,"PISO":null,"actualizad":null}},
{"type":"Feature","geometry":{"type":"Point","coordinates":[-63.60011,9.69258]},"properties":{"id":null,"CONTROL":"2008","SERIE":"13","LINEA":"141","COD_SEG":"027","COD_MANZA":6,"PISO":null,"actualizad":null}},
{"type":"Feature","geometry":{"type":"Point","coordinates":[-63.60016,9.69259]},"properties":{"id":null,"CONTROL":"2008","SERIE":"14","LINEA":"142","COD_SEG":"027","COD_MANZA":6,"PISO":null,"actualizad":null}},
{"type":"Feature","geometry":{"type":"Point","coordinates":[-63.60021,9.69259]},"properties":{"id":null,"CONTROL":"2008","SERIE":"15","LINEA":"143","COD_SEG":"027","COD_MANZA":6,"PISO":null,"actualizad":null}},
{"type":"Feature","geometry":{"type":"Point","coordinates":[-63.60503,9.67907]},"properties":{"id":null,"CONTROL":"2009","SERIE":"01","LINEA":"062","COD_SEG":"062","COD_MANZA":null,"PISO":null,"actualizad":null}},
{"type":"Feature","geometry":{"type":"Point","coordinates":[-63.60491,9.67907]},"properties":{"id":null,"CONTROL":"2009","SERIE":"02","LINEA":"63","COD_SEG":"062","COD_MANZA":null,"PISO":null,"actualizad":null}},
{"type":"Feature","geometry":{"type":"Point","coordinates":[-63.60494,9.67878]},"properties":{"id":null,"CONTROL":"2009","SERIE":"03","LINEA":"064","COD_SEG":"062","COD_MANZA":null,"PISO":null,"actualizad":null}},
{"type":"Feature","geometry":{"type":"Point","coordinates":[-63.60523,9.67877]},"properties":{"id":null,"CONTROL":"2009","SERIE":"04","LINEA":"065","COD_SEG":"062","COD_MANZA":null,"PISO":null,"actualizad":null}},
{"type":"Feature","geometry":{"type":"Point","coordinates":[-63.60534,9.67876]},"properties":{"id":null,"CONTROL":"2009","SERIE":"05","LINEA":"066","COD_SEG":"062","COD_MANZA":null,"PISO":null,"actualizad":null}},
{"type":"Feature","geometry":{"type":"Point","coordinates":[-63.60546,9.67877]},"properties":{"id":null,"CONTROL":"2009","SERIE":"06","LINEA":"067","COD_SEG":"062","COD_MANZA":null,"PISO":null,"actualizad":null}},
{"type":"Feature","geometry":{"type":"Point","coordinates":[-63.60563,9.67875]},"properties":{"id":null,"CONTROL":"2009","SERIE":"10","LINEA":"072","COD_SEG":"062","COD_MANZA":null,"PISO":null,"actualizad":null}},
{"type":"Feature","geometry":{"type":"Point","coordinates":[-63.60574,9.67874]},"properties":{"id":null,"CONTROL":"2009","SERIE":"11","LINEA":"074","COD_SEG":"062","COD_MANZA":null,"PISO":null,"actualizad":null}},
{"type":"Feature","geometry":{"type":"Point","coordinates":[-63.60586,9.67872]},"properties":{"id":null,"CONTROL":"2009","SERIE":"12","LINEA":"075","COD_SEG":"062","COD_MANZA":null,"PISO":null,"actualizad":null}},
{"type":"Feature","geometry":{"type":"Point","coordinates":[-63.60565,9.679]},"properties":{"id":null,"CONTROL":"2009","SERIE":"09","LINEA":"071","COD_SEG":"062","COD_MANZA":null,"PISO":null,"actualizad":null}},
{"type":"Feature","geometry":{"type":"Point","coordinates":[-63.60576,9.679]},"properties":{"id":null,"CONTROL":"2009","SERIE":"13","LINEA":"076","COD_SEG":"062","COD_MANZA":null,"PISO":null,"actualizad":null}},
{"type":"Feature","geometry":{"type":"Point","coordinates":[-63.60587,9.67899]},"properties":{"id":null,"CONTROL":"2009","SERIE":"08","LINEA":"070","COD_SEG":"062","COD_MANZA":null,"PISO":null,"actualizad":null}},
{"type":"Feature","geometry":{"type":"Point","coordinates":[-63.60612,9.67898]},"properties":{"id":null,"CONTROL":"2009","SERIE":"07","LINEA":"068","COD_SEG":"062","COD_MANZA":null,"PISO":null,"actualizad":null}},
{"type":"Feature","geometry":{"type":"Point","coordinates":[-63.19885,9.69182]},"properties":{"id":null,"CONTROL":"2019","SERIE":"01","LINEA":"137","COD_SEG":"163","COD_MANZA":12,"PISO":null,"actualizad":null}},
{"type":"Feature","geometry":{"type":"Point","coordinates":[-63.19859,9.69197]},"properties":{"id":null,"CONTROL":"2019","SERIE":"02","LINEA":"138","COD_SEG":"163","COD_MANZA":12,"PISO":null,"actualizad":null}},
{"type":"Feature","geometry":{"type":"Point","coordinates":[-63.1984,9.69204]},"properties":{"id":null,"CONTROL":"2019","SERIE":"03","LINEA":"139","COD_SEG":"163","COD_MANZA":12,"PISO":null,"actualizad":null}},
{"type":"Feature","geometry":{"type":"Point","coordinates":[-63.19821,9.69217]},"properties":{"id":null,"CONTROL":"2019","SERIE":"04","LINEA":"140","COD_SEG":"163","COD_MANZA":12,"PISO":null,"actualizad":null}},
{"type":"Feature","geometry":{"type":"Point","coordinates":[-63.19761,9.69251]},"properties":{"id":null,"CONTROL":"2019","SERIE":"08","LINEA":"145","COD_SEG":"163","COD_MANZA":13,"PISO":null,"actualizad":null}},
{"type":"Feature","geometry":{"type":"Point","coordinates":[-63.19751,9.69257]},"properties":{"id":null,"CONTROL":"2019","SERIE":"09","LINEA":"147","COD_SEG":"163","COD_MANZA":13,"PISO":null,"actualizad":null}},
{"type":"Feature","geometry":{"type":"Point","coordinates":[-63.19731,9.69265]},"properties":{"id":null,"CONTROL":"2019","SERIE":"10","LINEA":"148","COD_SEG":"163","COD_MANZA":13,"PISO":null,"actualizad":null}},
{"type":"Feature","geometry":{"type":"Point","coordinates":[-63.19711,9.69276]},"properties":{"id":null,"CONTROL":"2019","SERIE":"11","LINEA":"149","COD_SEG":"163","COD_MANZA":13,"PISO":null,"actualizad":null}},
{"type":"Feature","geometry":{"type":"Point","coordinates":[-63.19689,9.69279]},"properties":{"id":null,"CONTROL":"2019","SERIE":"12","LINEA":"151","COD_SEG":"163","COD_MANZA":14,"PISO":null,"actualizad":null}},
{"type":"Feature","geometry":{"type":"Point","coordinates":[-63.19747,9.69228]},"properties":{"id":null,"CONTROL":"2019","SERIE":"07","LINEA":"143","COD_SEG":"163","COD_MANZA":13,"PISO":null,"actualizad":null}},
{"type":"Feature","geometry":{"type":"Point","coordinates":[-63.19733,9.69237]},"properties":{"id":null,"CONTROL":"2019","SERIE":"06","LINEA":"142","COD_SEG":"163","COD_MANZA":13,"PISO":null,"actualizad":null}},
{"type":"Feature","geometry":{"type":"Point","coordinates":[-63.19572,9.69314]},"properties":{"id":null,"CONTROL":"2019","SERIE":"13","LINEA":"150","COD_SEG":"163","COD_MANZA":12,"PISO":null,"actualizad":null}},
{"type":"Feature","geometry":{"type":"Point","coordinates":[-63.1758,9.78811]},"properties":{"id":null,"CONTROL":"2025","SERIE":"13","LINEA":"190","COD_SEG":"031","COD_MANZA":1,"PISO":null,"actualizad":null}},
{"type":"Feature","geometry":{"type":"Point","coordinates":[-63.17588,9.7882]},"properties":{"id":null,"CONTROL":"2025","SERIE":"12","LINEA":"189","COD_SEG":"031","COD_MANZA":1,"PISO":null,"actualizad":null}},
{"type":"Feature","geometry":{"type":"Point","coordinates":[-63.17594,9.78829]},"properties":{"id":null,"CONTROL":"2025","SERIE":"11","LINEA":"188","COD_SEG":"031","COD_MANZA":1,"PISO":null,"actualizad":null}},
{"type":"Feature","geometry":{"type":"Point","coordinates":[-63.17601,9.78837]},"properties":{"id":null,"CONTROL":"2025","SERIE":"10","LINEA":"187","COD_SEG":"031","COD_MANZA":1,"PISO":null,"actualizad":null}},
{"type":"Feature","geometry":{"type":"Point","coordinates":[-63.17605,9.7885]},"properties":{"id":null,"CONTROL":"2025","SERIE":"09","LINEA":"186","COD_SEG":"031","COD_MANZA":1,"PISO":null,"actualizad":null}},
{"type":"Feature","geometry":{"type":"Point","coordinates":[-63.17617,9.78861]},"properties":{"id":null,"CONTROL":"2025","SERIE":"08","LINEA":"185","COD_SEG":"031","COD_MANZA":1,"PISO":null,"actualizad":null}},
{"type":"Feature","geometry":{"type":"Point","coordinates":[-63.17626,9.78876]},"properties":{"id":null,"CONTROL":"2025","SERIE":"07","LINEA":"184","COD_SEG":"031","COD_MANZA":1,"PISO":null,"actualizad":null}},
{"type":"Feature","geometry":{"type":"Point","coordinates":[-63.17638,9.78889]},"properties":{"id":null,"CONTROL":"2025","SERIE":"06","LINEA":"183","COD_SEG":"031","COD_MANZA":1,"PISO":null,"actualizad":null}},
{"type":"Feature","geometry":{"type":"Point","coordinates":[-63.17646,9.789]},"properties":{"id":null,"CONTROL":"2025","SERIE":"05","LINEA":"182","COD_SEG":"031","COD_MANZA":1,"PISO":null,"actualizad":null}},
{"type":"Feature","geometry":{"type":"Point","coordinates":[-63.17654,9.78907]},"properties":{"id":null,"CONTROL":"2025","SERIE":"04","LINEA":"181","COD_SEG":"031","COD_MANZA":1,"PISO":null,"actualizad":null}},
{"type":"Feature","geometry":{"type":"Point","coordinates":[-63.1766,9.78917]},"properties":{"id":null,"CONTROL":"2025","SERIE":"03","LINEA":"180","COD_SEG":"031","COD_MANZA":1,"PISO":null,"actualizad":null}},
{"type":"Feature","geometry":{"type":"Point","coordinates":[-63.17663,9.78926]},"properties":{"id":null,"CONTROL":"2025","SERIE":"02","LINEA":"179","COD_SEG":"031","COD_MANZA":1,"PISO":null,"actualizad":null}},
{"type":"Feature","geometry":{"type":"Point","coordinates":[-63.1767,9.78935]},"properties":{"id":null,"CONTROL":"2025","SERIE":"01","LINEA":"178","COD_SEG":"031","COD_MANZA":1,"PISO":null,"actualizad":null}},
{"type":"Feature","geometry":{"type":"Point","coordinates":[-63.1756,9.78825]},"properties":{"id":null,"CONTROL":"2025","SERIE":"14","LINEA":"191","COD_SEG":"031","COD_MANZA":1,"PISO":null,"actualizad":null}},
{"type":"Feature","geometry":{"type":"Point","coordinates":[-63.17571,9.78836]},"properties":{"id":null,"CONTROL":"2025","SERIE":"15","LINEA":"192","COD_SEG":"031","COD_MANZA":1,"PISO":null,"actualizad":null}},
{"type":"Feature","geometry":{"type":"Point","coordinates":[-63.30021,9.70809]},"properties":{"id":null,"CONTROL":"0035","SERIE":"01","LINEA":"190","COD_SEG":"007","COD_MANZA":2,"PISO":null,"actualizad":null}},
{"type":"Feature","geometry":{"type":"Point","coordinates":[-63.30022,9.70822]},"properties":{"id":null,"CONTROL":"0035","SERIE":"02","LINEA":"191","COD_SEG":"007","COD_MANZA":2,"PISO":null,"actualizad":null}},
{"type":"Feature","geometry":{"type":"Point","coordinates":[-63.30034,9.70858]},"properties":{"id":null,"CONTROL":"0035","SERIE":"03","LINEA":"192","COD_SEG":"007","COD_MANZA":2,"PISO":null,"actualizad":null}},
{"type":"Feature","geometry":{"type":"Point","coordinates":[-63.30037,9.70869]},"properties":{"id":null,"CONTROL":"0035","SERIE":"04","LINEA":"193","COD_SEG":"007","COD_MANZA":2,"PISO":null,"actualizad":null}},
{"type":"Feature","geometry":{"type":"Point","coordinates":[-63.3004,9.70879]},"properties":{"id":null,"CONTROL":"0035","SERIE":"05","LINEA":"194","COD_SEG":"007","COD_MANZA":3,"PISO":null,"actualizad":null}},
{"type":"Feature","geometry":{"type":"Point","coordinates":[-63.30051,9.70864]},"properties":{"id":null,"CONTROL":"0035","SERIE":"06","LINEA":"195","COD_SEG":"007","COD_MANZA":3,"PISO":null,"actualizad":null}},
{"type":"Feature","geometry":{"type":"Point","coordinates":[-63.30049,9.70853]},"properties":{"id":null,"CONTROL":"0035","SERIE":"07","LINEA":"196","COD_SEG":"007","COD_MANZA":3,"PISO":null,"actualizad":null}},
{"type":"Feature","geometry":{"type":"Point","coordinates":[-63.30045,9.70843]},"properties":{"id":null,"CONTROL":"0035","SERIE":"08","LINEA":"197","COD_SEG":"007","COD_MANZA":3,"PISO":null,"actualizad":null}},
{"type":"Feature","geometry":{"type":"Point","coordinates":[-63.30042,9.70832]},"properties":{"id":null,"CONTROL":"0035","SERIE":"09","LINEA":"198","COD_SEG":"007","COD_MANZA":3,"PISO":null,"actualizad":null}},
{"type":"Feature","geometry":{"type":"Point","coordinates":[-63.30041,9.7082]},"properties":{"id":null,"CONTROL":"0035","SERIE":"10","LINEA":"199","COD_SEG":"007","COD_MANZA":3,"PISO":null,"actualizad":null}},
{"type":"Feature","geometry":{"type":"Point","coordinates":[-63.30037,9.70805]},"properties":{"id":null,"CONTROL":"0035","SERIE":"11","LINEA":"200","COD_SEG":"007","COD_MANZA":3,"PISO":null,"actualizad":null}},
{"type":"Feature","geometry":{"type":"Point","coordinates":[-63.30055,9.708]},"properties":{"id":null,"CONTROL":"0035","SERIE":"12","LINEA":"201","COD_SEG":"007","COD_MANZA":3,"PISO":null,"actualizad":null}},
{"type":"Feature","geometry":{"type":"Point","coordinates":[-63.30062,9.70827]},"properties":{"id":null,"CONTROL":"0035","SERIE":"13","LINEA":"202","COD_SEG":"007","COD_MANZA":3,"PISO":null,"actualizad":null}},
{"type":"Feature","geometry":{"type":"Point","coordinates":[-63.30064,9.70837]},"properties":{"id":null,"CONTROL":"0035","SERIE":"15","LINEA":"203","COD_SEG":"007","COD_MANZA":3,"PISO":null,"actualizad":null}},
{"type":"Feature","geometry":{"type":"Point","coordinates":[-63.25232,9.7171]},"properties":{"id":null,"CONTROL":"2039","SERIE":"01","LINEA":"018","COD_SEG":"062","COD_MANZA":1,"PISO":null,"actualizad":null}},
{"type":"Feature","geometry":{"type":"Point","coordinates":[-63.25222,9.71715]},"properties":{"id":null,"CONTROL":"2039","SERIE":"02","LINEA":"016","COD_SEG":"062","COD_MANZA":1,"PISO":null,"actualizad":null}},
{"type":"Feature","geometry":{"type":"Point","coordinates":[-63.25215,9.71718]},"properties":{"id":null,"CONTROL":"2039","SERIE":"03","LINEA":"003","COD_SEG":"062","COD_MANZA":1,"PISO":null,"actualizad":null}},
{"type":"Feature","geometry":{"type":"Point","coordinates":[-63.25196,9.71699]},"properties":{"id":null,"CONTROL":"2039","SERIE":"04","LINEA":"004","COD_SEG":"062","COD_MANZA":1,"PISO":null,"actualizad":null}},
{"type":"Feature","geometry":{"type":"Point","coordinates":[-63.25204,9.71694]},"properties":{"id":null,"CONTROL":"2039","SERIE":"05","LINEA":"005","COD_SEG":"062","COD_MANZA":1,"PISO":null,"actualizad":null}},
{"type":"Feature","geometry":{"type":"Point","coordinates":[-63.25211,9.71687]},"properties":{"id":null,"CONTROL":"2039","SERIE":"06","LINEA":"006","COD_SEG":"062","COD_MANZA":1,"PISO":null,"actualizad":null}},
{"type":"Feature","geometry":{"type":"Point","coordinates":[-63.25221,9.71682]},"properties":{"id":null,"CONTROL":"2039","SERIE":"07","LINEA":"007","COD_SEG":"062","COD_MANZA":1,"PISO":null,"actualizad":null}},
{"type":"Feature","geometry":{"type":"Point","coordinates":[-63.25215,9.71668]},"properties":{"id":null,"CONTROL":"2039","SERIE":"08","LINEA":"008","COD_SEG":"062","COD_MANZA":1,"PISO":null,"actualizad":null}},
{"type":"Feature","geometry":{"type":"Point","coordinates":[-63.25206,9.71672]},"properties":{"id":null,"CONTROL":"2039","SERIE":"09","LINEA":"009","COD_SEG":"062","COD_MANZA":1,"PISO":null,"actualizad":null}},
{"type":"Feature","geometry":{"type":"Point","coordinates":[-63.25195,9.7168]},"properties":{"id":null,"CONTROL":"2039","SERIE":"10","LINEA":"010","COD_SEG":"062","COD_MANZA":1,"PISO":null,"actualizad":null}},
{"type":"Feature","geometry":{"type":"Point","coordinates":[-63.25187,9.71689]},"properties":{"id":null,"CONTROL":"2039","SERIE":"11","LINEA":"011","COD_SEG":"062","COD_MANZA":1,"PISO":null,"actualizad":null}},
{"type":"Feature","geometry":{"type":"Point","coordinates":[-63.25169,9.71665]},"properties":{"id":null,"CONTROL":"2039","SERIE":"12","LINEA":"012","COD_SEG":"062","COD_MANZA":1,"PISO":null,"actualizad":null}},
{"type":"Feature","geometry":{"type":"Point","coordinates":[-63.25177,9.71658]},"properties":{"id":null,"CONTROL":"2039","SERIE":"13","LINEA":"013","COD_SEG":"062","COD_MANZA":1,"PISO":null,"actualizad":null}},
{"type":"Feature","geometry":{"type":"Point","coordinates":[-63.25194,9.71656]},"properties":{"id":null,"CONTROL":"2039","SERIE":"14","LINEA":"014","COD_SEG":"062","COD_MANZA":1,"PISO":null,"actualizad":null}},
{"type":"Feature","geometry":{"type":"Point","coordinates":[-63.25142,9.71653]},"properties":{"id":null,"CONTROL":"2039","SERIE":"15","LINEA":"015","COD_SEG":"062","COD_MANZA":1,"PISO":null,"actualizad":null}},
{"type":"Feature","geometry":{"type":"Point","coordinates":[-62.33235,9.13077]},"properties":{"id":null,"CONTROL":"2088","SERIE":"001","LINEA":"015","COD_SEG":"001","COD_MANZA":1,"PISO":null,"actualizad":null}},
{"type":"Feature","geometry":{"type":"Point","coordinates":[-62.33238,9.1305]},"properties":{"id":null,"CONTROL":"2088","SERIE":"003","LINEA":"017","COD_SEG":"001","COD_MANZA":1,"PISO":null,"actualizad":null}},
{"type":"Feature","geometry":{"type":"Point","coordinates":[-62.33235,9.13034]},"properties":{"id":null,"CONTROL":"2088","SERIE":"004","LINEA":"018","COD_SEG":"001","COD_MANZA":1,"PISO":null,"actualizad":null}},
{"type":"Feature","geometry":{"type":"Point","coordinates":[-62.33231,9.13021]},"properties":{"id":null,"CONTROL":"2088","SERIE":"005","LINEA":"019","COD_SEG":"001","COD_MANZA":1,"PISO":null,"actualizad":null}},
{"type":"Feature","geometry":{"type":"Point","coordinates":[-62.3321,9.12969]},"properties":{"id":null,"CONTROL":"2088","SERIE":"006","LINEA":"020","COD_SEG":"001","COD_MANZA":1,"PISO":null,"actualizad":null}},
{"type":"Feature","geometry":{"type":"Point","coordinates":[-62.33209,9.12952]},"properties":{"id":null,"CONTROL":"2088","SERIE":"007","LINEA":"021","COD_SEG":"001","COD_MANZA":1,"PISO":null,"actualizad":null}},
{"type":"Feature","geometry":{"type":"Point","coordinates":[-62.33224,9.12929]},"properties":{"id":null,"CONTROL":"2088","SERIE":"008","LINEA":"022","COD_SEG":"001","COD_MANZA":1,"PISO":null,"actualizad":null}},
{"type":"Feature","geometry":{"type":"Point","coordinates":[-62.33293,9.12925]},"properties":{"id":null,"CONTROL":"2088","SERIE":"009","LINEA":"023","COD_SEG":"001","COD_MANZA":1,"PISO":null,"actualizad":null}},
{"type":"Feature","geometry":{"type":"Point","coordinates":[-62.33344,9.12945]},"properties":{"id":null,"CONTROL":"2088","SERIE":"010","LINEA":"024","COD_SEG":"001","COD_MANZA":1,"PISO":null,"actualizad":null}},
{"type":"Feature","geometry":{"type":"Point","coordinates":[-62.33346,9.12895]},"properties":{"id":null,"CONTROL":"2088","SERIE":"011","LINEA":"025","COD_SEG":"001","COD_MANZA":1,"PISO":null,"actualizad":null}},
{"type":"Feature","geometry":{"type":"Point","coordinates":[-62.33296,9.12893]},"properties":{"id":null,"CONTROL":"2088","SERIE":"012","LINEA":"026","COD_SEG":"001","COD_MANZA":1,"PISO":null,"actualizad":null}},
{"type":"Feature","geometry":{"type":"Point","coordinates":[-62.33309,9.12882]},"properties":{"id":null,"CONTROL":"2088","SERIE":"013","LINEA":"027","COD_SEG":"001","COD_MANZA":1,"PISO":null,"actualizad":null}},
{"type":"Feature","geometry":{"type":"Point","coordinates":[-62.33384,9.1295]},"properties":{"id":null,"CONTROL":"2088","SERIE":"014","LINEA":"028","COD_SEG":"001","COD_MANZA":1,"PISO":null,"actualizad":null}},
{"type":"Feature","geometry":{"type":"Point","coordinates":[-62.33235,9.13063]},"properties":{"id":null,"CONTROL":"2088","SERIE":"002","LINEA":"016","COD_SEG":"001","COD_MANZA":1,"PISO":null,"actualizad":null}},
{"type":"Feature","geometry":{"type":"Point","coordinates":[-63.62113,9.69763]},"properties":{"id":null,"CONTROL":"0056","SERIE":"001","LINEA":"124","COD_SEG":"036","COD_MANZA":16,"PISO":null,"actualizad":null}},
{"type":"Feature","geometry":{"type":"Point","coordinates":[-63.62135,9.69733]},"properties":{"id":null,"CONTROL":"0056","SERIE":"002","LINEA":"125","COD_SEG":"036","COD_MANZA":16,"PISO":null,"actualizad":null}},
{"type":"Feature","geometry":{"type":"Point","coordinates":[-63.62168,9.69732]},"properties":{"id":null,"CONTROL":"0056","SERIE":"003","LINEA":"126","COD_SEG":"036","COD_MANZA":16,"PISO":null,"actualizad":null}},
{"type":"Feature","geometry":{"type":"Point","coordinates":[-63.62198,9.6973]},"properties":{"id":null,"CONTROL":"0056","SERIE":"004","LINEA":"127","COD_SEG":"036","COD_MANZA":16,"PISO":null,"actualizad":null}},
{"type":"Feature","geometry":{"type":"Point","coordinates":[-63.62129,9.69798]},"properties":{"id":null,"CONTROL":"0056","SERIE":"005","LINEA":"128","COD_SEG":"036","COD_MANZA":17,"PISO":null,"actualizad":null}},
{"type":"Feature","geometry":{"type":"Point","coordinates":[-63.62202,9.69795]},"properties":{"id":null,"CONTROL":"0056","SERIE":"006","LINEA":"129","COD_SEG":"036","COD_MANZA":17,"PISO":null,"actualizad":null}},
{"type":"Feature","geometry":{"type":"Point","coordinates":[-63.62239,9.69799]},"properties":{"id":null,"CONTROL":"0056","SERIE":"007","LINEA":"130","COD_SEG":"036","COD_MANZA":17,"PISO":null,"actualizad":null}},
{"type":"Feature","geometry":{"type":"Point","coordinates":[-63.62572,9.69803]},"properties":{"id":null,"CONTROL":"0056","SERIE":"012","LINEA":"135","COD_SEG":"036","COD_MANZA":18,"PISO":null,"actualizad":null}},
{"type":"Feature","geometry":{"type":"Point","coordinates":[-63.62539,9.69805]},"properties":{"id":null,"CONTROL":"0056","SERIE":"017","LINEA":"140","COD_SEG":"036","COD_MANZA":18,"PISO":null,"actualizad":null}},
{"type":"Feature","geometry":{"type":"Point","coordinates":[-63.62506,9.69806]},"properties":{"id":null,"CONTROL":"0056","SERIE":"008","LINEA":"131","COD_SEG":"036","COD_MANZA":18,"PISO":null,"actualizad":null}},
{"type":"Feature","geometry":{"type":"Point","coordinates":[-63.62479,9.69795]},"properties":{"id":null,"CONTROL":"0056","SERIE":"009","LINEA":"132","COD_SEG":"036","COD_MANZA":18,"PISO":null,"actualizad":null}},
{"type":"Feature","geometry":{"type":"Point","coordinates":[-63.6245,9.69797]},"properties":{"id":null,"CONTROL":"0056","SERIE":"010","LINEA":"133","COD_SEG":"036","COD_MANZA":18,"PISO":null,"actualizad":null}},
{"type":"Feature","geometry":{"type":"Point","coordinates":[-63.62424,9.69797]},"properties":{"id":null,"CONTROL":"0056","SERIE":"011","LINEA":"134","COD_SEG":"036","COD_MANZA":18,"PISO":null,"actualizad":null}},
{"type":"Feature","geometry":{"type":"Point","coordinates":[-63.62303,9.69769]},"properties":{"id":null,"CONTROL":"0056","SERIE":"014","LINEA":"137","COD_SEG":"036","COD_MANZA":19,"PISO":null,"actualizad":null}},
{"type":"Feature","geometry":{"type":"Point","coordinates":[-63.6234,9.69764]},"properties":{"id":null,"CONTROL":"0056","SERIE":"013","LINEA":"136","COD_SEG":"036","COD_MANZA":19,"PISO":null,"actualizad":null}},
{"type":"Feature","geometry":{"type":"Point","coordinates":[-63.62375,9.6976]},"properties":{"id":null,"CONTROL":"0056","SERIE":"015","LINEA":"138","COD_SEG":"036","COD_MANZA":19,"PISO":null,"actualizad":null}},
{"type":"Feature","geometry":{"type":"Point","coordinates":[-63.62404,9.69754]},"properties":{"id":null,"CONTROL":"0056","SERIE":"016","LINEA":"139","COD_SEG":"036","COD_MANZA":19,"PISO":null,"actualizad":null}},
{"type":"Feature","geometry":{"type":"Point","coordinates":[-63.6018,9.70639]},"properties":{"id":null,"CONTROL":"2007","SERIE":"001","LINEA":"057","COD_SEG":"008","COD_MANZA":4,"PISO":null,"actualizad":null}},
{"type":"Feature","geometry":{"type":"Point","coordinates":[-63.60211,9.70625]},"properties":{"id":null,"CONTROL":"2007","SERIE":"002","LINEA":"058","COD_SEG":"008","COD_MANZA":4,"PISO":null,"actualizad":null}},
{"type":"Feature","geometry":{"type":"Point","coordinates":[-63.60221,9.7063]},"properties":{"id":null,"CONTROL":"2007","SERIE":"003","LINEA":"059","COD_SEG":"008","COD_MANZA":4,"PISO":null,"actualizad":null}},
{"type":"Feature","geometry":{"type":"Point","coordinates":[-63.6023,9.70634]},"properties":{"id":null,"CONTROL":"2007","SERIE":"004","LINEA":"060","COD_SEG":"008","COD_MANZA":4,"PISO":null,"actualizad":null}},
{"type":"Feature","geometry":{"type":"Point","coordinates":[-63.60239,9.70639]},"properties":{"id":null,"CONTROL":"2007","SERIE":"005","LINEA":"061","COD_SEG":"008","COD_MANZA":4,"PISO":null,"actualizad":null}},
{"type":"Feature","geometry":{"type":"Point","coordinates":[-63.60248,9.70644]},"properties":{"id":null,"CONTROL":"2007","SERIE":"006","LINEA":"062","COD_SEG":"008","COD_MANZA":4,"PISO":null,"actualizad":null}},
{"type":"Feature","geometry":{"type":"Point","coordinates":[-63.6026,9.70648]},"properties":{"id":null,"CONTROL":"2007","SERIE":"007","LINEA":"063","COD_SEG":"008","COD_MANZA":4,"PISO":null,"actualizad":null}},
{"type":"Feature","geometry":{"type":"Point","coordinates":[-63.6027,9.70654]},"properties":{"id":null,"CONTROL":"2007","SERIE":"008","LINEA":"064","COD_SEG":"008","COD_MANZA":4,"PISO":null,"actualizad":null}},
{"type":"Feature","geometry":{"type":"Point","coordinates":[-63.60279,9.70658]},"properties":{"id":null,"CONTROL":"2007","SERIE":"009","LINEA":"065","COD_SEG":"008","COD_MANZA":4,"PISO":null,"actualizad":null}},
{"type":"Feature","geometry":{"type":"Point","coordinates":[-63.60289,9.70664]},"properties":{"id":null,"CONTROL":"2007","SERIE":"010","LINEA":"066","COD_SEG":"008","COD_MANZA":4,"PISO":null,"actualizad":null}},
{"type":"Feature","geometry":{"type":"Point","coordinates":[-63.60299,9.70667]},"properties":{"id":null,"CONTROL":"2007","SERIE":"011","LINEA":"067","COD_SEG":"008","COD_MANZA":4,"PISO":null,"actualizad":null}},
{"type":"Feature","geometry":{"type":"Point","coordinates":[-63.60308,9.70674]},"properties":{"id":null,"CONTROL":"2007","SERIE":"012","LINEA":"068","COD_SEG":"008","COD_MANZA":4,"PISO":null,"actualizad":null}},
{"type":"Feature","geometry":{"type":"Point","coordinates":[-63.60319,9.70679]},"properties":{"id":null,"CONTROL":"2007","SERIE":"013","LINEA":"069","COD_SEG":"008","COD_MANZA":4,"PISO":null,"actualizad":null}},
{"type":"Feature","geometry":{"type":"Point","coordinates":[-63.60326,9.70664]},"properties":{"id":null,"CONTROL":"2007","SERIE":"014","LINEA":"071","COD_SEG":"008","COD_MANZA":5,"PISO":null,"actualizad":null}},
{"type":"Feature","geometry":{"type":"Point","coordinates":[-62.35213,8.99668]},"properties":{"id":null,"CONTROL":"0049","SERIE":"001","LINEA":"047","COD_SEG":null,"COD_MANZA":5,"PISO":null,"actualizad":null}},
{"type":"Feature","geometry":{"type":"Point","coordinates":[-62.35206,8.99656]},"properties":{"id":null,"CONTROL":"0049","SERIE":"002","LINEA":"048","COD_SEG":null,"COD_MANZA":5,"PISO":null,"actualizad":null}},
{"type":"Feature","geometry":{"type":"Point","coordinates":[-62.35215,8.99647]},"properties":{"id":null,"CONTROL":"0049","SERIE":"017","LINEA":"143","COD_SEG":"004","COD_MANZA":5,"PISO":null,"actualizad":null}},
{"type":"Feature","geometry":{"type":"Point","coordinates":[-62.35212,8.9964]},"properties":{"id":null,"CONTROL":"0049","SERIE":"003","LINEA":"049","COD_SEG":null,"COD_MANZA":5,"PISO":null,"actualizad":null}},
{"type":"Feature","geometry":{"type":"Point","coordinates":[-62.35208,8.99632]},"properties":{"id":null,"CONTROL":"0049","SERIE":"004","LINEA":"050","COD_SEG":"004","COD_MANZA":5,"PISO":null,"actualizad":null}},
{"type":"Feature","geometry":{"type":"Point","coordinates":[-62.35225,8.99603]},"properties":{"id":null,"CONTROL":"0049","SERIE":"005","LINEA":"051","COD_SEG":"004","COD_MANZA":5,"PISO":null,"actualizad":null}},
{"type":"Feature","geometry":{"type":"Point","coordinates":[-62.35267,8.99603]},"properties":{"id":null,"CONTROL":"0049","SERIE":"006","LINEA":"052","COD_SEG":"004","COD_MANZA":5,"PISO":null,"actualizad":null}},
{"type":"Feature","geometry":{"type":"Point","coordinates":[-62.35278,8.99612]},"properties":{"id":null,"CONTROL":"0049","SERIE":"007","LINEA":"053","COD_SEG":"004","COD_MANZA":5,"PISO":null,"actualizad":null}},
{"type":"Feature","geometry":{"type":"Point","coordinates":[-62.35277,8.99621]},"properties":{"id":null,"CONTROL":"0049","SERIE":"018","LINEA":"144","COD_SEG":"004","COD_MANZA":5,"PISO":null,"actualizad":null}},
{"type":"Feature","geometry":{"type":"Point","coordinates":[-62.35275,8.99629]},"properties":{"id":null,"CONTROL":"0049","SERIE":"008","LINEA":"054","COD_SEG":"004","COD_MANZA":5,"PISO":null,"actualizad":null}},
{"type":"Feature","geometry":{"type":"Point","coordinates":[-62.35276,8.99642]},"properties":{"id":null,"CONTROL":"0049","SERIE":"009","LINEA":"055","COD_SEG":"004","COD_MANZA":5,"PISO":null,"actualizad":null}},
{"type":"Feature","geometry":{"type":"Point","coordinates":[-62.35275,8.99661]},"properties":{"id":null,"CONTROL":"0049","SERIE":"011","LINEA":"057","COD_SEG":"004","COD_MANZA":6,"PISO":null,"actualizad":null}},
{"type":"Feature","geometry":{"type":"Point","coordinates":[-62.35294,8.99634]},"properties":{"id":null,"CONTROL":"0049","SERIE":"012","LINEA":"058","COD_SEG":"004","COD_MANZA":6,"PISO":null,"actualizad":null}},
{"type":"Feature","geometry":{"type":"Point","coordinates":[-62.35294,8.99621]},"properties":{"id":null,"CONTROL":"0049","SERIE":"013","LINEA":"059","COD_SEG":"004","COD_MANZA":6,"PISO":null,"actualizad":null}},
{"type":"Feature","geometry":{"type":"Point","coordinates":[-62.35303,8.99602]},"properties":{"id":null,"CONTROL":"0049","SERIE":"014","LINEA":"060","COD_SEG":"004","COD_MANZA":6,"PISO":null,"actualizad":null}},
{"type":"Feature","geometry":{"type":"Point","coordinates":[-62.35313,8.99604]},"properties":{"id":null,"CONTROL":"0049","SERIE":"015","LINEA":"061","COD_SEG":"004","COD_MANZA":5,"PISO":null,"actualizad":null}},
{"type":"Feature","geometry":{"type":"Point","coordinates":[-62.35334,8.99616]},"properties":{"id":null,"CONTROL":"0049","SERIE":"016","LINEA":"062","COD_SEG":"004","COD_MANZA":6,"PISO":null,"actualizad":null}},
{"type":"Feature","geometry":{"type":"Point","coordinates":[-62.35277,8.99651]},"properties":{"id":null,"CONTROL":"0049","SERIE":"010","LINEA":"056","COD_SEG":"004","COD_MANZA":6,"PISO":null,"actualizad":null}},
{"type":"Feature","geometry":{"type":"Point","coordinates":[-62.95071,9.82817]},"properties":{"id":null,"CONTROL":"2043","SERIE":"001","LINEA":"205","COD_SEG":"001","COD_MANZA":5,"PISO":null,"actualizad":null}},
{"type":"Feature","geometry":{"type":"Point","coordinates":[-62.94966,9.82757]},"properties":{"id":null,"CONTROL":"2043","SERIE":"002","LINEA":"221","COD_SEG":"001","COD_MANZA":5,"PISO":null,"actualizad":null}},
{"type":"Feature","geometry":{"type":"Point","coordinates":[-62.94912,9.82717]},"properties":{"id":null,"CONTROL":"2043","SERIE":"003","LINEA":"207","COD_SEG":"001","COD_MANZA":5,"PISO":null,"actualizad":null}},
{"type":"Feature","geometry":{"type":"Point","coordinates":[-62.94841,9.82626]},"properties":{"id":null,"CONTROL":"2043","SERIE":"004","LINEA":"222","COD_SEG":"001","COD_MANZA":5,"PISO":null,"actualizad":null}},
{"type":"Feature","geometry":{"type":"Point","coordinates":[-62.94754,9.82583]},"properties":{"id":null,"CONTROL":"2043","SERIE":"005","LINEA":"223","COD_SEG":"001","COD_MANZA":5,"PISO":null,"actualizad":null}},
{"type":"Feature","geometry":{"type":"Point","coordinates":[-62.94702,9.82588]},"properties":{"id":null,"CONTROL":"2043","SERIE":"006","LINEA":"224","COD_SEG":"001","COD_MANZA":5,"PISO":null,"actualizad":null}},
{"type":"Feature","geometry":{"type":"Point","coordinates":[-62.94657,9.82593]},"properties":{"id":null,"CONTROL":"2043","SERIE":"007","LINEA":"225","COD_SEG":"001","COD_MANZA":5,"PISO":null,"actualizad":null}},
{"type":"Feature","geometry":{"type":"Point","coordinates":[-62.94632,9.82602]},"properties":{"id":null,"CONTROL":"2043","SERIE":"008","LINEA":"212","COD_SEG":"001","COD_MANZA":5,"PISO":null,"actualizad":null}},
{"type":"Feature","geometry":{"type":"Point","coordinates":[-62.94587,9.8265]},"properties":{"id":null,"CONTROL":"2043","SERIE":"009","LINEA":"213","COD_SEG":"001","COD_MANZA":5,"PISO":null,"actualizad":null}},
{"type":"Feature","geometry":{"type":"Point","coordinates":[-62.94544,9.8264]},"properties":{"id":null,"CONTROL":"2043","SERIE":"010","LINEA":"214","COD_SEG":"001","COD_MANZA":5,"PISO":null,"actualizad":null}},
{"type":"Feature","geometry":{"type":"Point","coordinates":[-62.94576,9.82617]},"properties":{"id":null,"CONTROL":"2043","SERIE":"011","LINEA":"215","COD_SEG":"001","COD_MANZA":5,"PISO":null,"actualizad":null}},
{"type":"Feature","geometry":{"type":"Point","coordinates":[-62.94562,9.82552]},"properties":{"id":null,"CONTROL":"2043","SERIE":"015","LINEA":"226","COD_SEG":"001","COD_MANZA":5,"PISO":null,"actualizad":null}},
{"type":"Feature","geometry":{"type":"Point","coordinates":[-62.94557,9.82537]},"properties":{"id":null,"CONTROL":"2043","SERIE":"012","LINEA":"216","COD_SEG":"001","COD_MANZA":5,"PISO":null,"actualizad":null}},
{"type":"Feature","geometry":{"type":"Point","coordinates":[-62.94528,9.82531]},"properties":{"id":null,"CONTROL":"2043","SERIE":"013","LINEA":"217","COD_SEG":"001","COD_MANZA":5,"PISO":null,"actualizad":null}},
{"type":"Feature","geometry":{"type":"Point","coordinates":[-62.94495,9.8253]},"properties":{"id":null,"CONTROL":"2043","SERIE":"014","LINEA":"218","COD_SEG":"001","COD_MANZA":5,"PISO":null,"actualizad":null}},
{"type":"Feature","geometry":{"type":"Point","coordinates":[-63.09506,10.11069]},"properties":{"id":null,"CONTROL":"3008","SERIE":"001","LINEA":"076","COD_SEG":"016","COD_MANZA":2,"PISO":null,"actualizad":null}},
{"type":"Feature","geometry":{"type":"Point","coordinates":[-63.09528,10.11071]},"properties":{"id":null,"CONTROL":"3008","SERIE":"002","LINEA":"077","COD_SEG":"016","COD_MANZA":2,"PISO":null,"actualizad":null}},
{"type":"Feature","geometry":{"type":"Point","coordinates":[-63.09543,10.11075]},"properties":{"id":null,"CONTROL":"3008","SERIE":"003","LINEA":"078","COD_SEG":"016","COD_MANZA":2,"PISO":null,"actualizad":null}},
{"type":"Feature","geometry":{"type":"Point","coordinates":[-63.09716,10.11103]},"properties":{"id":null,"CONTROL":"3008","SERIE":"004","LINEA":"079","COD_SEG":"016","COD_MANZA":2,"PISO":null,"actualizad":null}},
{"type":"Feature","geometry":{"type":"Point","coordinates":[-63.10198,10.11352]},"properties":{"id":null,"CONTROL":"3008","SERIE":"005","LINEA":"080","COD_SEG":"016","COD_MANZA":2,"PISO":null,"actualizad":null}},
{"type":"Feature","geometry":{"type":"Point","coordinates":[-63.10288,10.11475]},"properties":{"id":null,"CONTROL":"3008","SERIE":"006","LINEA":"081","COD_SEG":"016","COD_MANZA":2,"PISO":null,"actualizad":null}},
{"type":"Feature","geometry":{"type":"Point","coordinates":[-63.10297,10.11475]},"properties":{"id":null,"CONTROL":"3008","SERIE":"007","LINEA":"082","COD_SEG":"016","COD_MANZA":2,"PISO":null,"actualizad":null}},
{"type":"Feature","geometry":{"type":"Point","coordinates":[-63.10305,10.11477]},"properties":{"id":null,"CONTROL":"3008","SERIE":"008","LINEA":"083","COD_SEG":"016","COD_MANZA":2,"PISO":null,"actualizad":null}},
{"type":"Feature","geometry":{"type":"Point","coordinates":[-63.10313,10.11479]},"properties":{"id":null,"CONTROL":"3008","SERIE":"009","LINEA":"084","COD_SEG":"016","COD_MANZA":2,"PISO":null,"actualizad":null}},
{"type":"Feature","geometry":{"type":"Point","coordinates":[-63.10321,10.1148]},"properties":{"id":null,"CONTROL":"3008","SERIE":"010","LINEA":"085","COD_SEG":"016","COD_MANZA":2,"PISO":null,"actualizad":null}},
{"type":"Feature","geometry":{"type":"Point","coordinates":[-63.10331,10.11483]},"properties":{"id":null,"CONTROL":"3008","SERIE":"011","LINEA":"086","COD_SEG":"016","COD_MANZA":2,"PISO":null,"actualizad":null}},
{"type":"Feature","geometry":{"type":"Point","coordinates":[-63.10341,10.11485]},"properties":{"id":null,"CONTROL":"3008","SERIE":"012","LINEA":"087","COD_SEG":"016","COD_MANZA":2,"PISO":null,"actualizad":null}},
{"type":"Feature","geometry":{"type":"Point","coordinates":[-63.10355,10.11489]},"properties":{"id":null,"CONTROL":"3008","SERIE":"013","LINEA":"088","COD_SEG":"016","COD_MANZA":2,"PISO":null,"actualizad":null}},
{"type":"Feature","geometry":{"type":"Point","coordinates":[-63.10336,10.11505]},"properties":{"id":null,"CONTROL":"3008","SERIE":"014","LINEA":"091","COD_SEG":"016","COD_MANZA":2,"PISO":null,"actualizad":null}},
{"type":"Feature","geometry":{"type":"Point","coordinates":[-63.10325,10.11505]},"properties":{"id":null,"CONTROL":"3008","SERIE":"015","LINEA":"090","COD_SEG":"016","COD_MANZA":2,"PISO":null,"actualizad":null}},
{"type":"Feature","geometry":{"type":"Point","coordinates":[-63.19282,9.79681]},"properties":{"id":null,"CONTROL":"3011","SERIE":"001","LINEA":"116","COD_SEG":"010","COD_MANZA":3,"PISO":null,"actualizad":null}},
{"type":"Feature","geometry":{"type":"Point","coordinates":[-63.19289,9.79681]},"properties":{"id":null,"CONTROL":"3011","SERIE":"002","LINEA":"117","COD_SEG":"010","COD_MANZA":3,"PISO":null,"actualizad":null}},
{"type":"Feature","geometry":{"type":"Point","coordinates":[-63.19299,9.79679]},"properties":{"id":null,"CONTROL":"3011","SERIE":"003","LINEA":"118","COD_SEG":"010","COD_MANZA":3,"PISO":null,"actualizad":null}},
{"type":"Feature","geometry":{"type":"Point","coordinates":[-63.19306,9.79679]},"properties":{"id":null,"CONTROL":"3011","SERIE":"004","LINEA":"119","COD_SEG":"010","COD_MANZA":0,"PISO":null,"actualizad":null}},
{"type":"Feature","geometry":{"type":"Point","coordinates":[-63.19314,9.79678]},"properties":{"id":null,"CONTROL":"3011","SERIE":"005","LINEA":"120","COD_SEG":"010","COD_MANZA":3,"PISO":null,"actualizad":null}},
{"type":"Feature","geometry":{"type":"Point","coordinates":[-63.19321,9.79678]},"properties":{"id":null,"CONTROL":"3011","SERIE":"006","LINEA":"120","COD_SEG":"010","COD_MANZA":3,"PISO":null,"actualizad":null}},
{"type":"Feature","geometry":{"type":"Point","coordinates":[-63.19329,9.79677]},"properties":{"id":null,"CONTROL":"3011","SERIE":"007","LINEA":"122","COD_SEG":"010","COD_MANZA":3,"PISO":null,"actualizad":null}},
{"type":"Feature","geometry":{"type":"Point","coordinates":[-63.19352,9.79676]},"properties":{"id":null,"CONTROL":"3011","SERIE":"008","LINEA":"123","COD_SEG":"010","COD_MANZA":3,"PISO":null,"actualizad":null}},
{"type":"Feature","geometry":{"type":"Point","coordinates":[-63.19363,9.79675]},"properties":{"id":null,"CONTROL":"3011","SERIE":"009","LINEA":"124","COD_SEG":"010","COD_MANZA":3,"PISO":null,"actualizad":null}},
{"type":"Feature","geometry":{"type":"Point","coordinates":[-63.19371,9.79675]},"properties":{"id":null,"CONTROL":"3011","SERIE":"010","LINEA":"125","COD_SEG":"010","COD_MANZA":3,"PISO":null,"actualizad":null}},
{"type":"Feature","geometry":{"type":"Point","coordinates":[-63.19371,9.79675]},"properties":{"id":null,"CONTROL":"2097","SERIE":null,"LINEA":null,"COD_SEG":null,"COD_MANZA":null,"PISO":null,"actualizad":null}},
{"type":"Feature","geometry":{"type":"Point","coordinates":[-63.19378,9.79675]},"properties":{"id":null,"CONTROL":"3011","SERIE":"011","LINEA":"126","COD_SEG":"010","COD_MANZA":3,"PISO":null,"actualizad":null}},
{"type":"Feature","geometry":{"type":"Point","coordinates":[-63.19385,9.79673]},"properties":{"id":null,"CONTROL":"3011","SERIE":"012","LINEA":"127","COD_SEG":"010","COD_MANZA":3,"PISO":null,"actualizad":null}},
{"type":"Feature","geometry":{"type":"Point","coordinates":[-63.19393,9.79673]},"properties":{"id":null,"CONTROL":"3011","SERIE":"013","LINEA":"128","COD_SEG":"010","COD_MANZA":3,"PISO":null,"actualizad":null}},
{"type":"Feature","geometry":{"type":"Point","coordinates":[-63.194,9.79672]},"properties":{"id":null,"CONTROL":"3011","SERIE":"014","LINEA":"129","COD_SEG":"010","COD_MANZA":3,"PISO":null,"actualizad":null}},
{"type":"Feature","geometry":{"type":"Point","coordinates":[-63.19406,9.79671]},"properties":{"id":null,"CONTROL":"3011","SERIE":"015","LINEA":"130","COD_SEG":"010","COD_MANZA":3,"PISO":null,"actualizad":null}},
{"type":"Feature","geometry":{"type":"Point","coordinates":[-63.27114,8.97444]},"properties":{"id":null,"CONTROL":"3024","SERIE":"001","LINEA":"0024","COD_SEG":"001","COD_MANZA":2,"PISO":null,"actualizad":null}},
{"type":"Feature","geometry":{"type":"Point","coordinates":[-63.27112,8.97455]},"properties":{"id":null,"CONTROL":"3024","SERIE":"002","LINEA":"0025","COD_SEG":"001","COD_MANZA":2,"PISO":null,"actualizad":null}},
{"type":"Feature","geometry":{"type":"Point","coordinates":[-63.27112,8.97469]},"properties":{"id":null,"CONTROL":"3024","SERIE":"003","LINEA":"0026","COD_SEG":"001","COD_MANZA":2,"PISO":null,"actualizad":null}},
{"type":"Feature","geometry":{"type":"Point","coordinates":[-63.27113,8.97482]},"properties":{"id":null,"CONTROL":"3024","SERIE":"004","LINEA":"0027","COD_SEG":"001","COD_MANZA":2,"PISO":null,"actualizad":null}},
{"type":"Feature","geometry":{"type":"Point","coordinates":[-63.27115,8.97494]},"properties":{"id":null,"CONTROL":"3024","SERIE":"005","LINEA":"0028","COD_SEG":"001","COD_MANZA":2,"PISO":null,"actualizad":null}},
{"type":"Feature","geometry":{"type":"Point","coordinates":[-63.27121,8.97504]},"properties":{"id":null,"CONTROL":"3024","SERIE":"006","LINEA":"0029","COD_SEG":"001","COD_MANZA":2,"PISO":null,"actualizad":null}},
{"type":"Feature","geometry":{"type":"Point","coordinates":[-63.27093,8.97519]},"properties":{"id":null,"CONTROL":"3024","SERIE":"007","LINEA":"0030","COD_SEG":"001","COD_MANZA":2,"PISO":null,"actualizad":null}},
{"type":"Feature","geometry":{"type":"Point","coordinates":[-63.27068,8.97531]},"properties":{"id":null,"CONTROL":"3024","SERIE":"008","LINEA":"0031","COD_SEG":"001","COD_MANZA":2,"PISO":null,"actualizad":null}},
{"type":"Feature","geometry":{"type":"Point","coordinates":[-63.27037,8.97534]},"properties":{"id":null,"CONTROL":"3024","SERIE":"009","LINEA":"0032","COD_SEG":"001","COD_MANZA":2,"PISO":null,"actualizad":null}},
{"type":"Feature","geometry":{"type":"Point","coordinates":[-63.27023,8.97556]},"properties":{"id":null,"CONTROL":"3024","SERIE":"010","LINEA":"0034","COD_SEG":"001","COD_MANZA":1,"PISO":null,"actualizad":null}},
{"type":"Feature","geometry":{"type":"Point","coordinates":[-63.26825,8.97459]},"properties":{"id":null,"CONTROL":"3024","SERIE":"011","LINEA":"0035","COD_SEG":"001","COD_MANZA":2,"PISO":null,"actualizad":null}},
{"type":"Feature","geometry":{"type":"Point","coordinates":[-63.26842,8.97496]},"properties":{"id":null,"CONTROL":"3024","SERIE":"012","LINEA":"0036","COD_SEG":"001","COD_MANZA":2,"PISO":null,"actualizad":null}},
{"type":"Feature","geometry":{"type":"Point","coordinates":[-63.26867,8.97536]},"properties":{"id":null,"CONTROL":"3024","SERIE":"013","LINEA":"0037","COD_SEG":"001","COD_MANZA":2,"PISO":null,"actualizad":null}},
{"type":"Feature","geometry":{"type":"Point","coordinates":[-63.26873,8.97562]},"properties":{"id":null,"CONTROL":"3024","SERIE":"014","LINEA":"0038","COD_SEG":"001","COD_MANZA":2,"PISO":null,"actualizad":null}},
{"type":"Feature","geometry":{"type":"Point","coordinates":[-63.2691,8.97626]},"properties":{"id":null,"CONTROL":"3024","SERIE":"015","LINEA":"0039","COD_SEG":"001","COD_MANZA":2,"PISO":null,"actualizad":null}},
{"type":"Feature","geometry":{"type":"Point","coordinates":[-63.19737,9.73831]},"properties":{"id":null,"CONTROL":"2035","SERIE":"001","LINEA":"175","COD_SEG":"058","COD_MANZA":1,"PISO":"11","actualizad":null}},
{"type":"Feature","geometry":{"type":"Point","coordinates":[-63.19739,9.73833]},"properties":{"id":null,"CONTROL":"2035","SERIE":"002","LINEA":"175","COD_SEG":"058","COD_MANZA":1,"PISO":"11","actualizad":null}},
{"type":"Feature","geometry":{"type":"Point","coordinates":[-63.19741,9.73835]},"properties":{"id":null,"CONTROL":"2035","SERIE":"003","LINEA":"177","COD_SEG":"058","COD_MANZA":1,"PISO":"10","actualizad":null}},
{"type":"Feature","geometry":{"type":"Point","coordinates":[-63.19738,9.73836]},"properties":{"id":null,"CONTROL":"2035","SERIE":"004","LINEA":"178","COD_SEG":"058","COD_MANZA":1,"PISO":"10","actualizad":null}},
{"type":"Feature","geometry":{"type":"Point","coordinates":[-63.19735,9.73836]},"properties":{"id":null,"CONTROL":"2035","SERIE":"005","LINEA":"179","COD_SEG":"058","COD_MANZA":1,"PISO":"11","actualizad":null}},
{"type":"Feature","geometry":{"type":"Point","coordinates":[-63.19733,9.73837]},"properties":{"id":null,"CONTROL":"2035","SERIE":"006","LINEA":"180","COD_SEG":"058","COD_MANZA":1,"PISO":"11","actualizad":null}},
{"type":"Feature","geometry":{"type":"Point","coordinates":[-63.1973,9.73838]},"properties":{"id":null,"CONTROL":"2035","SERIE":"007","LINEA":"181","COD_SEG":"058","COD_MANZA":1,"PISO":"10","actualizad":null}},
{"type":"Feature","geometry":{"type":"Point","coordinates":[-63.19728,9.73838]},"properties":{"id":null,"CONTROL":"2035","SERIE":"008","LINEA":"182","COD_SEG":"058","COD_MANZA":1,"PISO":"10","actualizad":null}},
{"type":"Feature","geometry":{"type":"Point","coordinates":[-63.19727,9.73837]},"properties":{"id":null,"CONTROL":"2035","SERIE":"009","LINEA":"183","COD_SEG":"058","COD_MANZA":1,"PISO":"10","actualizad":null}},
{"type":"Feature","geometry":{"type":"Point","coordinates":[-63.19728,9.73834]},"properties":{"id":null,"CONTROL":"2035","SERIE":"010","LINEA":"184","COD_SEG":"058","COD_MANZA":1,"PISO":"10","actualizad":null}},
{"type":"Feature","geometry":{"type":"Point","coordinates":[-63.1973,9.73834]},"properties":{"id":null,"CONTROL":"2035","SERIE":"011","LINEA":"185","COD_SEG":"058","COD_MANZA":1,"PISO":"09","actualizad":null}},
{"type":"Feature","geometry":{"type":"Point","coordinates":[-63.19731,9.73834]},"properties":{"id":null,"CONTROL":"2035","SERIE":"012","LINEA":"186","COD_SEG":"058","COD_MANZA":1,"PISO":"09","actualizad":null}},
{"type":"Feature","geometry":{"type":"Point","coordinates":[-63.19732,9.73833]},"properties":{"id":null,"CONTROL":"2035","SERIE":"013","LINEA":"187","COD_SEG":"058","COD_MANZA":1,"PISO":"09","actualizad":null}},
{"type":"Feature","geometry":{"type":"Point","coordinates":[-63.19733,9.73832]},"properties":{"id":null,"CONTROL":"2035","SERIE":"014","LINEA":"188","COD_SEG":"058","COD_MANZA":1,"PISO":"09","actualizad":null}},
{"type":"Feature","geometry":{"type":"Point","coordinates":[-63.19736,9.73832]},"properties":{"id":null,"CONTROL":"2035","SERIE":"015","LINEA":"189","COD_SEG":"058","COD_MANZA":1,"PISO":"08","actualizad":null}},
{"type":"Feature","geometry":{"type":"Point","coordinates":[-63.45823,9.76079]},"properties":{"id":null,"CONTROL":"2042","SERIE":"001","LINEA":"029","COD_SEG":"004","COD_MANZA":10,"PISO":null,"actualizad":null}},
{"type":"Feature","geometry":{"type":"Point","coordinates":[-63.45822,9.7609]},"properties":{"id":null,"CONTROL":"2042","SERIE":"002","LINEA":"031","COD_SEG":"004","COD_MANZA":10,"PISO":null,"actualizad":null}},
{"type":"Feature","geometry":{"type":"Point","coordinates":[-63.45823,9.76101]},"properties":{"id":null,"CONTROL":"2042","SERIE":"003","LINEA":"032","COD_SEG":"004","COD_MANZA":10,"PISO":null,"actualizad":null}},
{"type":"Feature","geometry":{"type":"Point","coordinates":[-63.45823,9.76111]},"properties":{"id":null,"CONTROL":"2042","SERIE":"004","LINEA":"033","COD_SEG":"004","COD_MANZA":10,"PISO":null,"actualizad":null}},
{"type":"Feature","geometry":{"type":"Point","coordinates":[-63.45822,9.76124]},"properties":{"id":null,"CONTROL":"2042","SERIE":"005","LINEA":"034","COD_SEG":"004","COD_MANZA":10,"PISO":null,"actualizad":null}},
{"type":"Feature","geometry":{"type":"Point","coordinates":[-63.45822,9.76145]},"properties":{"id":null,"CONTROL":"2042","SERIE":"006","LINEA":"036","COD_SEG":"004","COD_MANZA":10,"PISO":null,"actualizad":null}},
{"type":"Feature","geometry":{"type":"Point","coordinates":[-63.45822,9.76157]},"properties":{"id":null,"CONTROL":"2042","SERIE":"007","LINEA":"036","COD_SEG":"004","COD_MANZA":10,"PISO":null,"actualizad":null}},
{"type":"Feature","geometry":{"type":"Point","coordinates":[-63.45824,9.7617]},"properties":{"id":null,"CONTROL":"2042","SERIE":"008","LINEA":"038","COD_SEG":"004","COD_MANZA":10,"PISO":null,"actualizad":null}},
{"type":"Feature","geometry":{"type":"Point","coordinates":[-63.45878,9.76166]},"properties":{"id":null,"CONTROL":"2042","SERIE":"009","LINEA":"039","COD_SEG":"004","COD_MANZA":11,"PISO":null,"actualizad":null}},
{"type":"Feature","geometry":{"type":"Point","coordinates":[-63.45866,9.76167]},"properties":{"id":null,"CONTROL":"2042","SERIE":"010","LINEA":"040","COD_SEG":"004","COD_MANZA":11,"PISO":null,"actualizad":null}},
{"type":"Feature","geometry":{"type":"Point","coordinates":[-63.45842,9.76166]},"properties":{"id":null,"CONTROL":"2042","SERIE":"011","LINEA":"041","COD_SEG":"004","COD_MANZA":11,"PISO":null,"actualizad":null}},
{"type":"Feature","geometry":{"type":"Point","coordinates":[-63.4584,9.76147]},"properties":{"id":null,"CONTROL":"2042","SERIE":"012","LINEA":"042","COD_SEG":"010","COD_MANZA":11,"PISO":null,"actualizad":null}},
{"type":"Feature","geometry":{"type":"Point","coordinates":[-63.63136,10.08113]},"properties":{"id":null,"CONTROL":"2097","SERIE":"001","LINEA":"100","COD_SEG":"001","COD_MANZA":6,"PISO":null,"actualizad":null}},
{"type":"Feature","geometry":{"type":"Point","coordinates":[-63.63124,10.08107]},"properties":{"id":null,"CONTROL":"2097","SERIE":"002","LINEA":"101","COD_SEG":"001","COD_MANZA":6,"PISO":null,"actualizad":null}},
{"type":"Feature","geometry":{"type":"Point","coordinates":[-63.63104,10.08104]},"properties":{"id":null,"CONTROL":"2097","SERIE":"003","LINEA":"102","COD_SEG":"001","COD_MANZA":6,"PISO":null,"actualizad":null}},
{"type":"Feature","geometry":{"type":"Point","coordinates":[-63.63096,10.08085]},"properties":{"id":null,"CONTROL":"2097","SERIE":"004","LINEA":"103","COD_SEG":"001","COD_MANZA":6,"PISO":null,"actualizad":null}},
{"type":"Feature","geometry":{"type":"Point","coordinates":[-63.6308,10.08106]},"properties":{"id":null,"CONTROL":"2097","SERIE":"005","LINEA":"104","COD_SEG":"001","COD_MANZA":6,"PISO":null,"actualizad":null}},
{"type":"Feature","geometry":{"type":"Point","coordinates":[-63.63056,10.08104]},"properties":{"id":null,"CONTROL":"2097","SERIE":"006","LINEA":"105","COD_SEG":"001","COD_MANZA":6,"PISO":null,"actualizad":null}},
{"type":"Feature","geometry":{"type":"Point","coordinates":[-63.63041,10.081]},"properties":{"id":null,"CONTROL":"2097","SERIE":"007","LINEA":"106","COD_SEG":"001","COD_MANZA":6,"PISO":null,"actualizad":null}},
{"type":"Feature","geometry":{"type":"Point","coordinates":[-63.63031,10.08101]},"properties":{"id":null,"CONTROL":"2097","SERIE":"008","LINEA":"107","COD_SEG":"001","COD_MANZA":6,"PISO":null,"actualizad":null}},
{"type":"Feature","geometry":{"type":"Point","coordinates":[-63.63043,10.08076]},"properties":{"id":null,"CONTROL":"2097","SERIE":"016","LINEA":"115","COD_SEG":"001","COD_MANZA":6,"PISO":null,"actualizad":null}},
{"type":"Feature","geometry":{"type":"Point","coordinates":[-63.62994,10.08081]},"properties":{"id":null,"CONTROL":"2097","SERIE":"009","LINEA":"017","COD_SEG":"001","COD_MANZA":6,"PISO":null,"actualizad":null}},
{"type":"Feature","geometry":{"type":"Point","coordinates":[-63.6297,10.08081]},"properties":{"id":null,"CONTROL":"2097","SERIE":"010","LINEA":"109","COD_SEG":"001","COD_MANZA":6,"PISO":null,"actualizad":null}},
{"type":"Feature","geometry":{"type":"Point","coordinates":[-63.62953,10.08061]},"properties":{"id":null,"CONTROL":"2097","SERIE":"011","LINEA":"110","COD_SEG":"001","COD_MANZA":6,"PISO":null,"actualizad":null}},
{"type":"Feature","geometry":{"type":"Point","coordinates":[-63.62922,10.0806]},"properties":{"id":null,"CONTROL":"2097","SERIE":"012","LINEA":"111","COD_SEG":"001","COD_MANZA":6,"PISO":null,"actualizad":null}},
{"type":"Feature","geometry":{"type":"Point","coordinates":[-63.62886,10.08058]},"properties":{"id":null,"CONTROL":"2097","SERIE":"013","LINEA":"112","COD_SEG":"001","COD_MANZA":6,"PISO":null,"actualizad":null}},
{"type":"Feature","geometry":{"type":"Point","coordinates":[-63.62838,10.08092]},"properties":{"id":null,"CONTROL":"2097","SERIE":"014","LINEA":"113","COD_SEG":"001","COD_MANZA":6,"PISO":null,"actualizad":null}},
{"type":"Feature","geometry":{"type":"Point","coordinates":[-63.62772,10.08061]},"properties":{"id":null,"CONTROL":"2097","SERIE":"015","LINEA":"114","COD_SEG":"001","COD_MANZA":6,"PISO":null,"actualizad":null}},
{"type":"Feature","geometry":{"type":"Point","coordinates":[-63.60963,9.68889]},"properties":{"id":null,"CONTROL":"2072","SERIE":"001","LINEA":"031","COD_SEG":"044","COD_MANZA":3,"PISO":null,"actualizad":null}},
{"type":"Feature","geometry":{"type":"Point","coordinates":[-63.60964,9.68904]},"properties":{"id":null,"CONTROL":"2072","SERIE":"002","LINEA":"032","COD_SEG":"044","COD_MANZA":3,"PISO":null,"actualizad":null}},
{"type":"Feature","geometry":{"type":"Point","coordinates":[-63.60926,9.68849]},"properties":{"id":null,"CONTROL":"2072","SERIE":"003","LINEA":"033","COD_SEG":"044","COD_MANZA":6,"PISO":null,"actualizad":null}},
{"type":"Feature","geometry":{"type":"Point","coordinates":[-63.60913,9.68847]},"properties":{"id":null,"CONTROL":"2072","SERIE":"004","LINEA":"034","COD_SEG":"044","COD_MANZA":6,"PISO":null,"actualizad":null}},
{"type":"Feature","geometry":{"type":"Point","coordinates":[-63.6089,9.68852]},"properties":{"id":null,"CONTROL":"2072","SERIE":"016","LINEA":"046","COD_SEG":"044","COD_MANZA":6,"PISO":null,"actualizad":null}},
{"type":"Feature","geometry":{"type":"Point","coordinates":[-63.60874,9.6885]},"properties":{"id":null,"CONTROL":"2072","SERIE":"035","LINEA":"035","COD_SEG":"044","COD_MANZA":6,"PISO":null,"actualizad":null}},
{"type":"Feature","geometry":{"type":"Point","coordinates":[-63.60873,9.68825]},"properties":{"id":null,"CONTROL":"2072","SERIE":"006","LINEA":"036","COD_SEG":"044","COD_MANZA":6,"PISO":null,"actualizad":null}},
{"type":"Feature","geometry":{"type":"Point","coordinates":[-63.60873,9.68814]},"properties":{"id":null,"CONTROL":"2072","SERIE":"007","LINEA":"037","COD_SEG":"044","COD_MANZA":6,"PISO":null,"actualizad":null}},
{"type":"Feature","geometry":{"type":"Point","coordinates":[-63.60868,9.6877]},"properties":{"id":null,"CONTROL":"2072","SERIE":"008","LINEA":"038","COD_SEG":"044","COD_MANZA":6,"PISO":null,"actualizad":null}},
{"type":"Feature","geometry":{"type":"Point","coordinates":[-63.6088,9.68767]},"properties":{"id":null,"CONTROL":"2072","SERIE":"009","LINEA":"039","COD_SEG":"044","COD_MANZA":6,"PISO":null,"actualizad":null}},
{"type":"Feature","geometry":{"type":"Point","coordinates":[-63.60892,9.68769]},"properties":{"id":null,"CONTROL":"2072","SERIE":"010","LINEA":"040","COD_SEG":"044","COD_MANZA":6,"PISO":null,"actualizad":null}},
{"type":"Feature","geometry":{"type":"Point","coordinates":[-63.60911,9.68768]},"properties":{"id":null,"CONTROL":"2072","SERIE":"011","LINEA":"041","COD_SEG":"044","COD_MANZA":6,"PISO":null,"actualizad":null}},
{"type":"Feature","geometry":{"type":"Point","coordinates":[-63.60929,9.68767]},"properties":{"id":null,"CONTROL":"2072","SERIE":"012","LINEA":"042","COD_SEG":"044","COD_MANZA":6,"PISO":null,"actualizad":null}},
{"type":"Feature","geometry":{"type":"Point","coordinates":[-63.60952,9.68765]},"properties":{"id":null,"CONTROL":"2072","SERIE":"013","LINEA":"043","COD_SEG":"044","COD_MANZA":6,"PISO":null,"actualizad":null}},
{"type":"Feature","geometry":{"type":"Point","coordinates":[-63.6096,9.68795]},"properties":{"id":null,"CONTROL":"2072","SERIE":"014","LINEA":"044","COD_SEG":"044","COD_MANZA":6,"PISO":null,"actualizad":null}},
{"type":"Feature","geometry":{"type":"Point","coordinates":[-63.60962,9.68831]},"properties":{"id":null,"CONTROL":"2072","SERIE":"016","LINEA":"045","COD_SEG":"044","COD_MANZA":6,"PISO":null,"actualizad":null}},
{"type":"Feature","geometry":{"type":"Point","coordinates":[-63.09506,10.1234]},"properties":{"id":null,"CONTROL":"2071","SERIE":"001","LINEA":"238","COD_SEG":"015","COD_MANZA":7,"PISO":null,"actualizad":null}},
{"type":"Feature","geometry":{"type":"Point","coordinates":[-63.09494,10.12344]},"properties":{"id":null,"CONTROL":"2071","SERIE":"002","LINEA":"240","COD_SEG":"015","COD_MANZA":7,"PISO":null,"actualizad":null}},
{"type":"Feature","geometry":{"type":"Point","coordinates":[-63.09483,10.1235]},"properties":{"id":null,"CONTROL":"2071","SERIE":"003","LINEA":"241","COD_SEG":"015","COD_MANZA":7,"PISO":null,"actualizad":null}},
{"type":"Feature","geometry":{"type":"Point","coordinates":[-63.09475,10.12354]},"properties":{"id":null,"CONTROL":"2071","SERIE":"004","LINEA":"242","COD_SEG":"015","COD_MANZA":7,"PISO":null,"actualizad":null}},
{"type":"Feature","geometry":{"type":"Point","coordinates":[-63.09465,10.12358]},"properties":{"id":null,"CONTROL":"2071","SERIE":"005","LINEA":"243","COD_SEG":"015","COD_MANZA":7,"PISO":null,"actualizad":null}},
{"type":"Feature","geometry":{"type":"Point","coordinates":[-63.09454,10.12363]},"properties":{"id":null,"CONTROL":"2071","SERIE":"006","LINEA":"244","COD_SEG":"015","COD_MANZA":7,"PISO":null,"actualizad":null}},
{"type":"Feature","geometry":{"type":"Point","coordinates":[-63.09757,10.11667]},"properties":{"id":null,"CONTROL":"2071","SERIE":"007","LINEA":"245","COD_SEG":"015","COD_MANZA":8,"PISO":null,"actualizad":null}},
{"type":"Feature","geometry":{"type":"Point","coordinates":[-63.09756,10.11713]},"properties":{"id":null,"CONTROL":"2071","SERIE":"008","LINEA":"246","COD_SEG":"015","COD_MANZA":8,"PISO":null,"actualizad":null}},
{"type":"Feature","geometry":{"type":"Point","coordinates":[-63.09861,10.11793]},"properties":{"id":null,"CONTROL":"2071","SERIE":"009","LINEA":"248","COD_SEG":"016","COD_MANZA":11,"PISO":null,"actualizad":null}},
{"type":"Feature","geometry":{"type":"Point","coordinates":[-63.09823,10.11765]},"properties":{"id":null,"CONTROL":"2071","SERIE":"010","LINEA":"249","COD_SEG":"015","COD_MANZA":10,"PISO":null,"actualizad":null}},
{"type":"Feature","geometry":{"type":"Point","coordinates":[-63.09806,10.1171]},"properties":{"id":null,"CONTROL":"2071","SERIE":"011","LINEA":"250","COD_SEG":"015","COD_MANZA":9,"PISO":null,"actualizad":null}},
{"type":"Feature","geometry":{"type":"Point","coordinates":[-63.09869,10.11677]},"properties":{"id":null,"CONTROL":"2071","SERIE":"012","LINEA":"251","COD_SEG":"015","COD_MANZA":9,"PISO":null,"actualizad":null}},
{"type":"Feature","geometry":{"type":"Point","coordinates":[-63.09876,10.1172]},"properties":{"id":null,"CONTROL":"2071","SERIE":"013","LINEA":"252","COD_SEG":"015","COD_MANZA":9,"PISO":null,"actualizad":null}},
{"type":"Feature","geometry":{"type":"Point","coordinates":[-63.19817,9.73297]},"properties":{"id":null,"CONTROL":"2012","SERIE":"003","LINEA":"162","COD_SEG":"020","COD_MANZA":4,"PISO":null,"actualizad":null}},
{"type":"Feature","geometry":{"type":"Point","coordinates":[-63.19815,9.73298]},"properties":{"id":null,"CONTROL":"2012","SERIE":"004","LINEA":"163","COD_SEG":"020","COD_MANZA":4,"PISO":null,"actualizad":null}},
{"type":"Feature","geometry":{"type":"Point","coordinates":[-63.19812,9.733]},"properties":{"id":null,"CONTROL":"2012","SERIE":"005","LINEA":"164","COD_SEG":"020","COD_MANZA":4,"PISO":null,"actualizad":null}},
{"type":"Feature","geometry":{"type":"Point","coordinates":[-63.19808,9.73302]},"properties":{"id":null,"CONTROL":"2012","SERIE":"006","LINEA":"165","COD_SEG":"020","COD_MANZA":4,"PISO":null,"actualizad":null}},
{"type":"Feature","geometry":{"type":"Point","coordinates":[-63.19807,9.73303]},"properties":{"id":null,"CONTROL":"2012","SERIE":"007","LINEA":"166","COD_SEG":"020","COD_MANZA":4,"PISO":null,"actualizad":null}},
{"type":"Feature","geometry":{"type":"Point","coordinates":[-63.19804,9.73305]},"properties":{"id":null,"CONTROL":"2012","SERIE":"008","LINEA":"167","COD_SEG":"020","COD_MANZA":4,"PISO":null,"actualizad":null}},
{"type":"Feature","geometry":{"type":"Point","coordinates":[-63.19802,9.73306]},"properties":{"id":null,"CONTROL":"2012","SERIE":"009","LINEA":"168","COD_SEG":"020","COD_MANZA":4,"PISO":null,"actualizad":null}},
{"type":"Feature","geometry":{"type":"Point","coordinates":[-63.19801,9.73303]},"properties":{"id":null,"CONTROL":"2012","SERIE":"010","LINEA":"169","COD_SEG":"020","COD_MANZA":4,"PISO":null,"actualizad":null}},
{"type":"Feature","geometry":{"type":"Point","coordinates":[-63.19802,9.73301]},"properties":{"id":null,"CONTROL":"2012","SERIE":"011","LINEA":"170","COD_SEG":"020","COD_MANZA":4,"PISO":null,"actualizad":null}},
{"type":"Feature","geometry":{"type":"Point","coordinates":[-63.19805,9.73298]},"properties":{"id":null,"CONTROL":"2012","SERIE":"012","LINEA":"171","COD_SEG":"020","COD_MANZA":4,"PISO":null,"actualizad":null}},
{"type":"Feature","geometry":{"type":"Point","coordinates":[-63.79923,9.30803]},"properties":{"id":null,"CONTROL":"0014","SERIE":"001","LINEA":"061","COD_SEG":null,"COD_MANZA":null,"PISO":null,"actualizad":null}},
{"type":"Feature","geometry":{"type":"Point","coordinates":[-63.7994,9.30782]},"properties":{"id":null,"CONTROL":"0014","SERIE":"002","LINEA":"062","COD_SEG":null,"COD_MANZA":null,"PISO":null,"actualizad":null}},
{"type":"Feature","geometry":{"type":"Point","coordinates":[-63.7995,9.3076]},"properties":{"id":null,"CONTROL":"0014","SERIE":"003","LINEA":"063","COD_SEG":null,"COD_MANZA":null,"PISO":null,"actualizad":null}},
{"type":"Feature","geometry":{"type":"Point","coordinates":[-63.79963,9.30729]},"properties":{"id":null,"CONTROL":"0014","SERIE":"004","LINEA":"064","COD_SEG":null,"COD_MANZA":null,"PISO":null,"actualizad":null}},
{"type":"Feature","geometry":{"type":"Point","coordinates":[-63.79979,9.30702]},"properties":{"id":null,"CONTROL":"0014","SERIE":"005","LINEA":"065","COD_SEG":null,"COD_MANZA":null,"PISO":null,"actualizad":null}},
{"type":"Feature","geometry":{"type":"Point","coordinates":[-63.80027,9.30652]},"properties":{"id":null,"CONTROL":"0014","SERIE":"006","LINEA":"066","COD_SEG":null,"COD_MANZA":null,"PISO":null,"actualizad":null}},
{"type":"Feature","geometry":{"type":"Point","coordinates":[-63.80233,9.30377]},"properties":{"id":null,"CONTROL":"0014","SERIE":"007","LINEA":"067","COD_SEG":null,"COD_MANZA":null,"PISO":null,"actualizad":null}},
{"type":"Feature","geometry":{"type":"Point","coordinates":[-63.80268,9.30259]},"properties":{"id":null,"CONTROL":"0014","SERIE":"008","LINEA":"068","COD_SEG":null,"COD_MANZA":null,"PISO":null,"actualizad":null}},
{"type":"Feature","geometry":{"type":"Point","coordinates":[-63.80245,9.30277]},"properties":{"id":null,"CONTROL":"0014","SERIE":"009","LINEA":"069","COD_SEG":null,"COD_MANZA":null,"PISO":null,"actualizad":null}},
{"type":"Feature","geometry":{"type":"Point","coordinates":[-63.80233,9.30291]},"properties":{"id":null,"CONTROL":"0014","SERIE":"010","LINEA":"070","COD_SEG":null,"COD_MANZA":null,"PISO":null,"actualizad":null}},
{"type":"Feature","geometry":{"type":"Point","coordinates":[-63.8022,9.30303]},"properties":{"id":null,"CONTROL":"0014","SERIE":"011","LINEA":"070","COD_SEG":null,"COD_MANZA":null,"PISO":null,"actualizad":null}},
{"type":"Feature","geometry":{"type":"Point","coordinates":[-63.80213,9.3031]},"properties":{"id":null,"CONTROL":"0014","SERIE":"012","LINEA":"072","COD_SEG":null,"COD_MANZA":null,"PISO":null,"actualizad":null}},
{"type":"Feature","geometry":{"type":"Point","coordinates":[-63.80185,9.30327]},"properties":{"id":null,"CONTROL":"0014","SERIE":"013","LINEA":"073","COD_SEG":null,"COD_MANZA":null,"PISO":null,"actualizad":null}},
{"type":"Feature","geometry":{"type":"Point","coordinates":[-63.80166,9.30357]},"properties":{"id":null,"CONTROL":"0014","SERIE":"014","LINEA":"074","COD_SEG":null,"COD_MANZA":null,"PISO":null,"actualizad":null}},
{"type":"Feature","geometry":{"type":"Point","coordinates":[-63.80148,9.30381]},"properties":{"id":null,"CONTROL":"0014","SERIE":"015","LINEA":"075","COD_SEG":null,"COD_MANZA":null,"PISO":null,"actualizad":null}},
{"type":"Feature","geometry":{"type":"Point","coordinates":[-63.80131,9.30399]},"properties":{"id":null,"CONTROL":"0014","SERIE":"016","LINEA":"076","COD_SEG":null,"COD_MANZA":null,"PISO":null,"actualizad":null}},
{"type":"Feature","geometry":{"type":"Point","coordinates":[-63.12708,10.02231]},"properties":{"id":null,"CONTROL":"0041","SERIE":"001","LINEA":"091","COD_SEG":null,"COD_MANZA":null,"PISO":null,"actualizad":null}},
{"type":"Feature","geometry":{"type":"Point","coordinates":[-63.12719,10.02222]},"properties":{"id":null,"CONTROL":"0041","SERIE":"002","LINEA":"092","COD_SEG":null,"COD_MANZA":null,"PISO":null,"actualizad":null}},
{"type":"Feature","geometry":{"type":"Point","coordinates":[-63.12727,10.0221]},"properties":{"id":null,"CONTROL":"0041","SERIE":"003","LINEA":"093","COD_SEG":null,"COD_MANZA":null,"PISO":null,"actualizad":null}},
{"type":"Feature","geometry":{"type":"Point","coordinates":[-63.12732,10.022]},"properties":{"id":null,"CONTROL":"0041","SERIE":"004","LINEA":"0094","COD_SEG":null,"COD_MANZA":null,"PISO":null,"actualizad":null}},
{"type":"Feature","geometry":{"type":"Point","coordinates":[-63.12735,10.02192]},"properties":{"id":null,"CONTROL":"0041","SERIE":"005","LINEA":"0095","COD_SEG":null,"COD_MANZA":null,"PISO":null,"actualizad":null}},
{"type":"Feature","geometry":{"type":"Point","coordinates":[-63.12744,10.02185]},"properties":{"id":null,"CONTROL":"0041","SERIE":"006","LINEA":"0096","COD_SEG":null,"COD_MANZA":null,"PISO":null,"actualizad":null}},
{"type":"Feature","geometry":{"type":"Point","coordinates":[-63.12751,10.02175]},"properties":{"id":null,"CONTROL":"0041","SERIE":"007","LINEA":"0097","COD_SEG":null,"COD_MANZA":null,"PISO":null,"actualizad":null}},
{"type":"Feature","geometry":{"type":"Point","coordinates":[-63.12758,10.02167]},"properties":{"id":null,"CONTROL":"0041","SERIE":"008","LINEA":"0098","COD_SEG":null,"COD_MANZA":null,"PISO":null,"actualizad":null}},
{"type":"Feature","geometry":{"type":"Point","coordinates":[-63.12763,10.02158]},"properties":{"id":null,"CONTROL":"0041","SERIE":"009","LINEA":"0099","COD_SEG":null,"COD_MANZA":null,"PISO":null,"actualizad":null}},
{"type":"Feature","geometry":{"type":"Point","coordinates":[-63.12769,10.0215]},"properties":{"id":null,"CONTROL":"0041","SERIE":"010","LINEA":"0100","COD_SEG":null,"COD_MANZA":null,"PISO":null,"actualizad":null}},
{"type":"Feature","geometry":{"type":"Point","coordinates":[-63.12777,10.02139]},"properties":{"id":null,"CONTROL":"0041","SERIE":"011","LINEA":"101","COD_SEG":null,"COD_MANZA":null,"PISO":null,"actualizad":null}},
{"type":"Feature","geometry":{"type":"Point","coordinates":[-63.1282,10.02169]},"properties":{"id":null,"CONTROL":"0041","SERIE":"012","LINEA":"0102","COD_SEG":null,"COD_MANZA":null,"PISO":null,"actualizad":null}},
{"type":"Feature","geometry":{"type":"Point","coordinates":[-63.1281,10.02177]},"properties":{"id":null,"CONTROL":"0041","SERIE":"013","LINEA":"103","COD_SEG":null,"COD_MANZA":null,"PISO":null,"actualizad":null}},
{"type":"Feature","geometry":{"type":"Point","coordinates":[-63.12805,10.02185]},"properties":{"id":null,"CONTROL":"0041","SERIE":"014","LINEA":"0104","COD_SEG":null,"COD_MANZA":null,"PISO":null,"actualizad":null}},
{"type":"Feature","geometry":{"type":"Point","coordinates":[-63.12799,10.02196]},"properties":{"id":null,"CONTROL":"0041","SERIE":"015","LINEA":"0105","COD_SEG":null,"COD_MANZA":null,"PISO":null,"actualizad":null}},
{"type":"Feature","geometry":{"type":"Point","coordinates":[-63.1279,10.02208]},"properties":{"id":null,"CONTROL":"0041","SERIE":"016","LINEA":"106","COD_SEG":null,"COD_MANZA":null,"PISO":null,"actualizad":null}},
{"type":"Feature","geometry":{"type":"Point","coordinates":[-63.13876,9.58934]},"properties":{"id":null,"CONTROL":"0068","SERIE":"001\n","LINEA":"016","COD_SEG":null,"COD_MANZA":null,"PISO":null,"actualizad":null}},
{"type":"Feature","geometry":{"type":"Point","coordinates":[-63.13789,9.59015]},"properties":{"id":null,"CONTROL":"0068","SERIE":"002\n","LINEA":"017","COD_SEG":null,"COD_MANZA":null,"PISO":null,"actualizad":null}},
{"type":"Feature","geometry":{"type":"Point","coordinates":[-63.13955,9.59001]},"properties":{"id":null,"CONTROL":"0068","SERIE":"003\n","LINEA":"018","COD_SEG":null,"COD_MANZA":null,"PISO":null,"actualizad":null}},
{"type":"Feature","geometry":{"type":"Point","coordinates":[-63.13895,9.58769]},"properties":{"id":null,"CONTROL":"0068","SERIE":"004\n","LINEA":"019","COD_SEG":null,"COD_MANZA":null,"PISO":null,"actualizad":null}},
{"type":"Feature","geometry":{"type":"Point","coordinates":[-63.1389,9.58745]},"properties":{"id":null,"CONTROL":"0068","SERIE":"005\n","LINEA":"020","COD_SEG":null,"COD_MANZA":null,"PISO":null,"actualizad":null}},
{"type":"Feature","geometry":{"type":"Point","coordinates":[-63.14259,9.58527]},"properties":{"id":null,"CONTROL":"0068","SERIE":"006\n","LINEA":"021","COD_SEG":null,"COD_MANZA":null,"PISO":null,"actualizad":null}},
{"type":"Feature","geometry":{"type":"Point","coordinates":[-63.14349,9.58548]},"properties":{"id":null,"CONTROL":"0068","SERIE":"008\n","LINEA":"022","COD_SEG":null,"COD_MANZA":null,"PISO":null,"actualizad":null}},
{"type":"Feature","geometry":{"type":"Point","coordinates":[-63.14228,9.5861]},"properties":{"id":null,"CONTROL":"0068","SERIE":"007\n","LINEA":"023","COD_SEG":null,"COD_MANZA":null,"PISO":null,"actualizad":null}},
{"type":"Feature","geometry":{"type":"Point","coordinates":[-63.14291,9.58449]},"properties":{"id":null,"CONTROL":"0068","SERIE":"ESCUELA\n","LINEA":null,"COD_SEG":null,"COD_MANZA":null,"PISO":null,"actualizad":null}},
{"type":"Feature","geometry":{"type":"Point","coordinates":[-63.14307,9.58449]},"properties":{"id":null,"CONTROL":"0068","SERIE":"009\n","LINEA":"024","COD_SEG":null,"COD_MANZA":null,"PISO":null,"actualizad":null}},
{"type":"Feature","geometry":{"type":"Point","coordinates":[-63.14664,9.58352]},"properties":{"id":null,"CONTROL":"0068","SERIE":"010\n","LINEA":"025","COD_SEG":null,"COD_MANZA":null,"PISO":null,"actualizad":null}},
{"type":"Feature","geometry":{"type":"Point","coordinates":[-63.14752,9.58304]},"properties":{"id":null,"CONTROL":"0068","SERIE":"011\n","LINEA":"026","COD_SEG":null,"COD_MANZA":null,"PISO":null,"actualizad":null}},
{"type":"Feature","geometry":{"type":"Point","coordinates":[-63.14621,9.58228]},"properties":{"id":null,"CONTROL":"0068","SERIE":"012\n","LINEA":"027","COD_SEG":null,"COD_MANZA":null,"PISO":null,"actualizad":null}},
{"type":"Feature","geometry":{"type":"Point","coordinates":[-63.14628,9.58209]},"properties":{"id":null,"CONTROL":"0068","SERIE":"013\n","LINEA":"028","COD_SEG":null,"COD_MANZA":null,"PISO":null,"actualizad":null}},
{"type":"Feature","geometry":{"type":"Point","coordinates":[-63.14635,9.58222]},"properties":{"id":null,"CONTROL":"0068","SERIE":"014\n","LINEA":"029","COD_SEG":null,"COD_MANZA":null,"PISO":null,"actualizad":null}},
{"type":"Feature","geometry":{"type":"Point","coordinates":[-63.1465,9.58187]},"properties":{"id":null,"CONTROL":"0068","SERIE":"015","LINEA":"030","COD_SEG":null,"COD_MANZA":null,"PISO":null,"actualizad":null}},
{"type":"Feature","geometry":{"type":"Point","coordinates":[-63.50189,10.09684]},"properties":{"id":null,"CONTROL":"3013","SERIE":"14","LINEA":"134","COD_SEG":"001","COD_MANZA":1,"PISO":null,"actualizad":null}},
{"type":"Feature","geometry":{"type":"Point","coordinates":[-63.50198,10.09681]},"properties":{"id":null,"CONTROL":"3013","SERIE":"15","LINEA":"135","COD_SEG":"001","COD_MANZA":1,"PISO":null,"actualizad":null}},
{"type":"Feature","geometry":{"type":"Point","coordinates":[-63.50182,10.09697]},"properties":{"id":null,"CONTROL":"3013","SERIE":"13","LINEA":"133","COD_SEG":"001","COD_MANZA":1,"PISO":null,"actualizad":null}},
{"type":"Feature","geometry":{"type":"Point","coordinates":[-63.50169,10.09697]},"properties":{"id":null,"CONTROL":"3013","SERIE":"12","LINEA":"132","COD_SEG":"001","COD_MANZA":1,"PISO":null,"actualizad":null}},
{"type":"Feature","geometry":{"type":"Point","coordinates":[-63.5016,10.09701]},"properties":{"id":null,"CONTROL":"3013","SERIE":"11","LINEA":"131","COD_SEG":"001","COD_MANZA":1,"PISO":null,"actualizad":null}},
{"type":"Feature","geometry":{"type":"Point","coordinates":[-63.50141,10.09714]},"properties":{"id":null,"CONTROL":"3013","SERIE":"10","LINEA":"130","COD_SEG":"001","COD_MANZA":1,"PISO":null,"actualizad":null}},
{"type":"Feature","geometry":{"type":"Point","coordinates":[-63.50144,10.09754]},"properties":{"id":null,"CONTROL":"3013","SERIE":"09","LINEA":"129","COD_SEG":"001","COD_MANZA":1,"PISO":null,"actualizad":null}},
{"type":"Feature","geometry":{"type":"Point","coordinates":[-63.50115,10.09744]},"properties":{"id":null,"CONTROL":"3013","SERIE":"08","LINEA":"128","COD_SEG":"001","COD_MANZA":1,"PISO":null,"actualizad":null}},
{"type":"Feature","geometry":{"type":"Point","coordinates":[-63.501,10.09747]},"properties":{"id":null,"CONTROL":"3013","SERIE":"07","LINEA":"127","COD_SEG":"001","COD_MANZA":1,"PISO":null,"actualizad":null}},
{"type":"Feature","geometry":{"type":"Point","coordinates":[-63.50097,10.09748]},"properties":{"id":null,"CONTROL":"3013","SERIE":"06","LINEA":"126","COD_SEG":"01","COD_MANZA":1,"PISO":null,"actualizad":null}},
{"type":"Feature","geometry":{"type":"Point","coordinates":[-63.50094,10.0975]},"properties":{"id":null,"CONTROL":"3013","SERIE":"05","LINEA":"125","COD_SEG":"001","COD_MANZA":1,"PISO":null,"actualizad":null}},
{"type":"Feature","geometry":{"type":"Point","coordinates":[-63.5009,10.09752]},"properties":{"id":null,"CONTROL":"3013","SERIE":"04","LINEA":"124","COD_SEG":"001","COD_MANZA":1,"PISO":null,"actualizad":null}},
{"type":"Feature","geometry":{"type":"Point","coordinates":[-63.5008,10.09756]},"properties":{"id":null,"CONTROL":"3013","SERIE":"01","LINEA":"121","COD_SEG":"001","COD_MANZA":1,"PISO":null,"actualizad":null}},
{"type":"Feature","geometry":{"type":"Point","coordinates":[-63.50083,10.09754]},"properties":{"id":null,"CONTROL":"3013","SERIE":"02","LINEA":"122","COD_SEG":"001","COD_MANZA":1,"PISO":null,"actualizad":null}},
{"type":"Feature","geometry":{"type":"Point","coordinates":[-63.50086,10.09753]},"properties":{"id":null,"CONTROL":"3013","SERIE":"03","LINEA":"123","COD_SEG":"001","COD_MANZA":1,"PISO":null,"actualizad":null}},
{"type":"Feature","geometry":{"type":"Point","coordinates":[-63.26193,9.60957]},"properties":{"id":null,"CONTROL":"2073","SERIE":"18","LINEA":null,"COD_SEG":"001","COD_MANZA":2,"PISO":null,"actualizad":"2026"}},
{"type":"Feature","geometry":{"type":"Point","coordinates":[-63.26153,9.60961]},"properties":{"id":null,"CONTROL":"2073","SERIE":"19","LINEA":null,"COD_SEG":"001","COD_MANZA":2,"PISO":null,"actualizad":"2026"}},
{"type":"Feature","geometry":{"type":"Point","coordinates":[-63.26229,9.60886]},"properties":{"id":null,"CONTROL":"2073","SERIE":"20","LINEA":null,"COD_SEG":"001","COD_MANZA":2,"PISO":null,"actualizad":"2026"}},
{"type":"Feature","geometry":{"type":"Point","coordinates":[-63.26225,9.60867]},"properties":{"id":null,"CONTROL":"2073","SERIE":"21","LINEA":null,"COD_SEG":"001","COD_MANZA":2,"PISO":null,"actualizad":"2026"}},
{"type":"Feature","geometry":{"type":"Point","coordinates":[-63.26209,9.60874]},"properties":{"id":null,"CONTROL":"2073","SERIE":"22","LINEA":null,"COD_SEG":"001","COD_MANZA":2,"PISO":null,"actualizad":"2026"}},
{"type":"Feature","geometry":{"type":"Point","coordinates":[-63.26217,9.60885]},"properties":{"id":null,"CONTROL":"2073","SERIE":"23","LINEA":null,"COD_SEG":"001","COD_MANZA":2,"PISO":null,"actualizad":"2026"}},
{"type":"Feature","geometry":{"type":"Point","coordinates":[-63.26204,9.60887]},"properties":{"id":null,"CONTROL":"2073","SERIE":"24","LINEA":null,"COD_SEG":"001","COD_MANZA":2,"PISO":null,"actualizad":"2026"}}
]}